Price,Make,Model,Year,Mileage,Transmission,Fuel type,Engine capacity,Condition,vehicle_age
13500000,Toyota,Raize,2025,20.0,Automatic,Petrol,1000.0,Reconditioned,1
5795000,Toyota,Corolla,2001,210000.0,Automatic,Petrol,1500.0,Used,25
29500000,Toyota,Hilux,2026,0.0,Tiptronic,Diesel,2800.0,Brand New,0
40500000,Toyota,Harrier,2025,4500.0,Tiptronic,Hybrid,2500.0,Used,1
68990000,Toyota,Land Cruiser Prado,2024,1000.0,Automatic,Petrol,2700.0,Brand New,2
11250000,Toyota,Taisor,2026,95.0,Automatic,Petrol,1000.0,Brand New,0
13550000,Toyota,Corolla,2023,33000.0,Automatic,Hybrid,1500.0,Reconditioned,3
8950000,Toyota,Yaris,2023,80000.0,Automatic,Petrol,1000.0,Reconditioned,3
8900000,Toyota,Yaris,2023,35000.0,Automatic,Petrol,1000.0,Reconditioned,3
8250000,Toyota,Passo,2023,40000.0,Automatic,Petrol,1000.0,Reconditioned,3
9900000,Toyota,Roomy,2023,8000.0,Automatic,Petrol,1000.0,Reconditioned,3
9000000,Toyota,Roomy,2023,34000.0,Automatic,Petrol,996.0,Reconditioned,3
8600000,Toyota,Axio,2014,233000.0,Automatic,Hybrid,1490.0,Used,12
58500000,Toyota,Land Cruiser,2017,103000.0,Automatic,Petrol,4600.0,Used,9
16000000,Toyota,Axio,2025,19.0,Automatic,Hybrid,1500.0,Brand New,1
11875000,Toyota,Taisor,2026,0.0,Automatic,Petrol,1000.0,Brand New,0
10950000,Toyota,Axio,2016,190000.0,Automatic,Hybrid,1500.0,Used,10
19800000,Toyota,Yaris Ativ,2025,132.0,Automatic,Hybrid,1500.0,Brand New,1
11850000,Toyota,Taisor,2026,0.0,Automatic,Petrol,1000.0,Brand New,0
10600000,Toyota,Prius,2012,146500.0,Automatic,Hybrid,1797.0,Used,14
5650000,Toyota,Vitz,2008,170000.0,Automatic,Petrol,1300.0,Used,18
12450000,Toyota,Axio,2020,108500.0,Automatic,Petrol,1500.0,Used,6
14000000,Toyota,Raize,2025,0.0,Automatic,Hybrid,1200.0,Brand New,1
11490000,Toyota,Yaris,2025,0.0,Automatic,Petrol,1080.0,Brand New,1
12850000,Toyota,CHR,2017,93000.0,Automatic,Petrol,1200.0,Used,9
12000000,Toyota,Urban Cruiser,2026,0.0,Automatic,Petrol,1000.0,Brand New,0
13450000,Toyota,Camry,2013,157000.0,Automatic,Hybrid,2500.0,Used,13
9300000,Toyota,Roomy,2022,33000.0,Automatic,Petrol,1000.0,Reconditioned,4
11500000,Toyota,Camry,2013,290000.0,Automatic,Hybrid,2500.0,Used,13
12500000,Toyota,Corolla,2014,30000.0,Automatic,Petrol,1600.0,Used,12
19500000,Toyota,Hilux,2016,71956.0,Automatic,Diesel,2982.0,Used,10
15760000,Toyota,Land Cruiser Sahara,2000,134000.0,Automatic,Petrol,4700.0,Used,26
15750000,Toyota,Land Cruiser Prado,2008,131000.0,Automatic,Petrol,2700.0,Used,18
13600000,Toyota,Raize,2023,14000.0,Automatic,Hybrid,1200.0,Reconditioned,3
99000000,Toyota,Land Cruiser Prado,2026,10.0,Tiptronic,Petrol,3000.0,Brand New,0
16500000,Toyota,Premio,2018,133000.0,Automatic,Petrol,1500.0,Used,8
12290000,Toyota,Taisor,2026,0.0,Automatic,Petrol,1000.0,Brand New,0
31000000,Toyota,Hilux,2026,0.0,Automatic,Diesel,2800.0,Import,0
6500000,Toyota,Belta,2007,146775.0,Automatic,Petrol,1290.0,Used,19
11250000,Toyota,Crown,1998,150000.0,Automatic,Diesel,2440.0,Used,28
40500000,Toyota,Harrier,2025,3760.0,Automatic,Petrol,2000.0,Reconditioned,1
15200000,Toyota,Premio,2018,98000.0,Automatic,Petrol,1500.0,Used,8
14295000,Toyota,Raize,2025,5.0,Automatic,Hybrid,1200.0,Brand New,1
14500000,Toyota,Raize,2025,0.0,Automatic,Hybrid,1200.0,Brand New,1
14800000,Toyota,Raize,2026,0.0,Automatic,Hybrid,1200.0,Brand New,0
10950000,Toyota,Yaris,2023,3000.0,Automatic,Petrol,1000.0,Reconditioned,3
92000000,Toyota,Land Cruiser Sahara,2026,0.0,Automatic,Petrol,3500.0,Import,0
68000000,Toyota,Land Cruiser Prado,2026,0.0,Automatic,Petrol,2700.0,Brand New,0
11600000,Toyota,Taisor,2026,0.0,Automatic,Petrol,1000.0,Brand New,0
10800000,Toyota,Roomy,2024,3000.0,Automatic,Petrol,990.0,Used,2
61000000,Toyota,Land Cruiser,2025,5000.0,Automatic,Petrol,2800.0,Brand New,1
27590000,Toyota,Harrier,2017,30000.0,Automatic,Petrol,2000.0,Used,9
4000000,Toyota,CHR,2019,119000.0,Automatic,Petrol,1200.0,Reconditioned,7
11990000,Toyota,Taisor,2026,0.0,Automatic,Petrol,1000.0,Brand New,0
7500000,Toyota,Mark,2007,206000.0,Automatic,Petrol,2490.0,Used,19
49000000,Toyota,Land Cruiser Sahara,2012,115000.0,Automatic,Diesel,4500.0,Used,14
8590000,Toyota,Yaris,2023,75000.0,Automatic,Petrol,1000.0,Used,3
14150000,Toyota,Raize,2026,0.0,Automatic,Hybrid,1200.0,Brand New,0
15650000,Toyota,Premio,2018,81000.0,Automatic,Petrol,1500.0,Used,8
31250000,Toyota,Voxy,2025,0.0,Automatic,Hybrid,1800.0,Brand New,1
13650000,Toyota,Raize,2024,14000.0,Automatic,Hybrid,1200.0,Reconditioned,2
11700000,Toyota,Taisor,2026,0.0,Automatic,Petrol,1000.0,Brand New,0
14500000,Toyota,Premio,2015,81217.0,Automatic,Petrol,1500.0,Used,11
8975000,Toyota,Axio,2014,170000.0,Automatic,Hybrid,1500.0,Used,12
25650000,Toyota,Hilux,2025,0.0,Automatic,Diesel,2800.0,Brand New,1
14900000,Toyota,Raize,2025,25.0,Automatic,Petrol,1200.0,Brand New,1
31600000,Toyota,Land Cruiser Prado,2013,85000.0,Automatic,Petrol,2700.0,Used,13
3200000,Toyota,Carina,1995,267000.0,Automatic,Petrol,1500.0,Used,31
54500000,Toyota,Land Cruiser Sahara,2015,61000.0,Automatic,Petrol,4600.0,Used,11
8900000,Toyota,Yaris,2023,42000.0,Automatic,Hybrid,1000.0,Reconditioned,3
88500000,Toyota,Land Cruiser,2023,7700.0,Automatic,Petrol,3500.0,Used,3
11000000,Toyota,Prius,2012,144000.0,Automatic,Hybrid,1800.0,Used,14
15450000,Toyota,Raize,2026,0.0,Automatic,Hybrid,1200.0,Brand New,0
53900000,Toyota,Land Cruiser Prado,2023,11000.0,Automatic,Petrol,2700.0,Reconditioned,3
55000000,Toyota,Land Cruiser Prado,2024,6000.0,Automatic,Petrol,2700.0,Used,2
14750000,Toyota,Camry,2013,72109.0,Automatic,Hybrid,2500.0,Used,13
38500000,Toyota,Harrier,2024,12700.0,Automatic,Petrol,2000.0,Reconditioned,2
7100000,Toyota,Harrier,2000,298844.0,Tiptronic,Petrol,1986.0,Used,26
9600000,Toyota,Axio,2014,157100.0,Automatic,Hybrid,1490.0,Used,12
16000000,Toyota,Land Cruiser Prado,2006,197700.0,Automatic,Petrol,2700.0,Used,20
8000000,Toyota,Corolla,2012,131000.0,Automatic,Petrol,1600.0,Used,14
8650000,Toyota,Vitz,2019,91000.0,Automatic,Petrol,1000.0,Used,7
14650000,Toyota,Raize,2025,0.0,Automatic,Hybrid,1200.0,Brand New,1
31500000,Toyota,Land Cruiser Prado,2010,71000.0,Automatic,Petrol,2700.0,Used,16
10500000,Toyota,Roomy,2023,30000.0,Automatic,Petrol,1000.0,Reconditioned,3
11250000,Toyota,Roomy,2025,8000.0,Automatic,Petrol,1000.0,Brand New,1
10550000,Toyota,Roomy,2023,30000.0,Automatic,Petrol,1000.0,Brand New,3
28900000,Toyota,Hilux,2026,0.0,Tiptronic,Diesel,2800.0,Brand New,0
8950000,Toyota,Yaris,2023,78000.0,Automatic,Petrol,1000.0,Used,3
53000000,Toyota,Vellfire,2025,7000.0,Automatic,Petrol,2500.0,Used,1
12500000,Toyota,Raize,2024,9000.0,Automatic,Petrol,1200.0,Used,2
26500000,Toyota,Hilux,2025,0.0,Automatic,Diesel,2800.0,Brand New,1
8950000,Toyota,Yaris,2023,75000.0,Automatic,Petrol,1000.0,Reconditioned,3
13000000,Toyota,Raize,2023,20113.0,Automatic,Petrol,1000.0,Brand New,3
18500000,Toyota,Yaris Ativ,2025,0.0,Automatic,Hybrid,1500.0,Brand New,1
13700000,Toyota,Corolla,2023,32000.0,Automatic,Hybrid,1500.0,Reconditioned,3
8500000,Toyota,Vitz,2018,82000.0,Automatic,Petrol,1000.0,Used,8
64950000,Toyota,Alphard,2024,4000.0,Automatic,Hybrid,2500.0,Reconditioned,2
64450000,Toyota,Alphard,2024,7000.0,Automatic,Hybrid,2500.0,Reconditioned,2
16500000,Toyota,Voxy,2014,129000.0,Automatic,Petrol,1800.0,Used,12
5550000,Toyota,Vitz,2008,170000.0,Automatic,Petrol,990.0,Used,18
14900000,Toyota,Allion,2016,140000.0,Automatic,Petrol,1600.0,Used,10
14250000,Toyota,Raize,2025,5000.0,Automatic,Hybrid,1200.0,Reconditioned,1
17800000,Toyota,Harrier,2017,164000.0,Tiptronic,Petrol,2000.0,Used,9
5290000,Toyota,Passo,2007,92500.0,Automatic,Petrol,1000.0,Used,19
13500000,Toyota,Hilux,2017,83000.0,Automatic,Diesel,3000.0,Used,9
49500000,Toyota,Land Cruiser Sahara,2015,70000.0,Tiptronic,Petrol,4500.0,Used,11
31000000,Toyota,Hilux,2026,0.0,Automatic,Diesel,2800.0,Brand New,0
8950000,Toyota,Yaris,2023,98000.0,Automatic,Petrol,1000.0,Reconditioned,3
31500000,Toyota,Hilux,2026,0.0,Tiptronic,Diesel,2800.0,Brand New,0
8550000,Toyota,Passo,2023,12000.0,Automatic,Petrol,1000.0,Reconditioned,3
13250000,Toyota,Raize,2024,0.0,Automatic,Petrol,1000.0,Brand New,2
14450000,Toyota,Raize,2025,0.0,Automatic,Petrol,1200.0,Brand New,1
8975000,Toyota,Yaris,2023,72000.0,Automatic,Petrol,1000.0,Reconditioned,3
6000000,Toyota,Wigo,2017,91000.0,Automatic,Petrol,998.0,Used,9
16000000,Toyota,Corolla,2023,8200.0,Tiptronic,Petrol,1500.0,Reconditioned,3
12500000,Toyota,Raize,2025,18000.0,Tiptronic,Petrol,1000.0,Reconditioned,1
54200000,Toyota,Land Cruiser Prado,2023,13000.0,Tiptronic,Petrol,2700.0,Reconditioned,3
7900000,Toyota,Vitz,2017,95000.0,Automatic,Petrol,1000.0,Used,9
14600000,Toyota,Raize,2026,0.0,Automatic,Hybrid,1200.0,Brand New,0
28000000,Toyota,Hilux,2025,0.0,Automatic,Diesel,2800.0,Brand New,1
18550000,Toyota,Yaris,2025,0.0,Automatic,Hybrid,1500.0,Brand New,1
19250000,Toyota,Corolla,2025,0.0,Automatic,Petrol,1500.0,Brand New,1
12250000,Toyota,CHR,2017,102400.0,Automatic,Petrol,1200.0,Used,9
10650000,Toyota,Yaris,2024,5000.0,Automatic,Petrol,1000.0,Brand New,2
11500000,Toyota,Taisor,2024,0.0,Automatic,Petrol,1000.0,Brand New,2
45000000,Toyota,Yaris,2023,12000.0,Manual,Petrol,1600.0,Brand New,3
15000000,Toyota,Raize,2025,0.0,Automatic,Hybrid,1200.0,Brand New,1
8500000,Toyota,Aqua,2015,198000.0,Automatic,Hybrid,1500.0,Used,11
12495000,Toyota,Raize,2025,0.0,Automatic,Petrol,1000.0,Brand New,1
14350000,Toyota,Raize,2025,25.0,Automatic,Hybrid,1200.0,Brand New,1
10950000,Toyota,Yaris,2024,10000.0,Automatic,Petrol,1000.0,Brand New,2
14750000,Toyota,Raize,2026,55.0,Automatic,Hybrid,1200.0,Brand New,0
14875000,Toyota,Raize,2025,47.0,Automatic,Hybrid,1200.0,Brand New,1
14850000,Toyota,Raize,2026,13.0,Automatic,Hybrid,1200.0,Brand New,0
11350000,Toyota,Yaris,2026,0.0,Automatic,Petrol,1000.0,Brand New,0
18000000,Toyota,Yaris,2026,0.0,Automatic,Hybrid,1500.0,Brand New,0
17985000,Toyota,Yaris,2026,0.0,Automatic,Hybrid,1500.0,Brand New,0
12500000,Toyota,Premio,2014,121667.0,Automatic,Petrol,1500.0,Used,12
28750000,Toyota,Hilux,2025,800.0,Tiptronic,Diesel,2800.0,Used,1
12950000,Toyota,Raize,2024,5500.0,Automatic,Petrol,1200.0,Reconditioned,2
42500000,Toyota,Land Cruiser Prado,2018,110000.0,Automatic,Petrol,2800.0,Reconditioned,8
14650000,Toyota,Raize,2026,0.0,Automatic,Petrol,1200.0,Brand New,0
13190000,Toyota,Raize,2025,0.0,Automatic,Petrol,1000.0,Brand New,1
14650000,Toyota,Raize,2026,0.0,Automatic,Hybrid,1200.0,Brand New,0
5975000,Toyota,Vios,2010,98000.0,Automatic,Petrol,1500.0,Used,16
5790000,Toyota,Vios,2010,165000.0,Automatic,Petrol,1500.0,Reconditioned,16
8590000,Toyota,Aqua,2015,152500.0,Automatic,Hybrid,1500.0,Used,11
10650000,Toyota,Roomy,2024,4000.0,Automatic,Petrol,1000.0,Reconditioned,2
8495000,Toyota,Passo,2024,15000.0,Automatic,Petrol,1000.0,Reconditioned,2
51000000,Toyota,Land Cruiser Prado,2018,16000.0,Automatic,Diesel,2800.0,Used,8
6975000,Toyota,Vitz,2016,150000.0,Automatic,Petrol,1000.0,Used,10
4395000,Toyota,Corolla,1997,170043.0,Automatic,Petrol,1490.0,Used,29
9575000,Toyota,Prius,2011,133034.0,Automatic,Hybrid,1790.0,Used,15
8250000,Toyota,Vitz,2018,112050.0,Automatic,Petrol,1000.0,Used,8
5625000,Toyota,Vitz,2007,195300.0,Automatic,Petrol,1300.0,Used,19
5775000,Toyota,Vios,2007,135000.0,Automatic,Petrol,1500.0,Used,19
4690000,Toyota,Carina,2011,185000.0,Automatic,Petrol,1500.0,Reconditioned,15
17300000,Toyota,Hilux,2017,141000.0,Manual,Diesel,2500.0,Used,9
4590000,Toyota,Carina,2012,193000.0,Automatic,Petrol,1500.0,Reconditioned,14
12500000,Toyota,Raize,2025,4000.0,Automatic,Petrol,1000.0,Used,1
53500000,Toyota,Land Cruiser Prado,2017,132000.0,Automatic,Diesel,3000.0,Used,9
14500000,Toyota,Raize,2025,320.0,Automatic,Hybrid,1200.0,Brand New,1
54700000,Toyota,Land Cruiser Prado,2024,20000.0,Tiptronic,Petrol,2700.0,Used,2
52700000,Toyota,Land Cruiser Prado,2023,3500.0,Tiptronic,Petrol,2700.0,Used,3
5990000,Toyota,Vitz,2007,30000.0,Automatic,Petrol,1300.0,Used,19
13550000,Toyota,Hilux,2024,0.0,Automatic,Diesel,2400.0,Brand New,2
39500000,Toyota,Land Cruiser,2010,170000.0,Automatic,Petrol,4600.0,Used,16
15950000,Toyota,Land Cruiser Prado,2008,223000.0,Automatic,Petrol,2700.0,Reconditioned,18
58000000,Toyota,Land Cruiser Prado,2025,1600.0,Automatic,Petrol,2700.0,Reconditioned,1
6750000,Toyota,Belta,2010,123000.0,Automatic,Petrol,1000.0,Used,16
13200000,Toyota,CHR,2018,110000.0,Automatic,Petrol,1200.0,Used,8
11250000,Toyota,Axio,2017,98200.0,Automatic,Hybrid,1500.0,Used,9
8525000,Toyota,Premio,2008,170000.0,Automatic,Petrol,1500.0,Used,18
14500000,Toyota,Raize,2026,0.0,Automatic,Hybrid,1200.0,Brand New,0
9375000,Toyota,Yaris,2023,63000.0,Automatic,Petrol,1000.0,Reconditioned,3
14900000,Toyota,Raize,2026,0.0,Automatic,Hybrid,1200.0,Brand New,0
11850000,Toyota,Yaris,2025,0.0,Automatic,Petrol,1000.0,Brand New,1
17750000,Toyota,Yaris Cross,2024,28000.0,Automatic,Hybrid,1500.0,Used,2
61200000,Toyota,Land Cruiser Prado,2025,175.0,Automatic,Petrol,2700.0,Brand New,1
42500000,Toyota,Harrier,2025,1000.0,Automatic,Petrol,2000.0,Brand New,1
13450000,Toyota,Raize,2025,0.0,Automatic,Petrol,1000.0,Brand New,1
13850000,Toyota,Raize,2025,0.0,Automatic,Petrol,1000.0,Brand New,1
13850000,Toyota,Raize,2024,0.0,Automatic,Hybrid,1200.0,Brand New,2
14550000,Toyota,Raize,2025,0.0,Automatic,Hybrid,1200.0,Brand New,1
14575000,Toyota,Raize,2025,0.0,Automatic,Hybrid,1200.0,Brand New,1
16850000,Toyota,Premio,2019,83000.0,Automatic,Petrol,1500.0,Used,7
14775000,Toyota,Raize,2026,0.0,Automatic,Hybrid,1200.0,Brand New,0
57900000,Toyota,Land Cruiser Prado,2024,0.0,Automatic,Petrol,2700.0,Brand New,2
11225000,Toyota,Axio,2016,219000.0,Automatic,Hybrid,1500.0,Used,10
9550000,Toyota,Allion,2012,77000.0,Automatic,Petrol,1500.0,Reconditioned,14
24500000,Toyota,Alphard,2014,104000.0,Automatic,Hybrid,2400.0,Used,12
14575000,Toyota,Raize,2026,6.0,Automatic,Hybrid,1200.0,Brand New,0
5690000,Toyota,Belta,2007,190000.0,Automatic,Petrol,1000.0,Used,19
12065000,Toyota,Taisor,2026,0.0,Automatic,Petrol,1000.0,Brand New,0
8275000,Toyota,Mark,2011,165000.0,Automatic,Petrol,2490.0,Used,15
14895000,Toyota,Raize,2026,0.0,Automatic,Hybrid,1200.0,Brand New,0
21695000,Toyota,Yaris Cross,2025,0.0,Automatic,Hybrid,1500.0,Brand New,1
7600000,Toyota,Axio,2008,100500.0,Automatic,Petrol,1490.0,Used,18
9975000,Toyota,RAV4,2013,153000.0,Automatic,Petrol,2360.0,Used,13
9500000,Toyota,Yaris,2023,34000.0,Automatic,Petrol,1000.0,Brand New,3
14950000,Toyota,Raize,2026,0.0,Automatic,Hybrid,1200.0,Brand New,0
18500000,Toyota,Premio,2018,65000.0,Automatic,Petrol,1500.0,Used,8
15250000,Toyota,Raize,2026,0.0,Automatic,Hybrid,1200.0,Brand New,0
57000000,Toyota,Land Cruiser Prado,2024,5000.0,Automatic,Petrol,2700.0,Brand New,2
14290000,Toyota,Raize,2025,300.0,Automatic,Hybrid,1200.0,Brand New,1
13590000,Toyota,Raize,2025,3800.0,Automatic,Petrol,1200.0,Reconditioned,1
7600000,Toyota,Hilux,2012,500000.0,Manual,Diesel,2500.0,Used,14
15200000,Toyota,Raize,2026,0.0,Automatic,Hybrid,1200.0,Brand New,0
14350000,Toyota,Raize,2025,172.0,Automatic,Hybrid,1200.0,Brand New,1
5950000,Toyota,Avanza,2010,245000.0,Manual,Petrol,1298.0,Used,16
13500000,Toyota,Raize,2025,0.0,Automatic,Petrol,1000.0,Brand New,1
11000000,Toyota,Taisor,2026,0.0,Automatic,Petrol,1000.0,Brand New,0
11299999,Toyota,Roomy,2025,10000.0,Automatic,Petrol,1000.0,Reconditioned,1
11790000,Toyota,Land Cruiser Prado,1997,230000.0,Manual,Diesel,3000.0,Used,29
18690000,Toyota,Fortuner,2013,160000.0,Automatic,Diesel,3000.0,Used,13
14450000,Toyota,Raize,2025,0.0,Automatic,Hybrid,1200.0,Brand New,1
11700000,Toyota,Taisor,2026,0.0,Automatic,Hybrid,1000.0,Brand New,0
12200000,Toyota,Taisor,2026,0.0,Automatic,Petrol,1000.0,Brand New,0
5890000,Toyota,Yaris,2010,122000.0,Tiptronic,Petrol,1400.0,Used,16
6375000,Toyota,Belta,2021,212000.0,Automatic,Petrol,1300.0,Used,5
38500000,Toyota,Land Cruiser Prado,2014,0.0,Automatic,Diesel,3000.0,Reconditioned,12
7975000,Toyota,Hilux,2010,240000.0,Manual,Diesel,2400.0,Used,16
13950000,Toyota,Raize,2024,8000.0,Automatic,Hybrid,1200.0,Reconditioned,2
13900000,Toyota,Land Cruiser Prado,2003,126000.0,Manual,Petrol,2700.0,Reconditioned,23
29500000,Toyota,Hilux,2025,0.0,Automatic,Diesel,2800.0,Brand New,1
12900000,Toyota,Raize,2023,23000.0,Automatic,Petrol,1200.0,Reconditioned,3
12050000,Toyota,Urban Cruiser,2026,0.0,Automatic,Petrol,1000.0,Brand New,0
84500000,Toyota,Land Cruiser Prado,2024,400.0,Automatic,Diesel,2800.0,Brand New,2
10675000,Toyota,Raize,2019,86000.0,Automatic,Petrol,998.0,Reconditioned,7
25000000,Toyota,Harrier,2017,20000.0,Automatic,Petrol,2000.0,Used,9
11300000,Toyota,Premio,2013,167082.0,Automatic,Petrol,1500.0,Used,13
38000000,Toyota,Land Cruiser Prado,2015,89000.0,Automatic,Petrol,2700.0,Used,11
61700000,Toyota,Land Cruiser Prado,2024,5000.0,Automatic,Petrol,2700.0,Reconditioned,2
29500000,Toyota,Voxy,2024,6000.0,Automatic,Hybrid,1800.0,Reconditioned,2
12190000,Toyota,Taisor,2026,0.0,Automatic,Petrol,1000.0,Brand New,0
14300000,Toyota,Raize,2026,50.0,Automatic,Petrol,1200.0,Brand New,0
11895000,Toyota,Taisor,2026,0.0,Automatic,Petrol,1000.0,Brand New,0
17790000,Toyota,Harrier,2014,116000.0,Automatic,Hybrid,2400.0,Used,12
11750000,Toyota,Premio,2014,152000.0,Automatic,Petrol,1500.0,Used,12
28575000,Toyota,Hilux,2025,600.0,Automatic,Diesel,2800.0,Brand New,1
61000000,Toyota,Land Cruiser Prado,2025,50.0,Automatic,Petrol,2700.0,Brand New,1
13390000,Toyota,Raize,2025,4000.0,Automatic,Petrol,1000.0,Reconditioned,1
14490000,Toyota,Raize,2025,14000.0,Automatic,Hybrid,1200.0,Reconditioned,1
12000000,Toyota,Taisor,2026,50.0,Automatic,Petrol,1000.0,Brand New,0
14500000,Toyota,Raize,2025,3.0,Automatic,Hybrid,1200.0,Brand New,1
14900000,Toyota,Raize,2025,900.0,Automatic,Hybrid,1200.0,Brand New,1
28000000,Toyota,Hilux,2026,3.0,Automatic,Diesel,2800.0,Brand New,0
98590000,Toyota,Land Cruiser Sahara,2026,0.0,Automatic,Petrol,3500.0,Brand New,0
7300000,Toyota,Axio,2008,125000.0,Automatic,Petrol,1500.0,Used,18
8090000,Toyota,Aqua,2014,150000.0,Automatic,Hybrid,1500.0,Used,12
8550000,Toyota,Passo,2023,1104.0,Automatic,Petrol,1000.0,Reconditioned,3
74500000,Toyota,Land Cruiser Sahara,2013,30000.0,Automatic,Diesel,4500.0,Reconditioned,13
78500000,Toyota,Land Cruiser Prado,2024,3000.0,Automatic,Diesel,2800.0,Reconditioned,2
53000000,Toyota,Land Cruiser Prado,2023,9999.0,Automatic,Petrol,2700.0,Import,3
58500000,Toyota,Land Cruiser Prado,2024,10000.0,Automatic,Petrol,2700.0,Import,2
11875000,Toyota,Taisor,2025,0.0,Automatic,Petrol,1000.0,Brand New,1
14095000,Toyota,Raize,2025,8.0,Automatic,Hybrid,1200.0,Brand New,1
12490000,Toyota,Taisor,2026,0.0,Automatic,Petrol,1000.0,Brand New,0
31500000,Toyota,Land Cruiser 79,2025,3700.0,Manual,Diesel,2800.0,Used,1
6600000,Toyota,Avanza,2011,210000.0,Manual,Petrol,1300.0,Used,15
21900000,Toyota,Land Cruiser Prado,2009,179353.0,Automatic,Petrol,4000.0,Reconditioned,17
3285000,Toyota,Corolla,1998,315520.0,Automatic,Diesel,1974.0,Used,28
12150000,Toyota,Raize,2024,21567.0,Automatic,Petrol,1000.0,Reconditioned,2
3800000,Toyota,Carina,2008,185000.0,Automatic,Petrol,1500.0,Used,18
11900000,Toyota,Hilux,2026,0.0,Manual,Diesel,2400.0,Brand New,0
4165000,Toyota,Starlet,1997,168323.0,Automatic,Petrol,1330.0,Used,29
54950000,Toyota,Land Cruiser,2024,18000.0,Tiptronic,Petrol,2700.0,Used,2
8495000,Toyota,Passo,2024,32000.0,Automatic,Petrol,1000.0,Reconditioned,2
23500000,Toyota,Vellfire,2012,123000.0,Automatic,Hybrid,2400.0,Used,14
19900000,Toyota,Harrier,2014,63500.0,Automatic,Hybrid,2490.0,Used,12
9600000,Toyota,Vitz,2017,29800.0,Automatic,Petrol,1000.0,Used,9
7750000,Toyota,Aqua,2013,127000.0,Automatic,Hybrid,1500.0,Used,13
14750000,Toyota,Raize,2026,0.0,Automatic,Hybrid,1200.0,Brand New,0
16495000,Toyota,Yaris Cross,2024,23000.0,Automatic,Hybrid,1490.0,Reconditioned,2
12695000,Toyota,Raize,2024,19000.0,Automatic,Petrol,1200.0,Reconditioned,2
16695000,Toyota,Yaris Cross,2024,23000.0,Automatic,Hybrid,1490.0,Reconditioned,2
6900000,Toyota,Camry,2007,167000.0,Automatic,Petrol,2300.0,Used,19
12100000,Toyota,Raize,2025,20000.0,Automatic,Petrol,1000.0,Reconditioned,1
7900000,Toyota,Vitz,2016,116371.0,Automatic,Petrol,1000.0,Used,10
11750000,Toyota,Taisor,2026,0.0,Automatic,Hybrid,1000.0,Brand New,0
17700000,Toyota,Premio,2019,79000.0,Automatic,Petrol,1500.0,Used,7
15000000,Toyota,CHR,2018,62000.0,Tiptronic,Petrol,1190.0,Used,8
14350000,Toyota,Raize,2026,0.0,Automatic,Petrol,1200.0,Brand New,0
61000000,Toyota,Land Cruiser Prado,2024,5000.0,Tiptronic,Petrol,2700.0,Reconditioned,2
13995000,Toyota,Raize,2025,0.0,Automatic,Petrol,1200.0,Brand New,1
5300000,Toyota,Corolla,2001,260000.0,Automatic,Petrol,1500.0,Used,25
6550000,Toyota,Prius,2008,107000.0,Automatic,Hybrid,1500.0,Used,18
13975000,Toyota,Raize,2024,100.0,Automatic,Hybrid,1200.0,Brand New,2
16000000,Toyota,Yaris Cross,2023,45000.0,Automatic,Hybrid,1500.0,Import,3
6900000,Toyota,Yaris,2008,163474.0,Automatic,Petrol,1298.0,Used,18
6690000,Toyota,Yaris,2008,160879.0,Automatic,Petrol,1298.0,Used,18
6675000,Toyota,Other Model,2002,158694.0,Automatic,Petrol,1596.0,Used,24
11200000,Toyota,Roomy,2025,0.0,Automatic,Petrol,1000.0,Brand New,1
13000000,Toyota,CHR,2017,72000.0,Automatic,Petrol,1200.0,Used,9
13590000,Toyota,Raize,2023,36320.0,Automatic,Petrol,1196.0,Used,3
6600000,Toyota,Corolla,2008,71000.0,Automatic,Petrol,1600.0,Reconditioned,18
7695000,Toyota,Pixis,2025,12000.0,Automatic,Petrol,660.0,Reconditioned,1
6875000,Toyota,Avanza,2021,145470.0,Manual,Petrol,1500.0,Used,5
96000000,Toyota,Land Cruiser Sahara,2026,0.0,Tiptronic,Petrol,3000.0,Brand New,0
11000000,Toyota,Raize,2020,80000.0,Automatic,Petrol,1000.0,Used,6
58500000,Toyota,Vellfire,2025,500.0,Automatic,Petrol,2500.0,Brand New,1
12000000,Toyota,Taisor,2026,0.0,Automatic,Petrol,1000.0,Brand New,0
51750000,Toyota,Land Cruiser Prado,2023,17600.0,Automatic,Petrol,2700.0,Reconditioned,3
55000000,Toyota,Land Cruiser Sahara,2016,123000.0,Automatic,Petrol,4600.0,Used,10
11490000,Toyota,Urban Cruiser,2026,0.0,Automatic,Petrol,1000.0,Import,0
10950000,Toyota,Taisor,2026,0.0,Automatic,Petrol,1000.0,Brand New,0
10950000,Toyota,Taisor,2026,185661.0,Automatic,Petrol,1000.0,Brand New,0
31000000,Toyota,Land Cruiser Prado,2011,2000.0,Automatic,Petrol,2755.0,Used,15
16900000,Toyota,Yaris,2024,0.0,Automatic,Hybrid,1500.0,Reconditioned,2
54000000,Toyota,Alphard,2025,0.0,Tiptronic,Hybrid,2500.0,Brand New,1
11800000,Toyota,Taisor,2026,0.0,Automatic,Petrol,1000.0,Brand New,0
11650000,Toyota,Taisor,2026,0.0,Automatic,Petrol,1000.0,Brand New,0
11950000,Toyota,Taisor,2026,107000.0,Automatic,Petrol,1000.0,Brand New,0
14500000,Toyota,Premio,2017,140000.0,Automatic,Petrol,1500.0,Reconditioned,9
16000000,Toyota,Fortuner,2013,0.0,Automatic,Diesel,3000.0,Used,13
12065000,Toyota,Taisor,2026,400.0,Automatic,Petrol,1000.0,Brand New,0
17200000,Toyota,Yaris,2024,0.0,Automatic,Hybrid,1500.0,Brand New,2
11390000,Toyota,Roomy,2025,0.0,Automatic,Petrol,1000.0,Brand New,1
14390000,Toyota,Raize,2025,98000.0,Automatic,Petrol,1200.0,Brand New,1
7225000,Toyota,Vitz,2016,0.0,Automatic,Petrol,1000.0,Used,10
45000000,Toyota,RAV4,2026,3800.0,Automatic,Petrol,2487.0,Import,0
16750000,Toyota,Yaris Cross,2024,10000.0,Automatic,Petrol,1500.0,Reconditioned,2
9350000,Toyota,Yaris,2023,18000.0,Automatic,Petrol,1000.0,Reconditioned,3
8750000,Toyota,Roomy,2023,600.0,Automatic,Petrol,1000.0,Reconditioned,3
13495000,Toyota,Raize,2025,0.0,Tiptronic,Hybrid,1200.0,Brand New,1
11490000,Toyota,Taisor,2025,3000.0,Automatic,Petrol,1000.0,Brand New,1
9890000,Toyota,Yaris,2023,33000.0,Automatic,Petrol,1000.0,Reconditioned,3
8890000,Toyota,Roomy,2024,17000.0,Automatic,Petrol,1000.0,Reconditioned,2
10390000,Toyota,Roomy,2023,25000.0,Automatic,Petrol,1000.0,Reconditioned,3
9600000,Toyota,Aqua,2014,5000.0,Automatic,Hybrid,1500.0,Used,12
55000000,Toyota,Land Cruiser,2024,15000.0,Automatic,Petrol,2693.0,Reconditioned,2
9200000,Toyota,Roomy,2024,0.0,Automatic,Petrol,1000.0,Import,2
11950000,Toyota,Taisor,2026,0.0,Automatic,Petrol,1000.0,Brand New,0
69500000,Toyota,Alphard,2025,10.0,Automatic,Petrol,2400.0,Brand New,1
16500000,Toyota,Aqua,2026,5000.0,Automatic,Hybrid,1500.0,Import,0
16300000,Toyota,Corolla,2024,7000.0,Automatic,Petrol,1500.0,Import,2
14000000,Toyota,Aqua,2024,93000.0,Automatic,Hybrid,1500.0,Import,2
13000000,Toyota,RAV4,2015,0.0,Automatic,Petrol,2400.0,Used,11
14150000,Toyota,Raize,2026,219000.0,Automatic,Hybrid,1200.0,Brand New,0
17500000,Toyota,Crown,2008,191000.0,Automatic,Hybrid,3500.0,Used,18
12000000,Toyota,Avensis,2013,11000.0,Automatic,Diesel,2200.0,Reconditioned,13
53500000,Toyota,Land Cruiser Prado,2023,0.0,Automatic,Petrol,2700.0,Reconditioned,3
31650000,Toyota,Voxy,2025,213000.0,Automatic,Petrol,1800.0,Brand New,1
6500000,Toyota,Prius,2008,280000.0,Automatic,Hybrid,1500.0,Used,18
18800000,Toyota,Harrier,2014,75000.0,Automatic,Hybrid,2490.0,Used,12
8500000,Toyota,Vitz,2019,0.0,Automatic,Petrol,1000.0,Used,7
14200000,Toyota,Raize,2026,0.0,Automatic,Petrol,1200.0,Brand New,0
14250000,Toyota,Raize,2026,12000.0,Automatic,Hybrid,1200.0,Brand New,0
34900000,Toyota,Harrier,2025,0.0,Automatic,Petrol,2000.0,Reconditioned,1
92000000,Toyota,Land Cruiser Sahara,2026,250.0,Automatic,Petrol,3500.0,Import,0
12200000,Toyota,Yaris,2025,0.0,Automatic,Petrol,1000.0,Brand New,1
14000000,Toyota,Raize,2026,11500.0,Automatic,Hybrid,1200.0,Brand New,0
14900000,Toyota,Raize,2024,30.0,Automatic,Hybrid,1200.0,Reconditioned,2
14800000,Toyota,Raize,2025,0.0,Automatic,Hybrid,1200.0,Brand New,1
10950000,Toyota,Taisor,2026,5.0,Automatic,Petrol,1000.0,Brand New,0
9850000,Toyota,Yaris,2025,0.0,Automatic,Petrol,1000.0,Reconditioned,1
14290000,Toyota,Raize,2025,0.0,Automatic,Hybrid,1200.0,Brand New,1
18200000,Toyota,Yaris Cross,2026,130000.0,Automatic,Hybrid,1500.0,Brand New,0
9500000,Toyota,Harrier,2007,70000.0,Automatic,Petrol,2400.0,Used,19
11950000,Toyota,Raize,2023,0.0,Automatic,Petrol,1000.0,Used,3
30590000,Toyota,Hilux,2026,50400.0,Automatic,Diesel,2800.0,Brand New,0
48000000,Toyota,Alphard,2019,9000.0,Automatic,Petrol,2490.0,Used,7
10375000,Toyota,Yaris,2023,204000.0,Automatic,Petrol,990.0,Reconditioned,3
5800000,Toyota,Corolla,2001,150000.0,Automatic,Petrol,1500.0,Used,25
7450000,Toyota,Aqua,2013,72758.0,Automatic,Petrol,1500.0,Used,13
7895000,Toyota,Vitz,2017,73221.0,Automatic,Petrol,990.0,Used,9
7395000,Toyota,Vitz,2015,140000.0,Automatic,Petrol,990.0,Used,11
9000000,Toyota,Premio,2010,0.0,Automatic,Petrol,1500.0,Used,16
14100000,Toyota,Raize,2026,23500.0,Automatic,Petrol,1200.0,Brand New,0
9650000,Toyota,Yaris,2023,0.0,Automatic,Petrol,1000.0,Used,3
11990000,Toyota,Taisor,2026,39871.0,Automatic,Petrol,1000.0,Brand New,0
7990000,Toyota,Aqua,2012,85010.0,Automatic,Petrol,1490.0,Used,14
7890000,Toyota,Vitz,2016,0.0,Automatic,Petrol,990.0,Used,10
54000000,Toyota,Vellfire,2024,294000.0,Automatic,Hybrid,2500.0,Brand New,2
2000000,Toyota,Starlet,1990,107600.0,Manual,Petrol,1200.0,Used,36
11065000,Toyota,Premio,2013,0.0,Automatic,Petrol,1500.0,Used,13
14400000,Toyota,Raize,2025,0.0,Automatic,Hybrid,1200.0,Brand New,1
16975000,Toyota,Yaris,2025,5000.0,Automatic,Petrol,1200.0,Brand New,1
9975000,Toyota,Yaris,2024,61000.0,Automatic,Petrol,990.0,Reconditioned,2
21500000,Toyota,Hilux,2020,600.0,Automatic,Diesel,2700.0,Used,6
56900000,Toyota,Land Cruiser Prado,2024,0.0,Automatic,Petrol,2700.0,Brand New,2
65000000,Toyota,Alphard,2025,0.0,Automatic,Hybrid,2500.0,Brand New,1
27000000,Toyota,Other Model,2025,0.0,Automatic,Diesel,2800.0,Brand New,1
87500000,Toyota,Land Cruiser Sahara,2026,22000.0,Automatic,Petrol,3500.0,Import,0
8550000,Toyota,Yaris,2020,250000.0,Automatic,Petrol,1000.0,Used,6
2990000,Toyota,Corolla,1996,102734.0,Manual,Diesel,2000.0,Used,30
14950000,Toyota,CHR,2017,200000.0,Automatic,Petrol,1200.0,Used,9
6270000,Toyota,Belta,2007,196000.0,Automatic,Petrol,1000.0,Used,19
11550000,Toyota,Vanguard,2013,159400.0,Automatic,Petrol,2360.0,Used,13
9750000,Toyota,Premio,2010,15724.0,Automatic,Petrol,1490.0,Used,16
13390000,Toyota,Raize,2025,3032.0,Automatic,Petrol,1000.0,Reconditioned,1
14590000,Toyota,Raize,2026,10000.0,Automatic,Hybrid,1200.0,Reconditioned,0
14290000,Toyota,Raize,2025,42960.0,Automatic,Hybrid,1200.0,Reconditioned,1
36500000,Toyota,Harrier,2019,120.0,Automatic,Petrol,2000.0,Used,7
11100000,Toyota,Taisor,2024,177000.0,Automatic,Petrol,1000.0,Brand New,2
17550000,Toyota,Harrier,2014,10.0,Automatic,Hybrid,2490.0,Used,12
11650000,Toyota,Taisor,2025,35000.0,Automatic,Petrol,1000.0,Brand New,1
8690000,Toyota,Aqua,2014,147000.0,Automatic,Hybrid,1500.0,Used,12
3150000,Toyota,Starlet,1995,0.0,Manual,Petrol,1300.0,Used,31
42000000,Toyota,RAV4,2026,0.0,Automatic,Hybrid,2500.0,Import,0
14200000,Toyota,Aqua,2026,75600.0,Automatic,Hybrid,1500.0,Import,0
9600000,Toyota,Aqua,2016,260000.0,Automatic,Hybrid,1500.0,Used,10
9850000,Toyota,Prius,2010,0.0,Automatic,Hybrid,1800.0,Used,16
92000000,Toyota,Land Cruiser Sahara,2026,119000.0,Automatic,Petrol,3500.0,Import,0
10800000,Toyota,Premio,2013,175000.0,Automatic,Petrol,1500.0,Used,13
32000000,Toyota,Land Cruiser Prado,2015,70000.0,Automatic,Diesel,3000.0,Used,11
8975000,Toyota,Yaris,2023,32000.0,Automatic,Petrol,1000.0,Reconditioned,3
13400000,Toyota,Corolla,2023,72000.0,Automatic,Hybrid,1500.0,Reconditioned,3
8600000,Toyota,Yaris,2023,78000.0,Automatic,Petrol,1000.0,Reconditioned,3
8600000,Toyota,Yaris,2023,79000.0,Automatic,Petrol,1000.0,Reconditioned,3
8400000,Toyota,Roomy,2023,105000.0,Automatic,Petrol,1000.0,Reconditioned,3
8625000,Toyota,Yaris,2023,40000.0,Automatic,Petrol,1000.0,Reconditioned,3
7975000,Toyota,Passo,2023,21000.0,Automatic,Petrol,1000.0,Reconditioned,3
8100000,Toyota,Passo,2024,190000.0,Automatic,Petrol,1000.0,Reconditioned,2
5150000,Toyota,Vios,2004,134000.0,Automatic,Petrol,1500.0,Used,22
13500000,Toyota,Land Cruiser Prado,2003,0.0,Automatic,Petrol,2700.0,Used,23
10600000,Toyota,Yaris,2026,500.0,Automatic,Petrol,1000.0,Import,0
9350000,Toyota,Other Model,2026,89000.0,Automatic,Petrol,1000.0,Import,0
42500000,Toyota,Land Cruiser Prado,2017,11000.0,Tiptronic,Petrol,2700.0,Used,9
13380000,Toyota,Raize,2024,16526.0,Automatic,Hybrid,1200.0,Reconditioned,2
55000000,Toyota,Land Cruiser Prado,2023,0.0,Automatic,Petrol,2700.0,Reconditioned,3
15200000,Toyota,Raize,2026,10000.0,Automatic,Hybrid,1200.0,Brand New,0
9200000,Toyota,Passo,2023,135000.0,Automatic,Petrol,1000.0,Used,3
25000000,Toyota,Land Cruiser Prado,2011,190000.0,Manual,Diesel,3000.0,Used,15
11500000,Toyota,Prius,2013,0.0,Automatic,Hybrid,1700.0,Used,13
22000000,Toyota,Yaris Cross,2025,162990.0,Automatic,Hybrid,1500.0,Brand New,1
8650000,Toyota,Allion,2008,82000.0,Automatic,Petrol,1500.0,Used,18
32300000,Toyota,Land Cruiser Prado,2014,198500.0,Automatic,Petrol,2700.0,Used,12
16450000,Toyota,Land Cruiser Prado,2007,158800.0,Manual,Diesel,3000.0,Used,19
11750000,Toyota,Hilux,2008,197000.0,Automatic,Diesel,3000.0,Used,18
15950000,Toyota,Land Cruiser Prado,2007,160000.0,Manual,Diesel,3000.0,Used,19
5450000,Toyota,Carina,1999,95000.0,Automatic,Petrol,1500.0,Used,27
7500000,Toyota,Avanza,2011,14000.0,Manual,Petrol,1300.0,Used,15
11875000,Toyota,Raize,2023,6000.0,Automatic,Petrol,1000.0,Used,3
12850000,Toyota,Raize,2024,1400.0,Automatic,Petrol,1200.0,Used,2
14400000,Toyota,Raize,2025,3800.0,Automatic,Hybrid,1200.0,Brand New,1
10550000,Toyota,Yaris,2024,250.0,Automatic,Petrol,990.0,Reconditioned,2
13900000,Toyota,Raize,2025,250.0,Automatic,Hybrid,1200.0,Brand New,1
14400000,Toyota,Raize,2025,166000.0,Automatic,Hybrid,1200.0,Brand New,1
6450000,Toyota,Avanza,2011,0.0,Manual,Petrol,1300.0,Used,15
14500000,Toyota,Raize,2026,48000.0,Automatic,Hybrid,998.0,Brand New,0
15000000,Toyota,CHR,2019,11000.0,Automatic,Petrol,1190.0,Used,7
10350000,Toyota,Yaris,2024,18000.0,Automatic,Petrol,1000.0,Brand New,2
12250000,Toyota,Raize,2025,187521.0,Automatic,Petrol,1000.0,Brand New,1
12290000,Toyota,Land Cruiser Prado,1996,72100.0,Automatic,Diesel,3000.0,Used,30
48000000,Toyota,Land Cruiser Prado,2015,224000.0,Automatic,Diesel,2981.0,Used,11
8450000,Toyota,Prius,2009,234000.0,Automatic,Hybrid,1790.0,Used,17
5075000,Toyota,Vitz,2007,0.0,Automatic,Petrol,1000.0,Used,19
14500000,Toyota,Raize,2026,1.0,Automatic,Hybrid,1200.0,Brand New,0
11500000,Toyota,Yaris,2025,2500.0,Automatic,Petrol,990.0,Brand New,1
7350000,Toyota,Pixis,2023,0.0,Automatic,Petrol,660.0,Reconditioned,3
13300000,Toyota,Raize,2026,177000.0,Automatic,Petrol,1000.0,Brand New,0
5200000,Toyota,Carina,1999,0.0,Automatic,Petrol,1500.0,Used,27
14900000,Toyota,Raize,2026,121000.0,Automatic,Hybrid,1200.0,Brand New,0
16500000,Toyota,Land Cruiser Sahara,2003,81000.0,Automatic,Petrol,4700.0,Used,23
47500000,Toyota,Land Cruiser Sahara,2013,261000.0,Automatic,Diesel,4500.0,Used,13
41500000,Toyota,Land Cruiser Sahara,2011,200000.0,Automatic,Diesel,4500.0,Used,15
9800000,Toyota,Hilux,2011,181000.0,Manual,Diesel,2500.0,Used,15
7000000,Toyota,Axio,2008,190000.0,Automatic,Petrol,1500.0,Used,18
12000000,Toyota,Rush,2018,145000.0,Automatic,Petrol,1500.0,Used,8
2750000,Toyota,Corsa,1991,80000.0,Manual,Petrol,1390.0,Used,35
9050000,Toyota,Yaris,2023,99000.0,Automatic,Petrol,990.0,Reconditioned,3
5350000,Toyota,Vitz,2008,117452.0,Automatic,Petrol,1000.0,Used,18
10690000,Toyota,Prius,2013,4000.0,Automatic,Hybrid,1799.0,Used,13
9400000,Toyota,Roomy,2024,24000.0,Automatic,Petrol,1000.0,Import,2
59500000,Toyota,Land Cruiser Prado,2024,250.0,Automatic,Petrol,2700.0,Import,2
14500000,Toyota,Raize,2026,9500.0,Automatic,Hybrid,1200.0,Brand New,0
9100000,Toyota,Yaris,2023,84000.0,Automatic,Petrol,1000.0,Reconditioned,3
7600000,Toyota,Aqua,2012,14000.0,Automatic,Petrol,1490.0,Used,14
12900000,Toyota,Raize,2025,9000.0,Automatic,Petrol,1000.0,Import,1
13900000,Toyota,Raize,2024,11000.0,Automatic,Hybrid,1200.0,Import,2
13600000,Toyota,Raize,2024,6.0,Automatic,Hybrid,1200.0,Import,2
14600000,Toyota,Raize,2026,145000.0,Automatic,Hybrid,1200.0,Import,0
5175000,Toyota,Vios,2003,5100.0,Automatic,Petrol,1500.0,Used,23
17500000,Toyota,Corolla,2025,100000.0,Automatic,Petrol,1500.0,Reconditioned,1
2250000,Toyota,Sprinter,1990,89340.0,Manual,Petrol,1500.0,Used,36
8000000,Toyota,Vitz,2017,197334.0,Automatic,Petrol,1000.0,Used,9
10250000,Toyota,Axio,2015,2817.0,Automatic,Hybrid,1490.0,Used,11
4325000,Toyota,Vios,2003,124000.0,Manual,Petrol,1500.0,Used,23
11750000,Toyota,Prius,2015,164000.0,Automatic,Hybrid,1800.0,Used,11
6750000,Toyota,Prius,2008,200000.0,Automatic,Hybrid,1497.0,Used,18
5850000,Toyota,Camry,2001,0.0,Automatic,Petrol,2900.0,Used,25
10100000,Toyota,Yaris,2026,1.0,Automatic,Petrol,1000.0,Brand New,0
11975000,Toyota,Taisor,2026,0.0,Automatic,Petrol,1000.0,Brand New,0
11700000,Toyota,Taisor,2026,128000.0,Automatic,Petrol,1000.0,Brand New,0
9400000,Toyota,Axio,2015,167200.0,Automatic,Hybrid,1490.0,Used,11
2950000,Toyota,Corsa,1993,49000.0,Manual,Petrol,1500.0,Used,33
16000000,Toyota,Allion,2019,16000.0,Automatic,Petrol,1500.0,Used,7
54500000,Toyota,Alphard,2024,160000.0,Automatic,Hybrid,2480.0,Reconditioned,2
10700000,Toyota,Prius,2012,220000.0,Automatic,Hybrid,1800.0,Used,14
11200000,Toyota,Prius,2013,60000.0,Automatic,Hybrid,1800.0,Used,13
41000000,Toyota,Land Cruiser Sahara,2014,85000.0,Manual,Diesel,4200.0,Used,12
34500000,Toyota,Land Cruiser Prado,2015,193500.0,Automatic,Petrol,2700.0,Used,11
8000000,Toyota,Allion,2007,5000.0,Automatic,Petrol,1500.0,Used,19
13600000,Toyota,Raize,2024,220000.0,Automatic,Hybrid,1200.0,Reconditioned,2
6500000,Toyota,Corolla,2008,24000.0,Automatic,Petrol,1590.0,Used,18
36400000,Toyota,Harrier,2024,18000.0,Automatic,Hybrid,2500.0,Import,2
35000000,Toyota,Harrier,2025,0.0,Automatic,Petrol,2000.0,Import,1
11400000,Toyota,Taisor,2025,4000.0,Automatic,Hybrid,1000.0,Brand New,1
9300000,Toyota,Roomy,2024,15000.0,Automatic,Petrol,996.0,Reconditioned,2
13300000,Toyota,Raize,2023,9210.0,Automatic,Petrol,1200.0,Reconditioned,3
10350000,Toyota,Raize,2020,95000.0,Automatic,Petrol,1000.0,Used,6
12500000,Toyota,CHR,2018,125000.0,Automatic,Petrol,1200.0,Used,8
57500000,Toyota,Land Cruiser Prado,2011,140000.0,Automatic,Petrol,4000.0,Used,15
17950000,Toyota,Fortuner,2014,280000.0,Automatic,Diesel,3000.0,Used,12
35000000,Toyota,Land Cruiser Sahara,2011,12000.0,Automatic,Petrol,4600.0,Used,15
53000000,Toyota,Land Cruiser Prado,2023,0.0,Automatic,Petrol,2800.0,Reconditioned,3
11900000,Toyota,Taisor,2026,0.0,Automatic,Petrol,1000.0,Brand New,0
11850000,Toyota,Taisor,2026,137000.0,Automatic,Petrol,1000.0,Brand New,0
52500000,Toyota,Land Cruiser Sahara,2014,200000.0,Automatic,Diesel,4460.0,Used,12
7500000,Toyota,Vitz,2015,71000.0,Automatic,Petrol,990.0,Used,11
12000000,Toyota,Rush,2018,103000.0,Automatic,Petrol,1496.0,Used,8
12900000,Toyota,CHR,2017,87200.0,Automatic,Petrol,1200.0,Used,9
11800000,Toyota,CHR,2017,243600.0,Tiptronic,Petrol,1190.0,Used,9
2790000,Toyota,Tercel,1996,23.0,Manual,Petrol,1300.0,Used,30
21200000,Toyota,Yaris Cross,2025,11000.0,Automatic,Hybrid,1490.0,Brand New,1
11000000,Toyota,Yaris,2024,20000.0,Automatic,Petrol,1000.0,Import,2
10200000,Toyota,Yaris,2025,0.0,Automatic,Petrol,1000.0,Import,1
12100000,Toyota,Taisor,2026,260352.0,Automatic,Petrol,1000.0,Brand New,0
9000000,Toyota,Allion,2010,1.0,Automatic,Petrol,1490.0,Used,16
14375000,Toyota,Raize,2025,7000.0,Automatic,Hybrid,1200.0,Brand New,1
24000000,Toyota,Hilux,2023,19000.0,Automatic,Diesel,2800.0,Reconditioned,3
16750000,Toyota,CHR,2023,55.0,Automatic,Petrol,1200.0,Reconditioned,3
21000000,Toyota,Yaris Cross,2025,27000.0,Automatic,Hybrid,1500.0,Brand New,1
21990000,Toyota,Hilux,2023,3000.0,Automatic,Diesel,2400.0,Reconditioned,3
39200000,Toyota,Harrier,2025,6.0,Automatic,Petrol,2000.0,Reconditioned,1
14500000,Toyota,Raize,2025,23000.0,Automatic,Hybrid,1200.0,Brand New,1
9800000,Toyota,Roomy,2023,17000.0,Automatic,Petrol,1000.0,Reconditioned,3
23500000,Toyota,Hilux,2023,11000.0,Automatic,Diesel,2400.0,Reconditioned,3
6800000,Toyota,Pixis,2025,25.0,Automatic,Petrol,660.0,Reconditioned,1
10000000,Toyota,Axio,2015,0.0,Automatic,Petrol,1500.0,Used,11
13875000,Toyota,Raize,2025,120000.0,Automatic,Hybrid,1200.0,Brand New,1
13600000,Toyota,Hilux,2018,160000.0,Manual,Diesel,2400.0,Used,8
5450000,Toyota,Carina,1998,18500.0,Automatic,Petrol,1500.0,Used,28
10250000,Toyota,Roomy,2023,10.0,Automatic,Petrol,1000.0,Import,3
120000000,Toyota,Land Cruiser Sahara,2025,10.0,Automatic,Diesel,3446.0,Brand New,1
120000000,Toyota,Land Cruiser Prado,2025,10000.0,Automatic,Diesel,3346.0,Brand New,1
85500000,Toyota,Land Cruiser Prado,2024,7000.0,Manual,Diesel,2755.0,Reconditioned,2
85500000,Toyota,Land Cruiser Prado,2024,0.0,Automatic,Diesel,2755.0,Reconditioned,2
17100000,Toyota,Aqua,2026,29000.0,Automatic,Hybrid,1500.0,Import,0
16500000,Toyota,Yaris Cross,2024,0.0,Automatic,Hybrid,1500.0,Import,2
9850000,Toyota,Yaris,2025,19000.0,Automatic,Petrol,1000.0,Brand New,1
16100000,Toyota,Corolla,2024,13000.0,Automatic,Petrol,1500.0,Import,2
16300000,Toyota,Corolla,2024,0.0,Automatic,Petrol,1500.0,Import,2
28950000,Toyota,Hilux,2026,130000.0,Automatic,Diesel,2800.0,Brand New,0
5900000,Toyota,Other Model,2002,0.0,Automatic,Petrol,1500.0,Used,24
14100000,Toyota,Raize,2026,4.0,Automatic,Petrol,1200.0,Brand New,0
11450000,Toyota,Roomy,2025,4.0,Automatic,Petrol,1000.0,Brand New,1
13800000,Toyota,Raize,2026,0.0,Automatic,Hybrid,1200.0,Brand New,0
56500000,Toyota,Alphard,2025,4000.0,Automatic,Hybrid,2500.0,Brand New,1
16950000,Toyota,Yaris Cross,2023,115000.0,Automatic,Petrol,1500.0,Reconditioned,3
43500000,Toyota,Land Cruiser Sahara,2010,29000.0,Automatic,Diesel,4500.0,Reconditioned,16
58500000,Toyota,Land Cruiser Prado,2019,193500.0,Automatic,Diesel,2800.0,Used,7
6500000,Toyota,Allion,2003,0.0,Automatic,Petrol,1500.0,Used,23
11850000,Toyota,Taisor,2026,120.0,Automatic,Petrol,1000.0,Brand New,0
7195000,Toyota,Vitz,2016,8.0,Automatic,Petrol,1000.0,Used,10
13650000,Toyota,Raize,2025,0.0,Automatic,Hybrid,1200.0,Brand New,1
12100000,Toyota,Taisor,2026,234000.0,Automatic,Petrol,1000.0,Brand New,0
5050000,Toyota,Vios,2003,160000.0,Automatic,Petrol,1490.0,Used,23
11600000,Toyota,Axio,2017,15.0,Automatic,Petrol,1500.0,Used,9
13500000,Toyota,Yaris Ativ,2025,453600.0,Automatic,Petrol,1200.0,Brand New,1
8650000,Toyota,Prius,2011,0.0,Automatic,Hybrid,1490.0,Used,15
11275000,Toyota,Taisor,2025,250.0,Tiptronic,Hybrid,1000.0,Brand New,1
17750000,Toyota,UrbanCruiser Hyryder,2026,0.0,Automatic,Petrol,1500.0,Brand New,0
12100000,Toyota,Taisor,2026,59500.0,Automatic,Petrol,1000.0,Brand New,0
7800000,Toyota,Vitz,2016,86000.0,Automatic,Petrol,990.0,Used,10
13000000,Toyota,CHR,2018,60700.0,Automatic,Petrol,1200.0,Used,8
15500000,Toyota,CHR,2018,98000.0,Automatic,Petrol,1200.0,Used,8
14200000,Toyota,Allion,2017,150000.0,Automatic,Petrol,1500.0,Used,9
3400000,Toyota,Corolla,2001,10.0,Automatic,Diesel,2000.0,Used,25
17500000,Toyota,Aqua,2026,0.0,Automatic,Hybrid,1500.0,Brand New,0
15600000,Toyota,Hyryder,2026,0.0,Automatic,Hybrid,1500.0,Import,0
11400000,Toyota,Taisor,2026,30.0,Automatic,Hybrid,1000.0,Import,0
29500000,Toyota,Other Model,2026,59000.0,Automatic,Diesel,2800.0,Import,0
9890000,Toyota,Raize,2023,167000.0,Automatic,Petrol,990.0,Reconditioned,3
8750000,Toyota,Premio,2007,276000.0,Automatic,Petrol,1500.0,Used,19
14500000,Toyota,Camry,2013,10000.0,Automatic,Petrol,2500.0,Used,13
22000000,Toyota,Other Model,2025,80700.0,Automatic,Diesel,2800.0,Import,1
7290000,Toyota,Aqua,2014,4500.0,Automatic,Hybrid,1497.0,Used,12
15090000,Toyota,Yaris Cross,2025,2490.0,Automatic,Hybrid,1490.0,Import,1
12990000,Toyota,Raize,2025,4500.0,Automatic,Hybrid,990.0,Import,1
14990000,Toyota,Yaris Cross,2025,0.0,Automatic,Hybrid,1490.0,Import,1
23800000,Toyota,Other Model,2026,6.0,Automatic,Petrol,2700.0,Import,0
13150000,Toyota,Raize,2026,234999.0,Automatic,Petrol,1000.0,Brand New,0
10300000,Toyota,Hilux,2010,14000.0,Manual,Diesel,2500.0,Used,16
25500000,Toyota,Prius,2023,0.0,Automatic,Hybrid,1800.0,Import,3
29500000,Toyota,Hilux,2025,7000.0,Automatic,Diesel,2800.0,Brand New,1
12350000,Toyota,Raize,2024,5.0,Tiptronic,Petrol,1000.0,Reconditioned,2
14150000,Toyota,Raize,2026,1.0,Automatic,Hybrid,1200.0,Brand New,0
14475000,Toyota,Raize,2025,1.0,Automatic,Hybrid,1200.0,Brand New,1
13975000,Toyota,Raize,2025,8000.0,Automatic,Hybrid,1200.0,Brand New,1
9100000,Toyota,Yaris,2023,5.0,Automatic,Petrol,1000.0,Reconditioned,3
28600000,Toyota,Hilux,2026,70000.0,Automatic,Diesel,2800.0,Brand New,0
7990000,Toyota,Aqua,2014,319200.0,Automatic,Hybrid,1490.0,Used,12
16850000,Toyota,Corolla,2023,336000.0,Automatic,Petrol,1500.0,Brand New,3
17750000,Toyota,Hyryder V,2026,0.0,Automatic,Petrol,1500.0,Brand New,0
17750000,Toyota,UrbanCruiser Hyryder,2026,10000.0,Automatic,Petrol,1500.0,Brand New,0
17500000,Toyota,Corolla,2023,177000.0,Automatic,Petrol,1500.0,Used,3
2475000,Toyota,Corolla,1992,170000.0,Manual,Diesel,2000.0,Used,34
7550000,Toyota,Axio,2008,0.0,Automatic,Petrol,1500.0,Used,18
10900000,Toyota,Taisor,2026,75600.0,Automatic,Petrol,1000.0,Brand New,0
13000000,Toyota,CHR,2017,207000.0,Automatic,Petrol,1200.0,Used,9
7300000,Toyota,Allion,2007,120000.0,Automatic,Petrol,1500.0,Used,19
7799999,Toyota,Vitz,2017,76000.0,Automatic,Petrol,990.0,Used,9
8500000,Toyota,Vitz,2019,148000.0,Automatic,Petrol,1000.0,Used,7
14500000,Toyota,Land Cruiser Sahara,2000,0.0,Automatic,Petrol,4700.0,Used,26
11250000,Toyota,Yaris,2026,11500.0,Automatic,Petrol,1000.0,Brand New,0
16800000,Toyota,CHR,2023,1.0,Automatic,Petrol,1200.0,Used,3
12495000,Toyota,Raize,2024,300.0,Automatic,Petrol,1000.0,Brand New,2
8500000,Toyota,Passo,2023,139000.0,Automatic,Petrol,1000.0,Brand New,3
8550000,Toyota,Aqua,2016,10.0,Automatic,Hybrid,1500.0,Used,10
120000000,Toyota,Land Cruiser Sahara,2025,7000.0,Automatic,Diesel,3346.0,Brand New,1
85500000,Toyota,Land Cruiser Prado,2024,13000.0,Automatic,Diesel,2755.0,Reconditioned,2
24500000,Toyota,Land Cruiser Prado,2023,13000.0,Manual,Diesel,2755.0,Reconditioned,3
24500000,Toyota,Hilux,2023,7000.0,Automatic,Diesel,2755.0,Reconditioned,3
85500000,Toyota,Land Cruiser Prado,2024,1.0,Automatic,Diesel,2755.0,Used,2
13675000,Toyota,Raize,2025,0.0,Automatic,Hybrid,1200.0,Brand New,1
26000000,Toyota,Hilux,2025,8500.0,Automatic,Diesel,2800.0,Brand New,1
8900000,Toyota,Yaris,2023,10500.0,Automatic,Petrol,1000.0,Reconditioned,3
8550000,Toyota,Roomy,2023,0.0,Automatic,Petrol,1000.0,Reconditioned,3
17750000,Toyota,UrbanCruiser Hyryder,2026,198000.0,Automatic,Petrol,1500.0,Brand New,0
37800000,Toyota,Land Cruiser Prado,2016,0.0,Tiptronic,Diesel,3000.0,Used,10
13900000,Toyota,Raize,2026,5.0,Automatic,Hybrid,1200.0,Brand New,0
10100000,Toyota,Yaris,2024,90000.0,Automatic,Petrol,1000.0,Import,2
25000000,Toyota,Harrier,2017,1.0,Automatic,Petrol,2000.0,Used,9
14375000,Toyota,Raize,2025,21000.0,Automatic,Hybrid,1200.0,Brand New,1
16895000,Toyota,Yaris,2023,20545.0,Automatic,Hybrid,1500.0,Reconditioned,3
16795000,Toyota,Yaris,2023,0.0,Automatic,Hybrid,1500.0,Reconditioned,3
19500000,Toyota,Yaris,2025,0.0,Automatic,Hybrid,1500.0,Brand New,1
15300000,Toyota,Raize,2026,0.0,Automatic,Hybrid,1200.0,Brand New,0
97900000,Toyota,Land Cruiser Prado,2025,0.0,Automatic,Petrol,3500.0,Brand New,1
15500000,Toyota,Raize,2026,9000.0,Automatic,Hybrid,1200.0,Brand New,0
11450000,Toyota,Roomy,2023,167000.0,Automatic,Petrol,1000.0,Reconditioned,3
1200000,Toyota,Sprinter,1991,0.0,Manual,Petrol,1500.0,Used,35
11950000,Toyota,Urban Cruiser,2026,99000.0,Automatic,Petrol,1000.0,Brand New,0
8150000,Toyota,Vitz,2018,160000.0,Automatic,Petrol,1000.0,Used,8
14250000,Toyota,Raize,2025,92000.0,Automatic,Hybrid,1200.0,Reconditioned,1
12500000,Toyota,CHR,2017,140000.0,Automatic,Petrol,1200.0,Used,9
8150000,Toyota,Aqua,2014,19000.0,Automatic,Hybrid,1500.0,Used,12
11300000,Toyota,Roomy,2023,0.0,Automatic,Petrol,1000.0,Reconditioned,3
15500000,Toyota,Raize,2026,10999.0,Automatic,Hybrid,1200.0,Brand New,0
12700000,Toyota,Raize,2024,35000.0,Automatic,Hybrid,1200.0,Import,2
8765000,Toyota,Yaris,2024,7.0,Automatic,Petrol,1000.0,Reconditioned,2
11298000,Toyota,Roomy,2025,216000.0,Automatic,Petrol,1000.0,Import,1
5100000,Toyota,IST,2003,148000.0,Automatic,Petrol,1300.0,Used,23
4450000,Toyota,Cami,1999,7000.0,Automatic,Petrol,1290.0,Used,27
54000000,Toyota,Land Cruiser Prado,2023,0.0,Automatic,Petrol,2700.0,Used,3
12300000,Toyota,Yaris,2026,12000.0,Automatic,Petrol,1000.0,Brand New,0
10950000,Toyota,Roomy,2023,142853.0,Automatic,Petrol,1000.0,Reconditioned,3
6650000,Toyota,Prius,2008,18000.0,Automatic,Petrol,1490.0,Used,18
10950000,Toyota,Roomy,2023,150000.0,Automatic,Petrol,1000.0,Reconditioned,3
33500000,Toyota,Land Cruiser Prado,2015,179823.0,Automatic,Petrol,2700.0,Used,11
2050000,Toyota,Corolla,1991,0.0,Manual,Diesel,1800.0,Used,35
27000000,Toyota,Hilux,2025,96326.0,Automatic,Diesel,2800.0,Brand New,1
3000000,Toyota,Corolla,1992,115650.0,Manual,Petrol,1300.0,Used,34
15850000,Toyota,Premio,2018,10.0,Automatic,Petrol,1500.0,Reconditioned,8
28691000,Toyota,Hilux,2026,11674.0,Automatic,Diesel,2800.0,Import,0
12400000,Toyota,Raize,2025,10.0,Automatic,Petrol,998.0,Reconditioned,1
25850000,Toyota,Hilux,2026,0.0,Automatic,Diesel,2800.0,Import,0
34200000,Toyota,Voxy,2026,0.0,Automatic,Hybrid,1800.0,Brand New,0
14800000,Toyota,Raize,2025,319200.0,Automatic,Hybrid,1200.0,Brand New,1
9850000,Toyota,Yaris,2020,91300.0,Automatic,Petrol,1200.0,Used,6
8150000,Toyota,Vitz,2018,210000.0,Automatic,Petrol,990.0,Used,8
16490000,Toyota,Land Cruiser Prado,2007,0.0,Automatic,Petrol,2700.0,Used,19
1850000,Toyota,Corona,1990,141668.0,Manual,Petrol,1500.0,Used,36
6490000,Toyota,Passo,2017,125000.0,Automatic,Petrol,1000.0,Used,9
2550000,Toyota,Starlet,1991,150000.0,Manual,Diesel,1450.0,Used,35
1500000,Toyota,Sprinter,1990,4000.0,Manual,Petrol,1290.0,Used,36
13800000,Toyota,Raize,2023,14500.0,Automatic,Petrol,1200.0,Reconditioned,3
8690000,Toyota,Yaris,2024,4346.0,Automatic,Petrol,1000.0,Import,2
12950000,Toyota,Raize,2023,192000.0,Automatic,Petrol,1200.0,Reconditioned,3
3475000,Toyota,Corsa,1999,114000.0,Automatic,Petrol,1490.0,Used,27
9850000,Toyota,Prius,2012,0.0,Automatic,Hybrid,1790.0,Used,14
12500000,Toyota,Taisor,2026,16000.0,Automatic,Petrol,1000.0,Brand New,0
9850000,Toyota,Yaris,2024,0.0,Automatic,Petrol,1000.0,Reconditioned,2
13790000,Toyota,Raize,2026,258000.0,Automatic,Hybrid,1200.0,Import,0
2650000,Toyota,Corolla,1992,110000.0,Manual,Diesel,1990.0,Used,34
7200000,Toyota,Vitz,2016,65000.0,Automatic,Petrol,1000.0,Used,10
2950000,Toyota,Soluna,2001,22000.0,Manual,Petrol,1500.0,Used,25
8950000,Toyota,Roomy,2023,213000.0,Automatic,Petrol,1000.0,Reconditioned,3
6500000,Toyota,IST,2007,125000.0,Automatic,Petrol,1290.0,Used,19
49500000,Toyota,Land Cruiser Sahara,2014,7000.0,Automatic,Diesel,4500.0,Used,12
8675000,Toyota,Passo,2023,190000.0,Automatic,Petrol,1000.0,Reconditioned,3
2975000,Toyota,Tercel,1998,125500.0,Manual,Petrol,1330.0,Used,28
26000000,Toyota,Land Cruiser Prado,2011,3000.0,Automatic,Petrol,2700.0,Used,15
6790000,Toyota,Pixis,2025,126000.0,Automatic,Petrol,660.0,Import,1
7750000,Toyota,Axio,2008,203000.0,Automatic,Petrol,1500.0,Used,18
5250000,Toyota,Vios,2006,197000.0,Automatic,Petrol,1500.0,Used,20
24500000,Toyota,Land Cruiser Sahara,2007,45800.0,Automatic,Petrol,4700.0,Used,19
13500000,Toyota,CHR,2018,140000.0,Automatic,Petrol,1190.0,Used,8
15000000,Toyota,Prius,2016,178540.0,Automatic,Hybrid,1800.0,Used,10
10700000,Toyota,Hilux,2010,233000.0,Manual,Diesel,2500.0,Used,16
7050000,Toyota,Axio,2007,35000.0,Automatic,Petrol,1500.0,Used,19
8150000,Toyota,Vitz,2017,376725.0,Automatic,Petrol,1000.0,Used,9
11600000,Toyota,Hilux,2007,327600.0,Automatic,Diesel,3000.0,Used,19
9000000,Toyota,Prius,2011,250000.0,Automatic,Hybrid,1800.0,Used,15
32000000,Toyota,Land Cruiser,2012,180000.0,Automatic,Petrol,2690.0,Used,14
9000000,Toyota,Prius,2011,386400.0,Automatic,Petrol,1800.0,Used,15
14000000,Toyota,Hilux,2011,210000.0,Automatic,Diesel,2982.0,Used,15
34500000,Toyota,Land Cruiser Sahara,2010,38000.0,Automatic,Petrol,4600.0,Used,16
36000000,Toyota,Harrier,2023,127.0,Automatic,Petrol,2000.0,Used,3
11799999,Toyota,Taisor,2026,100000.0,Automatic,Petrol,998.0,Brand New,0
12600000,Toyota,Raize,2024,344400.0,Automatic,Petrol,998.0,Reconditioned,2
12950000,Toyota,Raize,2023,61000.0,Automatic,Hybrid,1200.0,Reconditioned,3
12800000,Toyota,Aqua,2023,74306.0,Automatic,Petrol,1500.0,Used,3
8300000,Toyota,Aqua,2013,85000.0,Automatic,Petrol,1500.0,Used,13
11700000,Toyota,Raize,2023,208253.0,Automatic,Petrol,1000.0,Import,3
15000000,Toyota,Hilux,2013,0.0,Manual,Diesel,2500.0,Used,13
13190000,Toyota,Raize,2026,258000.0,Automatic,Hybrid,1200.0,Import,0
2850000,Toyota,Carina,1997,183000.0,Manual,Petrol,1500.0,Used,29
2500000,Toyota,Tercel,1996,117350.0,Manual,Petrol,1300.0,Used,30
8090000,Toyota,Vitz,2018,124000.0,Automatic,Petrol,990.0,Used,8
51000000,Toyota,Land Cruiser Sahara,2013,0.0,Automatic,Diesel,4600.0,Used,13
18875000,Toyota,Sienta,2025,8600.0,Automatic,Hybrid,1500.0,Brand New,1
13600000,Toyota,Raize,2023,148000.0,Automatic,Petrol,1200.0,Brand New,3
11200000,Toyota,Premio,2013,200000.0,Automatic,Petrol,1500.0,Reconditioned,13
2985000,Toyota,Carina,1997,256000.0,Manual,Petrol,1499.0,Used,29
5690000,Toyota,Vios,2004,180000.0,Automatic,Petrol,1500.0,Used,22
8950000,Toyota,Aqua,2015,177300.0,Automatic,Hybrid,1500.0,Used,11
4465000,Toyota,Passo,2004,128000.0,Automatic,Petrol,1000.0,Used,22
81500000,Toyota,Allion,2011,0.0,Other transmission,Petrol,1496.0,Used,15
13800000,Toyota,Raize,2026,50000.0,Automatic,Petrol,1200.0,Brand New,0
8675000,Toyota,Vitz,2019,0.0,Automatic,Petrol,1000.0,Used,7
11650000,Toyota,Roomy,2025,170000.0,Automatic,Petrol,1000.0,Brand New,1
9450000,Toyota,Allion,2010,30405.0,Automatic,Petrol,1500.0,Used,16
10250000,Toyota,Roomy,2022,131000.0,Automatic,Petrol,1000.0,Used,4
11200000,Toyota,CHR,2017,365000.0,Automatic,Petrol,1200.0,Used,9
6150000,Toyota,Hilux,1991,19000.0,Manual,Diesel,2770.0,Used,35
39500000,Toyota,Land Cruiser Prado,2015,120009.0,Automatic,Petrol,2700.0,Reconditioned,11
9875000,Toyota,Axio,2015,7850.0,Automatic,Hybrid,1500.0,Used,11
14200000,Toyota,Raize,2024,195000.0,Automatic,Petrol,1200.0,Reconditioned,2
5290000,Toyota,Passo,2010,111315.0,Automatic,Petrol,1000.0,Used,16
1850000,Toyota,Corona,1991,19000.0,Manual,Diesel,1970.0,Used,35
11750000,Toyota,Raize,2025,44000.0,Automatic,Petrol,1000.0,Import,1
14800000,Toyota,CHR,2018,91000.0,Automatic,Petrol,1200.0,Used,8
5700000,Toyota,Vitz,2007,149000.0,Automatic,Petrol,1000.0,Used,19
6300000,Toyota,Corolla,2008,82000.0,Automatic,Petrol,1600.0,Used,18
67500000,Toyota,Land Cruiser Sahara,2016,100000.0,Tiptronic,Diesel,4600.0,Reconditioned,10
10600000,Toyota,Prius,2012,167000.0,Automatic,Hybrid,1800.0,Used,14
11490000,Toyota,Axio,2015,307777.0,Automatic,Hybrid,1500.0,Used,11
2700000,Toyota,Corolla,1996,140000.0,Manual,Petrol,1330.0,Used,30
3125000,Toyota,Soluna,1999,219356.0,Automatic,Petrol,1500.0,Used,27
2350000,Toyota,Corolla,1990,206000.0,Manual,Petrol,1290.0,Used,36
31500000,Toyota,Land Cruiser Prado,2014,170000.0,Automatic,Petrol,2700.0,Used,12
7700000,Toyota,Avanza,2012,220000.0,Automatic,Petrol,1500.0,Used,14
9800000,Toyota,Prius,2012,93021.0,Automatic,Hybrid,1800.0,Used,14
7400000,Toyota,Vitz,2016,16000.0,Automatic,Petrol,990.0,Used,10
15800000,Toyota,Yaris Cross,2024,112000.0,Automatic,Hybrid,1500.0,Reconditioned,2
13500000,Toyota,Rush,2018,5700.0,Automatic,Petrol,1500.0,Used,8
12250000,Toyota,Raize,2025,23268.0,Tiptronic,Petrol,1000.0,Reconditioned,1
24500000,Toyota,Hilux,2023,270000.0,Automatic,Diesel,2400.0,Import,3
8578000,Toyota,Axio,2008,100000.0,Automatic,Petrol,1496.0,Used,18
7300000,Toyota,Passo,2016,225000.0,Automatic,Petrol,1000.0,Used,10
6800000,Toyota,Allion,2004,128000.0,Automatic,Petrol,1500.0,Used,22
16500000,Toyota,Crown,2012,31000.0,Tiptronic,Petrol,3000.0,Used,14
13250000,Toyota,Raize,2022,13705.0,Automatic,Hybrid,1200.0,Used,4
14750000,Toyota,Aqua,2024,135211.0,Automatic,Hybrid,1500.0,Reconditioned,2
34000000,Toyota,Land Cruiser Prado,2015,9212.0,Automatic,Petrol,2500.0,Used,11
17750000,Toyota,CHR,2023,12250.0,Automatic,Petrol,1200.0,Reconditioned,3
15750000,Toyota,Aqua,2024,0.0,Automatic,Hybrid,1500.0,Reconditioned,2
14150000,Toyota,Raize,2025,0.0,Automatic,Petrol,1000.0,Brand New,1
14000000,Toyota,Raize,2026,0.0,Automatic,Petrol,1000.0,Brand New,0
14750000,Toyota,Raize,2026,101500.0,Automatic,Petrol,1200.0,Brand New,0
14650000,Toyota,Premio,2017,0.0,Automatic,Petrol,1500.0,Used,9
31650000,Toyota,Hilux,2026,160000.0,Automatic,Diesel,2800.0,Brand New,0
13500000,Toyota,Hilux,2014,104000.0,Manual,Diesel,1800.0,Used,12
6200000,Toyota,Wigo,2018,133000.0,Automatic,Petrol,1000.0,Used,8
7500000,Toyota,Vitz,2015,0.0,Automatic,Petrol,1000.0,Used,11
31975000,Toyota,Hilux,2026,56000.0,Automatic,Diesel,2800.0,Brand New,0
7450000,Toyota,Axio,2007,8000.0,Automatic,Petrol,1500.0,Used,19
22800000,Toyota,Harrier,2017,220000.0,Automatic,Petrol,2000.0,Used,9
13350000,Toyota,Aqua,2024,127000.0,Automatic,Hybrid,1500.0,Used,2
10800000,Toyota,Raize,2025,180000.0,Automatic,Petrol,1000.0,Import,1
11000000,Toyota,Premio,2013,162000.0,Automatic,Petrol,1500.0,Used,13
7750000,Toyota,Aqua,2013,200000.0,Automatic,Hybrid,1500.0,Used,13
5500000,Toyota,Pixis,2018,95000.0,Automatic,Petrol,650.0,Used,8
18500000,Toyota,Land Cruiser Prado,2007,130000.0,Automatic,Petrol,2500.0,Used,19
7300000,Toyota,Vitz,2015,58808.0,Automatic,Petrol,1000.0,Used,11
7950000,Toyota,Axio,2011,0.0,Automatic,Petrol,1500.0,Used,15
12000000,Toyota,Axio,2017,950.0,Automatic,Hybrid,1490.0,Used,9
43500000,Toyota,Land Cruiser Sahara,2011,205000.0,Automatic,Diesel,4461.0,Used,15
13900000,Toyota,Raize,2025,16000.0,Tiptronic,Hybrid,1200.0,Reconditioned,1
8800000,Toyota,Allion,2007,29500.0,Automatic,Petrol,1500.0,Used,19
14999900,Toyota,Land Cruiser Prado,2006,188000.0,Manual,Diesel,2986.0,Used,20
18500000,Toyota,Premio,2020,39500.0,Automatic,Petrol,1500.0,Used,6
9800000,Toyota,Yaris,2019,29500.0,Automatic,Petrol,1200.0,Used,7
12100000,Toyota,Roomy,2026,201000.0,Automatic,Petrol,1000.0,Brand New,0
26200000,Toyota,Hilux,2025,130000.0,Automatic,Diesel,2800.0,Brand New,1
12500000,Toyota,Raize,2024,108000.0,Automatic,Petrol,1200.0,Used,2
9990000,Toyota,Yaris,2024,141000.0,Automatic,Petrol,1000.0,Reconditioned,2
11000000,Toyota,Axio,2016,13000.0,Automatic,Hybrid,1500.0,Used,10
8950000,Toyota,Yaris,2023,50.0,Automatic,Petrol,1000.0,Used,3
9990000,Toyota,Yaris,2023,200000.0,Automatic,Petrol,1000.0,Reconditioned,3
7400000,Toyota,Corolla,2011,0.0,Automatic,Petrol,1600.0,Used,15
15800000,Toyota,Premio,2017,79000.0,Automatic,Petrol,1490.0,Used,9
4600000,Toyota,Passo,2004,230000.0,Automatic,Petrol,990.0,Registered,22
6500000,Toyota,Corolla,2008,174000.0,Automatic,Petrol,1600.0,Registered,18
7275000,Toyota,Aqua,2013,154500.0,Automatic,Petrol,990.0,Registered,13
13700000,Toyota,Premio,2016,150000.0,Automatic,Petrol,1490.0,Registered,10
8700000,Toyota,Axio,2014,190000.0,Automatic,Petrol,1200.0,Registered,12
9350000,Toyota,Yaris,2023,34000.0,Automatic,Petrol,990.0,Registered,3
9700000,Toyota,Yaris,2024,7000.0,Automatic,Petrol,1000.0,Registered,2
1200000,Toyota,Axio,2016,255000.0,Automatic,Petrol,1500.0,Registered,10
8700000,Toyota,Vitz,2017,37600.0,Automatic,Petrol,1000.0,Registered,9
13500000,Toyota,Prius,2013,179000.0,Automatic,Petrol,1800.0,Registered,13
9000000,Toyota,Prius,2011,250000.0,Automatic,Petrol,1800.0,Registered,15
6050000,Toyota,Vitz,2008,220000.0,Automatic,Petrol,1300.0,Registered,18
4650000,Toyota,Starlet,1999,175000.0,Manual,Petrol,1331.0,Registered,27
8700000,Toyota,Vitz,2019,62000.0,Automatic,Petrol,1300.0,Registered,7
8600000,Toyota,Allion,2010,148000.0,Automatic,Petrol,1490.0,Registered,16
8100000,Toyota,Axio,2010,96000.0,Automatic,Petrol,1500.0,Registered,16
10700000,Toyota,Yaris,2026,360.0,Automatic,Petrol,990.0,Registered,0
9250000,Toyota,Allion,2011,100000.0,Automatic,Petrol,1300.0,Registered,15
9250000,Toyota,Premio,2012,153000.0,Automatic,Petrol,1800.0,Registered,14
8050000,Toyota,Vitz,2017,88000.0,Automatic,Petrol,996.0,Registered,9
4550000,Toyota,Passo,2005,175000.0,Automatic,Petrol,996.0,Registered,21
7300000,Toyota,Vitz,2015,111000.0,Automatic,Petrol,990.0,Registered,11
10600000,Toyota,Premio,2013,150000.0,Automatic,Petrol,1500.0,Registered,13
11200000,Toyota,Premio,2014,125000.0,Automatic,Petrol,1300.0,Registered,12
12000000,Toyota,Premio,2016,145000.0,Automatic,Petrol,1600.0,Registered,10
11000000,Toyota,Prius,2015,156000.0,Automatic,Hybrid,1800.0,Registered,11
2700000,Toyota,Corolla,1996,176000.0,Manual,Diesel,1500.0,Registered,30
7200000,Toyota,Aqua,2013,131000.0,Automatic,Petrol,1288.0,Registered,13
7400000,Toyota,Aqua,2012,151000.0,Automatic,Petrol,1200.0,Registered,14
11400000,Toyota,Prius,2013,151000.0,Automatic,Petrol,1450.0,Registered,13
7900000,Toyota,Vitz,2018,150000.0,Automatic,Petrol,1200.0,Registered,8
4850000,Toyota,Vios,2003,163000.0,Automatic,Petrol,1500.0,Registered,23
13500000,Toyota,Premio,2016,168000.0,Automatic,Petrol,1800.0,Registered,10
7250000,Toyota,Vitz,2016,120000.0,Automatic,Petrol,996.0,Registered,10
7200000,Toyota,Vitz,2016,70000.0,Automatic,Petrol,990.0,Registered,10
7875000,Toyota,Aqua,2014,114000.0,Automatic,Petrol,1500.0,Registered,12
5325000,Toyota,Vitz,2007,170000.0,Automatic,Hybrid,1300.0,Registered,19
3595000,Toyota,Starlet,1997,189910.0,Automatic,Petrol,1450.0,Registered,29
8000000,Toyota,Premio,2008,164000.0,Automatic,Hybrid,1500.0,Registered,18
9650000,Toyota,Prius,2014,141000.0,Automatic,Hybrid,1500.0,Registered,12
4850000,Toyota,IST,2002,180000.0,Automatic,Petrol,760.0,Registered,24
10300000,Toyota,Prius,2012,171000.0,Automatic,Petrol,1780.0,Registered,14
9500000,Toyota,Yaris,2023,35000.0,Automatic,Petrol,1500.0,Registered,3
11500000,Toyota,Premio,2013,114000.0,Automatic,Petrol,1500.0,Registered,13
5500000,Toyota,Verossa,2001,0.0,Automatic,Petrol,2000.0,Registered,25
8250000,Toyota,Aqua,2015,0.0,Automatic,Petrol,1000.0,Registered,11
4550000,Toyota,Vitz,2002,180000.0,Automatic,Petrol,1000.0,Registered,24
8350000,Toyota,Vitz,2019,103000.0,Automatic,Petrol,1200.0,Registered,7
15600000,Toyota,Premio,2018,98000.0,Automatic,Petrol,1500.0,Registered,8
7875000,Toyota,Aqua,2013,106000.0,Automatic,Hybrid,1500.0,Registered,13
10600000,Toyota,Prius,2012,245000.0,Automatic,Hybrid,1800.0,Registered,14
6900000,Toyota,Aqua,2013,245000.0,Automatic,Hybrid,1300.0,Registered,13
5700000,Toyota,Belta,2009,190000.0,Automatic,Petrol,1300.0,Registered,17
6850000,Toyota,Allion,2003,158000.0,Automatic,Petrol,1500.0,Registered,23
8250000,Toyota,Vitz,2016,74000.0,Automatic,Petrol,1000.0,Registered,10
9300000,Toyota,Axio,2014,110000.0,Automatic,Hybrid,1500.0,Registered,12
5600000,Toyota,Vios,2009,179000.0,Automatic,Petrol,1500.0,Registered,17
7600000,Toyota,Axio,2008,100500.0,Automatic,Petrol,1490.0,Registered,18
7775000,Toyota,Vitz,2017,125000.0,Automatic,Petrol,1000.0,Registered,9
9800000,Toyota,Prius,2011,180000.0,Automatic,Petrol,1780.0,Registered,15
7900000,Toyota,Aqua,2015,183679.0,Automatic,Hybrid,1496.0,Registered,11
7800000,Toyota,Aqua,2014,124000.0,Automatic,Petrol,1490.0,Registered,12
6475000,Toyota,Corolla,2008,175000.0,Automatic,Petrol,1600.0,Registered,18
7450000,Toyota,Vitz,2017,296358.0,Automatic,Petrol,1000.0,Registered,9
7750000,Toyota,Aqua,2015,138600.0,Automatic,Hybrid,1500.0,Registered,11
7000000,Toyota,Axio,2007,156000.0,Manual,Petrol,1496.0,Registered,19
11400000,Toyota,Premio,2013,151000.0,Automatic,Petrol,1500.0,Registered,13
9200000,Toyota,Spacio,2023,4800.0,Automatic,Petrol,685.0,Registered,3
11250000,Toyota,Prius,2013,0.0,Automatic,Petrol,1798.0,Registered,13
8500000,Toyota,Aqua,2014,154000.0,Automatic,Petrol,1500.0,Registered,12
8475000,Toyota,Premio,2009,189000.0,Automatic,Petrol,1500.0,Registered,17
9200000,Toyota,Yaris,2023,28000.0,Automatic,Petrol,1000.0,Registered,3
9750000,Toyota,Yaris,2024,70000.0,Automatic,Petrol,1000.0,Registered,2
7100000,Toyota,Premio,2005,100000.0,Automatic,Petrol,1496.0,Registered,21
3300000,Toyota,Platz,2000,300000.0,Manual,Petrol,1490.0,Registered,26
10800000,Toyota,Yaris,2026,0.0,Automatic,Petrol,1298.0,Registered,0
16700000,Toyota,Yaris Ativ,2025,0.0,Automatic,Petrol,1200.0,Registered,1
10300000,Toyota,Axio,2015,177000.0,Automatic,Petrol,1500.0,Registered,11
8450000,Toyota,Vitz,2018,80000.0,Automatic,Petrol,1000.0,Registered,8
6975000,Toyota,Axio,2008,203000.0,Automatic,Petrol,1000.0,Registered,18
8900000,Toyota,Aqua,2015,160000.0,Automatic,Petrol,1500.0,Registered,11
6375000,Toyota,Belta,2007,212000.0,Automatic,Petrol,1300.0,Registered,19
7100000,Toyota,Vitz,2015,143000.0,Automatic,Petrol,1000.0,Registered,11
5500000,Toyota,Vios,2003,163231.0,Automatic,Petrol,1497.0,Registered,23
7400000,Toyota,Aqua,2012,140000.0,Automatic,Petrol,1490.0,Registered,14
7150000,Toyota,Aqua,2013,100000.0,Automatic,Petrol,1000.0,Registered,13
6700000,Toyota,Prius,2010,172000.0,Automatic,Petrol,1500.0,Registered,16
7350000,Toyota,Allion,2003,189000.0,Automatic,Petrol,1600.0,Registered,23
8550000,Toyota,Yaris,2023,6600.0,Automatic,Petrol,660.0,Registered,3
9500000,Toyota,Yaris,2023,30000.0,Automatic,Petrol,996.0,Registered,3
8700000,Toyota,Axio,2014,190000.0,Automatic,Hybrid,1500.0,Registered,12
9600000,Toyota,Prius,2012,130000.0,Automatic,Petrol,1496.0,Registered,14
7800000,Toyota,Vitz,2017,1000.0,Automatic,Petrol,1000.0,Registered,9
8600000,Toyota,Vitz,2018,72000.0,Automatic,Hybrid,1300.0,Registered,8
7450000,Toyota,Aqua,2013,149000.0,Automatic,Petrol,1496.0,Registered,13
13500000,Toyota,Premio,2015,137000.0,Automatic,Petrol,1500.0,Registered,11
9500000,Toyota,Yaris,2025,350.0,Automatic,Petrol,1000.0,Registered,1
8400000,Toyota,Aqua,2015,89000.0,Automatic,Petrol,1496.0,Registered,11
6975000,Toyota,Axio,2008,203000.0,Automatic,Petrol,1490.0,Registered,18
9990000,Toyota,Yaris,2023,29500.0,Automatic,Petrol,1000.0,Registered,3
5450000,Toyota,Carina,1999,160000.0,Automatic,Petrol,1500.0,Registered,27
8400000,Toyota,Allion,2008,153000.0,Automatic,Petrol,1500.0,Registered,18
7150000,Toyota,Aqua,2012,0.0,Automatic,Hybrid,1500.0,Registered,14
6250000,Toyota,Corolla,2008,210000.0,Automatic,Petrol,1590.0,Registered,18
7000000,Toyota,Prius,2008,172000.0,Automatic,Hybrid,1490.0,Registered,18
6590000,Toyota,Wigo,2018,51000.0,Automatic,Petrol,1000.0,Registered,8
13000000,Toyota,Axio,2018,125000.0,Automatic,Hybrid,1500.0,Registered,8
6790000,Toyota,Vitz,2015,116000.0,Automatic,Diesel,1500.0,Registered,11
11700000,Toyota,Premio,2014,106000.0,Automatic,Petrol,1500.0,Registered,12
16900000,Toyota,Premio,2019,113000.0,Automatic,Petrol,1500.0,Registered,7
12800000,Toyota,Axio,2018,145000.0,Automatic,Hybrid,1500.0,Registered,8
9800000,Toyota,Allion,2010,128000.0,Automatic,Petrol,1500.0,Registered,16
9350000,Toyota,Axio,2014,165000.0,Automatic,Hybrid,1500.0,Registered,12
5475000,Toyota,Vitz,2008,140000.0,Automatic,Petrol,1000.0,Registered,18
9625000,Toyota,Yaris,2023,29000.0,Automatic,Petrol,1000.0,Registered,3
5600000,Toyota,Vios,2007,230000.0,Automatic,Petrol,1500.0,Registered,19
10200000,Toyota,Prius,2012,198000.0,Automatic,Hybrid,1500.0,Registered,14
7200000,Toyota,Aqua,2012,196000.0,Automatic,Hybrid,1500.0,Registered,14
3200000,Toyota,Corolla,1996,100000.0,Manual,Petrol,1300.0,Registered,30
6900000,Toyota,Aqua,2012,182000.0,Automatic,Hybrid,1500.0,Registered,14
7300000,Toyota,Aqua,2013,186000.0,Automatic,Petrol,1490.0,Registered,13
5175000,Toyota,Vios,2003,80000.0,Manual,Petrol,1500.0,Registered,23
10500000,Toyota,Premio,2013,180000.0,Automatic,Hybrid,1500.0,Registered,13
8990000,Toyota,Aqua,2014,125000.0,Automatic,Hybrid,1500.0,Registered,12
8250000,Toyota,Aqua,2014,195000.0,Automatic,Hybrid,1500.0,Registered,12
1690000,Toyota,Corolla,1990,100000.0,Manual,Diesel,1970.0,Registered,36
9575000,Toyota,Yaris,2023,21000.0,Automatic,Petrol,650.0,Registered,3
8700000,Toyota,Yaris,2023,30000.0,Automatic,Petrol,998.0,Registered,3
4800000,Toyota,Vios,2003,88000.0,Automatic,Petrol,1496.0,Registered,23
8600000,Toyota,Premio,2011,200000.0,Automatic,Petrol,1496.0,Registered,15
7500000,Toyota,Aqua,2014,215000.0,Automatic,Petrol,1500.0,Registered,12
14700000,Toyota,Axio,2018,88000.0,Automatic,Hybrid,1500.0,Registered,8
5550000,Toyota,Yaris,2010,98000.0,Automatic,Petrol,1329.0,Registered,16
7200000,Toyota,Aqua,2014,184000.0,Automatic,Petrol,1000.0,Registered,12
4900000,Toyota,Vitz,2007,230000.0,Automatic,Petrol,1000.0,Registered,19
9500000,Toyota,Vitz,2020,21000.0,Automatic,Petrol,1000.0,Registered,6
3500000,Toyota,Starlet,1992,0.0,Automatic,Petrol,1300.0,Registered,34
8800000,Toyota,Prius,2009,243000.0,Automatic,Hybrid,1790.0,Registered,17
6790000,Toyota,Axio,2008,158000.0,Automatic,Petrol,1490.0,Registered,18
5550000,Toyota,Vitz,2009,58690.0,Automatic,Petrol,1000.0,Registered,17
11500000,Toyota,Axio,2017,147000.0,Automatic,Petrol,1000.0,Registered,9
12000000,Toyota,Axio,2017,94000.0,Automatic,Petrol,1490.0,Registered,9
6900000,Toyota,Vitz,2018,106000.0,Automatic,Hybrid,1000.0,Registered,8
8000000,Toyota,Passo,2023,46000.0,Automatic,Petrol,990.0,Registered,3
2950000,Toyota,Corolla,1991,132000.0,Manual,Petrol,1500.0,Registered,35
10900000,Toyota,Prius,2013,161000.0,Manual,Petrol,1790.0,Registered,13
7800000,Toyota,Aqua,2013,168000.0,Automatic,Hybrid,1500.0,Registered,13
5725000,Toyota,Vitz,2008,214000.0,Automatic,Petrol,1300.0,Registered,18
8400000,Toyota,Vitz,2018,49500.0,Automatic,Petrol,1496.0,Registered,8
8490000,Toyota,Yaris,2023,6600.0,Automatic,Petrol,660.0,Registered,3
7100000,Toyota,Vitz,2016,53000.0,Automatic,Petrol,1490.0,Registered,10
8450000,Toyota,Yaris,2023,6600.0,Automatic,Petrol,660.0,Registered,3
7900000,Toyota,Passo,2023,6600.0,Automatic,Petrol,660.0,Registered,3
7500000,Toyota,Aqua,2014,150000.0,Automatic,Petrol,1000.0,Registered,12
6800000,Toyota,Aqua,2012,180000.0,Automatic,Petrol,1496.0,Registered,14
7200000,Toyota,Aqua,2013,165931.0,Automatic,Petrol,1496.0,Registered,13
10700000,Toyota,Premio,2013,120000.0,Automatic,Petrol,2000.0,Registered,13
10600000,Toyota,Premio,2013,180000.0,Automatic,Petrol,1496.0,Registered,13
12100000,Toyota,Premio,2017,65000.0,Automatic,Petrol,1496.0,Registered,9
7280000,Toyota,Aqua,2012,125000.0,Automatic,Hybrid,1500.0,Registered,14
15650000,Toyota,Premio,2019,84000.0,Automatic,Hybrid,1500.0,Registered,7
13850000,Toyota,Premio,2017,68000.0,Automatic,Hybrid,1500.0,Registered,9
5450000,Toyota,Vitz,2009,0.0,Automatic,Hybrid,1000.0,Registered,17
8450000,Toyota,Premio,2007,126000.0,Automatic,Hybrid,1500.0,Registered,19
7200000,Toyota,Vitz,2016,110000.0,Automatic,Petrol,1000.0,Registered,10
7700000,Toyota,Allion,2007,161000.0,Automatic,Petrol,1500.0,Registered,19
9400000,Toyota,Prius,2011,137000.0,Automatic,Petrol,1496.0,Registered,15
5700000,Toyota,Yaris,2007,108000.0,Manual,Petrol,1300.0,Registered,19
6575000,Toyota,Allion,2003,206000.0,Automatic,Petrol,1500.0,Registered,23
13600000,Toyota,Yaris Ativ,2025,0.0,Automatic,Petrol,1200.0,Registered,1
7990000,Toyota,Aqua,2014,139000.0,Automatic,Hybrid,1496.0,Registered,12
11400000,Toyota,AXIO(DAA-NKE165),2017,158000.0,Manual,Petrol,1490.0,Registered,9
5375000,Toyota,Vitz,2008,180000.0,Automatic,Petrol,1000.0,Registered,18
5700000,Toyota,Vitz,2008,87000.0,Automatic,Petrol,1000.0,Registered,18
9300000,Toyota,Prius,2012,189000.0,Automatic,Hybrid,1800.0,Registered,14
4800000,Toyota,Passo,2007,181000.0,Automatic,Petrol,1495.0,Registered,19
6600000,Toyota,Allion,2003,170000.0,Automatic,Petrol,1500.0,Registered,23
7300000,Toyota,Axio,2007,258000.0,Manual,Petrol,1490.0,Registered,19
11600000,Toyota,Axio,2017,149000.0,Automatic,Petrol,1490.0,Registered,9
5500000,Toyota,Vios,2004,190000.0,Automatic,Petrol,1499.0,Registered,22
4800000,Toyota,Vios,2003,88000.0,Automatic,Petrol,1497.0,Registered,23
3350000,Toyota,Soluna,2000,0.0,Manual,Petrol,1500.0,Registered,26
14500000,Toyota,Premio,2018,70000.0,Automatic,Hybrid,1500.0,Registered,8
7300000,Toyota,Aqua,2013,130000.0,Automatic,Petrol,1500.0,Registered,13
9800000,Toyota,Axio,2015,98000.0,Manual,Petrol,1500.0,Registered,11
8450000,Toyota,Vitz,2019,73000.0,Automatic,Petrol,1000.0,Registered,7
4700000,Toyota,Vitz,2005,128000.0,Manual,Petrol,997.0,Registered,21
6750000,Toyota,Prius,2008,164000.0,Automatic,Hybrid,1500.0,Registered,18
5250000,Toyota,Vitz,2008,165000.0,Manual,Petrol,1000.0,Registered,18
7000000,Toyota,Aqua,2013,132000.0,Automatic,Hybrid,1500.0,Registered,13
10600000,Toyota,Premio,2013,113000.0,Automatic,Petrol,1500.0,Registered,13
6300000,Toyota,Allion,2003,207000.0,Automatic,Petrol,1200.0,Registered,23
9200000,Toyota,Prius,2011,148000.0,Automatic,Petrol,1200.0,Registered,15
4500000,Toyota,Passo,2005,175000.0,Automatic,Hybrid,1200.0,Registered,21
8500000,Toyota,Axio,2014,183000.0,Automatic,Petrol,1200.0,Registered,12
7250000,Toyota,Aqua,2012,200000.0,Automatic,Hybrid,1490.0,Registered,14
8600000,Toyota,Yaris,2023,25000.0,Automatic,Petrol,1000.0,Registered,3
8600000,Toyota,Axio,2015,220000.0,Automatic,Petrol,1200.0,Registered,11
8800000,Toyota,Allion,2010,176292.0,Automatic,Petrol,1500.0,Registered,16
5500000,Toyota,Vios,2004,190000.0,Automatic,Petrol,1000.0,Registered,22
18500000,Toyota,Yaris Ativ,2025,10000.0,Automatic,Hybrid,1500.0,Registered,1
8500000,Toyota,Prius,2012,179000.0,Automatic,Hybrid,1798.0,Registered,14
7625000,Toyota,Vitz,2017,0.0,Automatic,Petrol,1300.0,Registered,9
8575000,Toyota,Prius,2010,130000.0,Automatic,Hybrid,1800.0,Registered,16
10900000,Toyota,Prius,2014,200000.0,Automatic,Hybrid,1500.0,Registered,12
7050000,Toyota,Vitz,2015,78800.0,Automatic,Petrol,1000.0,Registered,11
8750000,Toyota,Axio,2013,152000.0,Automatic,Hybrid,1500.0,Registered,13
6500000,Toyota,Corolla,2008,171581.0,Automatic,Petrol,1600.0,Registered,18
10275000,Toyota,Yaris,2025,1.0,Automatic,Petrol,1000.0,Registered,1
7500000,Toyota,Vitz,2017,140000.0,Automatic,Petrol,1000.0,Registered,9
11200000,Toyota,Axio,2017,180000.0,Automatic,Petrol,1500.0,Registered,9
7100000,Toyota,Aqua,2012,149000.0,Automatic,Hybrid,1496.0,Registered,14
7350000,Toyota,Allion,2003,185678.0,Automatic,Petrol,1490.0,Registered,23
5970000,Toyota,Belta,2008,142790.0,Automatic,Petrol,1000.0,Registered,18
17500000,Toyota,Premio,2019,55000.0,Automatic,Petrol,1500.0,Registered,7
4800000,Toyota,Vios,2003,69000.0,Automatic,Petrol,1497.0,Registered,23
11450000,Toyota,Premio,2014,0.0,Automatic,Petrol,1400.0,Registered,12
11500000,Toyota,Axio,2015,170000.0,Automatic,Hybrid,1500.0,Registered,11
3175000,Toyota,Starlet,1996,175000.0,Automatic,Diesel,1200.0,Registered,30
11700000,Toyota,Axio,2016,110000.0,Automatic,Hybrid,1500.0,Registered,10
12500000,Toyota,Axio,2017,147000.0,Automatic,Hybrid,1500.0,Registered,9
1690000,Toyota,Corolla,1990,0.0,Manual,Petrol,1300.0,Registered,36
7300000,Toyota,Aqua,2013,167000.0,Automatic,Hybrid,1500.0,Registered,13
5325000,Toyota,Vios,2003,164500.0,Automatic,Petrol,1495.0,Registered,23
12300000,Toyota,Premio,2015,136000.0,Automatic,Petrol,1496.0,Registered,11
8500000,Toyota,Prius,2012,0.0,Automatic,Hybrid,1500.0,Registered,14
3675000,Toyota,Corolla,1997,253000.0,Automatic,Diesel,2000.0,Registered,29
7900000,Toyota,Axio,2011,137100.0,Automatic,Petrol,1500.0,Registered,15
7050000,Toyota,Aqua,2013,93000.0,Automatic,Petrol,1500.0,Registered,13
7800000,Toyota,Aqua,2015,137000.0,Automatic,Petrol,980.0,Registered,11
6525000,Toyota,Aqua,2012,140000.0,Automatic,Hybrid,1500.0,Registered,14
11500000,Toyota,Axio,2016,131000.0,Automatic,Hybrid,1500.0,Registered,10
12500000,Toyota,Axio,2017,105000.0,Automatic,Petrol,1500.0,Registered,9
8450000,Toyota,Vitz,2019,87000.0,Automatic,Petrol,1300.0,Registered,7
10900000,Toyota,Axio,2016,99000.0,Manual,Petrol,1000.0,Registered,10
3650000,Toyota,Vista,2002,190000.0,Automatic,Petrol,1750.0,Registered,24
6990000,Toyota,Aqua,2014,171000.0,Automatic,Hybrid,1490.0,Registered,12
7500000,Toyota,Avanza,2013,130000.0,Manual,Petrol,1300.0,Registered,13
6425000,Toyota,Prius,2008,180000.0,Automatic,Hybrid,1500.0,Registered,18
10800000,Toyota,Premio,2013,206907.0,Automatic,Petrol,1500.0,Registered,13
11900000,Toyota,Premio,2013,113000.0,Automatic,Petrol,1800.0,Registered,13
6000000,Toyota,Vios,2007,136000.0,Automatic,Petrol,1200.0,Registered,19
7950000,Toyota,Axio,2014,117000.0,Automatic,Petrol,1200.0,Registered,12
8300000,Toyota,Aqua,2016,220000.0,Automatic,Petrol,1300.0,Registered,10
7990000,Toyota,Vitz,2018,99000.0,Automatic,Petrol,998.0,Registered,8
7600000,Toyota,Aqua,2013,140000.0,Automatic,Petrol,980.0,Registered,13
6550000,Toyota,Prius,2008,107000.0,Automatic,Hybrid,1500.0,Registered,18
7580000,Toyota,Aqua,2014,13800.0,Automatic,Hybrid,1500.0,Registered,12
4850000,Toyota,Vios,2003,147000.0,Automatic,Petrol,1500.0,Registered,23
6900000,Toyota,Aqua,2013,250000.0,Automatic,Petrol,950.0,Registered,13
7250000,Toyota,Vitz,2017,96000.0,Automatic,Petrol,950.0,Registered,9
7350000,Toyota,Aqua,2013,148000.0,Automatic,Petrol,980.0,Registered,13
15400000,Toyota,Premio,2018,11000.0,Automatic,Petrol,1500.0,Registered,8
9975000,Toyota,Axio,2015,118000.0,Automatic,Petrol,1300.0,Registered,11
5500000,Toyota,Vitz,2008,140000.0,Automatic,Petrol,1000.0,Registered,18
7250000,Toyota,Vitz,2016,132000.0,Automatic,Petrol,1300.0,Registered,10
7300000,Toyota,Aqua,2014,129000.0,Automatic,Petrol,1496.0,Registered,12
8000000,Toyota,Vitz,2018,79500.0,Automatic,Petrol,1000.0,Registered,8
8850000,Toyota,Prius,2012,130000.0,Automatic,Hybrid,1800.0,Registered,14
8600000,Toyota,Aqua,2016,90000.0,Automatic,Hybrid,1500.0,Registered,10
5300000,Toyota,Vitz,2008,124000.0,Automatic,Petrol,1496.0,Registered,18
8600000,Toyota,Aqua,2015,210000.0,Automatic,Hybrid,1496.0,Registered,11
8475000,Toyota,Aqua,2014,163000.0,Automatic,Hybrid,1496.0,Registered,12
7800000,Toyota,Allion,2005,144000.0,Automatic,Petrol,1500.0,Registered,21
8700000,Toyota,Aqua,2016,85000.0,Automatic,Petrol,1496.0,Registered,10
3200000,Toyota,Corolla,1996,282000.0,Manual,Petrol,1500.0,Registered,30
7990000,Toyota,Aqua,2012,120000.0,Automatic,Hybrid,1500.0,Registered,14
5800000,Toyota,Yaris,2008,343783.0,Manual,Petrol,1300.0,Registered,18
9900000,Toyota,Axio,2015,98000.0,Automatic,Hybrid,1500.0,Registered,11
9000000,Toyota,Yaris,2023,0.0,Automatic,Petrol,1000.0,Registered,3
7250000,Toyota,Aqua,2014,129000.0,Automatic,Hybrid,1500.0,Registered,12
14200000,Toyota,Premio,2017,89000.0,Automatic,Petrol,1496.0,Registered,9
8200000,Toyota,Premio,2008,164000.0,Automatic,Petrol,1500.0,Registered,18
2675000,Toyota,Carina,1995,0.0,Manual,Diesel,2000.0,Registered,31
9850000,Toyota,Yaris,2022,700.0,Automatic,Petrol,650.0,Registered,4
10500000,Toyota,Prius,2014,93000.0,Automatic,Hybrid,1200.0,Registered,12
12500000,Toyota,Axio,2018,145000.0,Automatic,Hybrid,1200.0,Registered,8
8000000,Toyota,Vitz,2018,92700.0,Automatic,Petrol,1000.0,Registered,8
13850000,Toyota,Premio,2017,68000.0,Automatic,Petrol,1400.0,Registered,9
4800000,Toyota,Vitz,2007,0.0,Automatic,Petrol,1000.0,Registered,19
5400000,Toyota,Passo,2007,32000.0,Automatic,Petrol,1000.0,Registered,19
5600000,Toyota,Vios,2007,164000.0,Automatic,Petrol,1500.0,Registered,19
5500000,Toyota,Vitz,2010,169000.0,Automatic,Petrol,1000.0,Registered,16
3000000,Toyota,Corona,1999,252000.0,Manual,Diesel,1975.0,Registered,27
6700000,Toyota,Axio,2007,122000.0,Automatic,Petrol,1350.0,Registered,19
6385000,Toyota,Prius,2007,147000.0,Automatic,Hybrid,1498.0,Registered,19
7300000,Toyota,Vitz,2016,132000.0,Automatic,Petrol,1000.0,Registered,10
6400000,Toyota,Allion,2003,207000.0,Automatic,Petrol,1500.0,Registered,23
9875000,Toyota,Axio,2016,160000.0,Automatic,Hybrid,1500.0,Registered,10
5700000,Toyota,Vitz,2011,140000.0,Automatic,Petrol,1000.0,Registered,15
5700000,Toyota,Vitz,2007,140000.0,Automatic,Petrol,1000.0,Registered,19
6950000,Toyota,Aqua,2012,190000.0,Automatic,Petrol,1500.0,Registered,14
6800000,Toyota,Vitz,2008,150000.0,Automatic,Petrol,1000.0,Registered,18
6850000,Toyota,Aqua,2013,160000.0,Automatic,Petrol,1000.0,Registered,13
5100000,Toyota,Vios,2003,198000.0,Automatic,Petrol,1500.0,Registered,23
14550000,Toyota,Premio,2016,67000.0,Automatic,Petrol,1500.0,Registered,10
6850000,Toyota,Axio,2008,270000.0,Automatic,Petrol,1500.0,Registered,18
8650000,Toyota,Axio,2013,110000.0,Automatic,Petrol,1500.0,Registered,13
6000000,Toyota,Vitz,2008,116000.0,Automatic,Petrol,1000.0,Registered,18
5350000,Toyota,Vios,2003,161000.0,Automatic,Diesel,1496.0,Registered,23
8590000,Toyota,Vitz,2019,53000.0,Automatic,Petrol,1000.0,Registered,7
8675000,Toyota,Aqua,2015,132000.0,Automatic,Petrol,1500.0,Registered,11
6000000,Toyota,Vitz,2010,134000.0,Automatic,Petrol,1000.0,Registered,16
9350000,Toyota,Aqua,2015,107000.0,Automatic,Petrol,1300.0,Registered,11
5100000,Toyota,Starlet,1998,120000.0,Automatic,Petrol,1330.0,Registered,28
11200000,Toyota,Premio,2013,180000.0,Automatic,Petrol,1500.0,Registered,13
6850000,Toyota,Aqua,2012,100000.0,Automatic,Hybrid,1500.0,Registered,14
5375000,Toyota,Vios,2004,0.0,Automatic,Petrol,1500.0,Registered,22
7350000,Toyota,Aqua,2013,148000.0,Automatic,Petrol,850.0,Registered,13
8675000,Toyota,Aqua,2015,0.0,Automatic,Diesel,1400.0,Registered,11
5150000,Toyota,Vios,2009,199000.0,Automatic,Petrol,1500.0,Registered,17
4800000,Toyota,Vios,2004,175000.0,Automatic,Petrol,1500.0,Registered,22
9700000,Toyota,Yaris,2024,0.0,Automatic,Petrol,1500.0,Registered,2
13000000,Toyota,Premio,2017,110000.0,Automatic,Hybrid,1500.0,Registered,9
9550000,Toyota,Yaris,2024,10000.0,Automatic,Petrol,1000.0,Registered,2
5600000,Toyota,Corolla,2003,164876.0,Automatic,Hybrid,1500.0,Registered,23
5600000,Toyota,Vitz,2008,470000.0,Automatic,Hybrid,1000.0,Registered,18
7350000,Toyota,Aqua,2013,149000.0,Automatic,Hybrid,1500.0,Registered,13
5650000,Toyota,Carina,2000,214000.0,Automatic,Petrol,1790.0,Registered,26
5800000,Toyota,Vitz,2007,89000.0,Automatic,Petrol,1490.0,Registered,19
1700000,Toyota,Corona,1991,0.0,Manual,Petrol,1490.0,Registered,35
8450000,Toyota,Yaris,2023,48000.0,Automatic,Petrol,1400.0,Registered,3
8500000,Toyota,Aqua,2015,119000.0,Automatic,Petrol,1490.0,Registered,11
3450000,Toyota,Corolla,1999,197000.0,Manual,Petrol,1500.0,Registered,27
7100000,Toyota,Aqua,2012,230000.0,Automatic,Hybrid,1500.0,Registered,14
6700000,Toyota,Aqua,2012,150000.0,Automatic,Hybrid,1500.0,Registered,14
6850000,Toyota,Aqua,2013,160000.0,Automatic,Hybrid,1500.0,Registered,13
7800000,Toyota,Aqua,2015,183679.0,Automatic,Petrol,1500.0,Registered,11
10800000,Toyota,Prius,2014,135000.0,Automatic,Hybrid,1800.0,Registered,12
7900000,Toyota,Axio,2010,218000.0,Manual,Petrol,1500.0,Registered,16
4250000,Toyota,Corolla,1997,305000.0,Automatic,Diesel,1400.0,Registered,29
7850000,Toyota,Axio,2007,145000.0,Automatic,Petrol,1490.0,Registered,19
7425000,Toyota,Aqua,2014,190000.0,Automatic,Hybrid,1500.0,Registered,12
7550000,Toyota,Vitz,2017,140000.0,Automatic,Hybrid,1000.0,Registered,9
13800000,Toyota,Prius,2016,63000.0,Automatic,Petrol,1500.0,Registered,10
10400000,Toyota,Prius,2014,142000.0,Automatic,Petrol,1200.0,Registered,12
10500000,Toyota,Prius,2013,100000.0,Automatic,Petrol,1800.0,Registered,13
8900000,Toyota,Prius,2012,130000.0,Automatic,Petrol,1800.0,Registered,14
7100000,Toyota,Aqua,2014,202000.0,Automatic,Petrol,980.0,Registered,12
6900000,Toyota,Aqua,2013,125000.0,Automatic,Petrol,950.0,Registered,13
4500000,Toyota,Corolla,2000,192000.0,Automatic,Petrol,1500.0,Registered,26
4500000,Toyota,Vios,2004,170000.0,Automatic,Petrol,1150.0,Registered,22
8390000,Toyota,Avanza,2014,138000.0,Automatic,Petrol,1500.0,Registered,12
750000,Toyota,Corolla,1992,150000.0,Manual,Petrol,1500.0,Registered,34
9175000,Toyota,Prius,2011,240000.0,Automatic,Hybrid,1798.0,Registered,15
7390000,Toyota,Vitz,2016,120000.0,Automatic,Petrol,1000.0,Registered,10
13500000,Toyota,Fielder,2023,6600.0,Automatic,Hybrid,660.0,Registered,3
7925000,Toyota,Aqua,2015,172500.0,Automatic,Petrol,1000.0,Registered,11
8500000,Toyota,Corolla,2014,198990.0,Automatic,Hybrid,1500.0,Registered,12
8800000,Toyota,Allion,2007,188000.0,Automatic,Petrol,1500.0,Registered,19
10827565,Toyota,Yaris,2026,7.0,Automatic,Petrol,1000.0,Registered,0
9800000,Toyota,Yaris Ativ,2019,91000.0,Automatic,Petrol,1198.0,Registered,7
4950000,Toyota,Vitz,2007,297000.0,Automatic,Petrol,1000.0,Registered,19
7400000,Toyota,Axio,2010,250000.0,Automatic,Petrol,1496.0,Registered,16
8400000,Toyota,Vitz,2017,81000.0,Automatic,Petrol,990.0,Registered,9
4400000,Toyota,Passo,2007,135000.0,Automatic,Petrol,1500.0,Registered,19
13200000,Toyota,Axio,2018,123000.0,Automatic,Hybrid,1500.0,Registered,8
5550000,Toyota,Vios,2003,202000.0,Automatic,Petrol,1500.0,Registered,23
9900000,Toyota,Roomy,2023,31000.0,Automatic,Petrol,1000.0,Registered,3
7500000,Toyota,Aqua,2012,131000.0,Automatic,Hybrid,1500.0,Registered,14
9675000,Toyota,Premio,2011,155000.0,Automatic,Petrol,1500.0,Registered,15
7950000,Toyota,Vitz,2018,58000.0,Automatic,Petrol,1000.0,Registered,8
8400000,Toyota,Aqua,2015,133000.0,Automatic,Petrol,1496.0,Registered,11
6600000,Toyota,Aqua,2013,168500.0,Automatic,Petrol,1200.0,Registered,13
8500000,Toyota,Aqua,2015,150000.0,Automatic,Petrol,1000.0,Registered,11
9700000,Toyota,Prius,2013,253000.0,Automatic,Petrol,1200.0,Registered,13
7450000,Toyota,Vitz,2016,130000.0,Automatic,Petrol,990.0,Registered,10
14100000,Toyota,Premio,2017,50000.0,Automatic,Petrol,1800.0,Registered,9
6150000,Toyota,Belta,2008,0.0,Manual,Petrol,1490.0,Registered,18
8450000,Toyota,Axio,2014,183000.0,Automatic,Petrol,1400.0,Registered,12
8300000,Toyota,Axio,2011,180000.0,Automatic,Petrol,1459.0,Registered,15
16000000,Toyota,Premio,2018,90000.0,Automatic,Petrol,1490.0,Registered,8
11575000,Toyota,Axio,2017,134000.0,Automatic,Petrol,1500.0,Registered,9
8100000,Toyota,Aqua,2015,77000.0,Automatic,Petrol,1496.0,Registered,11
6800000,Toyota,Axio,2007,214000.0,Manual,Petrol,900.0,Registered,19
9800000,Toyota,Axio,2015,122000.0,Manual,Petrol,1000.0,Registered,11
10700000,Toyota,Prius,2012,160000.0,Automatic,Hybrid,1800.0,Registered,14
7695000,Toyota,Pixis,2026,3000.0,Automatic,Petrol,650.0,Registered,0
5895000,Toyota,Corolla,2002,128644.0,Automatic,Diesel,2180.0,Registered,24
6800000,Toyota,Aqua,2013,160000.0,Automatic,Hybrid,1800.0,Registered,13
15100000,Toyota,Premio,2018,60000.0,Automatic,Petrol,1500.0,Registered,8
11350000,Toyota,Axio,2017,153000.0,Automatic,Petrol,1200.0,Registered,9
7400000,Toyota,Vitz,2017,98000.0,Automatic,Petrol,1000.0,Registered,9
6165000,Toyota,Yaris,2007,146000.0,Automatic,Petrol,1300.0,Registered,19
10400000,Toyota,Axio,2016,53000.0,Automatic,Hybrid,1500.0,Registered,10
13900000,Toyota,Premio,2017,71000.0,Automatic,Diesel,1800.0,Registered,9
7550000,Toyota,Aqua,2013,140000.0,Automatic,Hybrid,1500.0,Registered,13
8500000,Toyota,Corolla,2012,93000.0,Automatic,Petrol,1600.0,Registered,14
9875000,Toyota,Premio,2013,190000.0,Automatic,Hybrid,1500.0,Registered,13
10900000,Toyota,Prius,2014,135000.0,Manual,Petrol,1000.0,Registered,12
8250000,Toyota,Aqua,2014,163000.0,Automatic,Petrol,850.0,Registered,12
3250000,Toyota,Starlet,1995,147500.0,Manual,Petrol,1300.0,Registered,31
5075000,Toyota,Vitz,2007,232000.0,Automatic,Petrol,1000.0,Registered,19
11300000,Toyota,Premio,2013,12345.0,Automatic,Petrol,1500.0,Registered,13
8650000,Toyota,Premio,2008,135000.0,Automatic,Petrol,958.0,Registered,18
13400000,Toyota,CHR,2018,115000.0,Automatic,Petrol,1200.0,Registered,8
10800000,Toyota,Premio,2014,176000.0,Automatic,Petrol,1797.0,Registered,12
5300000,Toyota,Vitz,2007,120000.0,Automatic,Petrol,1000.0,Registered,19
3225000,Toyota,Corolla,1997,198000.0,Automatic,Diesel,1400.0,Registered,29
7850000,Toyota,Vitz,2017,70000.0,Automatic,Petrol,1500.0,Registered,9
7400000,Toyota,Vitz,2017,98000.0,Automatic,Petrol,850.0,Registered,9
6750000,Toyota,Allion,2002,175000.0,Automatic,Petrol,1500.0,Registered,24
7000000,Toyota,Aqua,2013,203500.0,Automatic,Petrol,1500.0,Registered,13
5400000,Toyota,Vitz,2008,165000.0,Automatic,Petrol,1000.0,Registered,18
6900000,Toyota,Vitz,2016,120000.0,Automatic,Petrol,900.0,Registered,10
13550000,Toyota,Premio,2017,143000.0,Automatic,Petrol,1500.0,Registered,9
6800000,Toyota,Aqua,2013,199500.0,Automatic,Hybrid,1500.0,Registered,13
8850000,Toyota,Yaris,2023,32000.0,Automatic,Petrol,1000.0,Registered,3
7000000,Toyota,Vitz,2016,58000.0,Automatic,Petrol,1500.0,Registered,10
9250000,Toyota,Premio,2010,191000.0,Automatic,Hybrid,1500.0,Registered,16
5850000,Toyota,Vitz,2008,212000.0,Automatic,Petrol,1300.0,Registered,18
7200000,Toyota,Vitz,2016,80000.0,Automatic,Petrol,850.0,Registered,10
6275000,Toyota,Corolla,2008,210000.0,Automatic,Petrol,1000.0,Registered,18
7100000,Toyota,Aqua,2013,150000.0,Automatic,Hybrid,1500.0,Registered,13
4800000,Toyota,Vitz,2005,200000.0,Automatic,Hybrid,1000.0,Registered,21
10800000,Toyota,Prius,2014,142000.0,Automatic,Hybrid,1500.0,Registered,12
6600000,Toyota,Aqua,2013,168000.0,Automatic,Hybrid,1500.0,Registered,13
4350000,Toyota,Sprinter,1997,188000.0,Automatic,Petrol,1500.0,Registered,29
9400000,Toyota,Yaris,2023,200.0,Automatic,Petrol,990.0,Registered,3
7550000,Toyota,Aqua,2012,138000.0,Automatic,Petrol,900.0,Registered,14
7800000,Toyota,Vitz,2018,153000.0,Automatic,Petrol,1000.0,Registered,8
8000000,Toyota,Aqua,2013,107000.0,Automatic,Petrol,1500.0,Registered,13
9700000,Toyota,Axio,2015,123000.0,Automatic,Hybrid,1496.0,Registered,11
7050000,Toyota,Aqua,2013,191443.0,Automatic,Petrol,1490.0,Registered,13
7000000,Toyota,Belta,2009,113000.0,Automatic,Petrol,1300.0,Registered,17
7690000,Toyota,Allion,2005,225000.0,Automatic,Petrol,1500.0,Registered,21
9650000,Toyota,Yaris,2024,35000.0,Automatic,Petrol,990.0,Registered,2
9800000,Toyota,Premio,2013,123000.0,Automatic,Petrol,1500.0,Registered,13
6300000,Toyota,Corolla,2007,0.0,Automatic,Petrol,1600.0,Registered,19
6200000,Toyota,Allion,2002,160000.0,Automatic,Petrol,1496.0,Registered,24
8500000,Toyota,Vitz,2019,85000.0,Automatic,Hybrid,996.0,Registered,7
5275000,Toyota,Passo,2009,49000.0,Automatic,Petrol,1000.0,Registered,17
18500000,Toyota,Premio,2019,86000.0,Automatic,Petrol,1500.0,Registered,7
5890000,Toyota,Belta,2007,161000.0,Automatic,Petrol,1000.0,Registered,19
8750000,Toyota,Aqua,2015,93000.0,Automatic,Hybrid,1490.0,Registered,11
8250000,Toyota,Aqua,2015,210000.0,Automatic,Petrol,950.0,Registered,11
7350000,Toyota,Vitz,2016,173700.0,Automatic,Petrol,1000.0,Registered,10
6900000,Toyota,Corolla,2008,149000.0,Automatic,Petrol,1600.0,Registered,18
7000000,Toyota,Belta,2010,15000.0,Automatic,Petrol,1000.0,Registered,16
8600000,Toyota,Vitz,2019,91000.0,Automatic,Petrol,1000.0,Registered,7
7900000,Toyota,Vitz,2018,156000.0,Automatic,Petrol,1000.0,Registered,8
7750000,Toyota,Vitz,2017,124000.0,Automatic,Petrol,1000.0,Registered,9
6650000,Toyota,Prius,2007,0.0,Automatic,Hybrid,1500.0,Registered,19
11400000,Toyota,Axio,2017,100050.0,Automatic,Petrol,1400.0,Registered,9
6600000,Toyota,Allion,2003,207000.0,Automatic,Petrol,1200.0,Registered,23
9000000,Toyota,Axio,2014,384000.0,Automatic,Petrol,1500.0,Registered,12
2780000,Toyota,Tercel,1996,168200.0,Automatic,Petrol,1500.0,Registered,30
8400000,Toyota,Vitz,2019,114000.0,Automatic,Petrol,1000.0,Registered,7
4650000,Toyota,Passo,2004,191000.0,Automatic,Petrol,990.0,Registered,22
9500000,Toyota,Axio,2015,187000.0,Automatic,Hybrid,1500.0,Registered,11
6500000,Toyota,Axio,2007,210.0,Automatic,Hybrid,1500.0,Registered,19
9400000,Toyota,Yaris,2023,20000.0,Automatic,Petrol,990.0,Registered,3
14200000,Toyota,Premio,2016,81000.0,Automatic,Petrol,1500.0,Registered,10
6100000,Toyota,IST,2007,149000.0,Automatic,Petrol,1500.0,Registered,19
10600000,Toyota,Yaris,2025,700.0,Automatic,Petrol,990.0,Registered,1
9000000,Toyota,Prius,2011,188175.0,Automatic,Hybrid,1800.0,Registered,15
6950000,Toyota,Allion,2004,0.0,Automatic,Petrol,1500.0,Registered,22
9000000,Toyota,Axio,2015,120000.0,Automatic,Hybrid,1500.0,Registered,11
12300000,Toyota,Axio,2018,117000.0,Automatic,Hybrid,1500.0,Registered,8
6200000,Toyota,Aqua,2012,160000.0,Manual,Hybrid,1500.0,Registered,14
11700000,Toyota,Axio,2017,0.0,Automatic,Hybrid,1500.0,Registered,9
10950000,Toyota,Axio,2016,99000.0,Automatic,Hybrid,1500.0,Registered,10
7650000,Toyota,Vitz,2017,137000.0,Automatic,Petrol,1500.0,Registered,9
8050000,Toyota,Vitz,2018,61800.0,Automatic,Petrol,1500.0,Registered,8
7490000,Toyota,Tank,2016,118000.0,Automatic,Petrol,1000.0,Registered,10
5090000,Toyota,Vitz,2007,140000.0,Automatic,Petrol,1000.0,Registered,19
7800000,Toyota,Aqua,2012,159000.0,Automatic,Hybrid,1500.0,Registered,14
3550000,Toyota,Sprinter,1997,196000.0,Automatic,Petrol,1500.0,Registered,29
2990000,Toyota,Corolla,1998,227000.0,Automatic,Diesel,2000.0,Registered,28
4650000,Toyota,Passo,2005,191000.0,Automatic,Petrol,990.0,Registered,21
2670000,Toyota,Tercel,1995,120000.0,Manual,Petrol,1300.0,Registered,31
9300000,Toyota,Axio,2015,90000.0,Automatic,Hybrid,1500.0,Registered,11
13000000,Toyota,Premio,2016,139000.0,Automatic,Petrol,1500.0,Registered,10
17600000,Toyota,Corolla,2022,0.0,Automatic,Petrol,1496.0,Registered,4
9775000,Toyota,Prius,2013,264000.0,Automatic,Hybrid,1800.0,Registered,13
2590000,Toyota,Corolla,1991,300000.0,Manual,Diesel,2000.0,Registered,35
9600000,Toyota,Yaris,2024,28210.0,Automatic,Petrol,1500.0,Registered,2
3250000,Toyota,Tercel,1999,247000.0,Manual,Petrol,1200.0,Registered,27
8975000,Toyota,Yaris,2023,39700.0,Automatic,Petrol,1000.0,Registered,3
8700000,Toyota,Vitz,2019,30700.0,Automatic,Petrol,1000.0,Registered,7
17500000,Toyota,Premio,2019,30700.0,Automatic,Petrol,1500.0,Registered,7
6375000,Toyota,Corolla,2008,210000.0,Automatic,Petrol,1200.0,Registered,18
10900000,Toyota,Axio,2016,200000.0,Automatic,Petrol,1200.0,Registered,10
6700000,Toyota,Aqua,2013,160000.0,Automatic,Petrol,1000.0,Registered,13
8600000,Toyota,Prius,2011,200000.0,Automatic,Petrol,1200.0,Registered,15
12500000,Toyota,Axio,2016,155000.0,Automatic,Petrol,1200.0,Registered,10
5000000,Toyota,Prius,2013,10000.0,Automatic,Petrol,1500.0,Registered,13
5775000,Toyota,Vitz,2007,240000.0,Automatic,Petrol,1500.0,Registered,19
6150000,Toyota,Corolla,2007,0.0,Automatic,Petrol,1800.0,Registered,19
2690000,Toyota,Corolla,1992,300000.0,Automatic,Diesel,1970.0,Registered,34
7750000,Toyota,Vitz,2017,98000.0,Automatic,Petrol,1000.0,Registered,9
7690000,Toyota,Tank,2018,91000.0,Automatic,Petrol,1000.0,Registered,8
8800000,Toyota,Axio,2014,140000.0,Automatic,Petrol,1200.0,Registered,12
6900000,Toyota,Vitz,2015,122000.0,Automatic,Petrol,1000.0,Registered,11
9000000,Toyota,Axio,2015,255724.0,Automatic,Petrol,1200.0,Registered,11
3850000,Toyota,Corolla,1996,180000.0,Automatic,Petrol,1500.0,Registered,30
8700000,Toyota,Vitz,2019,59000.0,Automatic,Petrol,1000.0,Registered,7
7750000,Toyota,Axio,2007,250000.0,Automatic,Petrol,1500.0,Registered,19
5500000,Toyota,Corolla,2005,220000.0,Manual,Petrol,1300.0,Registered,21
8600000,Toyota,Yaris,2023,6600.0,Automatic,Petrol,660.0,Registered,3
8050000,Toyota,Passo,2023,6600.0,Automatic,Petrol,660.0,Registered,3
8000000,Toyota,Aqua,2015,98000.0,Automatic,Petrol,1200.0,Registered,11
9000000,Toyota,Premio,2013,76000.0,Manual,Petrol,1400.0,Registered,13
18000000,Toyota,Yaris Ativ,2025,0.0,Automatic,Hybrid,1500.0,Registered,1
5500000,Toyota,Vitz,2007,137000.0,Automatic,Petrol,1000.0,Registered,19
5500000,Toyota,Vitz,2008,121600.0,Automatic,Petrol,1000.0,Registered,18
8600000,Toyota,Yaris,2022,5000.0,Automatic,Hybrid,600.0,Registered,4
4550000,Toyota,Passo,2005,111000.0,Automatic,Petrol,1000.0,Registered,21
4600000,Toyota,Corolla,2002,0.0,Manual,Petrol,1300.0,Registered,24
12200000,Toyota,Axio,2018,117000.0,Automatic,Petrol,1500.0,Registered,8
15700000,Toyota,Premio,2017,81000.0,Automatic,Petrol,1500.0,Registered,9
9850000,Toyota,Axio,2015,123000.0,Automatic,Petrol,1500.0,Registered,11
7900000,Toyota,Axio,2009,152000.0,Automatic,Petrol,1490.0,Registered,17
3000000,Toyota,AE100,1995,0.0,Automatic,Petrol,1000.0,Registered,31
6900000,Toyota,Vitz,2008,130000.0,Automatic,Petrol,1000.0,Registered,18
8500000,Toyota,Prius,2010,180000.0,Automatic,Hybrid,1290.0,Registered,16
7650000,Toyota,Aqua,2013,153000.0,Automatic,Hybrid,1500.0,Registered,13
6850000,Toyota,Aqua,2013,123456.0,Automatic,Hybrid,1500.0,Registered,13
7900000,Toyota,Aqua,2015,158000.0,Automatic,Petrol,990.0,Registered,11
10800000,Toyota,Prius,2014,68000.0,Automatic,Petrol,1298.0,Registered,12
8900000,Toyota,Axio,2015,120000.0,Automatic,Petrol,1330.0,Registered,11
4850000,Toyota,Belta,2007,100000.0,Automatic,Petrol,1000.0,Registered,19
7500000,Toyota,Tank,2017,102000.0,Automatic,Petrol,1000.0,Registered,9
5700000,Toyota,Vitz,2007,146000.0,Automatic,Petrol,1000.0,Registered,19
9800000,Toyota,Axio,2015,82000.0,Automatic,Hybrid,1500.0,Registered,11
13200000,Toyota,Premio,2016,180000.0,Automatic,Hybrid,1500.0,Registered,10
9650000,Toyota,Prius Alpha,2012,232000.0,Automatic,Hybrid,1500.0,Registered,14
11600000,Toyota,Prius,2012,133000.0,Automatic,Hybrid,1800.0,Registered,14
3200000,Toyota,Cynos,1992,120000.0,Manual,Petrol,1500.0,Registered,34
2800000,Toyota,Corolla,1993,120000.0,Manual,Petrol,1500.0,Registered,33
8290000,Toyota,Vitz,2018,120000.0,Manual,Petrol,990.0,Registered,8
7100000,Toyota,Vitz,2015,130000.0,Automatic,Petrol,990.0,Registered,11
9500000,Toyota,Aqua,2017,78000.0,Automatic,Petrol,1000.0,Registered,9
5900000,Toyota,Belta,2007,162000.0,Automatic,Petrol,1300.0,Registered,19
9300000,Toyota,Premio,2010,205000.0,Automatic,Petrol,1000.0,Registered,16
5975000,Toyota,Prius,2007,195000.0,Automatic,Hybrid,1490.0,Registered,19
7600000,Toyota,Vitz,2016,90500.0,Automatic,Petrol,1000.0,Registered,10
10900000,Toyota,Prius,2014,172000.0,Automatic,Hybrid,1800.0,Registered,12
10000000,Toyota,Axio,2015,123000.0,Automatic,Petrol,1500.0,Registered,11
1275000,Toyota,Carina,2001,120000.0,Automatic,Petrol,1500.0,Registered,25
2600000,Toyota,Corolla,1996,100000.0,Manual,Diesel,1970.0,Registered,30
7800000,Toyota,Yaris,2014,96000.0,Automatic,Petrol,1300.0,Registered,12
5000000,Toyota,Vios,2003,254480.0,Automatic,Petrol,1500.0,Registered,23
7300000,Toyota,Vitz,2017,125000.0,Automatic,Petrol,1000.0,Registered,9
7800000,Toyota,Vitz,2018,46000.0,Automatic,Petrol,1500.0,Registered,8
4150000,Toyota,Starlet,1996,256860.0,Automatic,Petrol,1330.0,Registered,30
5475000,Toyota,Corolla,2002,178000.0,Automatic,Petrol,1500.0,Registered,24
9800000,Toyota,Axio,2016,134000.0,Manual,Petrol,1500.0,Registered,10
9100000,Toyota,Axio,2015,156000.0,Manual,Petrol,1500.0,Registered,11
4350000,Toyota,Carina,1996,0.0,Automatic,Petrol,1500.0,Registered,30
7700000,Toyota,Aqua,2017,80000.0,Automatic,Hybrid,1400.0,Registered,9
3995000,Toyota,Vitz,1999,0.0,Automatic,Petrol,990.0,Registered,27
5100000,Toyota,Vios,2003,120000.0,Automatic,Petrol,1500.0,Registered,23
7900000,Toyota,Tank,2018,115000.0,Automatic,Petrol,1500.0,Registered,8
11700000,Toyota,Premio,2015,178000.0,Automatic,Petrol,1500.0,Registered,11
13600000,Toyota,Axio,2024,45620.0,Automatic,Hybrid,1500.0,Registered,2
6600000,Toyota,Aqua,2013,168500.0,Automatic,Petrol,1500.0,Registered,13
7100000,Toyota,Aqua,2013,180000.0,Automatic,Hybrid,1500.0,Registered,13
5275000,Toyota,Vitz,2007,156234.0,Automatic,Petrol,1000.0,Registered,19
8675000,Toyota,Premio,2008,170000.0,Automatic,Petrol,1500.0,Registered,18
9300000,Toyota,Premio,2010,174000.0,Automatic,Petrol,1500.0,Registered,16
11200000,Toyota,Premio,2013,192000.0,Automatic,Petrol,1500.0,Registered,13
11000000,Toyota,Premio,2013,215000.0,Automatic,Petrol,1500.0,Registered,13
11400000,Toyota,Premio,2013,0.0,Automatic,Petrol,1500.0,Registered,13
7550000,Toyota,Aqua,2014,52000.0,Automatic,Hybrid,1500.0,Registered,12
14500000,Toyota,Premio,2018,62000.0,Automatic,Petrol,1500.0,Registered,8
7000000,Toyota,Aqua,2013,150000.0,Automatic,Petrol,1000.0,Registered,13
6950000,Toyota,Aqua,2013,150000.0,Automatic,Hybrid,1000.0,Registered,13
7690000,Toyota,Aqua,2014,120000.0,Automatic,Hybrid,1500.0,Registered,12
5200000,Toyota,Vios,2003,87638.0,Manual,Petrol,1500.0,Registered,23
13000000,Toyota,Prius,2013,133000.0,Automatic,Hybrid,1800.0,Registered,13
9500000,Toyota,Prius,2014,75000.0,Automatic,Petrol,1790.0,Registered,12
7900000,Toyota,Tank,2018,127000.0,Automatic,Petrol,1000.0,Registered,8
7390000,Toyota,Aqua,2013,131000.0,Automatic,Hybrid,1500.0,Registered,13
9800000,Toyota,Axio,2015,82000.0,Manual,Petrol,1500.0,Registered,11
3350000,Toyota,Soluna,2000,180000.0,Manual,Petrol,1500.0,Registered,26
6690000,Toyota,Axio,2007,193000.0,Automatic,Petrol,1500.0,Registered,19
7600000,Toyota,Vitz,2017,6100.0,Automatic,Petrol,990.0,Registered,9
7600000,Toyota,Vitz,2017,61000.0,Automatic,Petrol,990.0,Registered,9
7900000,Toyota,Vitz,2017,60000.0,Automatic,Petrol,1000.0,Registered,9
7200000,Toyota,Aqua,2012,0.0,Automatic,Petrol,1500.0,Registered,14
3700000,Toyota,AE 111,1997,150000.0,Manual,Petrol,1300.0,Registered,29
6690000,Toyota,Vitz,2015,135000.0,Automatic,Petrol,1000.0,Registered,11
13000000,Toyota,Aqua,2023,0.0,Automatic,Petrol,1500.0,Registered,3
8800000,Toyota,Prius,2011,100000.0,Automatic,Hybrid,1798.0,Registered,15
8100000,Toyota,Vitz,2016,59500.0,Automatic,Petrol,990.0,Registered,10
9850000,Toyota,Yaris,2024,40000.0,Automatic,Petrol,1000.0,Registered,2
6400000,Toyota,Axio,2008,85000.0,Automatic,Petrol,1500.0,Registered,18
8200000,Toyota,Aqua,2015,172500.0,Automatic,Petrol,1500.0,Registered,11
7850000,Toyota,Vitz,2018,77000.0,Automatic,Petrol,1500.0,Registered,8
10200000,Toyota,Prius,2013,166000.0,Automatic,Hybrid,1500.0,Registered,13
8500000,Toyota,Axio,2014,108000.0,Automatic,Hybrid,1500.0,Registered,12
5500000,Toyota,Vitz,2007,160000.0,Automatic,Petrol,1000.0,Registered,19
3675000,Toyota,Soluna,2002,150000.0,Automatic,Petrol,1498.0,Registered,24
4990000,Toyota,Vios,2003,0.0,Manual,Petrol,1200.0,Registered,23
6785000,Toyota,Aqua,2012,0.0,Automatic,Hybrid,1500.0,Registered,14
8000000,Toyota,Aqua,2013,162000.0,Automatic,Petrol,1500.0,Registered,13
8950000,Toyota,Aqua,2015,83500.0,Automatic,Petrol,1500.0,Registered,11
6400000,Toyota,Corolla,2008,185000.0,Automatic,Petrol,1500.0,Registered,18
7400000,Toyota,Vitz,2017,112000.0,Automatic,Petrol,1000.0,Registered,9
12500000,Toyota,Premio,2016,0.0,Automatic,Petrol,1000.0,Registered,10
7900000,Toyota,Vitz,2018,98000.0,Automatic,Petrol,1300.0,Registered,8
10500000,Toyota,Axio,2015,123456.0,Automatic,Hybrid,1500.0,Registered,11
12275000,Toyota,Axio,2018,81719.0,Automatic,Hybrid,1500.0,Registered,8
8650000,Toyota,Aqua,2015,125000.0,Automatic,Petrol,1500.0,Registered,11
5750000,Toyota,Prius,2008,205000.0,Automatic,Hybrid,1500.0,Registered,18
8400000,Toyota,Corolla,2012,170000.0,Automatic,Petrol,1600.0,Registered,14
8500000,Toyota,Aqua,2015,116000.0,Automatic,Petrol,1000.0,Registered,11
13500000,Toyota,Allion,2016,126700.0,Automatic,Petrol,1500.0,Registered,10
9100000,Toyota,Prius,2012,0.0,Automatic,Hybrid,1800.0,Registered,14
13900000,Toyota,Premio,2018,76000.0,Automatic,Petrol,1400.0,Registered,8
9000000,Toyota,Prius,2014,0.0,Automatic,Hybrid,1800.0,Registered,12
11500000,Toyota,Axio,2017,97000.0,Automatic,Petrol,1500.0,Registered,9
7200000,Toyota,Axio,2007,100000.0,Automatic,Petrol,1400.0,Registered,19
12000000,Toyota,Axio,2015,131000.0,Automatic,Petrol,1500.0,Registered,11
5200000,Toyota,Vios,2003,120000.0,Automatic,Petrol,1496.0,Registered,23
9000000,Toyota,Yaris,2023,8000.0,Automatic,Petrol,999.0,Registered,3
5900000,Toyota,Vitz,2008,160000.0,Automatic,Petrol,1500.0,Registered,18
12500000,Toyota,Axio,2016,159000.0,Automatic,Hybrid,1496.0,Registered,10
2600000,Toyota,Corolla,1999,102000.0,Manual,Diesel,800.0,Registered,27
4275000,Toyota,Carina,1997,295000.0,Automatic,Diesel,1970.0,Registered,29
7150000,Toyota,Aqua,2012,152000.0,Automatic,Hybrid,1500.0,Registered,14
8800000,Toyota,Aqua,2015,145000.0,Automatic,Petrol,1500.0,Registered,11
3375000,Toyota,AE100,1995,220000.0,Manual,Petrol,1500.0,Registered,31
7200000,Toyota,Allion,2003,65000.0,Automatic,Petrol,1490.0,Registered,23
8800000,Toyota,Prius,2012,162000.0,Automatic,Hybrid,1800.0,Registered,14
9150000,Toyota,Allion,2009,130000.0,Automatic,Petrol,1490.0,Registered,17
7900000,Toyota,Vitz,2018,98000.0,Automatic,Petrol,1000.0,Registered,8
5500000,Toyota,Corolla,2003,195000.0,Automatic,Petrol,1200.0,Registered,23
8775000,Toyota,Prius,2011,145000.0,Automatic,Petrol,1500.0,Registered,15
9800000,Toyota,Yaris,2024,7800.0,Automatic,Hybrid,1498.0,Registered,2
17250000,Toyota,Premio,2018,107000.0,Automatic,Petrol,1800.0,Registered,8
9000000,Toyota,Allion,2010,172000.0,Automatic,Petrol,1200.0,Registered,16
14200000,Toyota,Premio,2018,76000.0,Automatic,Petrol,1500.0,Registered,8
10800000,Toyota,Prius,2014,0.0,Automatic,Petrol,1200.0,Registered,12
9650000,Toyota,Prius,2010,188000.0,Automatic,Hybrid,1980.0,Registered,16
9100000,Toyota,Premio,2008,156000.0,Automatic,Petrol,1790.0,Registered,18
6700000,Toyota,Aqua,2012,135000.0,Automatic,Petrol,1500.0,Registered,14
8150000,Toyota,Vitz,2019,145000.0,Automatic,Petrol,1500.0,Registered,7
9300000,Toyota,Axio,2015,153000.0,Automatic,Hybrid,1300.0,Registered,11
9000000,Toyota,Axio,2015,161000.0,Automatic,Petrol,1000.0,Registered,11
9000000,Toyota,Vitz,2019,44205.0,Automatic,Petrol,990.0,Registered,7
6850000,Toyota,MARK 2,2001,228000.0,Automatic,Petrol,1970.0,Registered,25
7200000,Toyota,Aqua,2013,0.0,Automatic,Hybrid,1300.0,Registered,13
6775000,Toyota,Axio,2007,0.0,Automatic,Petrol,1496.0,Registered,19
3100000,Toyota,Corolla,1996,156000.0,Manual,Diesel,1330.0,Registered,30
7550000,Toyota,Vitz,2017,135000.0,Automatic,Petrol,1200.0,Registered,9
8460000,Toyota,Vitz,2018,85000.0,Automatic,Petrol,1000.0,Registered,8
6490000,Toyota,Corolla,2008,155000.0,Automatic,Petrol,1798.0,Registered,18
5260000,Toyota,Vitz,2007,127000.0,Automatic,Petrol,996.0,Registered,19
7250000,Toyota,Allion,2006,0.0,Automatic,Petrol,1500.0,Registered,20
7325000,Toyota,Aqua,2014,152000.0,Automatic,Hybrid,1500.0,Registered,12
6500000,Toyota,Axio,2007,210000.0,Automatic,Petrol,1496.0,Registered,19
7475000,Toyota,Aqua,2012,136400.0,Automatic,Petrol,1500.0,Registered,14
6890000,Toyota,Axio,2007,200000.0,Automatic,Petrol,1496.0,Registered,19
11000000,Toyota,Prius,2013,0.0,Automatic,Hybrid,1800.0,Registered,13
8000000,Toyota,Vitz,2018,114000.0,Automatic,Petrol,1500.0,Registered,8
11300000,Toyota,Axio,2017,112000.0,Manual,Petrol,1200.0,Registered,9
3450000,Toyota,Corolla,2000,0.0,Automatic,Petrol,1500.0,Registered,26
9800000,Toyota,Premio,2012,0.0,Automatic,Petrol,1500.0,Registered,14
6650000,Toyota,Premio,2006,0.0,Automatic,Petrol,1500.0,Registered,20
6900000,Toyota,Axio,2007,120000.0,Automatic,Petrol,1500.0,Registered,19
6450000,Toyota,Yaris,2011,0.0,Manual,Petrol,1500.0,Registered,15
2990000,Toyota,Corsa,1993,180000.0,Automatic,Petrol,1300.0,Registered,33
7250000,Toyota,Aqua,2014,0.0,Automatic,Petrol,1500.0,Registered,12
8850000,Toyota,Yaris,2023,29000.0,Automatic,Petrol,1000.0,Registered,3
9800000,Toyota,Premio,2012,123456.0,Manual,Petrol,1500.0,Registered,14
9900000,Toyota,Axio,2015,0.0,Automatic,Hybrid,1500.0,Registered,11
9200000,Toyota,Yaris,2023,38000.0,Automatic,Petrol,990.0,Registered,3
6800000,Toyota,Aqua,2012,0.0,Automatic,Petrol,1450.0,Registered,14
11200000,Toyota,Yaris,2025,1.0,Automatic,Hybrid,1200.0,Registered,1
7300000,Toyota,Aqua,2013,163000.0,Automatic,Hybrid,1500.0,Registered,13
8900000,Toyota,Prius,2010,210000.0,Automatic,Hybrid,2000.0,Registered,16
6250000,Toyota,Premio,2002,238000.0,Automatic,Petrol,1800.0,Registered,24
5425000,Toyota,Vios,2003,354000.0,Automatic,Petrol,1500.0,Registered,23
13500000,Toyota,Fielder,2023,3000.0,Automatic,Hybrid,1500.0,Registered,3
10400000,Toyota,Premio,2013,160000.0,Automatic,Hybrid,1500.0,Registered,13
7300000,Toyota,Aqua,2014,151000.0,Automatic,Hybrid,1500.0,Registered,12
4250000,Toyota,Prius,1998,290000.0,Automatic,Petrol,1490.0,Registered,28
6675000,Toyota,Prius,2011,160000.0,Automatic,Petrol,1500.0,Registered,15
3850000,Toyota,Corolla,1999,0.0,Automatic,Diesel,1800.0,Registered,27
6850000,Toyota,Axio,2008,120000.0,Automatic,Petrol,1500.0,Registered,18
11850000,Toyota,Camry,2011,87500.0,Automatic,Petrol,2400.0,Registered,15
16000000,Toyota,Yaris Ativ,2025,800.0,Automatic,Petrol,1200.0,Registered,1
5200000,Toyota,Vitz,2007,165000.0,Automatic,Petrol,1000.0,Registered,19
13200000,Toyota,Prius,2016,50000.0,Automatic,Hybrid,1500.0,Registered,10
6350000,Toyota,Prius,2008,183000.0,Automatic,Petrol,1500.0,Registered,18
12500000,Toyota,Axio,2018,0.0,Automatic,Petrol,1500.0,Registered,8
2800000,Toyota,Corolla,1993,24800.0,Manual,Petrol,1300.0,Registered,33
7300000,Toyota,Vitz,2015,35680.0,Automatic,Petrol,1500.0,Registered,11
9800000,Toyota,Axio,2015,122000.0,Automatic,Hybrid,1500.0,Registered,11
10000000,Toyota,Prius,2013,230000.0,Automatic,Hybrid,1800.0,Registered,13
5550000,Toyota,Belta,2007,162000.0,Automatic,Petrol,1300.0,Registered,19
5275000,Toyota,Passo,2010,110000.0,Automatic,Petrol,1000.0,Registered,16
2175000,Toyota,Corolla,1991,179500.0,Manual,Diesel,1800.0,Registered,35
9200000,Toyota,Axio,2016,145000.0,Automatic,Petrol,1500.0,Registered,10
14500000,Toyota,Premio,2018,76000.0,Automatic,Petrol,1500.0,Registered,8
10150000,Toyota,Yaris,2023,0.0,Automatic,Petrol,1000.0,Registered,3
10250000,Toyota,Yaris,2023,0.0,Automatic,Petrol,1000.0,Registered,3
6500000,Toyota,Prius,2008,300100.0,Automatic,Hybrid,1500.0,Registered,18
9000000,Toyota,Aqua,2015,139291.0,Automatic,Hybrid,1500.0,Registered,11
5350000,Toyota,Vitz,2007,132000.0,Automatic,Petrol,1000.0,Registered,19
7450000,Toyota,Aqua,2014,160000.0,Automatic,Petrol,1500.0,Registered,12
18200000,Toyota,Premio,2019,28700.0,Automatic,Petrol,1500.0,Registered,7
8350000,Toyota,Vitz,2018,56000.0,Automatic,Petrol,1000.0,Registered,8
11250000,Toyota,Premio,2014,0.0,Automatic,Petrol,1000.0,Registered,12
3400000,Toyota,Sprinter,1995,220000.0,Automatic,Petrol,1500.0,Registered,31
7450000,Toyota,Aqua,2013,180000.0,Automatic,Petrol,1500.0,Registered,13
3250000,Toyota,Corolla,2000,97500.0,Automatic,Petrol,1500.0,Registered,26
12700000,Toyota,Allion,2016,231500.0,Automatic,Petrol,1490.0,Registered,10
6500000,Toyota,Yaris,2008,140000.0,Automatic,Petrol,1000.0,Registered,18
9000000,Toyota,Yaris,2024,0.0,Automatic,Petrol,1000.0,Registered,2
7900000,Toyota,Aqua,2014,101000.0,Automatic,Petrol,660.0,Registered,12
7700000,Toyota,Vitz,2017,72000.0,Tiptronic,Petrol,1000.0,Registered,9
7790000,Toyota,Aqua,2013,135000.0,Automatic,Petrol,1500.0,Registered,13
10700000,Toyota,Yaris,2025,300.0,Automatic,Petrol,800.0,Registered,1
8000000,Toyota,Aqua,2014,175000.0,Automatic,Hybrid,1490.0,Registered,12
6800000,Toyota,Axio,2007,192000.0,Automatic,Petrol,1496.0,Registered,19
7700000,Toyota,Aqua,2013,130000.0,Automatic,Hybrid,1490.0,Registered,13
6300000,Toyota,Yaris,2006,95000.0,Automatic,Petrol,1300.0,Registered,20
7800000,Toyota,Aqua,2015,110000.0,Automatic,Petrol,1490.0,Registered,11
10600000,Toyota,Premio,2013,141000.0,Automatic,Hybrid,1500.0,Registered,13
8250000,Toyota,Vitz,2018,220000.0,Automatic,Petrol,1000.0,Registered,8
9500000,Toyota,Premio,2013,145000.0,Automatic,Petrol,1500.0,Registered,13
8800000,Toyota,Prius,2012,160000.0,Automatic,Hybrid,1800.0,Registered,14
6700000,Toyota,Aqua,2012,220000.0,Automatic,Petrol,1500.0,Registered,14
8000000,Toyota,Passo,2023,6600.0,Automatic,Petrol,660.0,Registered,3
6450000,Toyota,Corolla,2008,174000.0,Automatic,Petrol,1600.0,Registered,18
9200000,Toyota,Prius,2012,200000.0,Automatic,Hybrid,1500.0,Registered,14
9600000,Toyota,Axio,2016,145000.0,Automatic,Petrol,1500.0,Registered,10
5490000,Toyota,Passo,2008,200000.0,Automatic,Petrol,996.0,Registered,18
7800000,Toyota,Aqua,2013,150000.0,Automatic,Hybrid,1500.0,Registered,13
9450000,Toyota,Axio,2015,150000.0,Automatic,Hybrid,1500.0,Registered,11
5590000,Toyota,Corolla,2001,126000.0,Automatic,Petrol,1500.0,Registered,25
7350000,Toyota,Aqua,2014,175000.0,Automatic,Hybrid,1900.0,Registered,12
5600000,Toyota,Vitz,2010,118500.0,Automatic,Petrol,1300.0,Registered,16
6950000,Toyota,Axio,2008,195000.0,Automatic,Petrol,1500.0,Registered,18
8400000,Toyota,Axio,2014,143000.0,Automatic,Petrol,1500.0,Registered,12
7500000,Toyota,Vitz,2017,104500.0,Automatic,Petrol,1000.0,Registered,9
7500000,Toyota,Aqua,2014,151000.0,Automatic,Petrol,1000.0,Registered,12
9300000,Toyota,Axio,2015,161000.0,Automatic,Petrol,1500.0,Registered,11
8800000,Toyota,Allion,2010,220000.0,Automatic,Petrol,1500.0,Registered,16
9200000,Toyota,Prius,2012,160000.0,Automatic,Petrol,1790.0,Registered,14
6975000,Toyota,Aqua,2013,203809.0,Automatic,Petrol,1500.0,Registered,13
5375000,Toyota,Carina,1997,172025.0,Automatic,Petrol,1800.0,Registered,29
14700000,Toyota,Premio,2018,92000.0,Automatic,Petrol,1500.0,Registered,8
9350000,Toyota,Axio,2016,130000.0,Automatic,Petrol,1496.0,Registered,10
9600000,Toyota,Prius,2012,150000.0,Automatic,Hybrid,1797.0,Registered,14
17600000,Toyota,Corolla,2022,6500.0,Automatic,Petrol,1496.0,Registered,4
17600000,Toyota,Corolla,2022,7500.0,Automatic,Petrol,1496.0,Registered,4
6200000,Toyota,Axio,2007,1000.0,Automatic,Petrol,1400.0,Registered,19
13500000,Toyota,Axio,2018,107000.0,Automatic,Hybrid,1500.0,Registered,8
6850000,Toyota,Aqua,2013,169000.0,Automatic,Petrol,1500.0,Registered,13
9400000,Toyota,Axio,2016,0.0,Automatic,Petrol,1500.0,Registered,10
11300000,Toyota,Axio,2016,108000.0,Automatic,Petrol,1500.0,Registered,10
11350000,Toyota,Prius,2014,120000.0,Automatic,Hybrid,1500.0,Registered,12
6950000,Toyota,Axio,2008,140000.0,Automatic,Petrol,1490.0,Registered,18
7750000,Toyota,Vitz,2015,110000.0,Automatic,Petrol,1000.0,Registered,11
13450000,Toyota,Allion,2016,139000.0,Automatic,Petrol,1500.0,Registered,10
12275000,Toyota,Axio,2018,81719.0,Automatic,Petrol,1500.0,Registered,8
10500000,Toyota,Axio,2015,117500.0,Automatic,Hybrid,1500.0,Registered,11
8500000,Toyota,Vitz,2018,48.0,Automatic,Petrol,990.0,Registered,8
8000000,Toyota,Tank,2017,205000.0,Automatic,Petrol,990.0,Registered,9
7400000,Toyota,Belta,2009,132300.0,Automatic,Petrol,1500.0,Registered,17
8885000,Toyota,Premio,2007,140000.0,Automatic,Petrol,1800.0,Registered,19
5000000,Toyota,Vitz,2009,0.0,Automatic,Petrol,1000.0,Registered,17
6850000,Toyota,Vitz,2015,152000.0,Automatic,Petrol,1000.0,Registered,11
1675000,Toyota,Corolla,1990,134000.0,Manual,Petrol,1300.0,Registered,36
7500000,Toyota,Aqua,2013,120000.0,Automatic,Hybrid,1490.0,Registered,13
8250000,Toyota,Aqua,2015,104000.0,Automatic,Hybrid,1490.0,Registered,11
6200000,Toyota,Corolla,2005,242000.0,Automatic,Petrol,1500.0,Registered,21
6775000,Toyota,Axio,2008,0.0,Automatic,Petrol,1500.0,Registered,18
10350000,Toyota,Yaris,2025,0.0,Automatic,Petrol,1000.0,Registered,1
8700000,Toyota,Aqua,2015,103000.0,Automatic,Petrol,1500.0,Registered,11
9500000,Toyota,Axio,2016,136000.0,Automatic,Petrol,1500.0,Registered,10
10000000,Toyota,Prius,2012,145000.0,Automatic,Petrol,1500.0,Registered,14
7600000,Toyota,Aqua,2014,71000.0,Manual,Petrol,1200.0,Registered,12
4850000,Toyota,Corolla,2002,206000.0,Manual,Petrol,1500.0,Registered,24
9075000,Toyota,Prius,2012,151700.0,Automatic,Petrol,1500.0,Registered,14
9000000,Toyota,Axio,2014,107000.0,Automatic,Petrol,1500.0,Registered,12
5000000,Toyota,Corolla,2023,6600.0,Automatic,Petrol,660.0,Registered,3
8400000,Toyota,Yaris,2023,6600.0,Automatic,Petrol,660.0,Registered,3
5800000,Toyota,Prius,2007,217000.0,Automatic,Petrol,1200.0,Registered,19
17000000,Toyota,Camry,2016,172000.0,Automatic,Petrol,2500.0,Registered,10
6300000,Toyota,Corolla,2008,204000.0,Automatic,Petrol,1600.0,Registered,18
7800000,Toyota,Allion,2008,199000.0,Automatic,Petrol,1200.0,Registered,18
19000000,Toyota,Yaris Ativ,2025,0.0,Automatic,Petrol,1200.0,Registered,1
7400000,Toyota,Aqua,2014,105000.0,Automatic,Petrol,1200.0,Registered,12
6800000,Toyota,Aqua,2012,139000.0,Automatic,Petrol,1200.0,Registered,14
10600000,Toyota,Axio,2016,135000.0,Automatic,Petrol,1200.0,Registered,10
7500000,Toyota,Aqua,2014,105000.0,Automatic,Petrol,1200.0,Registered,12
8900000,Toyota,Yaris,2025,14805.0,Automatic,Petrol,1200.0,Registered,1
11850000,Toyota,Premio,2015,128000.0,Automatic,Petrol,1200.0,Registered,11
3500000,Toyota,Duet,2002,167000.0,Manual,Petrol,1000.0,Registered,24
3350000,Toyota,Corolla,1992,0.0,Manual,Petrol,1500.0,Registered,34
4900000,Toyota,IST,2003,0.0,Manual,Petrol,1300.0,Registered,23
6300000,Toyota,Carina,2000,200000.0,Manual,Petrol,1500.0,Registered,26
8600000,Toyota,Allion,2008,162000.0,Automatic,Petrol,1500.0,Registered,18
9475000,Toyota,Axio,2015,156000.0,Automatic,Petrol,1500.0,Registered,11
9500000,Toyota,Axio,2016,95000.0,Automatic,Petrol,1500.0,Registered,10
8400000,Toyota,Vitz,2018,46000.0,Automatic,Petrol,1000.0,Registered,8
6900000,Toyota,Prius,2008,247000.0,Automatic,Hybrid,1490.0,Registered,18
1475000,Toyota,Starlet,1991,0.0,Manual,Petrol,999.0,Registered,35
8500000,Toyota,Yaris,2023,6600.0,Automatic,Petrol,660.0,Registered,3
9500000,Toyota,Yaris,2023,0.0,Automatic,Petrol,1000.0,Registered,3
8500000,Toyota,Axio,2013,266000.0,Automatic,Hybrid,1500.0,Registered,13
8500000,Toyota,Aqua,2015,215000.0,Automatic,Hybrid,1490.0,Registered,11
8600000,Toyota,Prius,2010,126400.0,Automatic,Petrol,1780.0,Registered,16
7300000,Toyota,Aqua,2014,110000.0,Automatic,Petrol,1490.0,Registered,12
6875000,Toyota,Allion,2002,153056.0,Automatic,Petrol,1800.0,Registered,24
3750000,Toyota,Corolla,1998,168000.0,Automatic,Diesel,2000.0,Registered,28
6500000,Toyota,Prius,2008,175000.0,Automatic,Petrol,1500.0,Registered,18
6350000,Toyota,Allion,2002,170000.0,Automatic,Petrol,1490.0,Registered,24
15400000,Toyota,Premio,2019,80000.0,Manual,Petrol,1496.0,Registered,7
8400000,Toyota,Axio,2014,100000.0,Automatic,Hybrid,1280.0,Registered,12
2550000,Toyota,Corsa,1993,300000.0,Automatic,Petrol,1300.0,Registered,33
14300000,Toyota,Prius,2016,72000.0,Automatic,Hybrid,1798.0,Registered,10
5250000,Toyota,Vios,2004,235000.0,Automatic,Petrol,1500.0,Registered,22
8490000,Toyota,Axio,2014,150000.0,Automatic,Hybrid,1500.0,Registered,12
9500000,Toyota,Prius,2012,152000.0,Automatic,Hybrid,1800.0,Registered,14
7300000,Toyota,Aqua,2012,20000.0,Automatic,Petrol,1500.0,Registered,14
9850000,Toyota,Premio,2013,150000.0,Automatic,Petrol,1500.0,Registered,13
7700000,Toyota,Aqua,2014,160000.0,Automatic,Petrol,1500.0,Registered,12
6500000,Toyota,Corolla,2008,196000.0,Manual,Diesel,2000.0,Registered,18
11250000,Toyota,Axio,2018,108000.0,Automatic,Petrol,1320.0,Registered,8
6975000,Toyota,Axio,2011,217000.0,Automatic,Petrol,1500.0,Registered,15
2850000,Toyota,Corolla,1996,180000.0,Manual,Petrol,1330.0,Registered,30
5500000,Toyota,Corolla,2001,177100.0,Manual,Petrol,1790.0,Registered,25
9600000,Toyota,Prius,2012,136000.0,Automatic,Hybrid,1800.0,Registered,14
7200000,Toyota,Allion,2004,235000.0,Automatic,Petrol,1500.0,Registered,22
11800000,Toyota,Premio,2013,80000.0,Automatic,Petrol,1500.0,Registered,13
15850000,Toyota,Premio,2018,81000.0,Automatic,Petrol,1500.0,Registered,8
16300000,Toyota,Yaris Ativ,2025,0.0,Tiptronic,Petrol,1200.0,Registered,1
6490000,Toyota,Corolla,2008,180000.0,Automatic,Petrol,1600.0,Registered,18
6400000,Toyota,Belta,2008,200000.0,Automatic,Petrol,1300.0,Registered,18
7300000,Toyota,Vitz,2015,35680.0,Automatic,Petrol,1000.0,Registered,11
9000000,Toyota,Prius,2010,363000.0,Automatic,Petrol,1300.0,Registered,16
7600000,Toyota,Aqua,2014,0.0,Automatic,Hybrid,1490.0,Registered,12
2800000,Toyota,Corolla,1998,198756.0,Manual,Petrol,1300.0,Registered,28
6300000,Toyota,Carina,2001,0.0,Automatic,Petrol,1200.0,Registered,25
3350000,Toyota,AE100,1992,0.0,Manual,Petrol,1000.0,Registered,34
7585000,Toyota,Aqua,2014,168000.0,Automatic,Petrol,1500.0,Registered,12
10800000,Toyota,Allion,2013,192000.0,Automatic,Petrol,1500.0,Registered,13
6925000,Toyota,Axio,2007,163400.0,Automatic,Petrol,1490.0,Registered,19
9275000,Toyota,Allion,2012,139000.0,Automatic,Petrol,1500.0,Registered,14
4200000,Toyota,Sprinter,1998,200000.0,Automatic,Petrol,1500.0,Registered,28
10800000,Toyota,Prius,2014,125000.0,Automatic,Petrol,1790.0,Registered,12
5175000,Toyota,Vios,2003,132000.0,Automatic,Petrol,1500.0,Registered,23
4000000,Toyota,Corolla,2000,0.0,Manual,Petrol,1500.0,Registered,26
7200000,Toyota,Axio,2007,123.0,Automatic,Petrol,1500.0,Registered,19
6895000,Toyota,Axio,2007,211000.0,Automatic,Petrol,1500.0,Registered,19
5500000,Toyota,Vitz,2008,167000.0,Automatic,Petrol,1000.0,Registered,18
6475000,Toyota,Allion,2003,178000.0,Automatic,Petrol,1500.0,Registered,23
9500000,Toyota,Yaris,2017,152000.0,Automatic,Petrol,1329.0,Registered,9
10250000,Toyota,Prius,2012,195000.0,Automatic,Petrol,1800.0,Registered,14
3990000,Toyota,Corolla,1998,260000.0,Automatic,Diesel,1975.0,Registered,28
8950000,Toyota,Yaris,2023,12000.0,Automatic,Petrol,1000.0,Registered,3
9500000,Toyota,Axio,2014,123.0,Automatic,Petrol,1500.0,Registered,12
7775000,Toyota,Aqua,2015,138200.0,Automatic,Petrol,1000.0,Registered,11
6600000,Toyota,Passo,2017,99600.0,Automatic,Petrol,1000.0,Registered,9
15000000,Toyota,Premio,2018,60000.0,Automatic,Petrol,1500.0,Registered,8
12300000,Toyota,Axio,2017,82500.0,Automatic,Hybrid,1500.0,Registered,9
6775000,Toyota,Aqua,2012,102000.0,Automatic,Petrol,1496.0,Registered,14
9375000,Toyota,Axio,2015,140000.0,Manual,Petrol,1500.0,Registered,11
6950000,Toyota,Aqua,2013,165000.0,Automatic,Hybrid,1500.0,Registered,13
8200000,Toyota,Aqua,2015,79000.0,Automatic,Hybrid,1500.0,Registered,11
9250000,Toyota,Premio,2010,165000.0,Automatic,Hybrid,1500.0,Registered,16
6600000,Toyota,Allion,2006,270000.0,Automatic,Petrol,1496.0,Registered,20
5850000,Toyota,Wigo,2017,95000.0,Automatic,Petrol,1000.0,Registered,9
6700000,Toyota,Axio,2007,220000.0,Manual,Petrol,1500.0,Registered,19
5500000,Toyota,Carina,1999,293000.0,Automatic,Petrol,1800.0,Registered,27
9800000,Toyota,Yaris,2025,6000.0,Automatic,Petrol,1000.0,Registered,1
4375000,Toyota,Passo,2004,193000.0,Automatic,Petrol,1000.0,Registered,22
11600000,Toyota,Premio,2015,159000.0,Automatic,Petrol,1500.0,Registered,11
6800000,Toyota,Corolla,2008,128000.0,Automatic,Petrol,1000.0,Registered,18
11000000,Toyota,Prius,2015,147000.0,Automatic,Hybrid,1500.0,Registered,11
15000000,Toyota,Premio,2017,105000.0,Automatic,Petrol,1500.0,Registered,9
6890000,Toyota,Aqua,2013,0.0,Automatic,Petrol,1490.0,Registered,13
17800000,Toyota,Premio,2020,164000.0,Automatic,Petrol,1500.0,Registered,6
9200000,Toyota,Yaris,2023,0.0,Automatic,Petrol,1490.0,Registered,3
7150000,Toyota,Vitz,2015,105000.0,Manual,Petrol,1000.0,Registered,11
5990000,Toyota,Belta,2007,120000.0,Manual,Petrol,1300.0,Registered,19
9850000,Toyota,Premio,2013,180000.0,Manual,Petrol,1500.0,Registered,13
9100000,Toyota,Allion,2007,117000.0,Automatic,Petrol,1500.0,Registered,19
4500000,Toyota,Corolla,1999,65000.0,Automatic,Petrol,1500.0,Registered,27
14600000,Toyota,Premio,2017,70000.0,Automatic,Petrol,1500.0,Registered,9
5550000,Toyota,Vitz,2008,147224.0,Automatic,Petrol,1490.0,Registered,18
5900000,Toyota,Belta,2008,0.0,Automatic,Petrol,1300.0,Registered,18
6975000,Toyota,Aqua,2012,322000.0,Automatic,Hybrid,1500.0,Registered,14
6350000,Toyota,Aqua,2012,133000.0,Automatic,Petrol,1500.0,Registered,14
10200000,Toyota,Axio,2016,132000.0,Automatic,Petrol,1500.0,Registered,10
8400000,Toyota,Axio,2015,148000.0,Automatic,Petrol,1200.0,Registered,11
7550000,Toyota,Vitz,2016,129853.0,Manual,Petrol,1200.0,Registered,10
8500000,Toyota,Yaris,2023,5000.0,Automatic,Petrol,660.0,Registered,3
4750000,Toyota,IST,2003,200000.0,Automatic,Petrol,1300.0,Registered,23
5250000,Toyota,Vios,2003,100000.0,Manual,Petrol,1500.0,Registered,23
8675000,Toyota,Yaris,2023,33000.0,Automatic,Petrol,1000.0,Registered,3
13700000,Toyota,Axio,2024,4000.0,Automatic,Hybrid,1496.0,Registered,2
10200000,Toyota,Premio,2012,158000.0,Automatic,Petrol,1490.0,Registered,14
10800000,Toyota,Premio,2014,205000.0,Automatic,Petrol,1500.0,Registered,12
7650000,Toyota,Vitz,2017,75000.0,Automatic,Petrol,1000.0,Registered,9
8300000,Toyota,Vitz,2019,120000.0,Automatic,Petrol,990.0,Registered,7
8000000,Toyota,Allion,2007,260000.0,Automatic,Petrol,1500.0,Registered,19
10500000,Toyota,Prius,2012,165000.0,Automatic,Hybrid,1800.0,Registered,14
7950000,Toyota,Passo,2023,4000.0,Automatic,Petrol,996.0,Registered,3
16000000,Toyota,Corolla,2021,75000.0,Automatic,Petrol,1800.0,Registered,5
12800000,Toyota,Corolla,2014,30000.0,Automatic,Petrol,1600.0,Registered,12
2450000,Toyota,Corolla,1992,197000.0,Manual,Diesel,2000.0,Registered,34
7900000,Toyota,Vitz,2008,95360.0,Automatic,Petrol,990.0,Registered,18
15750000,Toyota,Premio,2019,8500.0,Automatic,Petrol,1499.0,Registered,7
4000000,Toyota,Corolla,1998,136000.0,Automatic,Petrol,1500.0,Registered,28
4350000,Toyota,Carina,1996,120000.0,Automatic,Petrol,1490.0,Registered,30
7450000,Toyota,Vitz,2016,146000.0,Automatic,Petrol,1000.0,Registered,10
8800000,Toyota,Premio,2007,181000.0,Automatic,Petrol,1500.0,Registered,19
7950000,Toyota,Allion,2003,245000.0,Automatic,Petrol,1500.0,Registered,23
11400000,Toyota,Prius,2009,210000.0,Automatic,Petrol,1790.0,Registered,17
4860000,Toyota,Carina,1998,0.0,Automatic,Petrol,1500.0,Registered,28
10400000,Toyota,Premio,2013,128000.0,Automatic,Petrol,1500.0,Registered,13
9500000,Toyota,Allion,2011,0.0,Automatic,Petrol,1400.0,Registered,15
9600000,Toyota,Prius,2013,5000.0,Automatic,Hybrid,1800.0,Registered,13
8650000,Toyota,Prius,2012,128000.0,Automatic,Hybrid,1500.0,Registered,14
8500000,Toyota,Axio,2014,187000.0,Automatic,Petrol,1500.0,Registered,12
5800000,Toyota,Prius,2008,240000.0,Automatic,Hybrid,1500.0,Registered,18
7600000,Toyota,Aqua,2013,138000.0,Automatic,Hybrid,1490.0,Registered,13
6300000,Toyota,Allion,2002,174334.0,Automatic,Petrol,1500.0,Registered,24
5850000,Toyota,IST,2007,148000.0,Automatic,Petrol,1290.0,Registered,19
5650000,Toyota,IST,2005,132000.0,Automatic,Petrol,1290.0,Registered,21
8650000,Toyota,Aqua,2013,150000.0,Automatic,Petrol,1000.0,Registered,13
10400000,Toyota,Premio,2013,154000.0,Automatic,Petrol,1500.0,Registered,13
12400000,Toyota,Premio,2015,100000.0,Automatic,Petrol,1500.0,Registered,11
8350000,Toyota,Axio,2014,187000.0,Automatic,Petrol,1200.0,Registered,12
5000000,Toyota,Vios,2003,187000.0,Automatic,Petrol,1500.0,Registered,23
9000000,Toyota,Aqua,2015,135000.0,Automatic,Hybrid,1490.0,Registered,11
8600000,Toyota,Vitz,2019,44100.0,Manual,Petrol,1200.0,Registered,7
1750000,Toyota,DX Wagon,1992,200000.0,Manual,Petrol,1300.0,Registered,34
5875000,Toyota,Vitz,2008,143000.0,Automatic,Petrol,1300.0,Registered,18
6400000,Toyota,Allion,2003,178344.0,Automatic,Petrol,1500.0,Registered,23
6050000,Toyota,Allion,2002,295000.0,Automatic,Petrol,1500.0,Registered,24
8750000,Toyota,Yaris,2023,0.0,Automatic,Petrol,1000.0,Registered,3
8600000,Toyota,Axio,2014,0.0,Automatic,Hybrid,1500.0,Registered,12
2750000,Toyota,Vista,1997,155000.0,Manual,Petrol,1838.0,Registered,29
12700000,Toyota,Premio,2017,9000.0,Automatic,Hybrid,1500.0,Registered,9
10800000,Toyota,Axio,2016,14500.0,Automatic,Hybrid,1500.0,Registered,10
8300000,Toyota,Prius,2010,1100.0,Automatic,Petrol,1500.0,Registered,16
9500000,Toyota,Axio,2015,204000.0,Automatic,Hybrid,1500.0,Registered,11
11200000,Toyota,Premio,2013,139000.0,Automatic,Hybrid,1500.0,Registered,13
10900000,Toyota,Prius,2014,136000.0,Automatic,Hybrid,1500.0,Registered,12
8500000,Toyota,Axio,2014,170000.0,Automatic,Hybrid,1500.0,Registered,12
1120000,Toyota,Prius,2014,118000.0,Automatic,Petrol,1800.0,Registered,12
8350000,Toyota,Aqua,2015,125000.0,Automatic,Hybrid,1500.0,Registered,11
4900000,Toyota,Vitz,2007,148000.0,Automatic,Petrol,1000.0,Registered,19
7500000,Toyota,Aqua,2013,173000.0,Automatic,Hybrid,1500.0,Registered,13
7350000,Toyota,Aqua,2014,161000.0,Automatic,Hybrid,1500.0,Registered,12
9800000,Toyota,Axio,2016,105000.0,Automatic,Hybrid,1500.0,Registered,10
7250000,Toyota,Aqua,2013,93000.0,Automatic,Hybrid,1500.0,Registered,13
5300000,Toyota,Vios,2003,160300.0,Automatic,Petrol,1500.0,Registered,23
6750000,Toyota,Aqua,2015,100000.0,Automatic,Petrol,1500.0,Registered,11
7990000,Toyota,Aqua,2015,175000.0,Automatic,Hybrid,1500.0,Registered,11
1600000,Toyota,Corolla,1990,100000.0,Manual,Petrol,1200.0,Registered,36
8450000,Toyota,Axio,2013,104000.0,Automatic,Petrol,1500.0,Registered,13
15900000,Toyota,Yaris,2025,0.0,Automatic,Petrol,1200.0,Registered,1
14300000,Toyota,Premio,2018,67000.0,Automatic,Petrol,1500.0,Registered,8
5500000,Toyota,Carina,2000,190000.0,Automatic,Petrol,1500.0,Registered,26
4800000,Toyota,Passo,2007,134000.0,Automatic,Petrol,1000.0,Registered,19
16500000,Toyota,Yaris Ativ,2025,2000.0,Automatic,Petrol,1500.0,Registered,1
7700000,Toyota,Vitz,2017,90000.0,Automatic,Petrol,1000.0,Registered,9
13500000,Toyota,Allion,2016,135000.0,Automatic,Petrol,1500.0,Registered,10
10500000,Toyota,Prius,2012,145000.0,Automatic,Petrol,1790.0,Registered,14
1500000,Toyota,Tercel,1990,175000.0,Manual,Petrol,1300.0,Registered,36
7600000,Toyota,Aqua,2014,135000.0,Automatic,Petrol,1490.0,Registered,12
7800000,Toyota,Vitz,2018,125000.0,Automatic,Petrol,1000.0,Registered,8
5200000,Toyota,Vitz,2007,155000.0,Automatic,Petrol,990.0,Registered,19
16500000,Toyota,Yaris Ativ,2025,0.0,Automatic,Petrol,1200.0,Registered,1
8600000,Toyota,Vitz,2019,55965.0,Manual,Petrol,1250.0,Registered,7
6525000,Toyota,Corolla,2008,212000.0,Automatic,Petrol,1600.0,Registered,18
6750000,Toyota,Axio,2007,213000.0,Automatic,Petrol,1500.0,Registered,19
7250000,Toyota,Axio,2011,0.0,Automatic,Petrol,1499.0,Registered,15
2250000,Toyota,Carina,1990,112000.0,Automatic,Petrol,1500.0,Registered,36
8800000,Toyota,Passo,2023,18000.0,Automatic,Petrol,1000.0,Registered,3
8950000,Toyota,Yaris,2023,18000.0,Automatic,Petrol,1000.0,Registered,3
9200000,Toyota,Yaris,2023,40000.0,Automatic,Petrol,1000.0,Registered,3
7325000,Toyota,Vitz,2015,97000.0,Automatic,Petrol,990.0,Registered,11
5200000,Toyota,Vitz,2007,160000.0,Automatic,Petrol,1000.0,Registered,19
9350000,Toyota,Axio,2010,0.0,Automatic,Petrol,1200.0,Registered,16
8600000,Toyota,Vitz,2019,43500.0,Automatic,Petrol,990.0,Registered,7
7000000,Toyota,Aqua,2013,95000.0,Automatic,Hybrid,1490.0,Registered,13
3050000,Toyota,Corolla,1998,227000.0,Automatic,Diesel,2000.0,Registered,28
11200000,Toyota,Premio,2014,199000.0,Automatic,Petrol,1500.0,Registered,12
13000000,Toyota,Fielder,2024,0.0,Automatic,Petrol,1500.0,Registered,2
13000000,Toyota,Axio,2025,0.0,Automatic,Petrol,1500.0,Registered,1
11300000,Toyota,Prius,2014,159000.0,Other,Petrol,770.0,Registered,12
4900000,Toyota,IST,2003,100000.0,Automatic,Petrol,1300.0,Registered,23
11000000,Toyota,Premio,2013,168000.0,Automatic,Petrol,1490.0,Registered,13
6500000,Toyota,Aqua,2013,110000.0,Automatic,Hybrid,1500.0,Registered,13
6990000,Toyota,Aqua,2012,164000.0,Automatic,Hybrid,1500.0,Registered,14
7250000,Toyota,Aqua,2014,170000.0,Automatic,Hybrid,1500.0,Registered,12
10000000,Toyota,Axio,2015,80000.0,Automatic,Petrol,1490.0,Registered,11
6275000,Toyota,Vitz,2013,90000.0,Automatic,Petrol,1300.0,Registered,13
7400000,Toyota,Aqua,2013,150000.0,Automatic,Petrol,1000.0,Registered,13
6150000,Toyota,Aqua,2013,156000.0,Automatic,Hybrid,1500.0,Registered,13
8925000,Toyota,Prius,2010,121000.0,Automatic,Petrol,1790.0,Registered,16
4750000,Toyota,Vios,2004,150000.0,Automatic,Petrol,1500.0,Registered,22
12000000,Toyota,Axio,2018,70000.0,Automatic,Petrol,1500.0,Registered,8
12500000,Toyota,Yaris,2023,28880.0,Automatic,Hybrid,1500.0,Registered,3
8375000,Toyota,Allion,2009,182000.0,Automatic,Petrol,1800.0,Registered,17
6650000,Toyota,Vitz,2016,126000.0,Automatic,Petrol,1000.0,Registered,10
7300000,Toyota,Aqua,2011,93000.0,Automatic,Petrol,1496.0,Registered,15
12200000,Toyota,Axio,2018,85000.0,Automatic,Petrol,1500.0,Registered,8
7350000,Toyota,Aqua,2013,125000.0,Automatic,Petrol,1330.0,Registered,13
6650000,Toyota,Aqua,2012,164000.0,Automatic,Hybrid,1500.0,Registered,14
7450000,Toyota,Aqua,2014,105000.0,Automatic,Petrol,1330.0,Registered,12
4700000,Toyota,Corolla,2002,210000.0,Manual,Petrol,1490.0,Registered,24
8800000,Toyota,Allion,2011,130000.0,Automatic,Petrol,1798.0,Registered,15
8500000,Toyota,Prius,2014,161000.0,Automatic,Petrol,1500.0,Registered,12
6950000,Toyota,Allion,2003,217000.0,Automatic,Petrol,1500.0,Registered,23
6350000,Toyota,Axio,2007,170000.0,Automatic,Petrol,1500.0,Registered,19
7800000,Toyota,Yaris,2007,200000.0,Automatic,Petrol,1200.0,Registered,19
7900000,Toyota,Vitz,2019,92000.0,Automatic,Petrol,1000.0,Registered,7
5700000,Toyota,Belta,2007,148514.0,Automatic,Petrol,1000.0,Registered,19
15890000,Toyota,Axio,2025,0.0,Automatic,Petrol,1500.0,Registered,1
735000,Toyota,Vitz,2017,86000.0,Automatic,Petrol,1000.0,Registered,9
14200000,Toyota,Premio,2017,93000.0,Automatic,Petrol,1500.0,Registered,9
9200000,Toyota,Yaris,2023,0.0,Automatic,Hybrid,1200.0,Registered,3
3300000,Toyota,Sprinter,1995,390000.0,Manual,Petrol,1500.0,Registered,31
6950000,Toyota,Allion,2003,217000.0,Automatic,Petrol,1490.0,Registered,23
7625000,Toyota,Passo,2018,22000.0,Automatic,Petrol,1000.0,Registered,8
14600000,Toyota,Premio,2017,115000.0,Automatic,Petrol,1500.0,Registered,9
8400000,Toyota,Vitz,2017,90000.0,Automatic,Petrol,1200.0,Registered,9
8100000,Toyota,Vitz,2018,81000.0,Automatic,Petrol,1200.0,Registered,8
11700000,Toyota,Axio,2017,110000.0,Automatic,Petrol,1400.0,Registered,9
10600000,Toyota,Premio,2015,129000.0,Automatic,Petrol,1000.0,Registered,11
7550000,Toyota,Vitz,2017,75000.0,Automatic,Petrol,1000.0,Registered,9
7500000,Toyota,Allion,2004,128000.0,Automatic,Petrol,1000.0,Registered,22
7060000,Toyota,Allion,2003,155000.0,Automatic,Petrol,1500.0,Registered,23
7500000,Toyota,Aqua,2013,203400.0,Automatic,Hybrid,1490.0,Registered,13
3200000,Toyota,Carina,1995,120000.0,Automatic,Petrol,1500.0,Registered,31
8975000,Toyota,Aqua,2015,152000.0,Automatic,Petrol,1500.0,Registered,11
3150000,Toyota,Carina,1993,0.0,Manual,Petrol,1500.0,Registered,33
10500000,Toyota,Prius,2013,162000.0,Automatic,Hybrid,1800.0,Registered,13
6300000,Toyota,Belta,2008,190000.0,Automatic,Petrol,990.0,Registered,18
11000000,Toyota,Prius,2010,162000.0,Automatic,Hybrid,1500.0,Registered,16
6800000,Toyota,Axio,2008,152000.0,Automatic,Petrol,1500.0,Registered,18
5200000,Toyota,Vitz,2008,151800.0,Automatic,Petrol,1000.0,Registered,18
1080000,Toyota,Prius,2013,177000.0,Automatic,Hybrid,1798.0,Registered,13
4650000,Toyota,Passo,2008,204000.0,Automatic,Petrol,990.0,Registered,18
6850000,Toyota,Aqua,2012,148439.0,Automatic,Petrol,1500.0,Registered,14
12950000,Toyota,Premio,2016,110450.0,Automatic,Hybrid,1496.0,Registered,10
8800000,Toyota,Aqua,2015,92000.0,Automatic,Hybrid,1490.0,Registered,11
5900000,Toyota,Corolla,2003,0.0,Automatic,Petrol,1196.0,Registered,23
3550000,Toyota,Starlet,1997,130000.0,Automatic,Petrol,1300.0,Registered,29
6100000,Toyota,Yaris,2008,88000.0,Automatic,Petrol,1000.0,Registered,18
11250000,Toyota,Roomy,2025,0.0,Automatic,Petrol,996.0,Registered,1
5150000,Toyota,Vios,2003,174000.0,Automatic,Petrol,1490.0,Registered,23
12100000,Toyota,Axio,2017,123000.0,Automatic,Hybrid,1500.0,Registered,9
8950000,Toyota,Vitz,2019,20000.0,Automatic,Hybrid,1000.0,Registered,7
6375000,Toyota,Corolla,2008,190000.0,Automatic,Petrol,1490.0,Registered,18
9490000,Toyota,Yaris,2024,21000.0,Automatic,Petrol,1000.0,Registered,2
3150000,Toyota,Corolla,1996,224000.0,Automatic,Diesel,2000.0,Registered,30
8400000,Toyota,Axio,2013,155000.0,Automatic,Hybrid,1500.0,Registered,13
7000000,Toyota,Aqua,2012,123500.0,Automatic,Hybrid,1500.0,Registered,14
8650000,Toyota,Premio,2007,170000.0,Automatic,Petrol,1490.0,Registered,19
3000000,Toyota,Carina,1992,230000.0,Manual,Petrol,1100.0,Registered,34
6400000,Toyota,Prius,2008,180000.0,Automatic,Petrol,1780.0,Registered,18
5800000,Toyota,Corolla,2003,239000.0,Automatic,Petrol,1500.0,Registered,23
6850000,Toyota,Corolla,2007,132000.0,Automatic,Hybrid,1500.0,Registered,19
4650000,Toyota,Passo,2007,139000.0,Automatic,Petrol,1297.0,Registered,19
7700000,Toyota,Allion,2007,215000.0,Automatic,Petrol,1496.0,Registered,19
5500000,Toyota,Vitz,2008,170000.0,Automatic,Petrol,1300.0,Registered,18
6400000,Toyota,Prius,2008,124000.0,Automatic,Hybrid,1499.0,Registered,18
7250000,Toyota,Aqua,2014,103000.0,Automatic,Petrol,1490.0,Registered,12
2925000,Toyota,AE100,1998,165000.0,Manual,Petrol,1000.0,Registered,28
6000000,Toyota,Corolla,2006,181561.0,Manual,Petrol,1300.0,Registered,20
5050000,Toyota,Vitz,2007,114000.0,Automatic,Petrol,990.0,Registered,19
5250000,Toyota,Vitz,2007,141000.0,Automatic,Petrol,1000.0,Registered,19
7750000,Toyota,Vitz,2018,98500.0,Automatic,Petrol,1000.0,Registered,8
8150000,Toyota,Passo,2023,6600.0,Automatic,Petrol,660.0,Registered,3
6200000,Toyota,Allion,2002,160000.0,Automatic,Petrol,1500.0,Registered,24
15900000,Toyota,Corolla,2022,12000.0,Automatic,Petrol,1500.0,Registered,4
6250000,Toyota,Yaris,2008,170000.0,Manual,Petrol,1296.0,Registered,18
7975000,Toyota,Allion,2008,118000.0,Automatic,Petrol,1500.0,Registered,18
6180000,Toyota,Belta,2009,146000.0,Automatic,Petrol,1000.0,Registered,17
2950000,Toyota,Corolla,1993,0.0,Manual,Petrol,1500.0,Registered,33
6850000,Toyota,Aqua,2012,219000.0,Automatic,Hybrid,1500.0,Registered,14
7900000,Toyota,Aqua,2013,113000.0,Automatic,Petrol,1496.0,Registered,13
4200000,Toyota,Corolla,1997,0.0,Automatic,Petrol,1490.0,Registered,29
5275000,Toyota,Vitz,2008,160000.0,Automatic,Petrol,1000.0,Registered,18
7450000,Toyota,Aqua,2014,152000.0,Automatic,Petrol,1500.0,Registered,12
14000000,Toyota,Premio,2017,99000.0,Automatic,Petrol,1500.0,Registered,9
5780000,Toyota,Vitz,2007,156219.0,Automatic,Petrol,1300.0,Registered,19
5850000,Toyota,Corolla,2005,185000.0,Manual,Petrol,1300.0,Registered,21
5875000,Toyota,Vitz,2007,125000.0,Automatic,Petrol,1300.0,Registered,19
5100000,Toyota,Vios,2004,226000.0,Automatic,Petrol,1500.0,Registered,22
2850000,Toyota,AE100,1993,319000.0,Manual,Petrol,1500.0,Registered,33
2995000,Toyota,Corolla,1994,190000.0,Automatic,Petrol,1330.0,Registered,32
6895000,Toyota,Vitz,2013,81450.0,Automatic,Petrol,1300.0,Registered,13
4575000,Toyota,IST,2003,205200.0,Manual,Petrol,1299.0,Registered,23
6650000,Toyota,Vitz,2016,150000.0,Manual,Petrol,1400.0,Registered,10
8250000,Toyota,Prius,2010,148000.0,Automatic,Hybrid,1800.0,Registered,16
8000000,Toyota,Aqua,2016,82000.0,Automatic,Hybrid,1500.0,Registered,10
6650000,Toyota,Vitz,2016,150000.0,Automatic,Petrol,1200.0,Registered,10
4700000,Toyota,Passo,2007,157000.0,Automatic,Petrol,960.0,Registered,19
13500000,Toyota,Premio,2014,100000.0,Automatic,Petrol,1500.0,Registered,12
4600000,Toyota,Passo,2008,154000.0,Automatic,Petrol,1000.0,Registered,18
8300000,Toyota,Vitz,2018,150000.0,Automatic,Petrol,1300.0,Registered,8
8100000,Toyota,Passo,2023,6600.0,Automatic,Petrol,660.0,Registered,3
4350000,Toyota,Starlet,1997,0.0,Manual,Petrol,1300.0,Registered,29
5975000,Toyota,Yaris,2008,135000.0,Automatic,Petrol,1300.0,Registered,18
13500000,Toyota,Premio,2017,67000.0,Automatic,Petrol,1490.0,Registered,9
6750000,Toyota,Allion,2003,0.0,Manual,Petrol,1490.0,Registered,23
5200000,Toyota,Vitz,2007,157800.0,Automatic,Petrol,1000.0,Registered,19
8765000,Toyota,Yaris,2024,35000.0,Automatic,Petrol,1000.0,Registered,2
8795000,Toyota,Yaris,2024,32500.0,Automatic,Petrol,1000.0,Registered,2
6500000,Toyota,Prius,2007,196000.0,Automatic,Petrol,1496.0,Registered,19
7700000,Toyota,Allion,2008,174000.0,Automatic,Petrol,1490.0,Registered,18
9500000,Toyota,Prius,2013,173000.0,Automatic,Hybrid,1800.0,Registered,13
8795000,Toyota,Yaris,2024,21000.0,Automatic,Petrol,1000.0,Registered,2
7800000,Toyota,Aqua,2013,160000.0,Automatic,Petrol,1000.0,Registered,13
10700000,Toyota,Prius,2014,156000.0,Automatic,Hybrid,1790.0,Registered,12
2475000,Toyota,Corsa,1993,254646.0,Manual,Diesel,1500.0,Registered,33
8250000,Toyota,Vitz,2018,81000.0,Automatic,Petrol,1000.0,Registered,8
7600000,Toyota,Premio,2005,216000.0,Automatic,Petrol,1500.0,Registered,21
7550000,Toyota,Axio,2010,224477.0,Automatic,Petrol,1500.0,Registered,16
7890000,Toyota,Vitz,2018,79000.0,Automatic,Petrol,1200.0,Registered,8
9500000,Toyota,Yaris,2023,20000.0,Automatic,Petrol,990.0,Registered,3
6025000,Toyota,IST,2007,148000.0,Automatic,Petrol,1490.0,Registered,19
7400000,Toyota,Vitz,2015,146000.0,Automatic,Petrol,1000.0,Registered,11
6790000,Toyota,Vitz,2015,116000.0,Automatic,Petrol,1500.0,Registered,11
10700000,Toyota,Premio,2013,0.0,Automatic,Petrol,1800.0,Registered,13
8090000,Toyota,Axio,2010,250000.0,Automatic,Petrol,1500.0,Registered,16
4810000,Toyota,Vios,2003,184000.0,Automatic,Petrol,1500.0,Registered,23
3750000,Toyota,Carina,1996,200000.0,Automatic,Diesel,2000.0,Registered,30
8975000,Toyota,Yaris,2023,18000.0,Automatic,Petrol,1000.0,Registered,3
9750000,Toyota,Premio,2012,214000.0,Automatic,Petrol,1300.0,Registered,14
5150000,Toyota,Vitz,2008,78000.0,Automatic,Petrol,1000.0,Registered,18
5450000,Toyota,Vitz,2008,128000.0,Automatic,Petrol,1500.0,Registered,18
8175000,Toyota,Prius,2010,160000.0,Automatic,Hybrid,1780.0,Registered,16
11300000,Toyota,Premio,2014,205000.0,Automatic,Petrol,1500.0,Registered,12
4800000,Toyota,Passo,2007,0.0,Automatic,Petrol,990.0,Registered,19
3250000,Toyota,Corolla,2000,210000.0,Manual,Petrol,1490.0,Registered,26
11700000,Toyota,Premio,2014,128000.0,Automatic,Petrol,1500.0,Registered,12
5700000,Toyota,Belta,2007,200000.0,Automatic,Petrol,1000.0,Registered,19
9500000,Toyota,Premio,2011,0.0,Automatic,Petrol,1500.0,Registered,15
7650000,Toyota,Aqua,2014,185000.0,Automatic,Hybrid,1500.0,Registered,12
10400000,Toyota,Premio,2013,167000.0,Automatic,Petrol,1500.0,Registered,13
8500000,Toyota,Prius,2011,214000.0,Automatic,Hybrid,1800.0,Registered,15
2800000,Toyota,Soluna,2002,220000.0,Manual,Petrol,1500.0,Registered,24
7150000,Toyota,Aqua,2014,175000.0,Automatic,Petrol,1490.0,Registered,12
6400000,Toyota,Corolla,2008,170000.0,Automatic,Petrol,1490.0,Registered,18
6200000,Toyota,IST,2007,155000.0,Automatic,Petrol,1000.0,Registered,19
5750000,Toyota,Yaris,2008,177000.0,Automatic,Petrol,1300.0,Registered,18
7580000,Toyota,Aqua,2013,171890.0,Automatic,Hybrid,1500.0,Registered,13
10800000,Toyota,Axio,2016,143714.0,Automatic,Hybrid,1500.0,Registered,10
7400000,Toyota,Aqua,2014,80000.0,Automatic,Petrol,1500.0,Registered,12
8300000,Toyota,Allion,2007,185000.0,Automatic,Petrol,1500.0,Registered,19
8990000,Toyota,Prius,2011,20800.0,Automatic,Hybrid,1800.0,Registered,15
8200000,Toyota,Allion,2005,175000.0,Automatic,Petrol,1000.0,Registered,21
7950000,Toyota,Aqua,2014,125000.0,Automatic,Petrol,1330.0,Registered,12
8390000,Toyota,Aqua,2015,95400.0,Automatic,Hybrid,1500.0,Registered,11
6600000,Toyota,Corolla,2008,211000.0,Automatic,Petrol,1590.0,Registered,18
9500000,Toyota,Premio,2011,172000.0,Automatic,Petrol,1500.0,Registered,15
6000000,Toyota,Prius,2008,340000.0,Automatic,Petrol,1000.0,Registered,18
7400000,Toyota,Vitz,2018,91000.0,Automatic,Hybrid,1000.0,Registered,8
7800000,Toyota,Vitz,2018,72700.0,Automatic,Petrol,1000.0,Registered,8
6690000,Toyota,Yaris,2011,158000.0,Automatic,Petrol,1300.0,Registered,15
8500000,Toyota,Aqua,2015,117000.0,Automatic,Hybrid,1500.0,Registered,11
5300000,Toyota,Vitz,2009,110000.0,Automatic,Petrol,1000.0,Registered,17
7800000,Toyota,Axio,2008,206000.0,Automatic,Petrol,1500.0,Registered,18
7500000,Toyota,Aqua,2013,112000.0,Automatic,Hybrid,1500.0,Registered,13
5800000,Toyota,Vitz,2011,120000.0,Automatic,Petrol,990.0,Registered,15
13100000,Toyota,Premio,2017,185000.0,Automatic,Hybrid,1500.0,Registered,9
2450000,Toyota,Carina,2002,0.0,Manual,Petrol,700.0,Registered,24
13500000,Toyota,Premio,2016,112000.0,Automatic,Petrol,1800.0,Registered,10
3850000,Toyota,Corolla,1997,187000.0,Automatic,Petrol,1500.0,Registered,29
6350000,Toyota,Corolla,2008,0.0,Manual,Petrol,1600.0,Registered,18
2700000,Toyota,Sprinter,1994,827.0,Manual,Petrol,1500.0,Registered,32
3900000,Toyota,Carina,1996,410000.0,Manual,Diesel,1500.0,Registered,30
8850000,Toyota,Vitz,2019,28500.0,Automatic,Petrol,1330.0,Registered,7
15500000,Toyota,Premio,2019,78000.0,Automatic,Petrol,1490.0,Registered,7
7000000,Toyota,Aqua,2013,120000.0,Automatic,Petrol,1500.0,Registered,13
8500000,Toyota,Aqua,2015,143641.0,Automatic,Petrol,1490.0,Registered,11
6550000,Toyota,Aqua,2012,198000.0,Automatic,Petrol,1000.0,Registered,14
4300000,Toyota,Corolla,1997,237000.0,Automatic,Petrol,1500.0,Registered,29
9300000,Toyota,Allion,2010,140000.0,Automatic,Petrol,1800.0,Registered,16
7800000,Toyota,Vitz,2018,92000.0,Automatic,Petrol,1500.0,Registered,8
7300000,Toyota,Tank,2017,0.0,Automatic,Petrol,1200.0,Registered,9
7675000,Toyota,Vitz,2018,68000.0,Automatic,Petrol,1500.0,Registered,8
10200000,Toyota,Yaris,2025,0.0,Automatic,Petrol,1000.0,Registered,1
7150000,Toyota,Vitz,2016,75000.0,Automatic,Petrol,1000.0,Registered,10
4850000,Toyota,Camry,2002,183000.0,Automatic,Petrol,1998.0,Registered,24
11690000,Toyota,Premio,2015,112000.0,Automatic,Petrol,1490.0,Registered,11
7300000,Toyota,Axio,2008,210000.0,Automatic,Petrol,1500.0,Registered,18
5300000,Toyota,Vitz,2008,128000.0,Automatic,Petrol,1000.0,Registered,18
7500000,Toyota,Aqua,2012,125000.0,Automatic,Petrol,1000.0,Registered,14
7400000,Toyota,Allion,2008,168000.0,Automatic,Petrol,1500.0,Registered,18
5850000,Toyota,Vitz,2009,111370.0,Automatic,Petrol,990.0,Registered,17
9800000,Toyota,Yaris,2023,123.0,Automatic,Hybrid,1000.0,Registered,3
16700000,Toyota,Prius,2023,0.0,Automatic,Hybrid,1800.0,Registered,3
7500000,Toyota,Aqua,2013,110000.0,Automatic,Hybrid,1000.0,Registered,13
11450000,Toyota,Axio,2016,102500.0,Automatic,Hybrid,1500.0,Registered,10
14800000,Toyota,Premio,2018,94000.0,Automatic,Petrol,1200.0,Registered,8
7150000,Toyota,Allion,2010,0.0,Manual,Petrol,1700.0,Registered,16
8500000,Toyota,Vitz,2016,81000.0,Automatic,Petrol,1000.0,Registered,10
15500000,Toyota,Premio,2017,130000.0,Automatic,Petrol,1500.0,Registered,9
9690000,Toyota,Yaris,2023,18500.0,Automatic,Petrol,996.0,Registered,3
15500000,Toyota,Premio,2018,29000.0,Manual,Petrol,1800.0,Registered,8
8900000,Toyota,Prius,2011,200000.0,Automatic,Hybrid,1800.0,Registered,15
6750000,Toyota,Prius,2008,178000.0,Automatic,Hybrid,1500.0,Registered,18
9800000,Toyota,Yaris,2024,7000.0,Automatic,Petrol,1000.0,Registered,2
2875000,Toyota,Starlet,1998,200000.0,Automatic,Diesel,1450.0,Registered,28
12150000,Toyota,Premio,2014,77421.0,Automatic,Petrol,1400.0,Registered,12
2500000,Toyota,Corolla,1997,185000.0,Automatic,Petrol,1330.0,Registered,29
9200000,Toyota,Yaris,2023,2500.0,Automatic,Hybrid,690.0,Registered,3
7000000,Toyota,Vitz,2015,0.0,Automatic,Petrol,990.0,Registered,11
8100000,Toyota,Prius,2013,140000.0,Automatic,Petrol,1300.0,Registered,13
7200000,Toyota,Vitz,2016,88000.0,Automatic,Petrol,1320.0,Registered,10
9500000,Toyota,Prius,2014,132000.0,Automatic,Petrol,1200.0,Registered,12
8300000,Toyota,Vitz,2019,49000.0,Automatic,Petrol,1200.0,Registered,7
6200000,Toyota,Aqua,2012,153000.0,Automatic,Petrol,1490.0,Registered,14
7800000,Toyota,Allion,2007,260000.0,Automatic,Petrol,1500.0,Registered,19
8300000,Toyota,Aqua,2015,105000.0,Automatic,Petrol,1000.0,Registered,11
5375000,Toyota,Vitz,2007,150000.0,Automatic,Petrol,1000.0,Registered,19
4975000,Toyota,Passo,2010,200000.0,Automatic,Petrol,1000.0,Registered,16
6000000,Toyota,Yaris,2006,190000.0,Automatic,Petrol,1300.0,Registered,20
7800000,Toyota,Aqua,2015,124000.0,Automatic,Hybrid,1500.0,Registered,11
10250000,Toyota,Axio,2015,137000.0,Automatic,Petrol,1500.0,Registered,11
8500000,Toyota,Premio,2008,128000.0,Automatic,Petrol,1500.0,Registered,18
7250000,Toyota,Axio,2007,160000.0,Automatic,Petrol,1500.0,Registered,19
11750000,Toyota,Axio,2017,121000.0,Automatic,Hybrid,1500.0,Registered,9
8250000,Toyota,PASSO XL,2023,41500.0,Automatic,Petrol,1000.0,Unregistered (Recondition),3
8950000,Toyota,Allion,2010,168000.0,Automatic,Petrol,1500.0,Registered (Used),16
12925000,Toyota,Raize Z Grade 1 2cc,2023,4346.0,Automatic,Petrol,1200.0,Unregistered (Recondition),3
12300000,Toyota,Premio,2013,134000.0,Automatic,Petrol,1500.0,Registered (Used),13
28500000,Toyota,HIACE GDH223B,2025,5000.0,Automatic,Diesel,2750.0,Registered (Used),1
58000000,Toyota,Land Cruiser,2024,14000.0,Automatic,Petrol,2700.0,Registered (Used),2
10750000,Toyota,Premio G Superior,2013,143800.0,Automatic,Petrol,1500.0,Registered (Used),13
7900000,Toyota,Axio,2011,200000.0,Automatic,Petrol,1500.0,Registered (Used),15
7350000,Toyota,Allion 240,2006,206000.0,Automatic,Petrol,1500.0,Registered (Used),20
5800000,Toyota,Verossa,2001,178000.0,Automatic,Petrol,2000.0,Registered (Used),25
16900000,Toyota,Premio,2018,68000.0,Automatic,Petrol,1500.0,Registered (Used),8
8050000,Toyota,Vitz,2018,112050.0,Automatic,Petrol,1000.0,Registered (Used),8
1350000,Toyota,Axio,2019,145000.0,Automatic,Petrol,1800.0,Registered (Used),7
9200000,Toyota,Premio,2007,138000.0,Automatic,Petrol,1800.0,Registered (Used),19
10800000,Toyota,Axio,2015,105000.0,Automatic,Hybrid,1500.0,Registered (Used),11
11000000,Toyota,Yaris G Graed,2025,866.0,Automatic,Petrol,1000.0,Registered (Used),1
8950000,Toyota,Roomy,2023,20000.0,Automatic,Petrol,1000.0,Unregistered (Recondition),3
8600000,Toyota,Vitz Safety Edition,2019,94000.0,Automatic,Petrol,996.0,Registered (Used),7
11300000,Toyota,Prius,2012,160000.0,Automatic,Hybrid,1800.0,Registered (Used),14
3450000,Toyota,Corolla Ae110,1997,100000.0,Automatic,Petrol,1500.0,Registered (Used),29
14700000,Toyota,Premio G SUPERIOR,2016,100800.0,Automatic,Petrol,1500.0,Registered (Used),10
18800000,Toyota,KDH 201 GL,2011,250000.0,Automatic,Diesel,2980.0,Registered (Used),15
9850000,Toyota,Prius,2012,168019.0,Automatic,Hybrid,1790.0,Registered (Used),14
6250000,Toyota,Vitz,2009,187000.0,Automatic,Petrol,1300.0,Registered (Used),17
900000,Toyota,Starlet,1991,145000.0,Manual,Diesel,1450.0,Registered (Used),35
10200000,Toyota,Dolphin,1996,185000.0,Manual,Diesel,2850.0,Registered (Used),30
2050000,Toyota,Vista Turbo,1994,10000.0,Automatic,Diesel,2000.0,Registered (Used),32
6600000,Toyota,Noah KR42,2000,2.0,Automatic,Diesel,2180.0,Registered (Used),26
15800000,Toyota,Premio,2017,130000.0,Automatic,Petrol,1490.0,Registered (Used),9
6300000,Toyota,Corolla 141 Lx,2008,180000.0,Automatic,Petrol,1600.0,Registered (Used),18
16675000,Toyota,KDH 200 GL,2006,195400.0,Automatic,Diesel,2500.0,Registered (Used),20
8550000,Toyota,Vitz,2018,44200.0,Automatic,Petrol,1000.0,Registered (Used),8
6400000,Toyota,Vitz,2010,129000.0,Automatic,Petrol,1300.0,Registered (Used),16
2650000,Toyota,Carina,1992,290000.0,Automatic,Diesel,2000.0,Registered (Used),34
7475000,Toyota,RAV4 4WD,2007,216500.0,Automatic,Petrol,2400.0,Registered (Used),19
3250000,Toyota,Duet,2000,222354.0,Automatic,Petrol,1000.0,Registered (Used),26
4200000,Toyota,Starlet EP91,1998,170000.0,Automatic,Petrol,1300.0,Registered (Used),28
5300000,Toyota,Vitz,2008,160000.0,Automatic,Petrol,1000.0,Registered (Used),18
12650000,Toyota,Allion Gplus,2016,119500.0,Automatic,Petrol,1500.0,Registered (Used),10
9000000,Toyota,Prius S Touring,2009,209000.0,Automatic,Hybrid,1790.0,Registered (Used),17
8300000,Toyota,Vitz,2019,142000.0,Automatic,Hybrid,990.0,Registered (Used),7
5975000,Toyota,Yaris,2008,154000.0,Automatic,Petrol,1300.0,Registered (Used),18
5890000,Toyota,Passo KGC30,2013,144000.0,Automatic,Petrol,1000.0,Registered (Used),13
7790000,Toyota,Aqua G Grade,2013,103000.0,Automatic,Hybrid,1500.0,Registered (Used),13
8850000,Toyota,Aqua X Urban,2016,126000.0,Automatic,Hybrid,1490.0,Registered (Used),10
44000000,Toyota,Land Cruiser,2016,90000.0,Automatic,Diesel,2800.0,Registered (Used),10
4250000,Toyota,HIACE,1999,100000.0,Manual,Diesel,2500.0,Registered (Used),27
6350000,Toyota,Belta,2007,191000.0,Automatic,Petrol,1300.0,Registered (Used),19
8475000,Toyota,AQUA URBAN,2015,118000.0,Automatic,Hybrid,1500.0,Registered (Used),11
5300000,Toyota,Dyna,2000,10000.0,Manual,Diesel,4899.0,Registered (Used),26
2950000,Toyota,CM 51,1997,200000.0,Manual,Diesel,1970.0,Registered (Used),29
39000000,Toyota,Land Cruiser Prado Frontier,2017,66000.0,Automatic,Petrol,2700.0,Registered (Used),9
16850000,Toyota,Land Cruiser Prado 120,2007,221000.0,Automatic,Petrol,3998.0,Registered (Used),19
9450000,Toyota,Prius S Touring,2011,204000.0,Automatic,Hybrid,1790.0,Registered (Used),15
12450000,Toyota,Axio,2020,108500.0,Automatic,Petrol,1500.0,Registered (Used),6
11250000,Toyota,Axio,2017,98200.0,Automatic,Hybrid,1500.0,Registered (Used),9
4450000,Toyota,Carina,1997,198000.0,Automatic,Petrol,1500.0,Registered (Used),29
3490000,Toyota,Cynos,1993,146000.0,Automatic,Petrol,1500.0,Registered (Used),33
10450000,Toyota,Axio,2017,98200.0,Automatic,Hybrid,1500.0,Registered (Used),9
4675000,Toyota,Townce,2002,100000.0,Manual,Diesel,2100.0,Registered (Used),24
4850000,Toyota,Vios,2005,124000.0,Manual,Petrol,1500.0,Registered (Used),21
2500000,Toyota,CR26,1991,11111.0,Manual,Diesel,1850.0,Registered (Used),35
4750000,Toyota,Carina,2000,125366.0,Automatic,Petrol,1500.0,Registered (Used),26
5975000,Toyota,Vitz U Grade,2008,69942.0,Automatic,Petrol,1300.0,Registered (Used),18
4990000,Toyota,Crown,1996,69000.0,Automatic,Diesel,2500.0,Registered (Used),30
3995000,Toyota,Vitz,1999,123.0,Automatic,Petrol,990.0,Registered (Used),27
2735000,Toyota,Corolla Elephant Back EE 107,1993,110000.0,Manual,Petrol,1500.0,Registered (Used),33
1595000,Toyota,EE 90 Special,1990,1.0,Manual,Petrol,1300.0,Registered (Used),36
18900000,Toyota,Hilux Rocco,2018,125000.0,Automatic,Diesel,2800.0,Registered (Used),8
6995000,Toyota,Aqua G Grade,2012,172000.0,Automatic,Hybrid,1500.0,Registered (Used),14
5750000,Toyota,Yaris,2008,158000.0,Manual,Petrol,1300.0,Registered (Used),18
9450000,Toyota,Axio G Grade,2015,135000.0,Automatic,Hybrid,1500.0,Registered (Used),11
5950000,Toyota,Noah,2005,182475.0,Automatic,Diesel,1900.0,Registered (Used),21
5850000,Toyota,Noah Super GL,1998,150000.0,Manual,Diesel,2000.0,Registered (Used),28
10950000,Toyota,Dolphin LH113,1997,1.0,Manual,Diesel,2700.0,Registered (Used),29
14550000,Toyota,KDH,2006,305000.0,Manual,Diesel,2500.0,Registered (Used),20
5890000,Toyota,Corolla 121 Dicky Light,2005,199000.0,Automatic,Petrol,1500.0,Registered (Used),21
8750000,Toyota,Vitz Edition 3,2019,41000.0,Automatic,Petrol,1000.0,Registered (Used),7
6850000,Toyota,Axio X Grade,2007,180460.0,Automatic,Petrol,1500.0,Registered (Used),19
6850000,Toyota,Aqua,2012,165000.0,Automatic,Hybrid,1500.0,Registered (Used),14
16500000,Toyota,KDH,2006,310000.0,Automatic,Diesel,2990.0,Registered (Used),20
19950000,Toyota,Land Cruiser Sahara 100 VX V8,2004,79200.0,Manual,Diesel,4200.0,Registered (Used),22
6950000,Toyota,Pixis,2024,8500.0,Automatic,Petrol,660.0,Unregistered (Recondition),2
7200000,Toyota,Vitz,2016,81000.0,Automatic,Petrol,990.0,Registered (Used),10
21000000,Toyota,KDH,2026,45.0,Manual,Diesel,3000.0,Registered (Used),0
5500000,Toyota,Vitz,2010,169000.0,Automatic,Petrol,1000.0,Registered (Used),16
10550000,Toyota,Premio,2013,189000.0,Automatic,Petrol,1500.0,Registered (Used),13
13600000,Toyota,RAIZE,2024,5000.0,Automatic,Hybrid,1200.0,Unregistered (Recondition),2
37500000,Toyota,Prado,2016,135000.0,Automatic,Petrol,2700.0,Registered (Used),10
17850000,Toyota,KDH 200 Super GL,2007,300000.0,Automatic,Diesel,2500.0,Registered (Used),19
6650000,Toyota,Allion,2002,250000.0,Automatic,Petrol,1500.0,Registered (Used),24
14600000,Toyota,RAIZE,2026,10.0,Automatic,Hybrid,1200.0,Unregistered (Recondition),0
12650000,Toyota,Raize,2025,1200.0,Automatic,Petrol,1000.0,Registered (Used),1
13500000,Toyota,KDH,2004,450000.0,Manual,Diesel,2480.0,Registered (Used),22
8150000,Toyota,Axio,2011,210000.0,Automatic,Petrol,1500.0,Registered (Used),15
7450000,Toyota,Vitz Safety Edition,2018,98771.0,Automatic,Petrol,1000.0,Registered (Used),8
9600000,Toyota,Dolphin,1994,0.0,Manual,Diesel,2770.0,Registered (Used),32
27200000,Toyota,GDH,2025,13000.0,Automatic,Diesel,2800.0,Registered (Used),1
4200000,Toyota,Townace,1997,148000.0,Automatic,Diesel,1970.0,Registered (Used),29
3350000,Toyota,CE110,1996,1.0,Automatic,Diesel,1980.0,Registered (Used),30
3275000,Toyota,SPRINTER,1995,307400.0,Automatic,Petrol,1330.0,Registered (Used),31
6895000,Toyota,Townace,2006,135000.0,Manual,Petrol,1790.0,Registered (Used),20
9500000,Toyota,Prius,2011,134000.0,Automatic,Hybrid,1800.0,Registered (Used),15
7500000,Toyota,Aqua,2013,138000.0,Automatic,Hybrid,1500.0,Registered (Used),13
4500000,Toyota,Dyna,2001,1.0,Manual,Diesel,3000.0,Registered (Used),25
8800000,Toyota,Prius 3rd Generation,2011,243000.0,Automatic,Hybrid,1790.0,Registered (Used),15
11200000,Toyota,Prius S Touring,2013,240000.0,Automatic,Hybrid,1800.0,Registered (Used),13
5975000,Toyota,Corolla 121,2002,0.0,Automatic,Petrol,1500.0,Registered (Used),24
13940000,Toyota,CHR,2019,83000.0,Automatic,Petrol,1190.0,Registered (Used),7
2450000,Toyota,Corolla DX,1996,365000.0,Automatic,Diesel,1974.0,Registered (Used),30
9600000,Toyota,Hilux,2009,189000.0,Automatic,Diesel,2500.0,Registered (Used),17
7000000,Toyota,Vitz KSP130,2014,110000.0,Automatic,Petrol,660.0,Registered (Used),12
10200000,Toyota,Axio G Grade,2016,145000.0,Automatic,Petrol,1500.0,Registered (Used),10
5600000,Toyota,Noah CR41,1998,218000.0,Automatic,Diesel,1970.0,Registered (Used),28
7750000,Toyota,Vitz Safety Edition,2017,82000.0,Automatic,Petrol,1000.0,Registered (Used),9
3275000,Toyota,Sprinter,1997,160000.0,Automatic,Petrol,1330.0,Registered (Used),29
1875000,Toyota,Corolla,1991,200000.0,Manual,Diesel,1830.0,Registered (Used),35
13400000,Toyota,Allion,2016,150000.0,Automatic,Petrol,1500.0,Registered (Used),10
6900000,Toyota,Townace,2000,117000.0,Automatic,Petrol,1800.0,Registered (Used),26
6875000,Toyota,Avanza,2011,145000.0,Manual,Petrol,1500.0,Registered (Used),15
5225000,Toyota,Vios,2003,220000.0,Automatic,Petrol,1500.0,Registered (Used),23
9500000,Toyota,Harrier,2008,153000.0,Automatic,Petrol,2400.0,Registered (Used),18
4500000,Toyota,Dyna 15B,2004,12345.0,Manual,Diesel,4100.0,Registered (Used),22
5350000,Toyota,Vitz,2007,146000.0,Automatic,Petrol,1000.0,Registered (Used),19
28500000,Toyota,Hilux Gr Sports,2025,9000.0,Automatic,Diesel,2800.0,Registered (Used),1
6165000,Toyota,Yaris,2008,146000.0,Automatic,Petrol,1300.0,Registered (Used),18
15500000,Toyota,Land Cruiser Prado 120,2007,140000.0,Automatic,Petrol,2700.0,Registered (Used),19
27000000,Toyota,Land Cruiser Prado 150,2010,134000.0,Automatic,Petrol,2700.0,Registered (Used),16
3950000,Toyota,Starlet EP91,1997,220000.0,Automatic,Petrol,1300.0,Registered (Used),29
16500000,Toyota,KDH,2011,210000.0,Automatic,Diesel,3000.0,Registered (Used),15
16600000,Toyota,Land Cruiser Sahara Cygnus,2006,330000.0,Automatic,Petrol,4000.0,Registered (Used),20
4150000,Toyota,Passo KGC 10,2005,194000.0,Automatic,Petrol,1000.0,Antique,21
2750000,Toyota,TOYOACE,1994,250000.0,Manual,Diesel,2000.0,Registered (Used),32
6550000,Toyota,Prius 2nd Gen,2008,107000.0,Automatic,Hybrid,1500.0,Registered (Used),18
10600000,Toyota,Axio,2015,135000.0,Automatic,Hybrid,1500.0,Registered (Used),11
7550000,Toyota,Allion,2006,229999.0,Automatic,Petrol,1500.0,Registered (Used),20
10600000,Toyota,Prius,2014,154000.0,Automatic,Hybrid,1800.0,Registered (Used),12
3000000,Toyota,Soluna,2005,172000.0,Manual,Petrol,1498.0,Registered (Used),21
14600000,Toyota,Hilux,2015,200000.0,Manual,Diesel,2500.0,Registered (Used),11
5500000,Toyota,Prado,2008,200000.0,Automatic,Diesel,2500.0,Registered (Used),18
8950000,Toyota,Roomy,2023,47000.0,Automatic,Petrol,1000.0,Registered (Used),3
14000000,Toyota,CHR DBA NGX 10,2018,70000.0,Automatic,Petrol,1200.0,Registered (Used),8
11500000,Toyota,Hiace,2003,390000.0,Manual,Diesel,2900.0,Registered (Used),23
15950000,Toyota,KDH GL 201,2008,220000.0,Automatic,Diesel,2980.0,Registered (Used),18
