URL,Title,Price,Brand,Model,Trim / Edition,Year of Manufacture,Condition,Transmission,Body type,Fuel type,Engine capacity,Mileage
https://ikman.lk/en/ad/toyota-raize-z-2025-for-sale-colombo-117,Toyota Raize Z 2025,"Rs 13,500,000",Toyota,Raize,Z,2025,Reconditioned,Automatic,SUV / 4x4,Petrol,"1,000 cc",20 km
https://ikman.lk/en/ad/toyota-corolla-2001-for-sale-monaragala-1,Toyota Corolla 2001,"Rs 5,795,000",Toyota,Corolla,2001,2001,Used,Automatic,Saloon,Petrol,"1,500 cc","210,000 km"
https://ikman.lk/en/ad/toyota-hilux-travo-overland-plus-2026-for-sale-colombo-155,Toyota Hilux Travo Overland Plus 2026,"Rs 29,500,000",Toyota,Hilux,Travo Overland Plus,2026,Brand New,Tiptronic,SUV / 4x4,Diesel,"2,800 cc",0 km
https://ikman.lk/en/ad/toyota-harrier-hybrid-2025-for-sale-colombo-1,Toyota Harrier Hybrid 2025,"Rs 40,500,000",Toyota,Harrier,Harrier Hybrid,2025,Used,Tiptronic,SUV / 4x4,Hybrid,"2,500 cc","4,500 km"
https://ikman.lk/en/ad/toyota-land-cruiser-prado-1st-edition-lc250-2024-for-sale-colombo-7,Toyota Land Cruiser Prado 1ST EDITION LC250 2024,"Rs 68,990,000",Toyota,Land Cruiser Prado,1ST EDITION LC250,2024,Brand New,Automatic,SUV / 4x4,Petrol,"2,700 cc","1,000 km"
https://ikman.lk/en/ad/toyota-taisor-urban-cruiser-g-2026-for-sale-colombo-1,Toyota Taisor Urban Cruiser G 2026,"Rs 11,250,000",Toyota,Taisor,Urban Cruiser G,2026,Brand New,Automatic,SUV / 4x4,Petrol,"1,000 cc",95 km
https://ikman.lk/en/ad/toyota-corolla-fielder-2023-for-sale-colombo-9,Toyota Corolla fielder 2023,"Rs 13,550,000",Toyota,Corolla,fielder,2023,Reconditioned,Automatic,Station wagon,Hybrid,"1,500 cc","33,000 km"
https://ikman.lk/en/ad/toyota-yaris-x-limited-2023-for-sale-colombo-65,Toyota Yaris x limited 2023,"Rs 8,950,000",Toyota,Yaris,x limited,2023,Reconditioned,Automatic,Hatchback,Petrol,"1,000 cc","80,000 km"
https://ikman.lk/en/ad/toyota-yaris-x-grade-push-start-2023-for-sale-colombo-10,Toyota Yaris X Grade Push Start 2023,"Rs 8,900,000",Toyota,Yaris,X Grade Push Start,2023,Reconditioned,Automatic,Saloon,Petrol,"1,000 cc","35,000 km"
https://ikman.lk/en/ad/toyota-passo-x-2023-for-sale-colombo-25,Toyota Passo X 2023,"Rs 8,250,000",Toyota,Passo,X,2023,Reconditioned,Automatic,Hatchback,Petrol,"1,000 cc","40,000 km"
https://ikman.lk/en/ad/toyota-roomy-custom-g-gt-2023-for-sale-colombo,Toyota Roomy Custom G / GT 2023,"Rs 9,900,000",Toyota,Roomy,Custom G / GT,2023,Reconditioned,Automatic,Hatchback,Petrol,"1,000 cc","8,000 km"
https://ikman.lk/en/ad/toyota-corolla-ke30-1977-for-sale-colombo,Toyota Corolla KE30 1977,"Rs 1,400,000",Toyota,Corolla,KE30,1977,Used,Manual,Saloon,Petrol,"1,200 cc","10,000 km"
https://ikman.lk/en/ad/toyota-roomy-g-grade-2023-for-sale-colombo-55,Toyota Roomy G Grade 2023,"Rs 9,000,000",Toyota,Roomy,G Grade,2023,Reconditioned,Automatic,MPV,Petrol,996 cc,"34,000 km"
https://ikman.lk/en/ad/toyota-axio-2014-for-sale-colombo-1563,Toyota Axio 2014,"Rs 8,600,000",Toyota,Axio,2014,2014,Used,Automatic,,Hybrid,"1,490 cc","233,000 km"
https://ikman.lk/en/ad/toyota-land-cruiser-202-v8-zx-2017-for-sale-colombo,Toyota Land Cruiser 202 V8 ZX 2017,"Rs 58,500,000",Toyota,Land Cruiser,202 V8 ZX,2017,Used,Automatic,Hatchback,Petrol,"4,600 cc","103,000 km"
https://ikman.lk/en/ad/toyota-axio-2025-for-sale-colombo-12,Toyota Axio 2025,"Rs 16,000,000",Toyota,Axio,2025,2025,Brand New,Automatic,Saloon,Hybrid,"1,500 cc",19 km
https://ikman.lk/en/ad/toyota-taisor-v-grade-highest-spec-2026-for-sale-colombo-49,Toyota Taisor V Grade Highest Spec 2026,"Rs 11,875,000",Toyota,Taisor,V Grade Highest Spec,2026,Brand New,Automatic,Hatchback,Petrol,"1,000 cc",0 km
https://ikman.lk/en/ad/toyota-axio-g-grade-2016-for-sale-colombo-1085,Toyota Axio G Grade 2016,"Rs 10,950,000",Toyota,Axio,G Grade,2016,Used,Automatic,Saloon,Hybrid,"1,500 cc","190,000 km"
https://ikman.lk/en/ad/toyota-yaris-ativ-hev-gr-sport-2025-for-sale-colombo-7,Toyota Yaris Ativ HEV GR Sport 2025,"Rs 19,800,000",Toyota,Yaris Ativ,HEV GR Sport,2025,Brand New,Automatic,Saloon,Hybrid,"1,500 cc",132 km
https://ikman.lk/en/ad/toyota-taisor-v-grade-highest-spec-2026-for-sale-colombo-51,Toyota Taisor V Grade Highest Spec 2026,"Rs 11,875,000",Toyota,Taisor,V Grade Highest Spec,2026,Brand New,Automatic,Hatchback,Petrol,"1,000 cc",0 km
https://ikman.lk/en/ad/toyota-taisor-v-grade-2026-for-sale-colombo-133,Toyota Taisor V Grade 2026,"Rs 11,850,000",Toyota,Taisor,V Grade,2026,Brand New,Automatic,Hatchback,Petrol,"1,000 cc",0 km
https://ikman.lk/en/ad/toyota-prius-2012-for-sale-colombo-3006,Toyota Prius 2012,"Rs 10,600,000",Toyota,Prius,,2012,Used,Automatic,,Hybrid,"1,797 cc","146,500 km"
https://ikman.lk/en/ad/toyota-vitz-2008-for-sale-colombo-2499,Toyota Vitz 2008,"Rs 5,650,000",Toyota,Vitz,,2008,Used,Automatic,,Petrol,"1,300 cc","170,000 km"
https://ikman.lk/en/ad/toyota-axio-2020-for-sale-colombo-4,Toyota Axio 2020,"Rs 12,450,000",Toyota,Axio,,2020,Used,Automatic,,Petrol,"1,500 cc","108,500 km"
https://ikman.lk/en/ad/toyota-raize-z-grade-hybrid-25-26-2025-for-sale-colombo,Toyota Raize Z GRADE HYBRID 25/26 2025,"Rs 14,000,000",Toyota,Raize,Z GRADE HYBRID 25/26,2025,Brand New,Automatic,SUV / 4x4,Hybrid,"1,200 cc",0 km
https://ikman.lk/en/ad/toyota-yaris-g-led-edition-2025-for-sale-colombo,Toyota Yaris G LED EDITION 2025,"Rs 11,490,000",Toyota,Yaris,G LED EDITION,2025,Brand New,Automatic,Hatchback,Petrol,"1,080 cc",0 km
https://ikman.lk/en/ad/toyota-chr-2017-for-sale-colombo-688,Toyota CHR 2017,"Rs 12,850,000",Toyota,CHR,,2017,Used,Automatic,,Petrol,"1,200 cc","93,000 km"
https://ikman.lk/en/ad/toyota-urban-cruiser-taisor-v-2026-for-sale-colombo-13,Toyota Urban Cruiser Taisor V 2026,"Rs 12,000,000",Toyota,Urban Cruiser,Taisor V,2026,Brand New,Automatic,SUV / 4x4,Petrol,"1,000 cc",0 km
https://ikman.lk/en/ad/toyota-camry-60th-anniversary-2013-for-sale-colombo-20,Toyota Camry 60th Anniversary 2013,"Rs 13,450,000",Toyota,Camry,60th Anniversary,2013,Used,Automatic,Saloon,Hybrid,"2,500 cc","157,000 km"
https://ikman.lk/en/ad/toyota-roomy-unregister-2022-for-sale-colombo-33,Toyota Roomy Unregister 2022,"Rs 9,300,000",Toyota,Roomy,Unregister,2022,Reconditioned,Automatic,Hatchback,Petrol,"1,000 cc","33,000 km"
https://ikman.lk/en/ad/toyota-camry-avv50-hybrid-2013-for-sale-colombo,Toyota Camry AVV50 Hybrid 2013,"Rs 11,500,000",Toyota,Camry,AVV50  Hybrid,2013,Used,Automatic,Saloon,Hybrid,"2,500 cc","290,000 km"
https://ikman.lk/en/ad/toyota-corolla-2014-for-sale-colombo-18,Toyota Corolla 2014,"Rs 12,500,000",Toyota,Corolla,,2014,Used,Automatic,Saloon,Petrol,"1,600 cc","30,000 km"
https://ikman.lk/en/ad/toyota-hilux-2016-for-sale-colombo-93,Toyota Hilux 2016,"Rs 19,500,000",Toyota,Hilux,,2016,Used,Automatic,SUV / 4x4,Diesel,"2,982 cc","71,956 km"
https://ikman.lk/en/ad/toyota-land-cruiser-sahara-2000-for-sale-colombo-4,Toyota Land Cruiser Sahara 2000,"Rs 15,760,000",Toyota,Land Cruiser Sahara,2000,2000,Used,Automatic,,Petrol,"4,700 cc","134,000 km"
https://ikman.lk/en/ad/toyota-land-cruiser-prado-120-sunroof-2008-for-sale-colombo-6,Toyota Land Cruiser Prado 120 sunroof 2008,"Rs 15,750,000",Toyota,Land Cruiser Prado,120 sunroof 2008,2008,Used,Automatic,SUV / 4x4,Petrol,"2,700 cc","131,000 km"
https://ikman.lk/en/ad/toyota-raize-z-2023-for-sale-colombo-10,Toyota Raize Z 2023,"Rs 13,600,000",Toyota,Raize,Z,2023,Reconditioned,Automatic,SUV / 4x4,Hybrid,"1,200 cc","14,000 km"
https://ikman.lk/en/ad/toyota-land-cruiser-prado-lc300zx-2026-for-sale-colombo,Toyota Land Cruiser Prado LC300ZX 2026,"Rs 99,000,000",Toyota,Land Cruiser Prado,LC300ZX,2026,Brand New,Tiptronic,SUV / 4x4,Petrol,"3,000 cc",10 km
https://ikman.lk/en/ad/toyota-premio-2018-for-sale-colombo-467,Toyota Premio 2018,"Rs 16,500,000",Toyota,Premio,,2018,Used,Automatic,Saloon,Petrol,"1,500 cc","133,000 km"
https://ikman.lk/en/ad/toyota-taisor-v-grade-blacktop-2026-for-sale-colombo-38,Toyota Taisor V GRADE BLACKTOP 2026,"Rs 12,290,000",Toyota,Taisor,V GRADE BLACKTOP,2026,Brand New,Automatic,Hatchback,Petrol,"1,000 cc",0 km
https://ikman.lk/en/ad/toyota-hilux-travo-overland-28l-2026-for-sale-colombo-58,Toyota Hilux Travo Overland+ 2.8L 2026,"Rs 31,000,000",Toyota,Hilux,Travo Overland+ 2.8L,2026,Import,Automatic,SUV / 4x4,Diesel,"2,800 cc",0 km
https://ikman.lk/en/ad/toyota-belta-2007-for-sale-colombo-1196,Toyota Belta 2007,"Rs 6,500,000",Toyota,Belta,,2007,Used,Automatic,Saloon,Petrol,"1,290 cc","146,775 km"
https://ikman.lk/en/ad/toyota-crown-royal-saloon-diesel-1998-for-sale-colombo,Toyota Crown Royal Saloon Diesel 1998,"Rs 11,250,000",Toyota,Crown,Royal Saloon Diesel,1998,Used,Automatic,Saloon,Diesel,"2,440 cc","150,000 km"
https://ikman.lk/en/ad/toyota-harrier-z-leather-tan-2025-for-sale-gampaha,Toyota Harrier Z Leather Tan 2025,"Rs 40,500,000",Toyota,Harrier,Z Leather Tan,2025,Reconditioned,Automatic,SUV / 4x4,Petrol,"2,000 cc","3,760 km"
https://ikman.lk/en/ad/toyota-premio-g-superior-2018-for-sale-colombo-1125,Toyota Premio G superior 2018,"Rs 15,200,000",Toyota,Premio,G superior,2018,Used,Automatic,Saloon,Petrol,"1,500 cc","98,000 km"
https://ikman.lk/en/ad/toyota-raize-z-hybrid-4way-cam-2025-for-sale-colombo,Toyota Raize Z Hybrid 4way Cam 2025,"Rs 14,295,000",Toyota,Raize,Z Hybrid 4way Cam,2025,Brand New,Automatic,SUV / 4x4,Hybrid,"1,200 cc",5 km
https://ikman.lk/en/ad/toyota-raize-z-hybrid-4way-2025-for-sale-colombo-28,Toyota Raize Z HYBRID 4WAY 2025,"Rs 14,500,000",Toyota,Raize,Z HYBRID 4WAY,2025,Brand New,Automatic,SUV / 4x4,Hybrid,"1,200 cc",0 km
https://ikman.lk/en/ad/toyota-raize-z-hybrid-4way-2026-for-sale-colombo-16,Toyota Raize Z HYBRID 4WAY 2026,"Rs 14,800,000",Toyota,Raize,Z HYBRID 4WAY,2026,Brand New,Automatic,SUV / 4x4,Hybrid,"1,200 cc",0 km
https://ikman.lk/en/ad/toyota-yaris-g-led-edition-2023-for-sale-colombo-6,Toyota Yaris G LED Edition 2023,"Rs 10,950,000",Toyota,Yaris,G LED Edition,2023,Reconditioned,Automatic,,Petrol,"1,000 cc","3,000 km"
https://ikman.lk/en/ad/toyota-land-cruiser-sahara-lc300-zx-2026-for-sale-colombo-13,Toyota Land Cruiser Sahara LC300 ZX 2026,"Rs 92,000,000",Toyota,Land Cruiser Sahara,LC300 ZX,2026,Import,Automatic,SUV / 4x4,Petrol,"3,500 cc",0 km
https://ikman.lk/en/ad/toyota-land-cruiser-prado-250-vx-2026-for-sale-colombo-9,Toyota Land Cruiser Prado 250 VX 2026,"Rs 68,000,000",Toyota,Land Cruiser Prado,250 VX,2026,Brand New,Automatic,SUV / 4x4,Petrol,"2,700 cc",0 km
https://ikman.lk/en/ad/toyota-taisor-v-grade-2026-for-sale-colombo-102,Toyota Taisor V Grade 2026,"Rs 11,600,000",Toyota,Taisor,V Grade,2026,Brand New,Automatic,SUV / 4x4,Petrol,"1,000 cc",0 km
https://ikman.lk/en/ad/toyota-roomy-gt-custom-t-4way-cam-2024-for-sale-colombo,Toyota Roomy GT Custom T 4WAY Cam 2024,"Rs 10,800,000",Toyota,Roomy,GT Custom T 4WAY Cam,2024,Used,Automatic,MPV,Petrol,990 cc,"3,000 km"
https://ikman.lk/en/ad/toyota-land-cruiser-250-vx-2025-for-sale-colombo,Toyota Land Cruiser 250 VX 2025,"Rs 61,000,000",Toyota,Land Cruiser,250 VX,2025,Brand New,Automatic,SUV / 4x4,Petrol,"2,800 cc","5,000 km"
https://ikman.lk/en/ad/toyota-harrier-premium-turbo-2017-for-sale-colombo-3,Toyota Harrier Premium Turbo 2017,"Rs 27,590,000",Toyota,Harrier,Premium Turbo,2017,Used,Automatic,Hatchback,Petrol,"2,000 cc","30,000 km"
https://ikman.lk/en/ad/toyota-chr-ngx10-2019-for-sale-colombo-6,Toyota CHR NGX10 2019,"Rs 4,000,000",Toyota,CHR,NGX10,2019,Reconditioned,Automatic,Hatchback,Petrol,"1,200 cc","119,000 km"
https://ikman.lk/en/ad/toyota-taisor-v-grade-blacktop-2026-for-sale-colombo-36,Toyota Taisor V GRADE BLACKTOP 2026,"Rs 12,290,000",Toyota,Taisor,V GRADE BLACKTOP,2026,Brand New,Automatic,Hatchback,Petrol,"1,000 cc",0 km
https://ikman.lk/en/ad/toyota-taisor-v-grade-highest-pack-2026-for-sale-colombo-26,Toyota Taisor V Grade HIGHEST PACK 2026,"Rs 11,990,000",Toyota,Taisor,V Grade HIGHEST PACK,2026,Brand New,Automatic,Hatchback,Petrol,"1,000 cc",0 km
https://ikman.lk/en/ad/toyota-mark-x-2007-for-sale-colombo-16,Toyota Mark X 2007,"Rs 7,500,000",Toyota,Mark,X 2007,2007,Used,Automatic,Saloon,Petrol,"2,490 cc","206,000 km"
https://ikman.lk/en/ad/toyota-land-cruiser-sahara-ice-pack-2006-for-sale-colombo,Toyota Land Cruiser Sahara 2012,"Rs 49,000,000",Toyota,Land Cruiser Sahara,Toyota,2012,Used,Automatic,SUV / 4x4,Diesel,"4,500 cc","115,000 km"
https://ikman.lk/en/ad/toyota-yaris-x-grade-2023-for-sale-colombo-292,Toyota Yaris x grade 2023,"Rs 8,590,000",Toyota,Yaris,x grade,2023,Used,Automatic,Hatchback,Petrol,"1,000 cc","75,000 km"
https://ikman.lk/en/ad/toyota-raize-z-highest-grade-2026-for-sale-colombo,Toyota Raize Z HIGHEST GRADE 2026,"Rs 14,150,000",Toyota,Raize,Z HIGHEST GRADE,2026,Brand New,Automatic,SUV / 4x4,Hybrid,"1,200 cc",0 km
https://ikman.lk/en/ad/toyota-premio-g-superior-2018-for-sale-colombo-1134,Toyota Premio G Superior 2018,"Rs 15,650,000",Toyota,Premio,G Superior,2018,Used,Automatic,Saloon,Petrol,"1,500 cc","81,000 km"
https://ikman.lk/en/ad/toyota-voxy-s-z-highest-grade-2025-for-sale-colombo,Toyota Voxy S Z HIGHEST GRADE 2025,"Rs 31,250,000",Toyota,Voxy,S Z HIGHEST GRADE,2025,Brand New,Automatic,,Hybrid,"1,800 cc",0 km
https://ikman.lk/en/ad/toyota-raize-12-hybrid-2024-for-sale-colombo-3,Toyota Raize 1.2 Hybrid 2024,"Rs 13,650,000",Toyota,Raize,1.2 Hybrid,2024,Reconditioned,Automatic,SUV / 4x4,Hybrid,"1,200 cc","14,000 km"
https://ikman.lk/en/ad/toyota-taisor-v-grade-2026-for-sale-colombo-132,Toyota Taisor V GRADE 2026,"Rs 11,700,000",Toyota,Taisor,V GRADE,2026,Brand New,Automatic,SUV / 4x4,Petrol,"1,000 cc",0 km
https://ikman.lk/en/ad/toyota-premio-g-superior-2015-for-sale-colombo-602,Toyota Premio G Superior 2015,"Rs 14,500,000",Toyota,Premio,G Superior,2015,Used,Automatic,Saloon,Petrol,"1,500 cc","81,217 km"
https://ikman.lk/en/ad/toyota-axio-x-grade-2014-for-sale-colombo-219,Toyota Axio X Grade 2014,"Rs 8,975,000",Toyota,Axio,X Grade,2014,Used,Automatic,Saloon,Hybrid,"1,500 cc","170,000 km"
https://ikman.lk/en/ad/toyota-hilux-revo-28-double-cab-2025-for-sale-colombo,Toyota Hilux Revo 2.8 double cab 2025,"Rs 25,650,000",Toyota,Hilux,Revo 2.8 double cab,2025,Brand New,Automatic,SUV / 4x4,Diesel,"2,800 cc",0 km
https://ikman.lk/en/ad/toyota-raize-z-2025-for-sale-colombo-120,Toyota Raize Z 2025,"Rs 14,900,000",Toyota,Raize,Z,2025,Brand New,Automatic,SUV / 4x4,Petrol,"1,200 cc",25 km
https://ikman.lk/en/ad/toyota-land-cruiser-prado-2013-for-sale-colombo-82,Toyota Land Cruiser Prado 2013,"Rs 31,600,000",Toyota,Land Cruiser Prado,,2013,Used,Automatic,SUV / 4x4,Petrol,"2,700 cc","85,000 km"
https://ikman.lk/en/ad/toyota-carina-at-192-1995-for-sale-colombo-1,Toyota Carina AT 192 1995,"Rs 3,200,000",Toyota,Carina,AT 192,1995,Used,Automatic,Saloon,Petrol,"1,500 cc","267,000 km"
https://ikman.lk/en/ad/toyota-land-cruiser-sahara-zx-v8-2015-for-sale-colombo-15,Toyota Land Cruiser Sahara ZX V8 2015,"Rs 54,500,000",Toyota,Land Cruiser Sahara,ZX V8,2015,Used,Automatic,SUV / 4x4,Petrol,"4,600 cc","61,000 km"
https://ikman.lk/en/ad/toyota-yaris-x-push-start-safety-2023-for-sale-colombo-7,Toyota Yaris X Push Start Safety 2023,"Rs 8,900,000",Toyota,Yaris,X Push Start Safety,2023,Reconditioned,Automatic,Hatchback,Hybrid,"1,000 cc","42,000 km"
https://ikman.lk/en/ad/toyota-land-cruiser-lc300-zx-2023-for-sale-colombo-5,Toyota Land Cruiser LC300 ZX 2023,"Rs 88,500,000",Toyota,Land Cruiser,LC300 ZX,2023,Used,Automatic,SUV / 4x4,Petrol,"3,500 cc","7,700 km"
https://ikman.lk/en/ad/toyota-taisor-v-grade-highest-spec-2026-for-sale-colombo-50,Toyota Taisor V Grade Highest Spec 2026,"Rs 11,875,000",Toyota,Taisor,V Grade Highest Spec,2026,Brand New,Automatic,Hatchback,Petrol,"1,000 cc",0 km
https://ikman.lk/en/ad/toyota-prius-phv-2012-for-sale-colombo-1,Toyota Prius PHV 2012,"Rs 11,000,000",Toyota,Prius,PHV,2012,Used,Automatic,Hatchback,Hybrid,"1,800 cc","144,000 km"
https://ikman.lk/en/ad/toyota-raize-hybrid-body-kit-2026-for-sale-colombo-2,Toyota Raize HYBRID-BODY KIT 2026,"Rs 15,450,000",Toyota,Raize,HYBRID-BODY KIT,2026,Brand New,Automatic,Hatchback,Hybrid,"1,200 cc",0 km
https://ikman.lk/en/ad/toyota-land-cruiser-prado-trj150-txl-highest-s-2023-for-sale-colombo,Toyota Land Cruiser Prado TRJ150 TXL Highest S 2023,"Rs 53,900,000",Toyota,Land Cruiser Prado,TRJ150 TXL Highest S,2023,Reconditioned,Automatic,SUV / 4x4,Petrol,"2,700 cc","11,000 km"
https://ikman.lk/en/ad/toyota-land-cruiser-prado-trj250-2024-for-sale-colombo-13,Toyota Land Cruiser Prado TRJ250 2024,"Rs 55,000,000",Toyota,Land Cruiser Prado,TRJ250,2024,Used,Automatic,SUV / 4x4,Petrol,"2,700 cc","6,000 km"
https://ikman.lk/en/ad/toyota-camry-2013-for-sale-colombo-85,Toyota Camry 2013,"Rs 14,750,000",Toyota,Camry,Toyota Camry,2013,Used,Automatic,Saloon,Hybrid,"2,500 cc","72,109 km"
https://ikman.lk/en/ad/toyota-harrier-z-leather-petrol-2024-for-sale-colombo-8,Toyota Harrier Z Leather Petrol 2024,"Rs 38,500,000",Toyota,Harrier,Z Leather Petrol,2024,Reconditioned,Automatic,SUV / 4x4,Petrol,"2,000 cc","12,700 km"
https://ikman.lk/en/ad/toyota-harrier-spical-2000-for-sale-colombo,Toyota Harrier 2000,"Rs 7,100,000",Toyota,Harrier,Toyota,2000,Used,Tiptronic,SUV / 4x4,Petrol,"1,986 cc","298,844 km"
https://ikman.lk/en/ad/toyota-axio-2014-for-sale-colombo-1573,Toyota Axio 2014,"Rs 9,600,000",Toyota,Axio,,2014,Used,Automatic,Saloon,Hybrid,"1,490 cc","157,100 km"
https://ikman.lk/en/ad/toyota-land-cruiser-prado-120-tx-limited-2006-for-sale-colombo,Toyota Land Cruiser Prado 120 TX Limited 2006,"Rs 16,000,000",Toyota,Land Cruiser Prado,120 TX Limited,2006,Used,Automatic,SUV / 4x4,Petrol,"2,700 cc","197,700 km"
https://ikman.lk/en/ad/toyota-hilux-revo-28-modellista-2025-for-sale-colombo-1,Toyota Hilux Revo 2.8 Modellista 2025,"Rs 25,650,000",Toyota,Hilux,Revo 2.8 Modellista,2025,Brand New,Automatic,SUV / 4x4,Diesel,"2,800 cc",0 km
https://ikman.lk/en/ad/toyota-corolla-141-gli-2012-for-sale-colombo-1,Toyota Corolla 141 GLI 2012,"Rs 8,000,000",Toyota,Corolla,141 GLI,2012,Used,Automatic,Saloon,Petrol,"1,600 cc","131,000 km"
https://ikman.lk/en/ad/toyota-vitz-edition-3-2019-for-sale-colombo-399,Toyota Vitz Edition 3 2019,"Rs 8,650,000",Toyota,Vitz,Edition 3,2019,Used,Automatic,Hatchback,Petrol,"1,000 cc","91,000 km"
https://ikman.lk/en/ad/toyota-raize-z-auto-parking-bsm-2025-for-sale-colombo-4,Toyota Raize Z Auto/Parking BSM 2025,"Rs 14,650,000",Toyota,Raize,Z Auto/Parking BSM,2025,Brand New,Automatic,Station wagon,Hybrid,"1,200 cc",0 km
https://ikman.lk/en/ad/toyota-land-cruiser-prado-tx-2010-for-sale-colombo-4,Toyota Land Cruiser Prado TX 2010,"Rs 31,500,000",Toyota,Land Cruiser Prado,TX,2010,Used,Automatic,SUV / 4x4,Petrol,"2,700 cc","71,000 km"
https://ikman.lk/en/ad/toyota-roomy-custom-g-turbo-2023-for-sale-colombo-16,Toyota Roomy Custom G Turbo 2023,"Rs 10,500,000",Toyota,Roomy,Custom G Turbo,2023,Reconditioned,Automatic,,Petrol,"1,000 cc","30,000 km"
https://ikman.lk/en/ad/toyota-roomy-custom-g-2025-for-sale-colombo-75,Toyota Roomy CUSTOM G 2025,"Rs 11,250,000",Toyota,Roomy,CUSTOM G,2025,Brand New,Automatic,,Petrol,"1,000 cc","8,000 km"
https://ikman.lk/en/ad/toyota-roomy-custom-g-turbo-2023-for-sale-colombo-18,Toyota Roomy CUSTOM G TURBO 2023,"Rs 10,550,000",Toyota,Roomy,CUSTOM G TURBO,2023,Brand New,Automatic,,Petrol,"1,000 cc","30,000 km"
https://ikman.lk/en/ad/toyota-hilux-travo-overland-28-2026-for-sale-colombo-1,Toyota Hilux Travo Overland+ 2.8 2026,"Rs 28,900,000",Toyota,Hilux,Travo Overland+ 2.8,2026,Brand New,Tiptronic,SUV / 4x4,Diesel,"2,800 cc",0 km
https://ikman.lk/en/ad/toyota-yaris-x-limited-2023-for-sale-colombo-64,Toyota Yaris X Limited 2023,"Rs 8,950,000",Toyota,Yaris,X Limited,2023,Used,Automatic,Hatchback,Petrol,"1,000 cc","78,000 km"
https://ikman.lk/en/ad/toyota-vellfire-z-premium-2025-for-sale-colombo,Toyota Vellfire Z Premium 2025,"Rs 53,000,000",Toyota,Vellfire,Z Premium,2025,Used,Automatic,MPV,Petrol,"2,500 cc","7,000 km"
https://ikman.lk/en/ad/toyota-raize-z-12l-petrol-2024-for-sale-colombo,Toyota Raize Z 1.2L Petrol 2024,"Rs 12,500,000",Toyota,Raize,Z 1.2L Petrol,2024,Used,Automatic,SUV / 4x4,Petrol,"1,200 cc","9,000 km"
https://ikman.lk/en/ad/toyota-hilux-rocco-revo-2025-for-sale-colombo-2,Toyota Hilux Rocco Revo 2025,"Rs 26,500,000",Toyota,Hilux,Rocco Revo,2025,Brand New,Automatic,SUV / 4x4,Diesel,"2,800 cc",0 km
https://ikman.lk/en/ad/toyota-yaris-x-limited-2023-for-sale-colombo-62,Toyota Yaris x limited 2023,"Rs 8,950,000",Toyota,Yaris,x limited,2023,Reconditioned,Automatic,Hatchback,Petrol,"1,000 cc","75,000 km"
https://ikman.lk/en/ad/toyota-hilux-rocco-revo-2025-for-sale-colombo,Toyota Hilux Rocco Revo 2025,"Rs 26,500,000",Toyota,Hilux,Rocco Revo,2025,Brand New,Automatic,SUV / 4x4,Diesel,"2,800 cc",0 km
https://ikman.lk/en/ad/toyota-raize-2023-for-sale-colombo-68,Toyota Raize 2023,"Rs 13,000,000",Toyota,Raize,,2023,Brand New,Automatic,,Petrol,"1,000 cc","20,113 km"
https://ikman.lk/en/ad/toyota-yaris-x-limited-2023-for-sale-colombo-61,Toyota Yaris x limited 2023,"Rs 8,950,000",Toyota,Yaris,x limited,2023,Reconditioned,Automatic,Hatchback,Petrol,"1,000 cc","80,000 km"
https://ikman.lk/en/ad/toyota-yaris-ativ-15l-highest-grade-2025-for-sale-colombo,Toyota Yaris Ativ 1.5L Highest Grade 2025,"Rs 18,500,000",Toyota,Yaris Ativ,1.5L Highest Grade,2025,Brand New,Automatic,Saloon,Hybrid,"1,500 cc",0 km
https://ikman.lk/en/ad/toyota-corolla-fielder-2023-for-sale-colombo-8,Toyota Corolla Fielder 2023,"Rs 13,700,000",Toyota,Corolla,Fielder,2023,Reconditioned,Automatic,Station wagon,Hybrid,"1,500 cc","32,000 km"
https://ikman.lk/en/ad/toyota-vitz-2018-for-sale-colombo-1360,Toyota Vitz 2018,"Rs 8,500,000",Toyota,Vitz,,2018,Used,Automatic,,Petrol,"1,000 cc","82,000 km"
https://ikman.lk/en/ad/toyota-alphard-executive-lounge-2024-for-sale-colombo-87,Toyota Alphard Executive Lounge 2024,"Rs 64,950,000",Toyota,Alphard,Executive Lounge,2024,Reconditioned,Automatic,MPV,Hybrid,"2,500 cc","4,000 km"
https://ikman.lk/en/ad/toyota-alphard-premium-executive-lo-2024-for-sale-colombo-7,Toyota Alphard Premium Executive Lo 2024,"Rs 64,450,000",Toyota,Alphard,Premium Executive Lo,2024,Reconditioned,Automatic,MPV,Hybrid,"2,500 cc","7,000 km"
https://ikman.lk/en/ad/toyota-voxy-fully-loaded-2014-for-sale-colombo-3,Toyota Voxy Fully Loaded 2014,"Rs 16,500,000",Toyota,Voxy,Fully Loaded,2014,Used,Automatic,MPV,Petrol,"1,800 cc","129,000 km"
https://ikman.lk/en/ad/toyota-vitz-2008-for-sale-colombo-2494,Toyota Vitz 2008,"Rs 5,550,000",Toyota,Vitz,2008,2008,Used,Automatic,Hatchback,Petrol,990 cc,"170,000 km"
https://ikman.lk/en/ad/toyota-allion-2016-for-sale-colombo-255,Toyota Allion 2016,"Rs 14,900,000",Toyota,Allion,,2016,Used,Automatic,Saloon,Petrol,"1,600 cc","140,000 km"
https://ikman.lk/en/ad/toyota-raize-z-hybrid-2025-for-sale-colombo-179,Toyota Raize Z Hybrid 2025,"Rs 14,250,000",Toyota,Raize,Z Hybrid,2025,Reconditioned,Automatic,Saloon,Hybrid,"1,200 cc","5,000 km"
https://ikman.lk/en/ad/toyota-harrier-elegance-2017-for-sale-colombo-83,Toyota Harrier Elegance 2017,"Rs 17,800,000",Toyota,Harrier,Elegance,2017,Used,Tiptronic,SUV / 4x4,Petrol,"2,000 cc","164,000 km"
https://ikman.lk/en/ad/toyota-passo-kgc10-2007-for-sale-colombo-2,Toyota Passo KGC10 2007,"Rs 5,290,000",Toyota,Passo,KGC10,2007,Used,Automatic,Hatchback,Petrol,"1,000 cc","92,500 km"
https://ikman.lk/en/ad/toyota-hilux-revo-2017-for-sale-colombo-147,Toyota Hilux Revo 2017,"Rs 13,500,000",Toyota,Hilux,Revo,2017,Used,Automatic,SUV / 4x4,Diesel,"3,000 cc","83,000 km"
https://ikman.lk/en/ad/toyota-land-cruiser-sahara-v8-202-bruno-cross-2015-for-sale-colombo-26,Toyota Land Cruiser Sahara V8 202 BRUNO CROSS 2015,"Rs 49,500,000",Toyota,Land Cruiser Sahara,V8 202 BRUNO CROSS,2015,Used,Tiptronic,SUV / 4x4,Petrol,"4,500 cc","70,000 km"
https://ikman.lk/en/ad/toyota-hilux-travo-overland-28l-2026-for-sale-colombo-54,Toyota Hilux Travo Overland+ 2.8L 2026,"Rs 31,000,000",Toyota,Hilux,Travo Overland+ 2.8L,2026,Brand New,Automatic,SUV / 4x4,Diesel,"2,800 cc",0 km
https://ikman.lk/en/ad/toyota-yaris-x-limited-2023-for-sale-colombo-60,Toyota Yaris X Limited 2023,"Rs 8,950,000",Toyota,Yaris,X Limited,2023,Reconditioned,Automatic,Hatchback,Petrol,"1,000 cc","98,000 km"
https://ikman.lk/en/ad/toyota-hilux-overland-plus-2026-for-sale-colombo-8,Toyota Hilux Overland Plus 2026,"Rs 31,500,000",Toyota,Hilux,Overland Plus,2026,Brand New,Tiptronic,SUV / 4x4,Diesel,"2,800 cc",0 km
https://ikman.lk/en/ad/toyota-passo-xl-2023-for-sale-colombo-18,Toyota Passo Xl 2023,"Rs 8,550,000",Toyota,Passo,Xl,2023,Reconditioned,Automatic,Hatchback,Petrol,"1,000 cc","12,000 km"
https://ikman.lk/en/ad/toyota-raize-z-grade-highest-spec-2024-for-sale-colombo,Toyota Raize Z Grade Highest spec 2024,"Rs 13,250,000",Toyota,Raize,Z Grade Highest spec,2024,Brand New,Automatic,Hatchback,Petrol,"1,000 cc",0 km
https://ikman.lk/en/ad/toyota-raize-z-hybrid-highest-2025-for-sale-colombo-6,Toyota Raize Z Hybrid Highest 2025,"Rs 14,450,000",Toyota,Raize,Z Hybrid Highest,2025,Brand New,Automatic,Hatchback,Petrol,"1,200 cc",0 km
https://ikman.lk/en/ad/toyota-yaris-x-limited-2023-for-sale-colombo-58,Toyota Yaris x limited 2023,"Rs 8,975,000",Toyota,Yaris,x limited,2023,Reconditioned,Automatic,Hatchback,Petrol,"1,000 cc","72,000 km"
https://ikman.lk/en/ad/toyota-wigo-2017-for-sale-colombo-235,Toyota Wigo 2017,"Rs 6,000,000",Toyota,Wigo,,2017,Used,Automatic,Hatchback,Petrol,998 cc,"91,000 km"
https://ikman.lk/en/ad/toyota-corolla-x-grade-2023-for-sale-colombo-3,Toyota Corolla X Grade 2023,"Rs 16,000,000",Toyota,Corolla,X Grade,2023,Reconditioned,Tiptronic,Saloon,Petrol,"1,500 cc","8,200 km"
https://ikman.lk/en/ad/toyota-raize-g-grade-2025-for-sale-colombo-23,Toyota Raize G Grade 2025,"Rs 12,500,000",Toyota,Raize,G Grade,2025,Reconditioned,Tiptronic,SUV / 4x4,Petrol,"1,000 cc","18,000 km"
https://ikman.lk/en/ad/toyota-land-cruiser-prado-tx-limited-2023-for-sale-colombo-37,Toyota Land Cruiser Prado TX Limited 2023,"Rs 54,200,000",Toyota,Land Cruiser Prado,TX Limited,2023,Reconditioned,Tiptronic,SUV / 4x4,Petrol,"2,700 cc","13,000 km"
https://ikman.lk/en/ad/toyota-vitz-f-safety-edition-2017-for-sale-colombo,Toyota Vitz F Safety Edition 2017,"Rs 7,900,000",Toyota,Vitz,F Safety Edition,2017,Used,Automatic,Hatchback,Petrol,"1,000 cc","95,000 km"
https://ikman.lk/en/ad/toyota-raize-z-hybrid-bsm-4way-2026-for-sale-colombo,Toyota Raize Z Hybrid BSM 4WAY 2026,"Rs 14,600,000",Toyota,Raize,Z Hybrid BSM 4WAY,2026,Brand New,Automatic,SUV / 4x4,Hybrid,"1,200 cc",0 km
https://ikman.lk/en/ad/toyota-hilux-trevo-2025-for-sale-colombo,Toyota Hilux Trevo 2025,"Rs 28,000,000",Toyota,Hilux,Trevo,2025,Brand New,Automatic,SUV / 4x4,Diesel,"2,800 cc",0 km
https://ikman.lk/en/ad/toyota-yaris-ativ-gr-sport-hybrid-2025-for-sale-colombo-38,Toyota Yaris Ativ GR sport hybrid 2025,"Rs 18,550,000",Toyota,Yaris,Ativ GR sport hybrid,2025,Brand New,Automatic,Saloon,Hybrid,"1,500 cc",0 km
https://ikman.lk/en/ad/toyota-corolla-wxb-limited-edition-2025-for-sale-colombo-3,Toyota Corolla WXB LIMITED EDITION 2025,"Rs 19,250,000",Toyota,Corolla,WXB LIMITED EDITION,2025,Brand New,Automatic,Saloon,Petrol,"1,500 cc",0 km
https://ikman.lk/en/ad/toyota-chr-ngx-50-2017-for-sale-colombo-92,Toyota CHR NGX 50 2017,"Rs 12,250,000",Toyota,CHR,CHR NGX 50,2017,Used,Automatic,SUV / 4x4,Petrol,"1,200 cc","102,400 km"
https://ikman.lk/en/ad/toyota-yaris-x-limited-grade-2024-for-sale-colombo,Toyota Yaris X Limited Grade 2024,"Rs 10,650,000",Toyota,Yaris,X Limited Grade,2024,Brand New,Automatic,Hatchback,Petrol,"1,000 cc","5,000 km"
https://ikman.lk/en/ad/toyota-taisor-v-grade-2024-for-sale-colombo-30,Toyota Taisor V Grade 2024,"Rs 11,500,000",Toyota,Taisor,V Grade,2024,Brand New,Automatic,Hatchback,Petrol,"1,000 cc",0 km
https://ikman.lk/en/ad/toyota-yaris-grmn-1-of-only-500-2023-for-sale-colombo-1,Toyota Yaris GRMN - 1 of ONLY 500 2023,"Rs 45,000,000",Toyota,Yaris,GRMN - 1 of ONLY 500,2023,Brand New,Manual,Hatchback,Petrol,"1,600 cc","12,000 km"
https://ikman.lk/en/ad/toyota-raize-z-grade-modelista-2025-for-sale-colombo-7,Toyota Raize Z Grade Modelista 2025,"Rs 15,000,000",Toyota,Raize,Z Grade Modelista,2025,Brand New,Automatic,SUV / 4x4,Hybrid,"1,200 cc",0 km
https://ikman.lk/en/ad/toyota-aqua-urban-2015-for-sale-colombo-150,Toyota Aqua 2015,"Rs 8,500,000",Toyota,Aqua,Toyota,2015,Used,Automatic,Hatchback,Hybrid,"1,500 cc","198,000 km"
https://ikman.lk/en/ad/toyota-raize-g-grade-2025-for-sale-colombo-22,Toyota Raize G Grade 2025,"Rs 12,495,000",Toyota,Raize,G Grade,2025,Brand New,Automatic,SUV / 4x4,Petrol,"1,000 cc",0 km
https://ikman.lk/en/ad/toyota-raize-z-hybrid-4way-2025-for-sale-colombo-27,Toyota Raize Z HYBRID 4WAY 2025,"Rs 14,350,000",Toyota,Raize,Z HYBRID 4WAY,2025,Brand New,Automatic,SUV / 4x4,Hybrid,"1,200 cc",25 km
https://ikman.lk/en/ad/toyota-yaris-g-grade-facelift-2024-for-sale-colombo,Toyota Yaris G Grade Facelift 2024,"Rs 10,950,000",Toyota,Yaris,G Grade Facelift,2024,Brand New,Automatic,Hatchback,Petrol,"1,000 cc","10,000 km"
https://ikman.lk/en/ad/toyota-raize-z-grade-hybrid-2026-for-sale-colombo-45,"Toyota Raize Z Grade Hybrid, 2026","Rs 14,750,000",Toyota,Raize,"Z Grade Hybrid,",2026,Brand New,Automatic,SUV / 4x4,Hybrid,"1,200 cc",55 km
https://ikman.lk/en/ad/toyota-raize-z-autopark-bodykit-2025-for-sale-colombo,Toyota Raize Z Autopark bodykit 2025,"Rs 14,875,000",Toyota,Raize,Z Autopark bodykit,2025,Brand New,Automatic,SUV / 4x4,Hybrid,"1,200 cc",47 km
https://ikman.lk/en/ad/toyota-raize-z-hybrid-bodykit-2026-for-sale-colombo,Toyota Raize Z Hybrid Bodykit 2026,"Rs 14,850,000",Toyota,Raize,Z  Hybrid Bodykit,2026,Brand New,Automatic,SUV / 4x4,Hybrid,"1,200 cc",13 km
https://ikman.lk/en/ad/toyota-yaris-x-grade-4-way-camera-2026-for-sale-colombo,Toyota Yaris X Grade 4 way Camera 2026,"Rs 11,350,000",Toyota,Yaris,X Grade 4 way Camera,2026,Brand New,Automatic,Hatchback,Petrol,"1,000 cc",0 km
https://ikman.lk/en/ad/toyota-yaris-cross-loaded-kitted-2026-for-sale-colombo,Toyota Yaris CROSS LOADED KITTED 2026,"Rs 18,000,000",Toyota,Yaris,CROSS LOADED KITTED,2026,Brand New,Automatic,SUV / 4x4,Hybrid,"1,500 cc",0 km
https://ikman.lk/en/ad/toyota-yaris-cross-factory-kitted-2026-for-sale-colombo,Toyota Yaris CROSS FACTORY KITTED 2026,"Rs 17,985,000",Toyota,Yaris,CROSS FACTORY KITTED,2026,Brand New,Automatic,SUV / 4x4,Hybrid,"1,500 cc",0 km
https://ikman.lk/en/ad/toyota-premio-g-superior-2014-for-sale-colombo-1057,Toyota Premio G superior 2014,"Rs 12,500,000",Toyota,Premio,G superior,2014,Used,Automatic,SUV / 4x4,Petrol,"1,500 cc","121,667 km"
https://ikman.lk/en/ad/toyota-hilux-travo-overland-plus-2025-for-sale-colombo-193,Toyota Hilux Travo Overland Plus 2025,"Rs 28,750,000",Toyota,Hilux,Travo Overland Plus,2025,Used,Tiptronic,SUV / 4x4,Diesel,"2,800 cc",800 km
https://ikman.lk/en/ad/toyota-raize-z-12-petrol-2024-for-sale-colombo-1,Toyota Raize Z 1.2 petrol 2024,"Rs 12,950,000",Toyota,Raize,Z 1.2 petrol,2024,Reconditioned,Automatic,SUV / 4x4,Petrol,"1,200 cc","5,500 km"
https://ikman.lk/en/ad/toyota-land-cruiser-prado-cbd-2018-for-sale-colombo,Toyota Land Cruiser Prado CBD 2018,"Rs 42,500,000",Toyota,Land Cruiser Prado,CBD,2018,Reconditioned,Automatic,SUV / 4x4,Petrol,"2,800 cc","110,000 km"
https://ikman.lk/en/ad/toyota-raize-z-hybrid-12l-loaded-2025-for-sale-colombo,Toyota Raize Z HYBRID 1.2L LOADED 2025,"Rs 14,650,000",Toyota,Raize,Z HYBRID 1.2L LOADED,2025,Brand New,Automatic,SUV / 4x4,Hybrid,"1,200 cc",0 km
https://ikman.lk/en/ad/toyota-raize-z-grade-2026-for-sale-colombo-12,Toyota Raize Z Grade 2026,"Rs 14,650,000",Toyota,Raize,Z Grade,2026,Brand New,Automatic,SUV / 4x4,Petrol,"1,200 cc",0 km
https://ikman.lk/en/ad/toyota-raize-z-grade-petrol-4wd-2025-for-sale-colombo-2,Toyota Raize Z GRADE PETROL 4WD 2025,"Rs 13,190,000",Toyota,Raize,Z GRADE PETROL 4WD,2025,Brand New,Automatic,SUV / 4x4,Petrol,"1,000 cc",0 km
https://ikman.lk/en/ad/toyota-raize-z-hybrid-2026-for-sale-colombo-25,Toyota Raize Z Hybrid 2026,"Rs 14,650,000",Toyota,Raize,Z Hybrid,2026,Brand New,Automatic,SUV / 4x4,Hybrid,"1,200 cc",0 km
https://ikman.lk/en/ad/toyota-vios-2010-for-sale-colombo-30,Toyota Vios 2010,"Rs 5,975,000",Toyota,Vios,2010,2010,Used,Automatic,Saloon,Petrol,"1,500 cc","98,000 km"
https://ikman.lk/en/ad/toyota-vios-kl-new-face-2010-for-sale-colombo,Toyota Vios KL New face 2010,"Rs 5,790,000",Toyota,Vios,KL New face,2010,Reconditioned,Automatic,Saloon,Petrol,"1,500 cc","165,000 km"
https://ikman.lk/en/ad/toyota-aqua-s-grade-2015-for-sale-colombo-557,Toyota Aqua S GRADE 2015,"Rs 8,590,000",Toyota,Aqua,S GRADE,2015,Used,Automatic,Hatchback,Hybrid,"1,500 cc","152,500 km"
https://ikman.lk/en/ad/toyota-roomy-custom-g-4way-2024-for-sale-colombo,Toyota Roomy Custom G 4Way 2024,"Rs 10,650,000",Toyota,Roomy,Custom G 4Way,2024,Reconditioned,Automatic,Station wagon,Petrol,"1,000 cc","4,000 km"
https://ikman.lk/en/ad/toyota-passo-x-limited-pkg-2024-for-sale-colombo,Toyota Passo X Limited PKG 2024,"Rs 8,495,000",Toyota,Passo,X Limited PKG,2024,Reconditioned,Automatic,Hatchback,Petrol,"1,000 cc","15,000 km"
https://ikman.lk/en/ad/toyota-land-cruiser-prado-txl-2018-for-sale-colombo-1,Toyota Land Cruiser Prado TXL 2018,"Rs 51,000,000",Toyota,Land Cruiser Prado,TXL,2018,Used,Automatic,SUV / 4x4,Diesel,"2,800 cc","16,000 km"
https://ikman.lk/en/ad/toyota-vitz-2018-2016-for-sale-colombo,Toyota Vitz 2018 2016,"Rs 6,975,000",Toyota,Vitz,2018,2016,Used,Automatic,Hatchback,Petrol,"1,000 cc","150,000 km"
https://ikman.lk/en/ad/toyota-corolla-ae110-1997-for-sale-colombo-110,Toyota Corolla AE110 1997,"Rs 4,395,000",Toyota,Corolla,AE110,1997,Used,Automatic,,Petrol,"1,490 cc","170,043 km"
https://ikman.lk/en/ad/toyota-prius-2011-for-sale-colombo-2297,Toyota Prius 2011,"Rs 9,575,000",Toyota,Prius,,2011,Used,Automatic,,Hybrid,"1,790 cc","133,034 km"
https://ikman.lk/en/ad/toyota-vitz-2018-for-sale-colombo-1364,Toyota Vitz 2018,"Rs 8,250,000",Toyota,Vitz,,2018,Used,Automatic,Hatchback,Petrol,"1,000 cc","112,050 km"
https://ikman.lk/en/ad/toyota-vitz-scp90-2007-for-sale-colombo-5,Toyota Vitz SCP90 2007,"Rs 5,625,000",Toyota,Vitz,SCP90,2007,Used,Automatic,Hatchback,Petrol,"1,300 cc","195,300 km"
https://ikman.lk/en/ad/toyota-vios-new-face-2007-for-sale-colombo-1,Toyota Vios New Face 2007,"Rs 5,775,000",Toyota,Vios,New Face,2007,Used,Automatic,Saloon,Petrol,"1,500 cc","135,000 km"
https://ikman.lk/en/ad/toyota-carina-kr-newshell-2011-for-sale-colombo,Toyota Carina KR -Newshell 2011,"Rs 4,690,000",Toyota,Carina,KR -Newshell,2011,Reconditioned,Automatic,Saloon,Petrol,"1,500 cc","185,000 km"
https://ikman.lk/en/ad/toyota-hilux-4x4-manual-2017-for-sale-colombo-7,Toyota Hilux 4x4 Manual 2017,"Rs 17,300,000",Toyota,Hilux,4x4 Manual,2017,Used,Manual,SUV / 4x4,Diesel,"2,500 cc","141,000 km"
https://ikman.lk/en/ad/toyota-carina-ks-212-my-road-2012-for-sale-colombo,Toyota Carina KS- 212 my road 2012,"Rs 4,590,000",Toyota,Carina,KS- 212 my road,2012,Reconditioned,Automatic,Saloon,Petrol,"1,500 cc","193,000 km"
https://ikman.lk/en/ad/toyota-raize-z-grade-2025-for-sale-colombo-294,Toyota Raize Z Grade 2025,"Rs 12,500,000",Toyota,Raize,Z Grade,2025,Used,Automatic,SUV / 4x4,Petrol,"1,000 cc","4,000 km"
https://ikman.lk/en/ad/toyota-land-cruiser-prado-vx-diesel-f-loaded-2017-for-sale-colombo-1,Toyota Land Cruiser Prado VX Diesel F/ loaded 2017,"Rs 53,500,000",Toyota,Land Cruiser Prado,VX Diesel F/ loaded,2017,Used,Automatic,SUV / 4x4,Diesel,"3,000 cc","132,000 km"
https://ikman.lk/en/ad/toyota-raize-2025-for-sale-colombo-139,Toyota Raize 2025,"Rs 14,500,000",Toyota,Raize,,2025,Brand New,Automatic,,Hybrid,"1,200 cc",320 km
https://ikman.lk/en/ad/toyota-land-cruiser-prado-250-first-edition-2024-for-sale-colombo-101,Toyota Land Cruiser Prado 250 First Edition 2024,"Rs 54,700,000",Toyota,Land Cruiser Prado,250 First Edition,2024,Used,Tiptronic,SUV / 4x4,Petrol,"2,700 cc","20,000 km"
https://ikman.lk/en/ad/toyota-land-cruiser-prado-txl-2023-for-sale-colombo-37,Toyota Land Cruiser Prado Txl 2023,"Rs 52,700,000",Toyota,Land Cruiser Prado,Txl,2023,Used,Tiptronic,SUV / 4x4,Petrol,"2,700 cc","3,500 km"
https://ikman.lk/en/ad/toyota-vitz-1300cc-2007-for-sale-colombo-54,Toyota Vitz 1300CC 2007,"Rs 5,990,000",Toyota,Vitz,1300CC,2007,Used,Automatic,Hatchback,Petrol,"1,300 cc","30,000 km"
https://ikman.lk/en/ad/toyota-hilux-champ-attractive-pac-2024-for-sale-colombo-11,Toyota Hilux Champ Attractive Pac 2024,"Rs 13,550,000",Toyota,Hilux,Champ Attractive Pac,2024,Brand New,Automatic,,Diesel,"2,400 cc",0 km
https://ikman.lk/en/ad/toyota-hilux-revo-28-4x4-2025-for-sale-colombo,Toyota Hilux Revo 2.8 4x4 2025,"Rs 25,650,000",Toyota,Hilux,Revo 2.8 4x4,2025,Brand New,Automatic,SUV / 4x4,Diesel,"2,800 cc",0 km
https://ikman.lk/en/ad/toyota-land-cruiser-v8-zx-202-2010-for-sale-colombo,Toyota Land Cruiser V8 ZX 202 2010,"Rs 39,500,000",Toyota,Land Cruiser,V8 ZX 202,2010,Used,Automatic,SUV / 4x4,Petrol,"4,600 cc","170,000 km"
https://ikman.lk/en/ad/toyota-land-cruiser-prado-120-tx-2008-for-sale-colombo-21,Toyota Land Cruiser Prado 120 Tx 2008,"Rs 15,950,000",Toyota,Land Cruiser Prado,120 Tx,2008,Reconditioned,Automatic,SUV / 4x4,Petrol,"2,700 cc","223,000 km"
https://ikman.lk/en/ad/toyota-land-cruiser-prado-trj-250-vx-2025-for-sale-colombo-6,Toyota Land Cruiser Prado TRJ 250 VX 2025,"Rs 58,000,000",Toyota,Land Cruiser Prado,TRJ 250 VX,2025,Reconditioned,Automatic,SUV / 4x4,Petrol,"2,700 cc","1,600 km"
https://ikman.lk/en/ad/toyota-belta-s-grade-2010-for-sale-colombo,Toyota Belta S GRADE 2010,"Rs 6,750,000",Toyota,Belta,S GRADE,2010,Used,Automatic,Saloon,Petrol,"1,000 cc","123,000 km"
https://ikman.lk/en/ad/toyota-chr-ngx-50-2018-for-sale-colombo-15,Toyota CHR NGX 50 2018,"Rs 13,200,000",Toyota,CHR,NGX 50 2018,2018,Used,Automatic,SUV / 4x4,Petrol,"1,200 cc","110,000 km"
https://ikman.lk/en/ad/toyota-axio-2017-for-sale-colombo-369,Toyota Axio 2017,"Rs 11,250,000",Toyota,Axio,,2017,Used,Automatic,,Hybrid,"1,500 cc","98,200 km"
https://ikman.lk/en/ad/toyota-premio-g-superior-2008-for-sale-colombo-42,Toyota Premio G Superior 2008,"Rs 8,525,000",Toyota,Premio,G Superior,2008,Used,Automatic,Saloon,Petrol,"1,500 cc","170,000 km"
https://ikman.lk/en/ad/toyota-raize-z-hybrid-2026-for-sale-colombo-24,Toyota Raize Z Hybrid 2026,"Rs 14,500,000",Toyota,Raize,Z  Hybrid,2026,Brand New,Automatic,SUV / 4x4,Hybrid,"1,200 cc",0 km
https://ikman.lk/en/ad/toyota-yaris-safty-push-start-2023-for-sale-colombo-10,Toyota Yaris Safty push start 2023,"Rs 9,375,000",Toyota,Yaris,Safty push start,2023,Reconditioned,Automatic,Hatchback,Petrol,"1,000 cc","63,000 km"
https://ikman.lk/en/ad/toyota-raize-2-hybrid-z-bsm-2026-for-sale-colombo,Toyota Raize 2 Hybrid Z BSM 2026,"Rs 14,900,000",Toyota,Raize,2 Hybrid Z BSM,2026,Brand New,Automatic,Hatchback,Hybrid,"1,200 cc",0 km
https://ikman.lk/en/ad/toyota-yaris-g-grade-led-bsm-2025-for-sale-colombo,Toyota Yaris G Grade LED BSM 2025,"Rs 11,850,000",Toyota,Yaris,G Grade LED BSM,2025,Brand New,Automatic,Hatchback,Petrol,"1,000 cc",0 km
https://ikman.lk/en/ad/toyota-yaris-cross-z-grade-2024-for-sale-colombo-35,Toyota Yaris Cross Z Grade 2024,"Rs 17,750,000",Toyota,Yaris Cross,Z Grade,2024,Used,Automatic,SUV / 4x4,Hybrid,"1,500 cc","28,000 km"
https://ikman.lk/en/ad/toyota-land-cruiser-prado-250-bodykit-2025-for-sale-colombo,Toyota Land Cruiser Prado 250 🇯🇵Bodykit 2025,"Rs 61,200,000",Toyota,Land Cruiser Prado,250 🇯🇵Bodykit 2025,2025,Brand New,Automatic,SUV / 4x4,Petrol,"2,700 cc",175 km
https://ikman.lk/en/ad/toyota-harrier-z-leather-package-2025-for-sale-colombo-23,Toyota Harrier Z Leather Package 2025,"Rs 42,500,000",Toyota,Harrier,Z Leather Package,2025,Brand New,Automatic,SUV / 4x4,Petrol,"2,000 cc","1,000 km"
https://ikman.lk/en/ad/toyota-raize-z-4way-apple-bsm-2025-for-sale-colombo-12,Toyota Raize Z 4Way Apple BSM 2025,"Rs 13,450,000",Toyota,Raize,Z 4Way Apple BSM,2025,Brand New,Automatic,SUV / 4x4,Petrol,"1,000 cc",0 km
https://ikman.lk/en/ad/toyota-raize-z-modellista-b-kit-2025-for-sale-colombo-11,Toyota Raize Z MODELLISTA B/Kit 2025,"Rs 13,850,000",Toyota,Raize,Z MODELLISTA B/Kit,2025,Brand New,Automatic,SUV / 4x4,Petrol,"1,000 cc",0 km
https://ikman.lk/en/ad/toyota-raize-z-hybrid-4-way-apple-2024-for-sale-colombo-8,Toyota Raize Z Hybrid 4 Way Apple 2024,"Rs 13,850,000",Toyota,Raize,Z Hybrid 4 Way Apple,2024,Brand New,Automatic,Hatchback,Hybrid,"1,200 cc",0 km
https://ikman.lk/en/ad/toyota-raize-z-hybrid-4-way-bsm-2025-for-sale-colombo-12,Toyota Raize Z Hybrid 4 Way BSM 2025,"Rs 14,550,000",Toyota,Raize,Z Hybrid 4 Way BSM,2025,Brand New,Automatic,Hatchback,Hybrid,"1,200 cc",0 km
https://ikman.lk/en/ad/toyota-raize-z-hybrid-4-way-bsm-2025-for-sale-colombo-11,Toyota Raize Z Hybrid 4 Way BSM 2025,"Rs 14,575,000",Toyota,Raize,Z Hybrid 4 Way BSM,2025,Brand New,Automatic,Hatchback,Hybrid,"1,200 cc",0 km
https://ikman.lk/en/ad/toyota-premio-g-superior-cbi-2019-for-sale-colombo,Toyota Premio G SUPERIOR CBI 2019,"Rs 16,850,000",Toyota,Premio,G SUPERIOR CBI,2019,Used,Automatic,Saloon,Petrol,"1,500 cc","83,000 km"
https://ikman.lk/en/ad/toyota-raize-z-hy-auto-park-bsm-2026-for-sale-colombo-1,Toyota Raize Z Hy Auto park BSM 2026,"Rs 14,775,000",Toyota,Raize,Z Hy Auto park BSM,2026,Brand New,Automatic,Hatchback,Hybrid,"1,200 cc",0 km
https://ikman.lk/en/ad/toyota-land-cruiser-prado-2024-for-sale-colombo-50,Toyota Land Cruiser Prado 2024,"Rs 57,900,000",Toyota,Land Cruiser Prado,Toyota,2024,Brand New,Automatic,SUV / 4x4,Petrol,"2,700 cc",0 km
https://ikman.lk/en/ad/toyota-axio-2016-for-sale-colombo-832,Toyota Axio 2016,"Rs 11,225,000",Toyota,Axio,,2016,Used,Automatic,Saloon,Hybrid,"1,500 cc","219,000 km"
https://ikman.lk/en/ad/toyota-taisor-v-grade-2026-for-sale-colombo-126,Toyota Taisor V Grade 2026,"Rs 11,990,000",Toyota,Taisor,V Grade,2026,Brand New,Automatic,Hatchback,Petrol,"1,000 cc",0 km
https://ikman.lk/en/ad/toyota-taisor-v-grade-2026-for-sale-colombo-125,Toyota Taisor V Grade 2026,"Rs 11,990,000",Toyota,Taisor,V Grade,2026,Brand New,Automatic,Hatchback,Petrol,"1,000 cc",0 km
https://ikman.lk/en/ad/toyota-allion-260-2012-for-sale-colombo-73,Toyota Allion 260 2012,"Rs 9,550,000",Toyota,Allion,Allion 260,2012,Reconditioned,Automatic,Saloon,Petrol,"1,500 cc","77,000 km"
https://ikman.lk/en/ad/toyota-alphard-exucutive-lounge-2014-for-sale-colombo,Toyota Alphard Exucutive Lounge 2014,"Rs 24,500,000",Toyota,Alphard,Exucutive Lounge,2014,Used,Automatic,MPV,Hybrid,"2,400 cc","104,000 km"
https://ikman.lk/en/ad/toyota-raize-black-top-fourway-2026-for-sale-colombo,Toyota Raize Black Top Fourway 2026,"Rs 14,575,000",Toyota,Raize,Black Top Fourway,2026,Brand New,Automatic,Saloon,Hybrid,"1,200 cc",6 km
https://ikman.lk/en/ad/toyota-belta-ksp92-ki-2010-2007-for-sale-colombo,Toyota Belta KSP92 KI-2010/ 2007,"Rs 5,690,000",Toyota,Belta,KSP92 KI-2010/,2007,Used,Automatic,Hatchback,Petrol,"1,000 cc","190,000 km"
https://ikman.lk/en/ad/toyota-taisor-v-grade-2026-for-sale-colombo-123,Toyota Taisor V Grade 2026,"Rs 12,065,000",Toyota,Taisor,V Grade,2026,Brand New,Automatic,SUV / 4x4,Petrol,"1,000 cc",0 km
https://ikman.lk/en/ad/toyota-mark-x-grade-2011-for-sale-colombo,Toyota Mark X Grade 2011,"Rs 8,275,000",Toyota,Mark,X Grade,2011,Used,Automatic,Saloon,Petrol,"2,490 cc","165,000 km"
https://ikman.lk/en/ad/toyota-raize-z-grade-hybrid-2026-for-sale-colombo-44,Toyota Raize Z Grade Hybrid 2026,"Rs 14,895,000",Toyota,Raize,Z Grade Hybrid,2026,Brand New,Automatic,SUV / 4x4,Hybrid,"1,200 cc",0 km
https://ikman.lk/en/ad/toyota-yaris-cross-hybrid-fully-lorded-2025-for-sale-colombo,Toyota Yaris Cross Hybrid Fully Lorded 2025,"Rs 21,695,000",Toyota,Yaris Cross,Hybrid Fully Lorded,2025,Brand New,Automatic,SUV / 4x4,Hybrid,"1,500 cc",0 km
https://ikman.lk/en/ad/toyota-axio-2008-for-sale-colombo-1421,Toyota Axio 2008,"Rs 7,600,000",Toyota,Axio,,2008,Used,Automatic,,Petrol,"1,490 cc","100,500 km"
https://ikman.lk/en/ad/toyota-rav4-g-grade-2013-for-sale-colombo-5,Toyota RAV4 G Grade 2013,"Rs 9,975,000",Toyota,RAV4,G Grade,2013,Used,Automatic,SUV / 4x4,Petrol,"2,360 cc","153,000 km"
https://ikman.lk/en/ad/toyota-yaris-push-start-08-airbag-2023-for-sale-colombo,Toyota Yaris Push Start 08 Airbag 2023,"Rs 9,500,000",Toyota,Yaris,Push Start 08 Airbag,2023,Brand New,Automatic,Hatchback,Petrol,"1,000 cc","34,000 km"
https://ikman.lk/en/ad/toyota-raize-4way-bsm-body-kit-2026-for-sale-colombo-1,"Toyota Raize 4WAY, BSM, Body Kit 2026","Rs 14,950,000",Toyota,Raize,"4WAY, BSM, Body Kit",2026,Brand New,Automatic,SUV / 4x4,Hybrid,"1,200 cc",0 km
https://ikman.lk/en/ad/toyota-premio-2018-for-sale-colombo-466,Toyota Premio 2018,"Rs 18,500,000",Toyota,Premio,,2018,Used,Automatic,,Petrol,"1,500 cc","65,000 km"
https://ikman.lk/en/ad/toyota-raize-hybrid-modelista-2026-for-sale-colombo-1,Toyota Raize HYBRID MODELISTA 2026,"Rs 15,250,000",Toyota,Raize,HYBRID MODELISTA,2026,Brand New,Automatic,Hatchback,Hybrid,"1,200 cc",0 km
https://ikman.lk/en/ad/toyota-land-cruiser-prado-250-first-edition-2024-for-sale-colombo-100,Toyota Land Cruiser Prado 250 FIRST EDITION 2024,"Rs 57,000,000",Toyota,Land Cruiser Prado,250 FIRST EDITION,2024,Brand New,Automatic,SUV / 4x4,Petrol,"2,700 cc","5,000 km"
https://ikman.lk/en/ad/toyota-raize-z-premium-fly-loaded-2025-for-sale-colombo-12,Toyota Raize Z Premium FLY Loaded 2025,"Rs 14,290,000",Toyota,Raize,Z Premium FLY Loaded,2025,Brand New,Automatic,SUV / 4x4,Hybrid,"1,200 cc",300 km
https://ikman.lk/en/ad/toyota-raize-z-premium-petrol-2025-for-sale-colombo-1,Toyota Raize Z Premium Petrol 2025,"Rs 13,590,000",Toyota,Raize,Z Premium Petrol,2025,Reconditioned,Automatic,SUV / 4x4,Petrol,"1,200 cc","3,800 km"
https://ikman.lk/en/ad/toyota-hilux-double-cab-2012-for-sale-colombo-1,Toyota Hilux Double Cab 2012,"Rs 7,600,000",Toyota,Hilux,Double Cab,2012,Used,Manual,,Diesel,"2,500 cc","500,000 km"
https://ikman.lk/en/ad/toyota-raize-z-hybrid-bsm-2026-for-sale-colombo-10,Toyota Raize Z HYBRID BSM 2026,"Rs 14,500,000",Toyota,Raize,Z HYBRID BSM,2026,Brand New,Automatic,SUV / 4x4,Hybrid,"1,200 cc",0 km
https://ikman.lk/en/ad/toyota-raize-z-hybrid-autoparking-2026-for-sale-colombo-11,Toyota Raize Z Hybrid AutoParking 2026,"Rs 15,200,000",Toyota,Raize,Z Hybrid AutoParking,2026,Brand New,Automatic,Hatchback,Hybrid,"1,200 cc",0 km
https://ikman.lk/en/ad/toyota-raize-hybrid-z-4way-3600-2025-for-sale-colombo,Toyota Raize Hybrid Z 4way 360⁰ 2025,"Rs 14,350,000",Toyota,Raize,Hybrid Z 4way 360⁰,2025,Brand New,Automatic,Saloon,Hybrid,"1,200 cc",172 km
https://ikman.lk/en/ad/toyota-raize-z-hybrid-autoparking-2026-for-sale-colombo-10,Toyota Raize Z hybrid Autoparking 2026,"Rs 15,250,000",Toyota,Raize,Z hybrid Autoparking,2026,Brand New,Automatic,Hatchback,Hybrid,"1,200 cc",0 km
https://ikman.lk/en/ad/toyota-avanza-2010-for-sale-colombo-61,Toyota Avanza 2010,"Rs 5,950,000",Toyota,Avanza,,2010,Used,Manual,,Petrol,"1,298 cc","245,000 km"
https://ikman.lk/en/ad/toyota-raize-z-hybrid-4-way-bsm-2026-for-sale-colombo-22,Toyota Raize Z Hybrid 4 Way BSM 2026,"Rs 14,950,000",Toyota,Raize,Z Hybrid 4 Way BSM,2026,Brand New,Automatic,Hatchback,Hybrid,"1,200 cc",0 km
https://ikman.lk/en/ad/toyota-raize-z-grade-2025-for-sale-colombo-293,Toyota Raize Z Grade 2025,"Rs 13,500,000",Toyota,Raize,Z Grade,2025,Brand New,Automatic,Hatchback,Petrol,"1,000 cc",0 km
https://ikman.lk/en/ad/toyota-taisor-g-grade-2026-for-sale-colombo-49,Toyota Taisor G Grade 2026,"Rs 11,000,000",Toyota,Taisor,G Grade,2026,Brand New,Automatic,SUV / 4x4,Petrol,"1,000 cc",0 km
https://ikman.lk/en/ad/toyota-taisor-v-grade-highest-pack-2026-for-sale-colombo-25,Toyota Taisor V GRADE HIGHEST PACK 2026,"Rs 11,990,000",Toyota,Taisor,V GRADE HIGHEST PACK,2026,Brand New,Automatic,Hatchback,Petrol,"1,000 cc",0 km
https://ikman.lk/en/ad/toyota-roomy-custom-g-2025-for-sale-colombo-74,Toyota Roomy Custom G 2025,"Rs 11,299,999",Toyota,Roomy,Custom G,2025,Reconditioned,Automatic,Hatchback,Petrol,"1,000 cc","10,000 km"
https://ikman.lk/en/ad/toyota-land-cruiser-prado-95-1kz-1997-for-sale-colombo-22,Toyota Land Cruiser Prado 95 1KZ 1997,"Rs 11,790,000",Toyota,Land Cruiser Prado,95 1KZ,1997,Used,Manual,SUV / 4x4,Diesel,"3,000 cc","230,000 km"
https://ikman.lk/en/ad/toyota-fortuner-2013-for-sale-colombo-635,Toyota Fortuner 2013,"Rs 18,690,000",Toyota,Fortuner,,2013,Used,Automatic,SUV / 4x4,Diesel,"3,000 cc","160,000 km"
https://ikman.lk/en/ad/toyota-raize-z-12-hybrid-2025-for-sale-colombo-6,Toyota Raize Z 1.2 Hybrid 2025,"Rs 14,450,000",Toyota,Raize,Z 1.2 Hybrid,2025,Brand New,Automatic,Hatchback,Hybrid,"1,200 cc",0 km
https://ikman.lk/en/ad/toyota-taisor-v-grade-2026-for-sale-colombo-124,Toyota Taisor V Grade 2026,"Rs 11,700,000",Toyota,Taisor,V Grade,2026,Brand New,Automatic,Hatchback,Hybrid,"1,000 cc",0 km
https://ikman.lk/en/ad/toyota-taisor-v-2026-for-sale-colombo-22,Toyota Taisor V 2026,"Rs 12,200,000",Toyota,Taisor,V,2026,Brand New,Automatic,SUV / 4x4,Petrol,"1,000 cc",0 km
https://ikman.lk/en/ad/toyota-yaris-uk-spec-2010-for-sale-colombo,Toyota Yaris UK SPEC 2010,"Rs 5,890,000",Toyota,Yaris,UK SPEC,2010,Used,Tiptronic,Hatchback,Petrol,"1,400 cc","122,000 km"
https://ikman.lk/en/ad/toyota-belta-2021-for-sale-colombo,Toyota Belta 2021,"Rs 6,375,000",Toyota,Belta,,2021,Used,Automatic,Saloon,Petrol,"1,300 cc","212,000 km"
https://ikman.lk/en/ad/toyota-land-cruiser-prado-diesel-lc5-2014-for-sale-colombo-6,Toyota Land Cruiser Prado Diesel LC5 2014,"Rs 38,500,000",Toyota,Land Cruiser Prado,Diesel LC5,2014,Reconditioned,Automatic,SUV / 4x4,Diesel,"3,000 cc",0 km
https://ikman.lk/en/ad/toyota-hilux-smart-cab-2010-for-sale-colombo-94,Toyota Hilux Smart Cab 2010,"Rs 7,975,000",Toyota,Hilux,Smart Cab,2010,Used,Manual,SUV / 4x4,Diesel,"2,400 cc","240,000 km"
https://ikman.lk/en/ad/toyota-raize-z-grade-2024-for-sale-colombo-246,Toyota Raize Z Grade 2024,"Rs 13,950,000",Toyota,Raize,Z Grade 2024,2024,Reconditioned,Automatic,Hatchback,Hybrid,"1,200 cc","8,000 km"
https://ikman.lk/en/ad/toyota-land-cruiser-prado-gx-2003-for-sale-colombo-51,Toyota Land Cruiser Prado GX 2003,"Rs 13,900,000",Toyota,Land Cruiser Prado,GX,2003,Reconditioned,Manual,SUV / 4x4,Petrol,"2,700 cc","126,000 km"
https://ikman.lk/en/ad/toyota-hilux-travo-overland-plus-2025-for-sale-colombo-190,Toyota Hilux Travo Overland Plus 2025,"Rs 29,500,000",Toyota,Hilux,Travo Overland Plus,2025,Brand New,Automatic,SUV / 4x4,Diesel,"2,800 cc",0 km
https://ikman.lk/en/ad/toyota-raize-g-1200-cc-2023-for-sale-colombo-13,Toyota Raize G 1200 CC 2023,"Rs 12,900,000",Toyota,Raize,G 1200 CC,2023,Reconditioned,Automatic,SUV / 4x4,Petrol,"1,200 cc","23,000 km"
https://ikman.lk/en/ad/toyota-urban-cruiser-taisor-v-2026-for-sale-colombo-12,Toyota Urban Cruiser Taisor V 2026,"Rs 12,050,000",Toyota,Urban Cruiser,Taisor V,2026,Brand New,Automatic,SUV / 4x4,Petrol,"1,000 cc",0 km
https://ikman.lk/en/ad/toyota-land-cruiser-prado-250-diesel-brandnew-2024-for-sale-colombo,Toyota Land Cruiser Prado 250 Diesel Brandnew 2024,"Rs 84,500,000",Toyota,Land Cruiser Prado,250 Diesel Brandnew,2024,Brand New,Automatic,SUV / 4x4,Diesel,"2,800 cc",400 km
https://ikman.lk/en/ad/toyota-raize-z-grade-2019-for-sale-colombo-13,Toyota Raize Z-Grade 2019,"Rs 10,675,000",Toyota,Raize,Z-Grade,2019,Reconditioned,Automatic,Station wagon,Petrol,998 cc,"86,000 km"
https://ikman.lk/en/ad/toyota-harrier-advance-premium-2017-for-sale-colombo-4,Toyota Harrier Advance Premium 2017,"Rs 25,000,000",Toyota,Harrier,Advance Premium,2017,Used,Automatic,SUV / 4x4,Petrol,"2,000 cc","20,000 km"
https://ikman.lk/en/ad/toyota-premio-g-superior-2013-for-sale-colombo-2169,Toyota Premio G Superior 2013,"Rs 11,300,000",Toyota,Premio,G Superior,2013,Used,Automatic,Saloon,Petrol,"1,500 cc","167,082 km"
https://ikman.lk/en/ad/toyota-land-cruiser-prado-trj-150-6-forward-2015-for-sale-colombo,Toyota Land Cruiser Prado TRJ 150 6 Forward 2015,"Rs 38,000,000",Toyota,Land Cruiser Prado,TRJ 150 6 Forward,2015,Used,Automatic,,Petrol,"2,700 cc","89,000 km"
https://ikman.lk/en/ad/toyota-land-cruiser-prado-250-japan-modify-2024-for-sale-colombo,Toyota Land Cruiser Prado 250 Japan 🇯🇵Modify 2024,"Rs 61,700,000",Toyota,Land Cruiser Prado,250 Japan 🇯🇵Modify,2024,Reconditioned,Automatic,SUV / 4x4,Petrol,"2,700 cc","5,000 km"
https://ikman.lk/en/ad/toyota-voxy-sz-highest-grade-2024-for-sale-colombo-3,Toyota Voxy SZ Highest Grade 2024,"Rs 29,500,000",Toyota,Voxy,SZ Highest Grade,2024,Reconditioned,Automatic,MPV,Hybrid,"1,800 cc","6,000 km"
https://ikman.lk/en/ad/toyota-taisor-v-grade-2026-for-sale-colombo-118,Toyota Taisor V Grade 2026,"Rs 12,190,000",Toyota,Taisor,V Grade,2026,Brand New,Automatic,Hatchback,Petrol,"1,000 cc",0 km
https://ikman.lk/en/ad/toyota-raize-z-hybrid-2026-for-sale-colombo-22,Toyota Raize Z Hybrid 2026,"Rs 14,300,000",Toyota,Raize,Z Hybrid,2026,Brand New,Automatic,SUV / 4x4,Petrol,"1,200 cc",50 km
https://ikman.lk/en/ad/toyota-taisor-v-grade-2026-for-sale-colombo-117,Toyota Taisor V Grade 2026,"Rs 11,895,000",Toyota,Taisor,V Grade,2026,Brand New,Automatic,SUV / 4x4,Petrol,"1,000 cc",0 km
https://ikman.lk/en/ad/toyota-harrier-hybrid-advance-pr-2014-for-sale-colombo,Toyota Harrier Hybrid Advance Pr 2014,"Rs 17,790,000",Toyota,Harrier,Hybrid Advance Pr,2014,Used,Automatic,SUV / 4x4,Hybrid,"2,400 cc","116,000 km"
https://ikman.lk/en/ad/toyota-premio-g-superior-2014-for-sale-colombo-1056,Toyota Premio G superior 2014,"Rs 11,750,000",Toyota,Premio,G superior,2014,Used,Automatic,Saloon,Petrol,"1,500 cc","152,000 km"
https://ikman.lk/en/ad/toyota-hilux-travo-2025-for-sale-colombo-10,Toyota Hilux TRAVO 2025,"Rs 28,575,000",Toyota,Hilux,TRAVO,2025,Brand New,Automatic,SUV / 4x4,Diesel,"2,800 cc",600 km
https://ikman.lk/en/ad/toyota-land-cruiser-prado-lc250-vx-2025-for-sale-colombo-9,Toyota Land Cruiser Prado LC250 VX 2025,"Rs 61,000,000",Toyota,Land Cruiser Prado,LC250 VX,2025,Brand New,Automatic,SUV / 4x4,Petrol,"2,700 cc",50 km
https://ikman.lk/en/ad/toyota-raize-z-premium-petrol-2025-for-sale-colombo,Toyota Raize Z Premium Petrol 2025,"Rs 13,390,000",Toyota,Raize,Z Premium Petrol,2025,Reconditioned,Automatic,SUV / 4x4,Petrol,"1,000 cc","4,000 km"
https://ikman.lk/en/ad/toyota-land-cruiser-prado-lc250-2025-for-sale-colombo-10,Toyota Land Cruiser Prado LC250 2025,"Rs 61,000,000",Toyota,Land Cruiser Prado,LC250,2025,Brand New,Automatic,SUV / 4x4,Petrol,"2,700 cc",50 km
https://ikman.lk/en/ad/toyota-raize-z-premium-hybrid-2025-for-sale-colombo-23,Toyota Raize Z Premium Hybrid 2025,"Rs 14,490,000",Toyota,Raize,Z Premium Hybrid,2025,Reconditioned,Automatic,SUV / 4x4,Hybrid,"1,200 cc","14,000 km"
https://ikman.lk/en/ad/toyota-taisor-v-urban-cruiser-2026-for-sale-colombo-1,Toyota Taisor V Urban Cruiser 2026,"Rs 12,000,000",Toyota,Taisor,V Urban Cruiser,2026,Brand New,Automatic,SUV / 4x4,Petrol,"1,000 cc",50 km
https://ikman.lk/en/ad/toyota-raize-z-hybrid-bsm-2025-for-sale-colombo-18,Toyota Raize Z Hybrid BSM 2025,"Rs 14,500,000",Toyota,Raize,Z Hybrid BSM,2025,Brand New,Automatic,SUV / 4x4,Hybrid,"1,200 cc",3 km
https://ikman.lk/en/ad/toyota-raize-z-hybrid-modellista-2025-for-sale-colombo-28,Toyota Raize Z Hybrid Modellista 2025,"Rs 14,900,000",Toyota,Raize,Z Hybrid Modellista,2025,Brand New,Automatic,SUV / 4x4,Hybrid,"1,200 cc",900 km
https://ikman.lk/en/ad/toyota-hilux-travo-overland-plus-2026-for-sale-colombo-158,Toyota Hilux Travo Overland Plus 2026,"Rs 28,000,000",Toyota,Hilux,Travo Overland Plus,2026,Brand New,Automatic,SUV / 4x4,Diesel,"2,800 cc",3 km
https://ikman.lk/en/ad/toyota-land-cruiser-prado-1st-edition-lc250-2024-for-sale-colombo-6,Toyota Land Cruiser Prado 1ST EDITION LC250 2024,"Rs 68,990,000",Toyota,Land Cruiser Prado,1ST EDITION LC250,2024,Brand New,Automatic,SUV / 4x4,Petrol,"2,700 cc","1,000 km"
https://ikman.lk/en/ad/toyota-land-cruiser-sahara-lc300-zx-petrol-2026-for-sale-colombo-3,Toyota Land Cruiser Sahara LC300 ZX PETROL 2026,"Rs 98,590,000",Toyota,Land Cruiser Sahara,LC300 ZX PETROL,2026,Brand New,Automatic,SUV / 4x4,Petrol,"3,500 cc",0 km
https://ikman.lk/en/ad/toyota-axio-x-grade-2008-for-sale-colombo-166,Toyota Axio X Grade 2008,"Rs 7,300,000",Toyota,Axio,X Grade,2008,Used,Automatic,Saloon,Petrol,"1,500 cc","125,000 km"
https://ikman.lk/en/ad/toyota-aqua-s-grade-2014-for-sale-colombo-1030,Toyota Aqua S Grade 2014,"Rs 8,090,000",Toyota,Aqua,S Grade,2014,Used,Automatic,Hatchback,Hybrid,"1,500 cc","150,000 km"
https://ikman.lk/en/ad/toyota-passo-xl-2023-for-sale-colombo-17,Toyota Passo XL 2023,"Rs 8,550,000",Toyota,Passo,XL,2023,Reconditioned,Automatic,Hatchback,Petrol,"1,000 cc","1,104 km"
https://ikman.lk/en/ad/toyota-land-cruiser-sahara-v8-2013-unregistered-for-sale-colombo,Toyota Land Cruiser Sahara V8 2013 Unregistered,"Rs 74,500,000",Toyota,Land Cruiser Sahara,V8 2013 Unregistered,2013,Reconditioned,Automatic,SUV / 4x4,Diesel,"4,500 cc","30,000 km"
https://ikman.lk/en/ad/toyota-land-cruiser-prado-250-diesel-first-edi-2024-for-sale-colombo-1,Toyota Land Cruiser Prado 250 DIESEL FIRST EDI 2024,"Rs 78,500,000",Toyota,Land Cruiser Prado,250 DIESEL FIRST EDI,2024,Reconditioned,Automatic,SUV / 4x4,Diesel,"2,800 cc","3,000 km"
https://ikman.lk/en/ad/toyota-land-cruiser-prado-tx-l-package-2023-for-sale-colombo,Toyota Land Cruiser Prado TX-L Package 2023,"Rs 53,000,000",Toyota,Land Cruiser Prado,TX-L Package,2023,Import,Automatic,SUV / 4x4,Petrol,"2,700 cc","9,999 km"
https://ikman.lk/en/ad/toyota-land-cruiser-prado-vx-first-edition-2024-for-sale-colombo,Toyota Land Cruiser Prado VX First Edition 2024,"Rs 58,500,000",Toyota,Land Cruiser Prado,VX First Edition,2024,Import,Automatic,SUV / 4x4,Petrol,"2,700 cc","10,000 km"
https://ikman.lk/en/ad/toyota-taisor-v-grade-brand-new-2026-for-sale-colombo-14,Toyota Taisor V GRADE BRAND NEW 2026,"Rs 11,990,000",Toyota,Taisor,V GRADE BRAND NEW,2026,Brand New,Automatic,Hatchback,Petrol,"1,000 cc",0 km
https://ikman.lk/en/ad/toyota-taisor-v-grade-brand-2025-for-sale-colombo,Toyota Taisor V GRADE BRAND 2025,"Rs 11,875,000",Toyota,Taisor,V GRADE BRAND,2025,Brand New,Automatic,Hatchback,Petrol,"1,000 cc",0 km
https://ikman.lk/en/ad/toyota-raize-hybrid-z-modellista-2025-for-sale-colombo-5,Toyota Raize Hybrid Z Modellista 2025,"Rs 14,095,000",Toyota,Raize,Hybrid Z Modellista,2025,Brand New,Automatic,Hatchback,Hybrid,"1,200 cc",8 km
https://ikman.lk/en/ad/toyota-taisor-v-grade-brand-new-2026-for-sale-colombo-12,Toyota Taisor V GRADE BRAND NEW 2026,"Rs 12,490,000",Toyota,Taisor,V GRADE BRAND NEW,2026,Brand New,Automatic,Hatchback,Petrol,"1,000 cc",0 km
https://ikman.lk/en/ad/toyota-land-cruiser-79-double-cab-2025-for-sale-colombo-4,Toyota Land Cruiser 79 Double Cab 2025,"Rs 31,500,000",Toyota,Land Cruiser 79,Double Cab,2025,Used,Manual,SUV / 4x4,Diesel,"2,800 cc","3,700 km"
https://ikman.lk/en/ad/toyota-avanza-2011-for-sale-colombo-175,Toyota Avanza 2011,"Rs 6,600,000",Toyota,Avanza,,2011,Used,Manual,Station wagon,Petrol,"1,300 cc","210,000 km"
https://ikman.lk/en/ad/toyota-land-cruiser-prado-2009-for-sale-colombo,Toyota Land Cruiser Prado 2009,"Rs 21,900,000",Toyota,Land Cruiser Prado,,2009,Reconditioned,Automatic,SUV / 4x4,Petrol,"4,000 cc","179,353 km"
https://ikman.lk/en/ad/toyota-corolla-110-1998-for-sale-colombo-69,Toyota Corolla 110 1998,"Rs 3,285,000",Toyota,Corolla,110,1998,Used,Automatic,,Diesel,"1,974 cc","315,520 km"
https://ikman.lk/en/ad/toyota-raize-2024-for-sale-colombo-72,Toyota Raize 2024,"Rs 12,150,000",Toyota,Raize,,2024,Reconditioned,Automatic,,Petrol,"1,000 cc","21,567 km"
https://ikman.lk/en/ad/toyota-carina-at192-2008-for-sale-colombo-1,Toyota Carina AT192 2008,"Rs 3,800,000",Toyota,Carina,AT192,2008,Used,Automatic,Saloon,Petrol,"1,500 cc","185,000 km"
https://ikman.lk/en/ad/toyota-hilux-champ-2026-for-sale-colombo,Toyota Hilux Champ 2026,"Rs 11,900,000",Toyota,Hilux,Hilux Champ,2026,Brand New,Manual,SUV / 4x4,Diesel,"2,400 cc",0 km
https://ikman.lk/en/ad/toyota-starlet-ep92-1997-for-sale-colombo-4,Toyota Starlet EP92 1997,"Rs 4,165,000",Toyota,Starlet,EP92,1997,Used,Automatic,,Petrol,"1,330 cc","168,323 km"
https://ikman.lk/en/ad/toyota-land-cruiser-250-vx-2024-for-sale-colombo,Toyota Land Cruiser 250 VX 2024,"Rs 54,950,000",Toyota,Land Cruiser,250 VX,2024,Used,Tiptronic,SUV / 4x4,Petrol,"2,700 cc","18,000 km"
https://ikman.lk/en/ad/toyota-passo-xl-pkg-limited-2024-for-sale-colombo-2,Toyota Passo XL-PKG LIMITED 2024,"Rs 8,495,000",Toyota,Passo,XL-PKG LIMITED,2024,Reconditioned,Automatic,Hatchback,Petrol,"1,000 cc","32,000 km"
https://ikman.lk/en/ad/toyota-vellfire-hybrid-2012-for-sale-colombo,Toyota Vellfire Hybrid 2012,"Rs 23,500,000",Toyota,Vellfire,Hybrid,2012,Used,Automatic,MPV,Hybrid,"2,400 cc","123,000 km"
https://ikman.lk/en/ad/toyota-harrier-2014-for-sale-colombo-330,Toyota Harrier 2014,"Rs 19,900,000",Toyota,Harrier,,2014,Used,Automatic,SUV / 4x4,Hybrid,"2,490 cc","63,500 km"
https://ikman.lk/en/ad/toyota-vitz-2017-for-sale-colombo-1701,Toyota Vitz 2017,"Rs 9,600,000",Toyota,Vitz,,2017,Used,Automatic,Hatchback,Petrol,"1,000 cc","29,800 km"
https://ikman.lk/en/ad/toyota-aqua-2013-for-sale-colombo-6136,Toyota Aqua 2013,"Rs 7,750,000",Toyota,Aqua,,2013,Used,Automatic,,Hybrid,"1,500 cc","127,000 km"
https://ikman.lk/en/ad/toyota-raize-z-hybrid-blind-spot-2026-for-sale-colombo-5,Toyota Raize Z HYBRID BLIND SPOT 2026,"Rs 14,750,000",Toyota,Raize,Z HYBRID BLIND SPOT,2026,Brand New,Automatic,SUV / 4x4,Hybrid,"1,200 cc",0 km
https://ikman.lk/en/ad/toyota-raize-z-hybrid-auto-parkin-2026-for-sale-colombo-4,Toyota Raize Z HYBRID AUTO PARKIN 2026,"Rs 14,950,000",Toyota,Raize,Z HYBRID AUTO PARKIN,2026,Brand New,Automatic,SUV / 4x4,Hybrid,"1,200 cc",0 km
https://ikman.lk/en/ad/toyota-yaris-cross-z-adventure-limited-2024-for-sale-colombo-11,Toyota Yaris Cross Z Adventure limited 2024,"Rs 16,495,000",Toyota,Yaris Cross,Z Adventure limited,2024,Reconditioned,Automatic,SUV / 4x4,Hybrid,"1,490 cc","23,000 km"
https://ikman.lk/en/ad/toyota-raize-g-1200cc-petrol-2024-for-sale-colombo-9,Toyota Raize G 1200cc Petrol 2024,"Rs 12,695,000",Toyota,Raize,G 1200cc Petrol,2024,Reconditioned,Automatic,SUV / 4x4,Petrol,"1,200 cc","19,000 km"
https://ikman.lk/en/ad/toyota-yaris-cross-gr-sport-limited-2024-for-sale-colombo-13,Toyota Yaris Cross GR Sport Limited 2024,"Rs 16,695,000",Toyota,Yaris Cross,GR Sport Limited,2024,Reconditioned,Automatic,SUV / 4x4,Hybrid,"1,490 cc","23,000 km"
https://ikman.lk/en/ad/toyota-camry-luxury-2007-for-sale-colombo-17,Toyota Camry Luxury 2007,"Rs 6,900,000",Toyota,Camry,Luxury,2007,Used,Automatic,Saloon,Petrol,"2,300 cc","167,000 km"
https://ikman.lk/en/ad/toyota-raize-g-ltd-2025-for-sale-colombo-1,Toyota Raize G LTD 2025,"Rs 12,100,000",Toyota,Raize,G LTD,2025,Reconditioned,Automatic,SUV / 4x4,Petrol,"1,000 cc","20,000 km"
https://ikman.lk/en/ad/toyota-vitz-limited-edition-2016-for-sale-colombo-1,Toyota Vitz Limited Edition 2016,"Rs 7,900,000",Toyota,Vitz,Limited Edition,2016,Used,Automatic,Hatchback,Petrol,"1,000 cc","116,371 km"
https://ikman.lk/en/ad/toyota-taisor-highest-2026-for-sale-colombo,Toyota Taisor Highest 2026,"Rs 11,750,000",Toyota,Taisor,Highest,2026,Brand New,Automatic,SUV / 4x4,Hybrid,"1,000 cc",0 km
https://ikman.lk/en/ad/toyota-premio-g-superior-2019-for-sale-colombo-808,Toyota Premio G Superior 2019,"Rs 17,700,000",Toyota,Premio,G Superior,2019,Used,Automatic,Saloon,Petrol,"1,500 cc","79,000 km"
https://ikman.lk/en/ad/toyota-chr-no-2018-for-sale-colombo,Toyota CHR 2018,"Rs 15,000,000",Toyota,CHR,Toyota,2018,Used,Tiptronic,Saloon,Petrol,"1,190 cc","62,000 km"
https://ikman.lk/en/ad/toyota-raize-hybrid-z-2026-for-sale-colombo-9,Toyota Raize Hybrid Z 2026,"Rs 14,350,000",Toyota,Raize,Hybrid Z,2026,Brand New,Automatic,SUV / 4x4,Petrol,"1,200 cc",0 km
https://ikman.lk/en/ad/toyota-land-cruiser-prado-first-edition-2024-for-sale-colombo-69,Toyota Land Cruiser Prado FIRST EDITION 2024,"Rs 61,000,000",Toyota,Land Cruiser Prado,FIRST EDITION,2024,Reconditioned,Tiptronic,SUV / 4x4,Petrol,"2,700 cc","5,000 km"
https://ikman.lk/en/ad/toyota-raize-z-grade-1200-2025-for-sale-colombo,Toyota Raize Z Grade 1200 2025,"Rs 13,995,000",Toyota,Raize,Z Grade 1200,2025,Brand New,Automatic,SUV / 4x4,Petrol,"1,200 cc",0 km
https://ikman.lk/en/ad/toyota-corolla-g-grade-2001-for-sale-colombo-3,Toyota Corolla G Grade 2001,"Rs 5,300,000",Toyota,Corolla,G Grade,2001,Used,Automatic,Saloon,Petrol,"1,500 cc","260,000 km"
https://ikman.lk/en/ad/toyota-prius-2008-for-sale-colombo-1244,Toyota Prius 2008,"Rs 6,550,000",Toyota,Prius,,2008,Used,Automatic,Saloon,Hybrid,"1,500 cc","107,000 km"
https://ikman.lk/en/ad/toyota-raize-z-grade-hybrid-2024-for-sale-colombo-79,Toyota Raize Z Grade Hybrid 2024,"Rs 13,975,000",Toyota,Raize,Z Grade Hybrid,2024,Brand New,Automatic,SUV / 4x4,Hybrid,"1,200 cc",100 km
https://ikman.lk/en/ad/toyota-raize-z-grade-hybrid-2026-for-sale-colombo-42,Toyota Raize Z Grade Hybrid 2026,"Rs 14,895,000",Toyota,Raize,Z Grade Hybrid,2026,Brand New,Automatic,SUV / 4x4,Hybrid,"1,200 cc",0 km
https://ikman.lk/en/ad/toyota-taisor-v-highest-grade-2026-for-sale-colombo-22,Toyota Taisor V HIGHEST GRADE 2026,"Rs 11,990,000",Toyota,Taisor,V HIGHEST GRADE,2026,Brand New,Automatic,SUV / 4x4,Petrol,"1,000 cc",0 km
https://ikman.lk/en/ad/toyota-yaris-cross-z-black-pccc-a1-2023-for-sale-colombo-2,Toyota Yaris Cross Z - Black PCCC- A1 2023,"Rs 16,000,000",Toyota,Yaris Cross,Z - Black PCCC- A1,2023,Import,Automatic,SUV / 4x4,Hybrid,"1,500 cc","45,000 km"
https://ikman.lk/en/ad/toyota-yaris-2008-for-sale-colombo-1450,Toyota Yaris 2008,"Rs 6,900,000",Toyota,Yaris,,2008,Used,Automatic,Saloon,Petrol,"1,298 cc","163,474 km"
https://ikman.lk/en/ad/toyota-yaris-2008-for-sale-colombo-1449,Toyota Yaris 2008,"Rs 6,690,000",Toyota,Yaris,,2008,Used,Automatic,Saloon,Petrol,"1,298 cc","160,879 km"
https://ikman.lk/en/ad/toyota-141-2002-for-sale-colombo,Toyota 141 2002,"Rs 6,675,000",Toyota,Other Model,141,2002,Used,Automatic,Saloon,Petrol,"1,596 cc","158,694 km"
https://ikman.lk/en/ad/toyota-roomy-custom-gt-turbo-2025-for-sale-colombo-95,Toyota Roomy Custom GT Turbo 2025,"Rs 11,200,000",Toyota,Roomy,Custom GT Turbo,2025,Brand New,Automatic,MPV,Petrol,"1,000 cc",0 km
https://ikman.lk/en/ad/toyota-chr-ngx50-2017-for-sale-colombo-107,Toyota CHR NGX50 2017,"Rs 13,000,000",Toyota,CHR,NGX50,2017,Used,Automatic,SUV / 4x4,Petrol,"1,200 cc","72,000 km"
https://ikman.lk/en/ad/toyota-raize-2023-for-sale-colombo-66,Toyota Raize 2023,"Rs 13,590,000",Toyota,Raize,,2023,Used,Automatic,SUV / 4x4,Petrol,"1,196 cc","36,320 km"
https://ikman.lk/en/ad/toyota-taisor-v-grade-2026-for-sale-colombo-111,Toyota Taisor V Grade 2026,"Rs 12,065,000",Toyota,Taisor,V Grade,2026,Brand New,Automatic,SUV / 4x4,Petrol,"1,000 cc",0 km
https://ikman.lk/en/ad/toyota-corolla-lx-2008-for-sale-colombo-3,Toyota Corolla LX 2008,"Rs 6,600,000",Toyota,Corolla,LX,2008,Reconditioned,Automatic,Saloon,Petrol,"1,600 cc","71,000 km"
https://ikman.lk/en/ad/toyota-pixis-epoch-g-turbo-2025-for-sale-colombo,Toyota Pixis Epoch G TURBO 2025,"Rs 7,695,000",Toyota,Pixis,Epoch G TURBO,2025,Reconditioned,Automatic,Hatchback,Petrol,660 cc,"12,000 km"
https://ikman.lk/en/ad/toyota-avanza-2021-for-sale-colombo,Toyota Avanza 2021,"Rs 6,875,000",Toyota,Avanza,,2021,Used,Manual,Station wagon,Petrol,"1,500 cc","145,470 km"
https://ikman.lk/en/ad/toyota-land-cruiser-sahara-lc300zx-2026-for-sale-colombo,Toyota Land Cruiser Sahara LC300ZX 2026,"Rs 96,000,000",Toyota,Land Cruiser Sahara,LC300ZX,2026,Brand New,Tiptronic,SUV / 4x4,Petrol,"3,000 cc",0 km
https://ikman.lk/en/ad/toyota-raize-z-grade-bsm-2020-for-sale-colombo-3,Toyota Raize Z Grade BSM 2020,"Rs 11,000,000",Toyota,Raize,Z Grade BSM,2020,Used,Automatic,Hatchback,Petrol,"1,000 cc","80,000 km"
https://ikman.lk/en/ad/toyota-vellfire-executive-lounge-2025-for-sale-colombo-18,Toyota Vellfire Executive Lounge 2025,"Rs 58,500,000",Toyota,Vellfire,Executive Lounge,2025,Brand New,Automatic,MPV,Petrol,"2,500 cc",500 km
https://ikman.lk/en/ad/toyota-taisor-v-grade-2026-for-sale-colombo-110,Toyota Taisor V Grade 2026,"Rs 12,000,000",Toyota,Taisor,V Grade,2026,Brand New,Automatic,SUV / 4x4,Petrol,"1,000 cc",0 km
https://ikman.lk/en/ad/toyota-land-cruiser-prado-tx-limited-fullyload-2023-for-sale-colombo,Toyota Land Cruiser Prado TX Limited fullyload 2023,"Rs 51,750,000",Toyota,Land Cruiser Prado,TX Limited fullyload,2023,Reconditioned,Automatic,SUV / 4x4,Petrol,"2,700 cc","17,600 km"
https://ikman.lk/en/ad/toyota-land-cruiser-sahara-zx-v8-2016-for-sale-colombo,Toyota Land Cruiser Sahara ZX V8 2016,"Rs 55,000,000",Toyota,Land Cruiser Sahara,ZX V8,2016,Used,Automatic,Station wagon,Petrol,"4,600 cc","123,000 km"
https://ikman.lk/en/ad/toyota-hilux-travo-overland-2025-for-sale-colombo-30,Toyota Hilux Travo Overland ➕️ 2025,Rs 1,Toyota,Hilux,Travo Overland ➕️,2025,Brand New,Automatic,SUV / 4x4,Diesel,"2,800 cc",0 km
https://ikman.lk/en/ad/toyota-urban-cruiser-taisor-v-grade-10l-2026-for-sale-colombo-7,Toyota Urban Cruiser Taisor V Grade 1.0L 2026,"Rs 11,490,000",Toyota,Urban Cruiser,Taisor V Grade 1.0L,2026,Import,Automatic,SUV / 4x4,Petrol,"1,000 cc",0 km
https://ikman.lk/en/ad/toyota-taisor-g-grade-2026-for-sale-colombo-45,Toyota Taisor G Grade 2026,"Rs 10,950,000",Toyota,Taisor,G Grade,2026,Brand New,Automatic,SUV / 4x4,Petrol,"1,000 cc",0 km
https://ikman.lk/en/ad/toyota-taisor-g-grade-2026-for-sale-colombo-44,Toyota Taisor G Grade 2026,"Rs 10,950,000",Toyota,Taisor,G Grade,2026,Brand New,Automatic,SUV / 4x4,Petrol,"1,000 cc",0 km
https://ikman.lk/en/ad/toyota-land-cruiser-prado-face-lift-2020-2011-for-sale-colombo,Toyota Land Cruiser Prado 2011,"Rs 31,000,000",Toyota,Land Cruiser Prado,2011,2011,Used,Automatic,SUV / 4x4,Petrol,"2,755 cc","185,661 km"
https://ikman.lk/en/ad/toyota-yaris-cross-z-hybrid-2024-for-sale-colombo-16,Toyota Yaris Cross Z Hybrid 2024,"Rs 16,900,000",Toyota,Yaris,Cross Z Hybrid,2024,Reconditioned,Automatic,SUV / 4x4,Hybrid,"1,500 cc","2,000 km"
https://ikman.lk/en/ad/toyota-alphard-z-comfort-plus-2025-for-sale-colombo,Toyota Alphard Z COMFORT PLUS 2025,"Rs 54,000,000",Toyota,Alphard,Z COMFORT PLUS,2025,Brand New,Tiptronic,Station wagon,Hybrid,"2,500 cc",0 km
https://ikman.lk/en/ad/toyota-taisor-urban-cruiser-v-2026-for-sale-colombo-20,Toyota Taisor Urban Cruiser V 2026,"Rs 11,800,000",Toyota,Taisor,Urban Cruiser V,2026,Brand New,Automatic,SUV / 4x4,Petrol,"1,000 cc",0 km
https://ikman.lk/en/ad/toyota-taisor-v-grade-top-spec-2026-for-sale-colombo,Toyota Taisor V GRADE TOP SPEC 2026,"Rs 11,650,000",Toyota,Taisor,V GRADE TOP SPEC,2026,Brand New,Automatic,SUV / 4x4,Petrol,"1,000 cc",0 km
https://ikman.lk/en/ad/toyota-taisor-v-grade-2026-for-sale-colombo-109,Toyota Taisor V Grade 2026,"Rs 11,950,000",Toyota,Taisor,V Grade,2026,Brand New,Automatic,SUV / 4x4,Petrol,"1,000 cc",0 km
https://ikman.lk/en/ad/toyota-premio-2017-for-sale-colombo-703,Toyota Premio 2017,"Rs 14,500,000",Toyota,Premio,,2017,Reconditioned,Automatic,Saloon,Petrol,"1,500 cc","107,000 km"
https://ikman.lk/en/ad/toyota-fortuner-2013-for-sale-colombo-634,Toyota Fortuner 2013,"Rs 16,000,000",Toyota,Fortuner,,2013,Used,Automatic,SUV / 4x4,Diesel,"3,000 cc","140,000 km"
https://ikman.lk/en/ad/toyota-taisor-v-grade-2026-for-sale-colombo-107,Toyota Taisor V Grade 2026,"Rs 12,065,000",Toyota,Taisor,V Grade,2026,Brand New,Automatic,SUV / 4x4,Petrol,"1,000 cc",0 km
https://ikman.lk/en/ad/toyota-yaris-cross-z-adventure-2024-for-sale-colombo-54,Toyota Yaris Cross Z Adventure 2024,"Rs 17,200,000",Toyota,Yaris,Cross Z Adventure,2024,Brand New,Automatic,SUV / 4x4,Hybrid,"1,500 cc",400 km
https://ikman.lk/en/ad/toyota-roomy-gt-2025-for-sale-colombo-9,Toyota Roomy GT 2025,"Rs 11,390,000",Toyota,Roomy,GT,2025,Brand New,Automatic,Hatchback,Petrol,"1,000 cc",0 km
https://ikman.lk/en/ad/toyota-raize-z-auto-parking-2025-for-sale-colombo-7,Toyota Raize Z Auto Parking 2025,"Rs 14,390,000",Toyota,Raize,Z Auto Parking,2025,Brand New,Automatic,Hatchback,Petrol,"1,200 cc",0 km
https://ikman.lk/en/ad/toyota-vitz-ksp130-2016-for-sale-colombo-15,Toyota Vitz KSP130 2016,"Rs 7,225,000",Toyota,Vitz,KSP130 2016,2016,Used,Automatic,Hatchback,Petrol,"1,000 cc","98,000 km"
https://ikman.lk/en/ad/toyota-rav4-25-z-e-four-4wd-2026-for-sale-colombo,Toyota RAV4 2.5 Z E-Four 4WD 2026,"Rs 45,000,000",Toyota,RAV4,2.5 Z E-Four 4WD,2026,Import,Automatic,SUV / 4x4,Petrol,"2,487 cc",0 km
https://ikman.lk/en/ad/toyota-yaris-cross-z-grade-2024-for-sale-colombo-34,Toyota Yaris Cross Z Grade 2024,"Rs 16,750,000",Toyota,Yaris Cross,Z Grade,2024,Reconditioned,Automatic,Hatchback,Petrol,"1,500 cc","3,800 km"
https://ikman.lk/en/ad/toyota-yaris-x-grade-2023-for-sale-colombo-297,Toyota Yaris X Grade 2023,"Rs 9,350,000",Toyota,Yaris,X Grade,2023,Reconditioned,Automatic,Hatchback,Petrol,"1,000 cc","10,000 km"
https://ikman.lk/en/ad/toyota-roomy-g-2023-for-sale-colombo-46,Toyota Roomy G 2023,"Rs 8,750,000",Toyota,Roomy,G,2023,Reconditioned,Automatic,Hatchback,Petrol,"1,000 cc","18,000 km"
https://ikman.lk/en/ad/toyota-raize-12-hybrid-bsm-apl-2025-for-sale-colombo,Toyota Raize 1.2 HYBRID BSM APL 2025,"Rs 13,495,000",Toyota,Raize,1.2 HYBRID BSM APL,2025,Brand New,Tiptronic,Hatchback,Hybrid,"1,200 cc",600 km
https://ikman.lk/en/ad/toyota-taisor-urban-cruiser-2025-for-sale-colombo-16,Toyota Taisor Urban Cruiser 2025,"Rs 11,490,000",Toyota,Taisor,Urban Cruiser,2025,Brand New,Automatic,Hatchback,Petrol,"1,000 cc",0 km
https://ikman.lk/en/ad/toyota-yaris-g-2023-for-sale-colombo-19,Toyota Yaris G 2023,"Rs 9,890,000",Toyota,Yaris,G,2023,Reconditioned,Automatic,Hatchback,Petrol,"1,000 cc","3,000 km"
https://ikman.lk/en/ad/toyota-roomy-g-grade-2024-for-sale-colombo-16,Toyota Roomy G Grade 2024,"Rs 8,890,000",Toyota,Roomy,G Grade,2024,Reconditioned,Automatic,Hatchback,Petrol,"1,000 cc","33,000 km"
https://ikman.lk/en/ad/toyota-roomy-gt-custom-2023-for-sale-colombo-30,Toyota Roomy GT Custom 2023,"Rs 10,390,000",Toyota,Roomy,GT Custom,2023,Reconditioned,Automatic,Hatchback,Petrol,"1,000 cc","17,000 km"
https://ikman.lk/en/ad/toyota-aqua-s-grade-unregistered-2014-for-sale-colombo,Toyota Aqua S Grade Unregistered 2014,"Rs 9,600,000",Toyota,Aqua,S Grade Unregistered,2014,Used,Automatic,SUV / 4x4,Hybrid,"1,500 cc","25,000 km"
https://ikman.lk/en/ad/toyota-land-cruiser-27-vx-4wd-2024-for-sale-colombo,Toyota Land Cruiser 2.7 VX 4WD 2024,"Rs 55,000,000",Toyota,Land Cruiser,2.7 VX 4WD,2024,Reconditioned,Automatic,SUV / 4x4,Petrol,"2,693 cc","5,000 km"
https://ikman.lk/en/ad/toyota-roomy-m900a-g-sddd-a1-2024-for-sale-colombo,Toyota Roomy M900A - G SDDD-A1 2024,"Rs 9,200,000",Toyota,Roomy,M900A - G - SDDD-A1,2024,Import,Automatic,MPV,Petrol,"1,000 cc","15,000 km"
https://ikman.lk/en/ad/toyota-taisor-v-highest-grade-2026-for-sale-colombo-20,Toyota Taisor V HIGHEST GRADE 2026,"Rs 11,950,000",Toyota,Taisor,V HIGHEST GRADE,2026,Brand New,Automatic,Hatchback,Petrol,"1,000 cc",0 km
https://ikman.lk/en/ad/toyota-taisor-v-highest-grade-2026-for-sale-colombo-19,Toyota Taisor V HIGHEST GRADE 2026,"Rs 11,950,000",Toyota,Taisor,V HIGHEST GRADE,2026,Brand New,Automatic,Hatchback,Petrol,"1,000 cc",0 km
https://ikman.lk/en/ad/toyota-alphard-wellfire-executive-2025-for-sale-colombo-9,Toyota Alphard WELLFIRE EXECUTIVE 2025,"Rs 69,500,000",Toyota,Alphard,WELLFIRE EXECUTIVE,2025,Brand New,Automatic,MPV,Petrol,"2,400 cc",0 km
https://ikman.lk/en/ad/toyota-aqua-z-grade-facelift-2026-for-sale-colombo-2,Toyota Aqua Z Grade Facelift . 2026,"Rs 16,500,000",Toyota,Aqua,Z Grade Facelift .,2026,Import,Automatic,Hatchback,Hybrid,"1,500 cc",10 km
https://ikman.lk/en/ad/toyota-corolla-g-2024-for-sale-colombo-4,Toyota Corolla G 2024,"Rs 16,300,000",Toyota,Corolla,G,2024,Import,Automatic,Saloon,Petrol,"1,500 cc","5,000 km"
https://ikman.lk/en/ad/toyota-aqua-grade-g-2024-for-sale-colombo,Toyota Aqua Grade G 2024,"Rs 14,000,000",Toyota,Aqua,Grade G,2024,Import,Automatic,Hatchback,Hybrid,"1,500 cc","7,000 km"
https://ikman.lk/en/ad/toyota-rav4-2015-for-sale-colombo-6,Toyota RAV4 2015,"Rs 13,000,000",Toyota,RAV4,,2015,Used,Automatic,SUV / 4x4,Petrol,"2,400 cc","93,000 km"
https://ikman.lk/en/ad/toyota-raize-z-grade-hybrid-2026-for-sale-colombo-40,Toyota Raize Z GRADE HYBRID 2026,"Rs 14,150,000",Toyota,Raize,Z GRADE HYBRID,2026,Brand New,Automatic,SUV / 4x4,Hybrid,"1,200 cc",0 km
https://ikman.lk/en/ad/toyota-crown-luxury-line-2008-for-sale-colombo,Toyota Crown Luxury Line 2008,"Rs 17,500,000",Toyota,Crown,Luxury Line,2008,Used,Automatic,Saloon,Hybrid,"3,500 cc","219,000 km"
https://ikman.lk/en/ad/toyota-avensis-22d-auto-2013-for-sale-colombo,Toyota Avensis 2.2D Auto 2013,"Rs 12,000,000",Toyota,Avensis,2.2D Auto,2013,Reconditioned,Automatic,Saloon,Diesel,"2,200 cc","191,000 km"
https://ikman.lk/en/ad/toyota-land-cruiser-prado-trj-150-tx-l-e-foots-2023-for-sale-colombo,Toyota Land Cruiser Prado TRJ 150 TX L E/FootS 2023,"Rs 53,500,000",Toyota,Land Cruiser Prado,TRJ 150 TX L E/FootS,2023,Reconditioned,Automatic,SUV / 4x4,Petrol,"2,700 cc","11,000 km"
https://ikman.lk/en/ad/toyota-voxy-sz-2025-for-sale-colombo-43,Toyota Voxy SZ 2025,"Rs 31,650,000",Toyota,Voxy,SZ,2025,Brand New,Automatic,MPV,Petrol,"1,800 cc",0 km
https://ikman.lk/en/ad/toyota-prius-2008-for-sale-colombo-1243,Toyota Prius 2008,"Rs 6,500,000",Toyota,Prius,,2008,Used,Automatic,Hatchback,Hybrid,"1,500 cc","213,000 km"
https://ikman.lk/en/ad/toyota-harrier-2014-for-sale-colombo-328,Toyota Harrier 2014,"Rs 18,800,000",Toyota,Harrier,,2014,Used,Automatic,Station wagon,Hybrid,"2,490 cc","280,000 km"
https://ikman.lk/en/ad/toyota-vitz-edition-03-2019-for-sale-colombo-4,Toyota Vitz EDITION 03 2019,"Rs 8,500,000",Toyota,Vitz,EDITION 03,2019,Used,Automatic,Hatchback,Petrol,"1,000 cc","75,000 km"
https://ikman.lk/en/ad/toyota-raize-z-hybrid-4way-bsm-2026-for-sale-colombo-2,Toyota Raize Z -Hybrid 4WAY /BSM 2026,"Rs 14,650,000",Toyota,Raize,Z -Hybrid 4WAY /BSM,2026,Brand New,Automatic,SUV / 4x4,Hybrid,"1,200 cc",0 km
https://ikman.lk/en/ad/toyota-raize-z-grade-2026-for-sale-colombo-7,Toyota Raize Z Grade 2026,"Rs 14,200,000",Toyota,Raize,Z Grade,2026,Brand New,Automatic,SUV / 4x4,Petrol,"1,200 cc",0 km
https://ikman.lk/en/ad/toyota-raize-12l-hybrid-2026-for-sale-colombo,Toyota Raize 1.2L Hybrid 2026,"Rs 14,250,000",Toyota,Raize,1.2L Hybrid,2026,Brand New,Automatic,SUV / 4x4,Hybrid,"1,200 cc",0 km
https://ikman.lk/en/ad/toyota-harrier-z-leather-packge-2025-for-sale-colombo,Toyota Harrier Z Leather Packge 2025,"Rs 34,900,000",Toyota,Harrier,Z Leather Packge,2025,Reconditioned,Automatic,SUV / 4x4,Petrol,"2,000 cc","12,000 km"
https://ikman.lk/en/ad/toyota-land-cruiser-sahara-lc300-zx-2026-for-sale-colombo-12,Toyota Land Cruiser Sahara LC300 ZX 2026,"Rs 92,000,000",Toyota,Land Cruiser Sahara,LC300 ZX,2026,Import,Automatic,SUV / 4x4,Petrol,"3,500 cc",0 km
https://ikman.lk/en/ad/toyota-yaris-g-grade-2025-for-sale-colombo-72,Toyota Yaris G Grade 2025,"Rs 12,200,000",Toyota,Yaris,G Grade,2025,Brand New,Automatic,Hatchback,Petrol,"1,000 cc",250 km
https://ikman.lk/en/ad/toyota-raize-z-grade-safety-b-new-2026-for-sale-colombo,Toyota Raize Z Grade Safety B/NEW 2026,"Rs 14,000,000",Toyota,Raize,Z Grade Safety B/NEW,2026,Brand New,Automatic,SUV / 4x4,Hybrid,"1,200 cc",0 km
https://ikman.lk/en/ad/toyota-raize-z-2024-for-sale-colombo-45,Toyota Raize Z 2024,"Rs 14,900,000",Toyota,Raize,Z,2024,Reconditioned,Automatic,SUV / 4x4,Hybrid,"1,200 cc","11,500 km"
https://ikman.lk/en/ad/toyota-raize-2025-for-sale-colombo-137,Toyota Raize 2025,"Rs 14,800,000",Toyota,Raize,Toyota,2025,Brand New,Automatic,SUV / 4x4,Hybrid,"1,200 cc",30 km
https://ikman.lk/en/ad/toyota-taisor-g-grade-2026-for-sale-colombo-43,Toyota Taisor G Grade 2026,"Rs 10,950,000",Toyota,Taisor,G Grade,2026,Brand New,Automatic,SUV / 4x4,Petrol,"1,000 cc",0 km
https://ikman.lk/en/ad/toyota-yaris-x-grade-2025-for-sale-colombo-78,Toyota Yaris X Grade 2025,"Rs 9,850,000",Toyota,Yaris,X Grade,2025,Reconditioned,Automatic,Hatchback,Petrol,"1,000 cc",5 km
https://ikman.lk/en/ad/toyota-raize-hybrid-bsm-2025-for-sale-colombo-8,Toyota Raize HYBRID BSM 2025,"Rs 14,290,000",Toyota,Raize,HYBRID BSM,2025,Brand New,Automatic,SUV / 4x4,Hybrid,"1,200 cc",0 km
https://ikman.lk/en/ad/toyota-yaris-cross-adventure-4way-new-2026-for-sale-colombo,Toyota Yaris Cross Adventure 4WAY New 2026,"Rs 18,200,000",Toyota,Yaris Cross,Adventure 4WAY New,2026,Brand New,Automatic,SUV / 4x4,Hybrid,"1,500 cc",0 km
https://ikman.lk/en/ad/toyota-harrier-g-premium-limited-2007-for-sale-colombo,Toyota Harrier G Premium Limited 2007,"Rs 9,500,000",Toyota,Harrier,G Premium Limited,2007,Used,Automatic,SUV / 4x4,Petrol,"2,400 cc","130,000 km"
https://ikman.lk/en/ad/toyota-raize-z-10l-2023-for-sale-colombo,Toyota Raize Z 1.0L 2023,"Rs 11,950,000",Toyota,Raize,Z 1.0L,2023,Used,Automatic,SUV / 4x4,Petrol,"1,000 cc","70,000 km"
https://ikman.lk/en/ad/toyota-hilux-travo-overland-2026-for-sale-colombo-23,Toyota Hilux Travo Overland 2026,"Rs 30,590,000",Toyota,Hilux,Travo Overland,2026,Brand New,Automatic,SUV / 4x4,Diesel,"2,800 cc",0 km
https://ikman.lk/en/ad/toyota-alphard-2019-for-sale-colombo-3,Toyota Alphard 2019,"Rs 48,000,000",Toyota,Alphard,,2019,Used,Automatic,MPV,Petrol,"2,490 cc","50,400 km"
https://ikman.lk/en/ad/toyota-yaris-g-grade-led-2023-for-sale-colombo-14,Toyota Yaris G Grade LED 2023,"Rs 10,375,000",Toyota,Yaris,G Grade LED,2023,Reconditioned,Automatic,Hatchback,Petrol,990 cc,"9,000 km"
https://ikman.lk/en/ad/toyota-corolla-121-2001-for-sale-colombo-267,Toyota Corolla 121 2001,"Rs 5,800,000",Toyota,Corolla,121,2001,Used,Automatic,Saloon,Petrol,"1,500 cc","204,000 km"
https://ikman.lk/en/ad/toyota-aqua-g-grade-2013-for-sale-colombo-1509,Toyota Aqua G Grade 2013,"Rs 7,450,000",Toyota,Aqua,G Grade,2013,Used,Automatic,Hatchback,Petrol,"1,500 cc","150,000 km"
https://ikman.lk/en/ad/toyota-vitz-2017-for-sale-colombo-1698,Toyota Vitz 2017,"Rs 7,895,000",Toyota,Vitz,,2017,Used,Automatic,Hatchback,Petrol,990 cc,"72,758 km"
https://ikman.lk/en/ad/toyota-vitz-2015-for-sale-colombo-1830,Toyota Vitz 2015,"Rs 7,395,000",Toyota,Vitz,,2015,Used,Automatic,Hatchback,Petrol,990 cc,"73,221 km"
https://ikman.lk/en/ad/toyota-premio-g-suprior-black-teak-2010-for-sale-colombo,Toyota Premio G Suprior Black Teak 2010,"Rs 9,000,000",Toyota,Premio,G Suprior Black Teak,2010,Used,Automatic,Saloon,Petrol,"1,500 cc","140,000 km"
https://ikman.lk/en/ad/toyota-raize-z-2026-for-sale-colombo-7,Toyota Raize z 2026,"Rs 14,100,000",Toyota,Raize,z,2026,Brand New,Automatic,SUV / 4x4,Petrol,"1,200 cc",0 km
https://ikman.lk/en/ad/toyota-yaris-auto-2023-for-sale-colombo,Toyota Yaris Auto 2023,"Rs 9,650,000",Toyota,Yaris,Auto,2023,Used,Automatic,Saloon,Petrol,"1,000 cc","23,500 km"
https://ikman.lk/en/ad/toyota-taisor-v-highest-grade-2026-for-sale-colombo-23,Toyota Taisor V HIGHEST GRADE 2026,"Rs 11,990,000",Toyota,Taisor,V HIGHEST GRADE,2026,Brand New,Automatic,Hatchback,Petrol,"1,000 cc",0 km
https://ikman.lk/en/ad/toyota-aqua-2012-for-sale-colombo-6394,Toyota Aqua 2012,"Rs 7,990,000",Toyota,Aqua,,2012,Used,Automatic,Hatchback,Petrol,"1,490 cc","39,871 km"
https://ikman.lk/en/ad/toyota-vitz-2016-for-sale-colombo-2375,Toyota Vitz 2016,"Rs 7,890,000",Toyota,Vitz,,2016,Used,Automatic,Hatchback,Petrol,990 cc,"85,010 km"
https://ikman.lk/en/ad/toyota-vellfire-z-2024-for-sale-colombo-7,Toyota Vellfire Z 2024,"Rs 54,000,000",Toyota,Vellfire,Z,2024,Brand New,Automatic,MPV,Hybrid,"2,500 cc",0 km
https://ikman.lk/en/ad/toyota-starlet-1990-for-sale-colombo-5,Toyota Starlet 1990,"Rs 2,000,000",Toyota,Starlet,1990,1990,Used,Manual,Hatchback,Petrol,"1,200 cc","294,000 km"
https://ikman.lk/en/ad/toyota-premio-g-superior-2013-for-sale-colombo-2167,Toyota Premio G Superior 2013,"Rs 11,065,000",Toyota,Premio,G Superior,2013,Used,Automatic,Saloon,Petrol,"1,500 cc","107,600 km"
https://ikman.lk/en/ad/toyota-raize-hybrid-2025-for-sale-colombo-53,Toyota Raize Hybrid 2025,"Rs 14,400,000",Toyota,Raize,Hybrid,2025,Brand New,Automatic,Hatchback,Hybrid,"1,200 cc",0 km
https://ikman.lk/en/ad/toyota-yaris-ativ-premium-lux-2025-for-sale-colombo,Toyota Yaris Ativ premium LUX 2025,"Rs 16,975,000",Toyota,Yaris,Ativ premium LUX,2025,Brand New,Automatic,Saloon,Petrol,"1,200 cc",0 km
https://ikman.lk/en/ad/toyota-yaris-x-grade-2024-for-sale-colombo-103,Toyota Yaris X Grade 2024,"Rs 9,975,000",Toyota,Yaris,X Grade,2024,Reconditioned,Automatic,Hatchback,Petrol,990 cc,"5,000 km"
https://ikman.lk/en/ad/toyota-hilux-gr-sport-2020-for-sale-colombo-4,Toyota Hilux Gr Sport 2020,"Rs 21,500,000",Toyota,Hilux,Gr Sport,2020,Used,Automatic,SUV / 4x4,Diesel,"2,700 cc","61,000 km"
https://ikman.lk/en/ad/toyota-land-cruiser-prado-250-2024-for-sale-colombo-87,Toyota Land Cruiser Prado 250 2024,"Rs 56,900,000",Toyota,Land Cruiser Prado,250,2024,Brand New,Automatic,SUV / 4x4,Petrol,"2,700 cc",600 km
https://ikman.lk/en/ad/toyota-alphard-executive-lounge-2025-for-sale-colombo-50,Toyota Alphard Executive Lounge 2025,"Rs 65,000,000",Toyota,Alphard,Executive Lounge,2025,Brand New,Automatic,MPV,Hybrid,"2,500 cc",0 km
https://ikman.lk/en/ad/toyota-gdh-223b-highroof-2025-for-sale-colombo,Toyota GDH 223B Highroof 2025,"Rs 27,000,000",Toyota,Other Model,GDH 223B Highroof,2025,Brand New,Automatic,MPV,Diesel,"2,800 cc",0 km
https://ikman.lk/en/ad/toyota-land-cruiser-sahara-lc300-zx-2026-for-sale-colombo-11,Toyota Land Cruiser Sahara LC300 ZX 2026,"Rs 87,500,000",Toyota,Land Cruiser Sahara,LC300 ZX,2026,Import,Automatic,SUV / 4x4,Petrol,"3,500 cc",0 km
https://ikman.lk/en/ad/toyota-yaris-2020-for-sale-colombo,Toyota Yaris 2020,"Rs 8,550,000",Toyota,Yaris,,2020,Used,Automatic,Hatchback,Petrol,"1,000 cc","22,000 km"
https://ikman.lk/en/ad/toyota-corolla-114-1996-for-sale-colombo,Toyota Corolla 114 1996,"Rs 2,990,000",Toyota,Corolla,114,1996,Used,Manual,Saloon,Diesel,"2,000 cc","250,000 km"
https://ikman.lk/en/ad/toyota-chr-ngx-50-2017-for-sale-colombo-91,Toyota CHR NGX 50 2017,"Rs 14,950,000",Toyota,CHR,NGX 50,2017,Used,Automatic,SUV / 4x4,Petrol,"1,200 cc","102,734 km"
https://ikman.lk/en/ad/toyota-corolla-2-1986-for-sale-colombo-1,Toyota Corolla 1986,"Rs 1,650,000",Toyota,Corolla,Corolla,1986,Used,Manual,Hatchback,Petrol,"1,300 cc","200,000 km"
https://ikman.lk/en/ad/toyota-belta-2007-for-sale-colombo-1199,Toyota Belta 2007,"Rs 6,270,000",Toyota,Belta,,2007,Used,Automatic,,Petrol,"1,000 cc","158,000 km"
https://ikman.lk/en/ad/toyota-vanguard-push-start-2013-for-sale-colombo-16,Toyota Vanguard Push Start 2013,"Rs 11,550,000",Toyota,Vanguard,Push Start,2013,Used,Automatic,SUV / 4x4,Petrol,"2,360 cc","196,000 km"
https://ikman.lk/en/ad/toyota-premio-g-superior-2010-for-sale-colombo-422,Toyota Premio G Superior 2010,"Rs 9,750,000",Toyota,Premio,G Superior,2010,Used,Automatic,Saloon,Petrol,"1,490 cc","159,400 km"
https://ikman.lk/en/ad/toyota-raize-z-grade-2025-for-sale-colombo-292,Toyota Raize Z Grade 2025,"Rs 13,390,000",Toyota,Raize,Z Grade,2025,Reconditioned,Automatic,SUV / 4x4,Petrol,"1,000 cc","15,724 km"
https://ikman.lk/en/ad/toyota-raize-z-grade-japan-hybrid-2026-for-sale-colombo,Toyota Raize Z Grade Japan hybrid 2026,"Rs 14,590,000",Toyota,Raize,Z Grade Japan hybrid,2026,Reconditioned,Automatic,SUV / 4x4,Hybrid,"1,200 cc","3,032 km"
https://ikman.lk/en/ad/toyota-raize-z-grade-hybrid-2025-for-sale-colombo-159,Toyota Raize Z Grade Hybrid 2025,"Rs 14,290,000",Toyota,Raize,Z Grade Hybrid,2025,Reconditioned,Automatic,SUV / 4x4,Hybrid,"1,200 cc","10,000 km"
https://ikman.lk/en/ad/toyota-harrier-2019-for-sale-colombo-8,Toyota Harrier 2019,"Rs 36,500,000",Toyota,Harrier,2019,2019,Used,Automatic,SUV / 4x4,Petrol,"2,000 cc","42,960 km"
https://ikman.lk/en/ad/toyota-taisor-v-grade-brand-new-2024-for-sale-colombo,Toyota Taisor V Grade brand new 2024,"Rs 11,100,000",Toyota,Taisor,V Grade brand new,2024,Brand New,Automatic,SUV / 4x4,Petrol,"1,000 cc",120 km
https://ikman.lk/en/ad/toyota-harrier-hybrid-2014-for-sale-colombo-140,Toyota Harrier Hybrid 2014,"Rs 17,550,000",Toyota,Harrier,Hybrid,2014,Used,Automatic,SUV / 4x4,Hybrid,"2,490 cc","177,000 km"
https://ikman.lk/en/ad/toyota-taisor-v-grade-2025-for-sale-colombo-110,Toyota Taisor V Grade 2025,"Rs 11,650,000",Toyota,Taisor,V Grade,2025,Brand New,Automatic,SUV / 4x4,Petrol,"1,000 cc",10 km
https://ikman.lk/en/ad/toyota-aqua-prius-c-2014-for-sale-colombo-8,Toyota Aqua Prius C 2014,"Rs 8,690,000",Toyota,Aqua,Prius C,2014,Used,Automatic,Hatchback,Hybrid,"1,500 cc","35,000 km"
https://ikman.lk/en/ad/toyota-starlet-ep82-1995-for-sale-colombo-67,Toyota Starlet EP82 1995,"Rs 3,150,000",Toyota,Starlet,EP82,1995,Used,Manual,Hatchback,Petrol,"1,300 cc","147,000 km"
https://ikman.lk/en/ad/toyota-rav4-z-facelift-2026-for-sale-colombo,Toyota RAV4 Z Facelift 2026,"Rs 42,000,000",Toyota,RAV4,Z Facelift,2026,Import,Automatic,SUV / 4x4,Hybrid,"2,500 cc",0 km
https://ikman.lk/en/ad/toyota-aqua-hybrid-z-2026-for-sale-colombo,Toyota Aqua Hybrid Z 2026,"Rs 14,200,000",Toyota,Aqua,Hybrid Z,2026,Import,Automatic,Hatchback,Hybrid,"1,500 cc",0 km
https://ikman.lk/en/ad/toyota-aqua-2016-for-sale-colombo-73,Toyota Aqua 2016,"Rs 9,600,000",Toyota,Aqua,,2016,Used,Automatic,Hatchback,Hybrid,"1,500 cc","75,600 km"
https://ikman.lk/en/ad/toyota-prius-2010-for-sale-colombo-1323,Toyota Prius 2010,"Rs 9,850,000",Toyota,Prius,2010,2010,Used,Automatic,Hatchback,Hybrid,"1,800 cc","260,000 km"
https://ikman.lk/en/ad/toyota-land-cruiser-sahara-lc300-zx-2026-for-sale-colombo-10,Toyota Land Cruiser Sahara LC300 ZX 2026,"Rs 92,000,000",Toyota,Land Cruiser Sahara,LC300 ZX,2026,Import,Automatic,SUV / 4x4,Petrol,"3,500 cc",0 km
https://ikman.lk/en/ad/toyota-premio-superior-g-2013-for-sale-colombo,Toyota Premio Superior G 2013,"Rs 10,800,000",Toyota,Premio,Superior G,2013,Used,Automatic,Saloon,Petrol,"1,500 cc","119,000 km"
https://ikman.lk/en/ad/toyota-land-cruiser-prado-150-diesel-2015-for-sale-colombo,Toyota Land Cruiser Prado 150 Diesel 2015,"Rs 32,000,000",Toyota,Land Cruiser Prado,150 Diesel,2015,Used,Automatic,SUV / 4x4,Diesel,"3,000 cc","175,000 km"
https://ikman.lk/en/ad/toyota-yaris-x-limited-2023-for-sale-colombo-57,Toyota Yaris x limited 2023,"Rs 8,975,000",Toyota,Yaris,x limited,2023,Reconditioned,Automatic,Hatchback,Petrol,"1,000 cc","70,000 km"
https://ikman.lk/en/ad/toyota-corolla-2023-for-sale-colombo-18,Toyota Corolla 2023,"Rs 13,400,000",Toyota,Corolla,Toyota,2023,Reconditioned,Automatic,Station wagon,Hybrid,"1,500 cc","32,000 km"
https://ikman.lk/en/ad/toyota-yaris-x-limited-2023-for-sale-colombo-56,Toyota Yaris X Limited 2023,"Rs 8,600,000",Toyota,Yaris,X Limited,2023,Reconditioned,Automatic,Hatchback,Petrol,"1,000 cc","72,000 km"
https://ikman.lk/en/ad/toyota-yaris-x-limited-2023-for-sale-colombo-54,Toyota Yaris X Limited 2023,"Rs 8,600,000",Toyota,Yaris,X Limited,2023,Reconditioned,Automatic,Hatchback,Petrol,"1,000 cc","78,000 km"
https://ikman.lk/en/ad/toyota-roomy-x-2023-for-sale-colombo-75,Toyota Roomy X 2023,"Rs 8,400,000",Toyota,Roomy,X,2023,Reconditioned,Automatic,,Petrol,"1,000 cc","79,000 km"
https://ikman.lk/en/ad/toyota-yaris-x-limited-2023-for-sale-colombo-53,Toyota Yaris x limited 2023,"Rs 8,625,000",Toyota,Yaris,x limited,2023,Reconditioned,Automatic,Hatchback,Petrol,"1,000 cc","105,000 km"
https://ikman.lk/en/ad/toyota-passo-xl-2023-for-sale-colombo-16,Toyota Passo Xl 2023,"Rs 7,975,000",Toyota,Passo,Xl,2023,Reconditioned,Automatic,Hatchback,Petrol,"1,000 cc","40,000 km"
https://ikman.lk/en/ad/toyota-passo-xl-2024-for-sale-colombo-1,Toyota Passo Xl 2024,"Rs 8,100,000",Toyota,Passo,Xl,2024,Reconditioned,Automatic,Hatchback,Petrol,"1,000 cc","21,000 km"
https://ikman.lk/en/ad/toyota-vios-15e-2004-for-sale-colombo-2,Toyota Vios 1.5E 2004,"Rs 5,150,000",Toyota,Vios,1.5E,2004,Used,Automatic,Saloon,Petrol,"1,500 cc","190,000 km"
https://ikman.lk/en/ad/toyota-land-cruiser-prado-120-tz-2003-for-sale-colombo,Toyota Land Cruiser Prado 120 TZ 2003,"Rs 13,500,000",Toyota,Land Cruiser Prado,120 TZ,2003,Used,Automatic,SUV / 4x4,Petrol,"2,700 cc","134,000 km"
https://ikman.lk/en/ad/toyota-taisor-v-grade-2026-for-sale-colombo-101,Toyota Taisor V Grade 2026,"Rs 11,950,000",Toyota,Taisor,V Grade,2026,Brand New,Automatic,Hatchback,Petrol,"1,000 cc",0 km
https://ikman.lk/en/ad/toyota-yaris-g-grade-2026-for-sale-colombo-2,Toyota Yaris G Grade 2026,"Rs 10,600,000",Toyota,Yaris,G Grade,2026,Import,Automatic,Hatchback,Petrol,"1,000 cc",0 km
https://ikman.lk/en/ad/toyota-yaris-x-grade-2026-for-sale-colombo-1,Toyota Yaris X Grade 2026,"Rs 9,350,000",Toyota,Other Model,Yaris X Grade,2026,Import,Automatic,Hatchback,Petrol,"1,000 cc",500 km
https://ikman.lk/en/ad/toyota-land-cruiser-prado-2017-for-sale-gampaha-60,Toyota Land Cruiser Prado 2017,"Rs 42,500,000",Toyota,Land Cruiser Prado,Toyota,2017,Used,Tiptronic,Station wagon,Petrol,"2,700 cc","89,000 km"
https://ikman.lk/en/ad/toyota-raize-hybrid-z-auto-park-2024-for-sale-gampaha,Toyota Raize Hybrid Z auto park 2024,"Rs 13,380,000",Toyota,Raize,Hybrid Z auto park,2024,Reconditioned,Automatic,SUV / 4x4,Hybrid,"1,200 cc","11,000 km"
https://ikman.lk/en/ad/toyota-land-cruiser-prado-modelista-trj150-txl-2023-for-sale-gampaha,Toyota Land Cruiser Prado Modelista-TRJ150 TXL 2023,"Rs 55,000,000",Toyota,Land Cruiser Prado,Modelista-TRJ150 TXL,2023,Reconditioned,Automatic,SUV / 4x4,Petrol,"2,700 cc","16,526 km"
https://ikman.lk/en/ad/toyota-raize-bodykit-auto-parking-2026-for-sale-gampaha,Toyota Raize Bodykit Auto Parking 2026,"Rs 15,200,000",Toyota,Raize,Bodykit Auto Parking,2026,Brand New,Automatic,Hatchback,Hybrid,"1,200 cc",0 km
https://ikman.lk/en/ad/toyota-raize-hybrid-2026-for-sale-gampaha-2,Toyota Raize Hybrid 2026,"Rs 15,200,000",Toyota,Raize,Hybrid,2026,Brand New,Automatic,Hatchback,Hybrid,"1,200 cc",0 km
https://ikman.lk/en/ad/toyota-passo-2023-for-sale-gampaha-19,Toyota Passo 2023,"Rs 9,200,000",Toyota,Passo,Toyota,2023,Used,Automatic,Hatchback,Petrol,"1,000 cc","10,000 km"
https://ikman.lk/en/ad/toyota-land-cruiser-prado-150-diesel-manual-2011-for-sale-gampaha-24,Toyota Land Cruiser Prado 150 DIESEL MANUAL 2011,"Rs 25,000,000",Toyota,Land Cruiser Prado,150 DIESEL MANUAL,2011,Used,Manual,SUV / 4x4,Diesel,"3,000 cc","135,000 km"
https://ikman.lk/en/ad/toyota-prius-3rd-generation-s-led-2013-for-sale-gampaha,Toyota Prius 3rd Generation S LED 2013,"Rs 11,500,000",Toyota,Prius,3rd Generation S LED,2013,Used,Automatic,Hatchback,Hybrid,"1,700 cc","190,000 km"
https://ikman.lk/en/ad/toyota-yaris-cross-premium-luxury-2025-for-sale-gampaha-23,Toyota Yaris Cross Premium Luxury 2025,"Rs 22,000,000",Toyota,Yaris Cross,Premium Luxury,2025,Brand New,Automatic,SUV / 4x4,Hybrid,"1,500 cc",0 km
https://ikman.lk/en/ad/toyota-allion-2008-for-sale-gampaha-309,Toyota Allion 2008,"Rs 8,650,000",Toyota,Allion,,2008,Used,Automatic,Saloon,Petrol,"1,500 cc","162,990 km"
https://ikman.lk/en/ad/toyota-land-cruiser-prado-2014-for-sale-gampaha-21,Toyota Land Cruiser Prado 2014,"Rs 32,300,000",Toyota,Land Cruiser Prado,,2014,Used,Automatic,SUV / 4x4,Petrol,"2,700 cc","82,000 km"
https://ikman.lk/en/ad/toyota-land-cruiser-prado-2007-for-sale-gampaha-17,Toyota Land Cruiser Prado 2007,"Rs 16,450,000",Toyota,Land Cruiser Prado,Toyota,2007,Used,Manual,SUV / 4x4,Diesel,"3,000 cc","198,500 km"
https://ikman.lk/en/ad/toyota-hilux-exchange-considered-2008-for-sale-gampaha-8,Toyota Hilux Exchange Considered 2008,"Rs 11,750,000",Toyota,Hilux,Exchange Considered,2008,Used,Automatic,SUV / 4x4,Diesel,"3,000 cc","158,800 km"
https://ikman.lk/en/ad/toyota-land-cruiser-prado-diesel-5-l-manual-2007-for-sale-gampaha,Toyota Land Cruiser Prado Diesel 5 L Manual 2007,"Rs 15,950,000",Toyota,Land Cruiser Prado,Diesel 5 L Manual,2007,Used,Manual,SUV / 4x4,Diesel,"3,000 cc","197,000 km"
https://ikman.lk/en/ad/toyota-carina-ti-myroad-1999-for-sale-gampaha-4,Toyota Carina Ti Myroad 1999,"Rs 5,450,000",Toyota,Carina,Ti Myroad,1999,Used,Automatic,Saloon,Petrol,"1,500 cc","160,000 km"
https://ikman.lk/en/ad/toyota-avanza-2011-for-sale-gampaha-89,Toyota Avanza 2011,"Rs 7,500,000",Toyota,Avanza,,2011,Used,Manual,,Petrol,"1,300 cc","95,000 km"
https://ikman.lk/en/ad/toyota-raize-z-grade-1000cc-turbo-2023-for-sale-gampaha,Toyota Raize Z grade 1000cc Turbo 2023,"Rs 11,875,000",Toyota,Raize,Z grade 1000cc Turbo,2023,Used,Automatic,Saloon,Petrol,"1,000 cc","14,000 km"
https://ikman.lk/en/ad/toyota-raize-z-grade-1200cc-2024-for-sale-gampaha-9,Toyota Raize Z Grade 1200cc 2024,"Rs 12,850,000",Toyota,Raize,Z Grade 1200cc,2024,Used,Automatic,Saloon,Petrol,"1,200 cc","6,000 km"
https://ikman.lk/en/ad/toyota-raize-hybrid-z-2025-for-sale-gampaha-54,Toyota Raize Hybrid Z 2025,"Rs 14,400,000",Toyota,Raize,Hybrid Z,2025,Brand New,Automatic,,Hybrid,"1,200 cc","1,400 km"
https://ikman.lk/en/ad/toyota-yaris-g-2024-for-sale-gampaha-16,Toyota Yaris G 2024,"Rs 10,550,000",Toyota,Yaris,G,2024,Reconditioned,Automatic,,Petrol,990 cc,"3,800 km"
https://ikman.lk/en/ad/toyota-raize-hybrid-z-2025-for-sale-gampaha-53,Toyota Raize Hybrid Z 2025,"Rs 13,900,000",Toyota,Raize,Hybrid Z,2025,Brand New,Automatic,,Hybrid,"1,200 cc",250 km
https://ikman.lk/en/ad/toyota-raize-hybrid-z-2025-for-sale-gampaha-52,Toyota Raize Hybrid Z 2025,"Rs 14,400,000",Toyota,Raize,Hybrid Z,2025,Brand New,Automatic,,Hybrid,"1,200 cc",250 km
https://ikman.lk/en/ad/toyota-avanza-2011-for-sale-gampaha-88,Toyota Avanza 2011,"Rs 6,450,000",Toyota,Avanza,,2011,Used,Manual,SUV / 4x4,Petrol,"1,300 cc","166,000 km"
https://ikman.lk/en/ad/toyota-raize-z-hybrid-2026-for-sale-gampaha-13,Toyota Raize Z Hybrid 2026,"Rs 14,500,000",Toyota,Raize,Z Hybrid,2026,Brand New,Automatic,SUV / 4x4,Hybrid,998 cc,0 km
https://ikman.lk/en/ad/toyota-chr-2019-for-sale-gampaha-53,Toyota CHR 2019,"Rs 15,000,000",Toyota,CHR,Toyota,2019,Used,Automatic,SUV / 4x4,Petrol,"1,190 cc","48,000 km"
https://ikman.lk/en/ad/toyota-yaris-x-grade-new-shell-2024-for-sale-gampaha,Toyota Yaris X Grade new shell 2024,"Rs 10,350,000",Toyota,Yaris,X Grade new shell,2024,Brand New,Automatic,Hatchback,Petrol,"1,000 cc","11,000 km"
https://ikman.lk/en/ad/toyota-raize-g-grade-1000cc-2025-for-sale-gampaha,Toyota Raize G Grade 1000cc 2025,"Rs 12,250,000",Toyota,Raize,G Grade 1000cc,2025,Brand New,Automatic,Hatchback,Petrol,"1,000 cc","18,000 km"
https://ikman.lk/en/ad/toyota-land-cruiser-prado-95-auto-1996-for-sale-gampaha,Toyota Land Cruiser Prado 95 AUTO 1996,"Rs 12,290,000",Toyota,Land Cruiser Prado,95 PRADO AUTO,1996,Used,Automatic,SUV / 4x4,Diesel,"3,000 cc","187,521 km"
https://ikman.lk/en/ad/toyota-land-cruiser-prado-diesel-2015-for-sale-gampaha,Toyota Land Cruiser Prado Diesel 2015,"Rs 48,000,000",Toyota,Land Cruiser Prado,Diesel,2015,Used,Automatic,SUV / 4x4,Diesel,"2,981 cc","72,100 km"
https://ikman.lk/en/ad/toyota-prius-2009-for-sale-gampaha-374,Toyota Prius 2009,"Rs 8,450,000",Toyota,Prius,2009,2009,Used,Automatic,Saloon,Hybrid,"1,790 cc","224,000 km"
https://ikman.lk/en/ad/toyota-vitz-2007-for-sale-gampaha-2215,Toyota Vitz 2007,"Rs 5,075,000",Toyota,Vitz,,2007,Used,Automatic,Hatchback,Petrol,"1,000 cc","234,000 km"
https://ikman.lk/en/ad/toyota-raize-z-hybrid-2026-for-sale-gampaha-11,Toyota Raize Z Hybrid 2026,"Rs 14,500,000",Toyota,Raize,Z Hybrid,2026,Brand New,Automatic,SUV / 4x4,Hybrid,"1,200 cc",0 km
https://ikman.lk/en/ad/toyota-yaris-2025-for-sale-gampaha-17,Toyota Yaris 2025,"Rs 11,500,000",Toyota,Yaris,2025,2025,Brand New,Automatic,Hatchback,Petrol,990 cc,1 km
https://ikman.lk/en/ad/toyota-pixis-mira-led-2023-for-sale-gampaha,Toyota Pixis Mira LED 2023,"Rs 7,350,000",Toyota,Pixis,Mira LED,2023,Reconditioned,Automatic,Hatchback,Petrol,660 cc,"2,500 km"
https://ikman.lk/en/ad/toyota-raize-z-2026-for-sale-gampaha-20,Toyota Raize Z 2026,"Rs 13,300,000",Toyota,Raize,Z,2026,Brand New,Automatic,Hatchback,Petrol,"1,000 cc",0 km
https://ikman.lk/en/ad/toyota-carina-1999-for-sale-gampaha-31,Toyota Carina 1999,"Rs 5,200,000",Toyota,Carina,Toyota,1999,Used,Automatic,Saloon,Petrol,"1,500 cc","177,000 km"
https://ikman.lk/en/ad/toyota-raize-z-2026-for-sale-gampaha-19,Toyota Raize Z 2026,"Rs 15,250,000",Toyota,Raize,Z,2026,Brand New,Automatic,SUV / 4x4,Hybrid,"1,200 cc",0 km
https://ikman.lk/en/ad/toyota-raize-z-black-top-2026-for-sale-gampaha,Toyota Raize Z Black - Top 2026,"Rs 14,900,000",Toyota,Raize,Z Black - Top,2026,Brand New,Automatic,,Hybrid,"1,200 cc",0 km
https://ikman.lk/en/ad/toyota-land-cruiser-sahara-cygnus-v8-2003-for-sale-gampaha-2,Toyota Land Cruiser Sahara Cygnus V8 2003,"Rs 16,500,000",Toyota,Land Cruiser Sahara,Cygnus V8,2003,Used,Automatic,SUV / 4x4,Petrol,"4,700 cc","121,000 km"
https://ikman.lk/en/ad/toyota-land-cruiser-sahara-v8-2013-for-sale-gampaha-4,Toyota Land Cruiser Sahara V8 2013,"Rs 47,500,000",Toyota,Land Cruiser Sahara,V8,2013,Used,Automatic,SUV / 4x4,Diesel,"4,500 cc","81,000 km"
https://ikman.lk/en/ad/toyota-land-cruiser-sahara-v8-diesel-2011-for-sale-gampaha-1,Toyota Land Cruiser Sahara V8 Diesel 2011,"Rs 41,500,000",Toyota,Land Cruiser Sahara,V8 Diesel,2011,Used,Automatic,SUV / 4x4,Diesel,"4,500 cc","261,000 km"
https://ikman.lk/en/ad/toyota-hilux-2011-for-sale-gampaha-6,Toyota Hilux 2011,"Rs 9,800,000",Toyota,Hilux,,2011,Used,Manual,SUV / 4x4,Diesel,"2,500 cc","200,000 km"
https://ikman.lk/en/ad/toyota-axio-2008-for-sale-gampaha-465,Toyota Axio 2008,"Rs 7,000,000",Toyota,Axio,,2008,Used,Automatic,Saloon,Petrol,"1,500 cc","181,000 km"
https://ikman.lk/en/ad/toyota-rush-2018-for-sale-gampaha-6,Toyota Rush 2018,"Rs 12,000,000",Toyota,Rush,2018,2018,Used,Automatic,SUV / 4x4,Petrol,"1,500 cc","190,000 km"
https://ikman.lk/en/ad/toyota-corsa-el-41-1991-for-sale-gampaha,Toyota Corsa EL 41 1991,"Rs 2,750,000",Toyota,Corsa,Corsa EL 41,1991,Used,Manual,Saloon,Petrol,"1,390 cc","145,000 km"
https://ikman.lk/en/ad/toyota-yaris-x-ltd-2023-for-sale-colombo-1,Toyota Yaris X LTD 2023,"Rs 9,050,000",Toyota,Yaris,X LTD,2023,Reconditioned,Automatic,Hatchback,Petrol,990 cc,"80,000 km"
https://ikman.lk/en/ad/toyota-vitz-silver-2008-for-sale-gampaha,Toyota Vitz Silver 2008,"Rs 5,350,000",Toyota,Vitz,Silver,2008,Used,Automatic,Hatchback,Petrol,"1,000 cc","99,000 km"
https://ikman.lk/en/ad/toyota-prius-g-touring-my-cordina-2013-for-sale-gampaha,Toyota Prius G TOURING MY CORDINA 2013,"Rs 10,690,000",Toyota,Prius,G TOURING MY CORDINA,2013,Used,Automatic,Hatchback,Hybrid,"1,799 cc","117,452 km"
https://ikman.lk/en/ad/toyota-roomy-x-2024-for-sale-gampaha-2,Toyota Roomy X 2024,"Rs 9,400,000",Toyota,Roomy,X,2024,Import,Automatic,,Petrol,"1,000 cc","4,000 km"
https://ikman.lk/en/ad/toyota-land-cruiser-prado-250-vx-2024-for-sale-gampaha-21,Toyota Land Cruiser Prado 250 VX 2024,"Rs 59,500,000",Toyota,Land Cruiser Prado,250 VX,2024,Import,Automatic,SUV / 4x4,Petrol,"2,700 cc","24,000 km"
https://ikman.lk/en/ad/toyota-raize-z-bsm-hybrid-2026-for-sale-gampaha,Toyota Raize Z BSM Hybrid 2026,"Rs 14,500,000",Toyota,Raize,Z BSM Hybrid,2026,Brand New,Automatic,SUV / 4x4,Hybrid,"1,200 cc",250 km
https://ikman.lk/en/ad/toyota-yaris-push-start-2023-for-sale-gampaha-26,Toyota Yaris Push Start 2023,"Rs 9,100,000",Toyota,Yaris,Push Start,2023,Reconditioned,Automatic,Hatchback,Petrol,"1,000 cc","9,500 km"
https://ikman.lk/en/ad/toyota-aqua-s-grade-2012-for-sale-gampaha-371,Toyota Aqua S Grade 2012,"Rs 7,600,000",Toyota,Aqua,S Grade,2012,Used,Automatic,Hatchback,Petrol,"1,490 cc","84,000 km"
https://ikman.lk/en/ad/toyota-raize-z-2025-for-sale-gampaha-97,Toyota Raize Z 2025,"Rs 12,900,000",Toyota,Raize,Z,2025,Import,Automatic,SUV / 4x4,Petrol,"1,000 cc","14,000 km"
https://ikman.lk/en/ad/toyota-raize-z-2024-for-sale-gampaha-28,Toyota Raize Z 2024,"Rs 13,900,000",Toyota,Raize,Z,2024,Import,Automatic,,Hybrid,"1,200 cc","9,000 km"
https://ikman.lk/en/ad/toyota-raize-z-2024-for-sale-gampaha-27,Toyota Raize Z 2024,"Rs 13,600,000",Toyota,Raize,Z,2024,Import,Automatic,,Hybrid,"1,200 cc","11,000 km"
https://ikman.lk/en/ad/toyota-raize-z-2026-for-sale-gampaha-18,Toyota Raize Z 2026,"Rs 14,600,000",Toyota,Raize,Z,2026,Import,Automatic,,Hybrid,"1,200 cc",6 km
https://ikman.lk/en/ad/toyota-vios-japan-2003-for-sale-gampaha-9,Toyota Vios Japan 2003,"Rs 5,175,000",Toyota,Vios,Japan,2003,Used,Automatic,,Petrol,"1,500 cc","145,000 km"
https://ikman.lk/en/ad/toyota-corolla-g-grade-2025-for-sale-gampaha,Toyota Corolla G Grade 2025,"Rs 17,500,000",Toyota,Corolla,Corolla G Grade,2025,Reconditioned,Automatic,Saloon,Petrol,"1,500 cc","5,100 km"
https://ikman.lk/en/ad/toyota-sprinter-1990-for-sale-gampaha-3,Toyota Sprinter 1990,"Rs 2,250,000",Toyota,Sprinter,,1990,Used,Manual,Saloon,Petrol,"1,500 cc","100,000 km"
https://ikman.lk/en/ad/toyota-vitz-safety-2017-for-sale-gampaha-419,Toyota Vitz Safety 2017,"Rs 8,000,000",Toyota,Vitz,Safety,2017,Used,Automatic,Hatchback,Petrol,"1,000 cc","89,340 km"
https://ikman.lk/en/ad/toyota-axio-g-grade-2015-for-sale-gampaha-1139,Toyota Axio G Grade 2015,"Rs 10,250,000",Toyota,Axio,G Grade,2015,Used,Automatic,Saloon,Hybrid,"1,490 cc","197,334 km"
https://ikman.lk/en/ad/toyota-raize-z-2025-for-sale-gampaha-96,Toyota Raize Z 2025,Rs 123,Toyota,Raize,Z,2025,Reconditioned,Automatic,SUV / 4x4,Hybrid,"1,200 cc","2,817 km"
https://ikman.lk/en/ad/toyota-vios-2003-for-sale-gampaha-786,Toyota Vios 2003,"Rs 4,325,000",Toyota,Vios,,2003,Used,Manual,Saloon,Petrol,"1,500 cc","180,000 km"
https://ikman.lk/en/ad/toyota-prius-2015-for-sale-gampaha-88,Toyota Prius 2015,"Rs 11,750,000",Toyota,Prius,,2015,Used,Automatic,Saloon,Hybrid,"1,800 cc","124,000 km"
https://ikman.lk/en/ad/toyota-prius-20-2008-for-sale-gampaha-5,Toyota Prius 2.0 2008,"Rs 6,750,000",Toyota,Prius,2,2008,Used,Automatic,Saloon,Hybrid,"1,497 cc","164,000 km"
https://ikman.lk/en/ad/toyota-camry-windom-2001-for-sale-gampaha,Toyota Camry 2001,"Rs 5,850,000",Toyota,Camry,2001,2001,Used,Automatic,Saloon,Petrol,"2,900 cc","200,000 km"
https://ikman.lk/en/ad/toyota-yaris-x-2026-for-sale-gampaha,Toyota Yaris X 2026,"Rs 10,100,000",Toyota,Yaris,X,2026,Brand New,Automatic,Hatchback,Petrol,"1,000 cc",0 km
https://ikman.lk/en/ad/toyota-taisor-urban-cruiser-v-2026-for-sale-gampaha-7,Toyota Taisor Urban cruiser V 2026,"Rs 11,975,000",Toyota,Taisor,Urban cruiser V,2026,Brand New,Automatic,Hatchback,Petrol,"1,000 cc",1 km
https://ikman.lk/en/ad/toyota-taisor-urban-cruiser-bluish-2026-for-sale-gampaha,Toyota Taisor urban cruiser bluish 2026,"Rs 11,700,000",Toyota,Taisor,urban cruiser bluish,2026,Brand New,Automatic,Hatchback,Petrol,"1,000 cc",0 km
https://ikman.lk/en/ad/toyota-axio-2015-for-sale-galle-38,Toyota Axio 2015,"Rs 9,400,000",Toyota,Axio,2015,2015,Used,Automatic,Saloon,Hybrid,"1,490 cc","128,000 km"
https://ikman.lk/en/ad/toyota-corsa-1993-for-sale-gampaha-2,Toyota Corsa 1993,"Rs 2,950,000",Toyota,Corsa,,1993,Used,Manual,Saloon,Petrol,"1,500 cc","167,200 km"
https://ikman.lk/en/ad/toyota-allion-g-plus-2019-for-sale-gampaha-4,Toyota Allion G Plus 2019,"Rs 16,000,000",Toyota,Allion,G Plus,2019,Used,Automatic,,Petrol,"1,500 cc","49,000 km"
https://ikman.lk/en/ad/toyota-alphard-z-2024-for-sale-gampaha-2,Toyota Alphard Z 2024,"Rs 54,500,000",Toyota,Alphard,Z,2024,Reconditioned,Automatic,MPV,Hybrid,"2,480 cc","16,000 km"
https://ikman.lk/en/ad/toyota-prius-zvw-30-s-grade-2012-for-sale-gampaha-2,Toyota Prius ZVW-30 (S-Grade) 2012,"Rs 10,700,000",Toyota,Prius,ZVW-30 (S-Grade),2012,Used,Automatic,,Hybrid,"1,800 cc","160,000 km"
https://ikman.lk/en/ad/toyota-prius-s-touring-2013-for-sale-gampaha-155,Toyota Prius S-Touring 2013,"Rs 11,200,000",Toyota,Prius,S-Touring,2013,Used,Automatic,,Hybrid,"1,800 cc","220,000 km"
https://ikman.lk/en/ad/toyota-corolla-1985-for-sale-gampaha-9,Toyota Corolla 1985,"Rs 935,000",Toyota,Corolla,,1985,Used,Manual,Saloon,Petrol,"1,300 cc","60,000 km"
https://ikman.lk/en/ad/toyota-land-cruiser-sahara-series-76chogm42l-2014-for-sale-gampaha-9,Toyota Land Cruiser Sahara Series-76(CHOGM)4.2L 2014,"Rs 41,000,000",Toyota,Land Cruiser Sahara,Series-76(CHOGM)4.2L,2014,Used,Manual,,Diesel,"4,200 cc","200,000 km"
https://ikman.lk/en/ad/toyota-land-cruiser-prado-tx-f-loaded-85000km-2015-for-sale-gampaha-4,Toyota Land Cruiser Prado TX-F/Loaded 85000KM 2015,"Rs 34,500,000",Toyota,Land Cruiser Prado,TX-F/Loaded 85000KM,2015,Used,Automatic,,Petrol,"2,700 cc","85,000 km"
https://ikman.lk/en/ad/toyota-allion-2007-for-sale-gampaha-637,Toyota Allion 2007,"Rs 8,000,000",Toyota,Allion,,2007,Used,Automatic,Saloon,Petrol,"1,500 cc","193,500 km"
https://ikman.lk/en/ad/toyota-raize-z-12hybrid-autopark-2024-for-sale-gampaha-1,Toyota Raize Z-1.2Hybrid-Autopark 2024,"Rs 13,600,000",Toyota,Raize,Z-1.2Hybrid-Autopark,2024,Reconditioned,Automatic,,Hybrid,"1,200 cc","5,000 km"
https://ikman.lk/en/ad/toyota-corolla-141-lx-auto-2008-for-sale-gampaha-4,Toyota Corolla 141 (LX) Auto 2008,"Rs 6,500,000",Toyota,Corolla,141 (LX) Auto,2008,Used,Automatic,,Petrol,"1,590 cc","220,000 km"
https://ikman.lk/en/ad/toyota-harrier-z-hybrid-2024-for-sale-gampaha,Toyota Harrier Z HYBRID 2024,"Rs 36,400,000",Toyota,Harrier,Z HYBRID,2024,Import,Automatic,,Hybrid,"2,500 cc","24,000 km"
https://ikman.lk/en/ad/toyota-harrier-z-2025-for-sale-gampaha-2,Toyota Harrier Z 2025,"Rs 35,000,000",Toyota,Harrier,Z,2025,Import,Automatic,,Petrol,"2,000 cc","18,000 km"
https://ikman.lk/en/ad/toyota-taisor-g-brand-new-2025-for-sale-gampaha-1,Toyota Taisor G Brand New 2025,"Rs 11,400,000",Toyota,Taisor,G Brand New,2025,Brand New,Automatic,SUV / 4x4,Hybrid,"1,000 cc",0 km
https://ikman.lk/en/ad/toyota-roomy-g-safety-360-cam-2024-for-sale-gampaha,Toyota Roomy G Safety 360 cam 2024,"Rs 9,300,000",Toyota,Roomy,G Safety 360 cam,2024,Reconditioned,Automatic,MPV,Petrol,996 cc,"4,000 km"
https://ikman.lk/en/ad/toyota-raize-1200-petrol-2023-for-sale-gampaha-1,Toyota Raize 1200 Petrol 2023,"Rs 13,300,000",Toyota,Raize,1200 Petrol,2023,Reconditioned,Automatic,SUV / 4x4,Petrol,"1,200 cc","15,000 km"
https://ikman.lk/en/ad/toyota-yaris-cross-z-2025-for-sale-gampaha-9,Toyota Yaris Cross Z 2025,"Rs 1,234",Toyota,Yaris Cross,Z,2025,Reconditioned,Automatic,SUV / 4x4,Hybrid,"1,490 cc","9,210 km"
https://ikman.lk/en/ad/toyota-raize-1000cc-turbo-blk-top-2020-for-sale-gampaha-1,Toyota Raize 1000cc Turbo blk top 2020,"Rs 10,350,000",Toyota,Raize,1000cc Turbo blk top,2020,Used,Automatic,SUV / 4x4,Petrol,"1,000 cc","91,000 km"
https://ikman.lk/en/ad/toyota-chr-ngx10-2018-for-sale-gampaha-70,Toyota CHR NGX10 2018,"Rs 12,500,000",Toyota,CHR,NGX10,2018,Used,Automatic,SUV / 4x4,Petrol,"1,200 cc","95,000 km"
https://ikman.lk/en/ad/toyota-land-cruiser-prado-v8-diesel-2011-for-sale-gampaha-6,Toyota Land Cruiser Prado V8 Diesel 2011,"Rs 57,500,000",Toyota,Land Cruiser Prado,V8 Diesel,2011,Used,Automatic,SUV / 4x4,Petrol,"4,000 cc","125,000 km"
https://ikman.lk/en/ad/toyota-fortuner-diesel-7-seater-3l-2014-for-sale-gampaha-5,Toyota Fortuner Diesel 7 seater 3L 2014,"Rs 17,950,000",Toyota,Fortuner,Diesel 7 seater 3L,2014,Used,Automatic,SUV / 4x4,Diesel,"3,000 cc","140,000 km"
https://ikman.lk/en/ad/toyota-land-cruiser-sahara-zx-60th-anniversary-2011-for-sale-gampaha-5,Toyota Land Cruiser Sahara ZX 60th Anniversary 2011,"Rs 35,000,000",Toyota,Land Cruiser Sahara,ZX 60th Anniversary,2011,Used,Automatic,SUV / 4x4,Petrol,"4,600 cc","280,000 km"
https://ikman.lk/en/ad/toyota-land-cruiser-prado-tx-l-7-seater-2023-for-sale-gampaha-5,Toyota Land Cruiser Prado TX-L 7 SEATER 2023,"Rs 53,000,000",Toyota,Land Cruiser Prado,TX-L 7 SEATER,2023,Reconditioned,Automatic,SUV / 4x4,Petrol,"2,800 cc","12,000 km"
https://ikman.lk/en/ad/toyota-taisor-v-grade-two-tone-2026-for-sale-gampaha-1,Toyota Taisor V Grade Two Tone 2026,"Rs 11,900,000",Toyota,Taisor,V Grade Two Tone,2026,Brand New,Automatic,SUV / 4x4,Petrol,"1,000 cc",0 km
https://ikman.lk/en/ad/toyota-taisor-v-grade-turbo-2026-for-sale-gampaha-2,Toyota Taisor V Grade Turbo 2026,"Rs 11,850,000",Toyota,Taisor,V Grade Turbo,2026,Brand New,Automatic,Saloon,Petrol,"1,000 cc",0 km
https://ikman.lk/en/ad/toyota-land-cruiser-sahara-2014-for-sale-kandy,Toyota Land Cruiser Sahara 2014,"Rs 52,500,000",Toyota,Land Cruiser Sahara,Toyota,2014,Used,Automatic,SUV / 4x4,Diesel,"4,460 cc","137,000 km"
https://ikman.lk/en/ad/toyota-vitz-2015-for-sale-kegalle-3,Toyota Vitz 2015,"Rs 7,500,000",Toyota,Vitz,2015,2015,Used,Automatic,Hatchback,Petrol,990 cc,"200,000 km"
https://ikman.lk/en/ad/toyota-rush-2018-for-sale-gampaha-5,Toyota Rush 2018,"Rs 12,000,000",Toyota,Rush,Toyota,2018,Used,Automatic,SUV / 4x4,Petrol,"1,496 cc","71,000 km"
https://ikman.lk/en/ad/toyota-chr-suv-2017-for-sale-gampaha,Toyota CHR SUV 2017,"Rs 12,900,000",Toyota,CHR,SUV,2017,Used,Automatic,SUV / 4x4,Petrol,"1,200 cc","103,000 km"
https://ikman.lk/en/ad/toyota-chr-gt-ngx-50-2017-for-sale-gampaha-1,Toyota CHR GT NGX 50 2017,"Rs 11,800,000",Toyota,CHR,GT NGX 50,2017,Used,Tiptronic,SUV / 4x4,Petrol,"1,190 cc","87,200 km"
https://ikman.lk/en/ad/toyota-tercel-el-51-1996-for-sale-gampaha-1,Toyota Tercel El 51 1996,"Rs 2,790,000",Toyota,Tercel,El 51 tercel,1996,Used,Manual,Saloon,Petrol,"1,300 cc","243,600 km"
https://ikman.lk/en/ad/toyota-yaris-cross-premium-luxury-hev-2025-for-sale-gampaha-1,Toyota Yaris Cross Premium Luxury HEV 2025,"Rs 21,200,000",Toyota,Yaris Cross,Premium Luxury HEV,2025,Brand New,Automatic,SUV / 4x4,Hybrid,"1,490 cc",23 km
https://ikman.lk/en/ad/toyota-yaris-g-2024-for-sale-gampaha-13,Toyota Yaris G 2024,"Rs 11,000,000",Toyota,Yaris,G,2024,Import,Automatic,,Petrol,"1,000 cc","11,000 km"
https://ikman.lk/en/ad/toyota-yaris-g-2025-for-sale-gampaha-10,Toyota Yaris G 2025,"Rs 10,200,000",Toyota,Yaris,G,2025,Import,Automatic,,Petrol,"1,000 cc","20,000 km"
https://ikman.lk/en/ad/toyota-taisor-v-grade-2026-for-sale-gampaha-23,Toyota Taisor V Grade 2026,"Rs 11,900,000",Toyota,Taisor,V Grade,2026,Brand New,Automatic,SUV / 4x4,Petrol,"1,000 cc",0 km
https://ikman.lk/en/ad/toyota-taisor-v-grade-2026-for-sale-gampaha-22,Toyota Taisor V Grade 2026,"Rs 12,100,000",Toyota,Taisor,V Grade,2026,Brand New,Automatic,SUV / 4x4,Petrol,"1,000 cc",0 km
https://ikman.lk/en/ad/toyota-allion-2010-for-sale-gampaha-277,Toyota Allion 2010,"Rs 9,000,000",Toyota,Allion,,2010,Used,Automatic,,Petrol,"1,490 cc","260,352 km"
https://ikman.lk/en/ad/toyota-raize-z-hybrid-bodykit-2025-for-sale-gampaha-3,Toyota Raize Z Hybrid Bodykit 2025,"Rs 14,375,000",Toyota,Raize,Z Hybrid Bodykit,2025,Brand New,Automatic,Hatchback,Hybrid,"1,200 cc",1 km
https://ikman.lk/en/ad/toyota-hilux-z-gr-sport-2023-for-sale-gampaha-98,Toyota Hilux Z Gr Sport 2023,"Rs 24,000,000",Toyota,Hilux,Z Gr Sport,2023,Reconditioned,Automatic,SUV / 4x4,Diesel,"2,800 cc","7,000 km"
https://ikman.lk/en/ad/toyota-chr-gt-line-nero-safety-2023-for-sale-gampaha,Toyota CHR GT Line Nero Safety 2023,"Rs 16,750,000",Toyota,CHR,GT Line Nero Safety,2023,Reconditioned,Automatic,SUV / 4x4,Petrol,"1,200 cc","19,000 km"
https://ikman.lk/en/ad/toyota-yaris-cross-premium-luxury-2025-for-sale-gampaha-22,Toyota Yaris Cross Premium Luxury 2025,"Rs 21,000,000",Toyota,Yaris Cross,Premium Luxury,2025,Brand New,Automatic,SUV / 4x4,Hybrid,"1,500 cc",55 km
https://ikman.lk/en/ad/toyota-hilux-gr-sport-japan-2023-for-sale-gampaha-1,Toyota Hilux GR Sport japan 2023,"Rs 21,990,000",Toyota,Hilux,GR Sport japan,2023,Reconditioned,Automatic,SUV / 4x4,Diesel,"2,400 cc","27,000 km"
https://ikman.lk/en/ad/toyota-harrier-leather-pack-2025-for-sale-gampaha,Toyota Harrier leather pack 2025,"Rs 39,200,000",Toyota,Harrier,leather pack,2025,Reconditioned,Automatic,SUV / 4x4,Petrol,"2,000 cc","3,000 km"
https://ikman.lk/en/ad/toyota-raize-z-grade-with-bsm-2025-for-sale-gampaha-1,Toyota Raize Z Grade with BSM 2025,"Rs 14,500,000",Toyota,Raize,Z Grade with BSM,2025,Brand New,Automatic,Hatchback,Hybrid,"1,200 cc",6 km
https://ikman.lk/en/ad/toyota-roomy-custam-g-2023-for-sale-gampaha-4,Toyota Roomy CUSTAM G 2023,"Rs 9,800,000",Toyota,Roomy,CUSTAM G,2023,Reconditioned,Automatic,Hatchback,Petrol,"1,000 cc","23,000 km"
https://ikman.lk/en/ad/toyota-hilux-gr-sport-2023-for-sale-gampaha-34,Toyota Hilux GR Sport 2023,"Rs 23,500,000",Toyota,Hilux,GR Sport,2023,Reconditioned,Automatic,SUV / 4x4,Diesel,"2,400 cc","17,000 km"
https://ikman.lk/en/ad/toyota-pixis-g-s-alll-2025-for-sale-gampaha,Toyota Pixis G S Alll 2025,"Rs 6,800,000",Toyota,Pixis,G S Alll 2025,2025,Reconditioned,Automatic,Hatchback,Petrol,660 cc,"11,000 km"
https://ikman.lk/en/ad/toyota-yaris-ative-2025-for-sale-gampaha,Toyota Yaris Ative 2025,"Rs 16,500,000",Toyota,Yaris,Ative,2025,Brand New,Automatic,Saloon,Petrol,"1,200 cc",25 km
https://ikman.lk/en/ad/toyota-corolla-b12-car-1976-for-sale-gampaha,Toyota Corolla B12 1976,"Rs 700,000",Toyota,Corolla,B12,1976,Used,Manual,Coupé/Sports,Petrol,"2,000 cc","1,000,000 km"
https://ikman.lk/en/ad/toyota-axio-2015-for-sale-gampaha-712,Toyota Axio 2015,"Rs 10,000,000",Toyota,Axio,,2015,Used,Automatic,Saloon,Petrol,"1,500 cc","250,000 km"
https://ikman.lk/en/ad/toyota-raize-12-hybrid-2025-for-sale-gampaha,Toyota Raize 1.2 Hybrid 2025,"Rs 13,875,000",Toyota,Raize,1.2 Hybrid,2025,Brand New,Automatic,SUV / 4x4,Hybrid,"1,200 cc",0 km
https://ikman.lk/en/ad/toyota-hilux-revo-2018-for-sale-gampaha,Toyota Hilux Revo 2018,"Rs 13,600,000",Toyota,Hilux,Revo 2018,2018,Used,Manual,,Diesel,"2,400 cc","120,000 km"
https://ikman.lk/en/ad/toyota-carina-ti-my-road-1998-for-sale-gampaha,Toyota Carina TI MY ROAD 1998,"Rs 5,450,000",Toyota,Carina,TI MY ROAD,1998,Used,Automatic,Saloon,Petrol,"1,500 cc","160,000 km"
https://ikman.lk/en/ad/toyota-roomy-custom-g-2023-for-sale-kurunegala-24,Toyota Roomy Custom G 2023,"Rs 10,250,000",Toyota,Roomy,Custom G,2023,Import,Automatic,MPV,Petrol,"1,000 cc","18,500 km"
https://ikman.lk/en/ad/toyota-land-cruiser-sahara-300-2025-for-sale-gampaha-3,Toyota Land Cruiser Sahara 300 2025,"Rs 120,000,000",Toyota,Land Cruiser Sahara,LAND CRUISER 300,2025,Brand New,Automatic,Station wagon,Diesel,"3,446 cc",10 km
https://ikman.lk/en/ad/toyota-land-cruiser-sahara-300-2025-for-sale-gampaha-1,Toyota Land Cruiser Sahara 300 2025,"Rs 120,000,000",Toyota,Land Cruiser Sahara,Land Cruiser 300,2025,Brand New,Automatic,Station wagon,Diesel,"3,446 cc",10 km
https://ikman.lk/en/ad/toyota-land-cruiser-prado-300-2025-for-sale-gampaha-1,Toyota Land Cruiser Prado 300 2025,"Rs 120,000,000",Toyota,Land Cruiser Prado,LAND CRUISER 300,2025,Brand New,Automatic,Station wagon,Diesel,"3,346 cc",10 km
https://ikman.lk/en/ad/toyota-land-cruiser-prado-lc250-1st-edition-2024-for-sale-gampaha-1,Toyota Land Cruiser Prado LC250 1st Edition 2024,"Rs 85,500,000",Toyota,Land Cruiser Prado,LC250 1st Edition,2024,Reconditioned,Manual,Station wagon,Diesel,"2,755 cc","10,000 km"
https://ikman.lk/en/ad/toyota-land-cruiser-prado-lc250-1st-edition-2024-for-sale-gampaha,Toyota Land Cruiser Prado LC250 1ST EDITION 2024,"Rs 85,500,000",Toyota,Land Cruiser Prado,LC250 1ST EDITION,2024,Reconditioned,Automatic,Station wagon,Diesel,"2,755 cc","7,000 km"
https://ikman.lk/en/ad/toyota-aqua-z-2026-for-sale-gampaha-2,Toyota Aqua Z 2026,"Rs 17,100,000",Toyota,Aqua,Z,2026,Import,Automatic,,Hybrid,"1,500 cc",0 km
https://ikman.lk/en/ad/toyota-yaris-cross-z-grade-2024-for-sale-gampaha,Toyota Yaris Cross Z Grade 2024,"Rs 16,500,000",Toyota,Yaris Cross,Z Grade,2024,Import,Automatic,,Hybrid,"1,500 cc","29,000 km"
https://ikman.lk/en/ad/toyota-yaris-x-grade-2025-for-sale-gampaha-30,Toyota Yaris X Grade 2025,"Rs 9,850,000",Toyota,Yaris,X Grade,2025,Brand New,Automatic,Hatchback,Petrol,"1,000 cc",0 km
https://ikman.lk/en/ad/toyota-corolla-g-2024-for-sale-gampaha-5,Toyota Corolla G 2024,"Rs 16,100,000",Toyota,Corolla,G,2024,Import,Automatic,,Petrol,"1,500 cc","19,000 km"
https://ikman.lk/en/ad/toyota-corolla-g-2024-for-sale-gampaha-4,Toyota Corolla G 2024,"Rs 16,300,000",Toyota,Corolla,G,2024,Import,Automatic,,Petrol,"1,500 cc","13,000 km"
https://ikman.lk/en/ad/toyota-hilux-travo-overland-plus-2026-for-sale-gampaha-14,Toyota Hilux Travo Overland Plus 2026,"Rs 28,950,000",Toyota,Hilux,Travo Overland Plus,2026,Brand New,Automatic,SUV / 4x4,Diesel,"2,800 cc",0 km
https://ikman.lk/en/ad/toyota-g-2002-for-sale-gampaha,Toyota G 2002,"Rs 5,900,000",Toyota,Other Model,G,2002,Used,Automatic,,Petrol,"1,500 cc","130,000 km"
https://ikman.lk/en/ad/toyota-raize-z-grade-2026-for-sale-gampaha-5,Toyota Raize Z Grade 2026,"Rs 14,100,000",Toyota,Raize,Z Grade,2026,Brand New,Automatic,SUV / 4x4,Petrol,"1,200 cc",0 km
https://ikman.lk/en/ad/toyota-roomy-gt-custom-2025-for-sale-gampaha-2,Toyota Roomy GT Custom 2025,"Rs 11,450,000",Toyota,Roomy,GT Custom,2025,Brand New,Automatic,MPV,Petrol,"1,000 cc",4 km
https://ikman.lk/en/ad/toyota-raize-z-hybrid-2026-for-sale-gampaha-8,Toyota Raize Z Hybrid 2026,"Rs 13,800,000",Toyota,Raize,Z Hybrid,2026,Brand New,Automatic,SUV / 4x4,Hybrid,"1,200 cc",4 km
https://ikman.lk/en/ad/toyota-alphard-2025-comfort-plus-for-sale-gampaha,Toyota Alphard 2025 Comfort Plus,"Rs 56,500,000",Toyota,Alphard,2025 Comfort Plus,2025,Brand New,Automatic,MPV,Hybrid,"2,500 cc",0 km
https://ikman.lk/en/ad/toyota-yaris-cross-highest-grade-z-2023-for-sale-gampaha-1,Toyota Yaris Cross Highest Grade Z 2023,"Rs 16,950,000",Toyota,Yaris Cross,Highest Grade Z,2023,Reconditioned,Automatic,SUV / 4x4,Petrol,"1,500 cc","4,000 km"
https://ikman.lk/en/ad/toyota-land-cruiser-sahara-lc-200-modelista-2010-for-sale-gampaha,Toyota Land Cruiser Sahara Lc 200 Modelista 2010,"Rs 43,500,000",Toyota,Land Cruiser Sahara,Lc 200 Modelista,2010,Reconditioned,Automatic,SUV / 4x4,Diesel,"4,500 cc","115,000 km"
https://ikman.lk/en/ad/toyota-land-cruiser-prado-highest-spec-2019-for-sale-gampaha,Toyota Land Cruiser Prado Highest Spec 2019,"Rs 58,500,000",Toyota,Land Cruiser Prado,Highest Spec,2019,Used,Automatic,SUV / 4x4,Diesel,"2,800 cc","29,000 km"
https://ikman.lk/en/ad/toyota-allion-240-2003-for-sale-gampaha-263,Toyota Allion 240 2003,"Rs 6,500,000",Toyota,Allion,240,2003,Used,Automatic,Saloon,Petrol,"1,500 cc","193,500 km"
https://ikman.lk/en/ad/toyota-taisor-urban-cruiser-white-2026-for-sale-gampaha,Toyota Taisor Urban cruiser White 2026,"Rs 11,850,000",Toyota,Taisor,Urban cruiser White,2026,Brand New,Automatic,SUV / 4x4,Petrol,"1,000 cc",0 km
https://ikman.lk/en/ad/toyota-taisor-urban-cruiser-dt-2026-for-sale-gampaha-1,Toyota Taisor urban Cruiser DT 2026,"Rs 11,850,000",Toyota,Taisor,urban Cruiser DT,2026,Brand New,Automatic,SUV / 4x4,Petrol,"1,000 cc",0 km
https://ikman.lk/en/ad/toyota-vitz-led-pkg-ksp130-2016-for-sale-gampaha,Toyota Vitz LED PKG KSP130 2016,"Rs 7,195,000",Toyota,Vitz,LED PKG KSP130,2016,Used,Automatic,Hatchback,Petrol,"1,000 cc",120 km
https://ikman.lk/en/ad/toyota-raize-z-hybrid-2025-for-sale-gampaha-50,Toyota Raize Z HYBRID 2025,"Rs 13,650,000",Toyota,Raize,Z HYBRID,2025,Brand New,Automatic,SUV / 4x4,Hybrid,"1,200 cc",8 km
https://ikman.lk/en/ad/toyota-taisor-urban-cruiser-dt-2026-for-sale-gampaha,Toyota Taisor Urban Cruiser DT 2026,"Rs 11,850,000",Toyota,Taisor,Urban Cruiser DT,2026,Brand New,Automatic,SUV / 4x4,Petrol,"1,000 cc",0 km
https://ikman.lk/en/ad/toyota-taisor-urban-cruiser-dt-v-2026-for-sale-gampaha,Toyota Taisor Urban cruiser DT V 2026,"Rs 12,100,000",Toyota,Taisor,Urban cruiser DT V,2026,Brand New,Automatic,SUV / 4x4,Petrol,"1,000 cc",0 km
https://ikman.lk/en/ad/toyota-vios-2003-for-sale-gampaha-785,Toyota Vios 2003,"Rs 5,050,000",Toyota,Vios,,2003,Used,Automatic,Saloon,Petrol,"1,490 cc","234,000 km"
https://ikman.lk/en/ad/toyota-axio-hybrid-wxb-2017-for-sale-gampaha-5,Toyota Axio Hybrid WXB 2017,"Rs 11,600,000",Toyota,Axio,Axio Hybrid WXB,2017,Used,Automatic,Saloon,Petrol,"1,500 cc","160,000 km"
https://ikman.lk/en/ad/toyota-yaris-ativ-sport-2025-for-sale-gampaha-12,Toyota Yaris Ativ Sport 2025,"Rs 13,500,000",Toyota,Yaris Ativ,Sport,2025,Brand New,Automatic,Saloon,Petrol,"1,200 cc",15 km
https://ikman.lk/en/ad/toyota-corolla-ke20-1971-for-sale-gampaha,Toyota Corolla KE20 1971,"Rs 595,000",Toyota,Corolla,KE20,1971,Used,Manual,Coupé/Sports,Petrol,"1,200 cc","453,600 km"
https://ikman.lk/en/ad/toyota-prius-2011-for-sale-gampaha-980,Toyota Prius 2011,"Rs 8,650,000",Toyota,Prius,2011,2011,Used,Automatic,Saloon,Hybrid,"1,490 cc","131,000 km"
https://ikman.lk/en/ad/toyota-taisor-v-2025-for-sale-gampaha-5,Toyota Taisor V 2025,"Rs 11,275,000",Toyota,Taisor,V,2025,Brand New,Tiptronic,SUV / 4x4,Hybrid,"1,000 cc",0 km
https://ikman.lk/en/ad/toyota-raize-z-hybrid-2025-for-sale-gampaha-49,Toyota Raize ‍‍‍‍Z HYBRID 2025,"Rs 13,650,000",Toyota,Raize,‍‍‍‍Z HYBRID,2025,Brand New,Automatic,SUV / 4x4,Hybrid,"1,200 cc",250 km
https://ikman.lk/en/ad/toyota-urbancruiser-hyryder-v-grade-2026-for-sale-gampaha-4,Toyota UrbanCruiser Hyryder V Grade 2026,"Rs 17,750,000",Toyota,UrbanCruiser Hyryder,V Grade,2026,Brand New,Automatic,SUV / 4x4,Petrol,"1,500 cc",0 km
https://ikman.lk/en/ad/toyota-taisor-urban-cruiser-v-2026-for-sale-gampaha-6,Toyota Taisor Urban Cruiser V 2026,"Rs 11,800,000",Toyota,Taisor,Urban Cruiser V,2026,Brand New,Automatic,SUV / 4x4,Petrol,"1,000 cc",0 km
https://ikman.lk/en/ad/toyota-taisor-urban-cruiser-v-2026-for-sale-gampaha-5,Toyota Taisor Urban Cruiser V 2026,"Rs 12,100,000",Toyota,Taisor,Urban Cruiser V,2026,Brand New,Automatic,SUV / 4x4,Petrol,"1,000 cc",0 km
https://ikman.lk/en/ad/toyota-vitz-ksp-130-led-version-2016-for-sale-gampaha,Toyota Vitz 2016,"Rs 7,800,000",Toyota,Vitz,Toyota,2016,Used,Automatic,Hatchback,Petrol,990 cc,"59,500 km"
https://ikman.lk/en/ad/toyota-chr-gt-led-turbo-2018-for-sale-gampaha,Toyota CHR GT LED TURBO 2018,"Rs 13,000,000",Toyota,CHR,GT LED TURBO,2018,Used,Automatic,SUV / 4x4,Petrol,"1,200 cc","86,000 km"
https://ikman.lk/en/ad/toyota-chr-ngx-10-2018-for-sale-gampaha-37,Toyota CHR NGX 10 2018,"Rs 15,500,000",Toyota,CHR,NGX 10,2018,Used,Automatic,,Petrol,"1,200 cc","60,700 km"
https://ikman.lk/en/ad/toyota-allion-cbq-xxxx-2017-for-sale-gampaha,Toyota Allion 2017,"Rs 14,200,000",Toyota,Allion,2017,2017,Used,Automatic,Saloon,Petrol,"1,500 cc","98,000 km"
https://ikman.lk/en/ad/toyota-corolla-ce-110-diesel-auto-2001-for-sale-gampaha,Toyota Corolla CE 110 DIESEL AUTO 2001,"Rs 3,400,000",Toyota,Corolla,CE 110 DIESEL AUTO,2001,Used,Automatic,Saloon,Diesel,"2,000 cc","150,000 km"
https://ikman.lk/en/ad/toyota-aqua-z-2026-for-sale-gampaha-1,Toyota Aqua Z 2026,"Rs 17,500,000",Toyota,Aqua,Z,2026,Brand New,Automatic,Hatchback,Hybrid,"1,500 cc",10 km
https://ikman.lk/en/ad/toyota-hyryder-brand-new-2026-for-sale-gampaha,Toyota Hyryder BRAND NEW 2026,"Rs 15,600,000",Toyota,Hyryder,BRAND NEW,2026,Import,Automatic,,Hybrid,"1,500 cc",0 km
https://ikman.lk/en/ad/toyota-taisor-v-brand-new-2026-for-sale-gampaha,Toyota Taisor V Brand New 2026,"Rs 11,400,000",Toyota,Taisor,V Brand New,2026,Import,Automatic,,Hybrid,"1,000 cc",0 km
https://ikman.lk/en/ad/toyota-hiace-van-14-seater-2026-for-sale-gampaha,Toyota HIACE VAN 14 SEATER 2026,"Rs 29,500,000",Toyota,Other Model,HIACE VAN 14 SEATER,2026,Import,Automatic,,Diesel,"2,800 cc",30 km
https://ikman.lk/en/ad/toyota-raize-x-grade-2023-for-sale-gampaha-34,Toyota Raize X Grade 2023,"Rs 9,890,000",Toyota,Raize,X Grade,2023,Reconditioned,Automatic,Station wagon,Petrol,990 cc,"59,000 km"
https://ikman.lk/en/ad/toyota-premio-superior-2007-for-sale-gampaha-1,Toyota Premio 2007,"Rs 8,750,000",Toyota,Premio,2007,2007,Used,Automatic,Saloon,Petrol,"1,500 cc","167,000 km"
https://ikman.lk/en/ad/toyota-camry-hybrid-2013-for-sale-gampaha,Toyota Camry Hybrid 2013,"Rs 14,500,000",Toyota,Camry,Hybrid,2013,Used,Automatic,,Petrol,"2,500 cc","276,000 km"
https://ikman.lk/en/ad/toyota-commuter-2025-for-sale-gampaha,Toyota Commuter 2025,"Rs 22,000,000",Toyota,Other Model,Commuter,2025,Import,Automatic,MPV,Diesel,"2,800 cc","10,000 km"
https://ikman.lk/en/ad/toyota-aqua-prius-c-2014-for-sale-gampaha-4,Toyota Aqua Prius c 2014,"Rs 7,290,000",Toyota,Aqua,Prius c,2014,Used,Automatic,Hatchback,Hybrid,"1,497 cc","80,700 km"
https://ikman.lk/en/ad/toyota-yaris-cross-z-grade-2025-for-sale-gampaha-5,Toyota Yaris Cross Z grade 2025,"Rs 15,090,000",Toyota,Yaris Cross,Z grade,2025,Import,Automatic,Station wagon,Hybrid,"1,490 cc","4,500 km"
https://ikman.lk/en/ad/toyota-raize-z-fully-loaded-2025-for-sale-gampaha,Toyota Raize Z FULLY LOADED 2025,"Rs 12,990,000",Toyota,Raize,Z FULLY LOADED,2025,Import,Automatic,Station wagon,Hybrid,990 cc,"2,490 km"
https://ikman.lk/en/ad/toyota-yaris-cross-z-grade-2025-for-sale-gampaha-4,Toyota Yaris Cross Z grade 2025,"Rs 14,990,000",Toyota,Yaris Cross,Z grade,2025,Import,Automatic,Station wagon,Hybrid,"1,490 cc","4,500 km"
https://ikman.lk/en/ad/toyota-commuter-2026-for-sale-gampaha,Toyota Commuter 2026,"Rs 23,800,000",Toyota,Other Model,Commuter,2026,Import,Automatic,MPV,Petrol,"2,700 cc",0 km
https://ikman.lk/en/ad/toyota-raize-z-great-2026-for-sale-gampaha-1,Toyota Raize Z Great 2026,"Rs 13,150,000",Toyota,Raize,Z Great,2026,Brand New,Automatic,SUV / 4x4,Petrol,"1,000 cc",6 km
https://ikman.lk/en/ad/toyota-hilux-smart-cab-2010-for-sale-gampaha-74,Toyota Hilux smart cab 2010,"Rs 10,300,000",Toyota,Hilux,smart cab,2010,Used,Manual,SUV / 4x4,Diesel,"2,500 cc","234,999 km"
https://ikman.lk/en/ad/toyota-prius-x-2023-for-sale-gampaha-1,Toyota Prius X 2023,"Rs 25,500,000",Toyota,Prius,X,2023,Import,Automatic,,Hybrid,"1,800 cc","14,000 km"
https://ikman.lk/en/ad/toyota-hilux-travo-2025-for-sale-gampaha-2,Toyota Hilux travo 2025,"Rs 29,500,000",Toyota,Hilux,travo,2025,Brand New,Automatic,SUV / 4x4,Diesel,"2,800 cc",0 km
https://ikman.lk/en/ad/toyota-raize-z-petrol-turbo-2024-for-sale-gampaha-4,Toyota Raize Z Petrol Turbo 2024,"Rs 12,350,000",Toyota,Raize,Z Petrol Turbo,2024,Reconditioned,Tiptronic,SUV / 4x4,Petrol,"1,000 cc","7,000 km"
https://ikman.lk/en/ad/toyota-raize-z-great-2026-for-sale-gampaha,Toyota Raize Z great 2026,"Rs 14,150,000",Toyota,Raize,Z great,2026,Brand New,Automatic,SUV / 4x4,Hybrid,"1,200 cc",5 km
https://ikman.lk/en/ad/toyota-raize-z-hybrid-2025-for-sale-gampaha-47,Toyota Raize Z Hybrid 2025,"Rs 14,475,000",Toyota,Raize,Z Hybrid,2025,Brand New,Automatic,SUV / 4x4,Hybrid,"1,200 cc",1 km
https://ikman.lk/en/ad/toyota-raize-z-hybrid-blacktop-2025-for-sale-gampaha-2,Toyota Raize Z Hybrid Blacktop 2025,"Rs 13,975,000",Toyota,Raize,Z  Hybrid Blacktop,2025,Brand New,Automatic,SUV / 4x4,Hybrid,"1,200 cc",1 km
https://ikman.lk/en/ad/toyota-yaris-push-start-2023-for-sale-gampaha-24,Toyota Yaris Push Start 2023,"Rs 9,100,000",Toyota,Yaris,Push Start,2023,Reconditioned,Automatic,Hatchback,Petrol,"1,000 cc","8,000 km"
https://ikman.lk/en/ad/toyota-hilux-travo-over-land-plus-2026-for-sale-gampaha-3,Toyota Hilux Travo Over Land Plus 2026,"Rs 28,600,000",Toyota,Hilux,Travo Over Land Plus,2026,Brand New,Automatic,SUV / 4x4,Diesel,"2,800 cc",5 km
https://ikman.lk/en/ad/toyota-aqua-2014-for-sale-gampaha-1433,Toyota Aqua 2014,"Rs 7,990,000",Toyota,Aqua,,2014,Used,Automatic,,Hybrid,"1,490 cc","70,000 km"
https://ikman.lk/en/ad/toyota-corolla-ee-90-1987-for-sale-gampaha,Toyota Corolla EE 90 1987,"Rs 1,850,000",Toyota,Corolla,EE 90,1987,Used,Manual,Hatchback,Petrol,"1,300 cc","319,200 km"
https://ikman.lk/en/ad/toyota-corolla-2023-for-sale-gampaha-6,Toyota Corolla 2023,"Rs 16,850,000",Toyota,Corolla,,2023,Brand New,Automatic,Saloon,Petrol,"1,500 cc",600 km
https://ikman.lk/en/ad/toyota-corolla-dx-wagon-1985-for-sale-gampaha-8,Toyota Corolla Dx Wagon 1985,"Rs 1,275,000",Toyota,Corolla,Dx Wagon,1985,Used,Automatic,Station wagon,Petrol,"1,300 cc","336,000 km"
https://ikman.lk/en/ad/toyota-hyryder-v-cruiser-2026-for-sale-gampaha,Toyota Hyryder V Cruiser 2026,"Rs 17,750,000",Toyota,Hyryder V,Cruiser,2026,Brand New,Automatic,SUV / 4x4,Petrol,"1,500 cc",0 km
https://ikman.lk/en/ad/toyota-urbancruiser-hyryder-v-grade-2026-for-sale-gampaha-3,Toyota UrbanCruiser Hyryder V Grade 2026,"Rs 17,750,000",Toyota,UrbanCruiser Hyryder,V Grade,2026,Brand New,Automatic,SUV / 4x4,Petrol,"1,500 cc",0 km
https://ikman.lk/en/ad/toyota-corolla-wxb-highest-grade-2023-for-sale-gampaha,Toyota Corolla 2023,"Rs 17,500,000",Toyota,Corolla,2023,2023,Used,Automatic,Saloon,Petrol,"1,500 cc","10,000 km"
https://ikman.lk/en/ad/toyota-corolla-ce-106-1992-for-sale-gampaha,Toyota Corolla CE 106 1992,"Rs 2,475,000",Toyota,Corolla,CE 106,1992,Used,Manual,Station wagon,Diesel,"2,000 cc","177,000 km"
https://ikman.lk/en/ad/toyota-axio-g-grade-2008-for-sale-gampaha-116,Toyota Axio G Grade 2008,"Rs 7,550,000",Toyota,Axio,G Grade,2008,Used,Automatic,Saloon,Petrol,"1,500 cc","170,000 km"
https://ikman.lk/en/ad/toyota-taisor-g-grade-turbo-2026-for-sale-gampaha-2,Toyota Taisor G Grade Turbo 2026,"Rs 10,900,000",Toyota,Taisor,G Grade Turbo,2026,Brand New,Automatic,SUV / 4x4,Petrol,"1,000 cc",0 km
https://ikman.lk/en/ad/toyota-chr-2017-for-sale-gampaha-253,Toyota CHR 2017,"Rs 13,000,000",Toyota,CHR,,2017,Used,Automatic,SUV / 4x4,Petrol,"1,200 cc","75,600 km"
https://ikman.lk/en/ad/toyota-allion-2007-for-sale-colombo-1266,Toyota Allion 2007,"Rs 7,300,000",Toyota,Allion,2007,2007,Used,Automatic,Saloon,Petrol,"1,500 cc","207,000 km"
https://ikman.lk/en/ad/toyota-vitz-safety-edition-1-2017-for-sale-gampaha-3,Toyota Vitz Safety Edition 1 2017,"Rs 7,799,999",Toyota,Vitz,Safety Edition 1,2017,Used,Automatic,Hatchback,Petrol,990 cc,"120,000 km"
https://ikman.lk/en/ad/toyota-vitz-2019-for-sale-gampaha-248,Toyota Vitz 2019,"Rs 8,500,000",Toyota,Vitz,,2019,Used,Automatic,Hatchback,Petrol,"1,000 cc","76,000 km"
https://ikman.lk/en/ad/toyota-land-cruiser-sahara-2000-for-sale-gampaha-1,Toyota Land Cruiser Sahara 2000,"Rs 14,500,000",Toyota,Land Cruiser Sahara,,2000,Used,Automatic,SUV / 4x4,Petrol,"4,700 cc","148,000 km"
https://ikman.lk/en/ad/toyota-yaris-4way-cam-push-start-2026-for-sale-gampaha,Toyota Yaris 4way Cam/Push Start 2026,"Rs 11,250,000",Toyota,Yaris,4way Cam/Push Start,2026,Brand New,Automatic,Hatchback,Petrol,"1,000 cc",0 km
https://ikman.lk/en/ad/toyota-chr-gr-sport-2023-for-sale-gampaha-4,Toyota CHR GR sport 2023,"Rs 16,800,000",Toyota,CHR,GR sport,2023,Used,Automatic,SUV / 4x4,Petrol,"1,200 cc","11,500 km"
https://ikman.lk/en/ad/toyota-raize-z-black-top-highest-2024-for-sale-gampaha,Toyota Raize Z Black Top Highest 2024,"Rs 12,495,000",Toyota,Raize,Z Black Top Highest,2024,Brand New,Automatic,SUV / 4x4,Petrol,"1,000 cc",1 km
https://ikman.lk/en/ad/toyota-passo-2023-for-sale-gampaha-18,Toyota Passo 2023,"Rs 8,500,000",Toyota,Passo,2023,2023,Brand New,Automatic,Saloon,Petrol,"1,000 cc",300 km
https://ikman.lk/en/ad/toyota-aqua-2016-for-sale-gampaha-40,Toyota Aqua 2016,"Rs 8,550,000",Toyota,Aqua,Aqua,2016,Used,Automatic,Hatchback,Hybrid,"1,500 cc","139,000 km"
https://ikman.lk/en/ad/toyota-land-cruiser-sahara-300-2025-for-sale-gampaha,Toyota Land Cruiser Sahara 300 2025,"Rs 120,000,000",Toyota,Land Cruiser Sahara,300,2025,Brand New,Automatic,Station wagon,Diesel,"3,346 cc",10 km
https://ikman.lk/en/ad/toyota-land-cruiser-prado-lc250-1-st-edition-2024-for-sale-gampaha,Toyota Land Cruiser Prado Lc250 1 St Edition 2024,"Rs 85,500,000",Toyota,Land Cruiser Prado,Lc250 1 St Edition,2024,Reconditioned,Automatic,Station wagon,Diesel,"2,755 cc","7,000 km"
https://ikman.lk/en/ad/toyota-land-cruiser-prado-gr-sport-highlift-2023-for-sale-gampaha-1,Toyota Land Cruiser Prado Gr Sport Highlift 2023,"Rs 24,500,000",Toyota,Land Cruiser Prado,Gr Sport Highlift,2023,Reconditioned,Manual,SUV / 4x4,Diesel,"2,755 cc","13,000 km"
https://ikman.lk/en/ad/toyota-hilux-gr-sport-high-lift-2023-for-sale-gampaha-5,Toyota Hilux GR SPORT HIGH LIFT 2023,"Rs 24,500,000",Toyota,Hilux,GR SPORT HIGH LIFT,2023,Reconditioned,Automatic,SUV / 4x4,Diesel,"2,755 cc","13,000 km"
https://ikman.lk/en/ad/toyota-land-cruiser-prado-lc250-1st-edition-2024-for-sale-gampaha-6,Toyota Land Cruiser Prado LC250 1ST EDITION 2024,"Rs 85,500,000",Toyota,Land Cruiser Prado,LC250 1ST EDITION,2024,Used,Automatic,Station wagon,Diesel,"2,755 cc","7,000 km"
https://ikman.lk/en/ad/toyota-raize-g-hybrid-2025-for-sale-gampaha-1,Toyota Raize G Hybrid 2025,"Rs 13,675,000",Toyota,Raize,G Hybrid,2025,Brand New,Automatic,SUV / 4x4,Hybrid,"1,200 cc",1 km
https://ikman.lk/en/ad/toyota-hilux-rocco-28l-thailand-2025-for-sale-gampaha-4,Toyota Hilux Rocco 2.8L Thailand 2025,"Rs 26,000,000",Toyota,Hilux,Rocco 2.8L Thailand,2025,Brand New,Automatic,SUV / 4x4,Diesel,"2,800 cc",0 km
https://ikman.lk/en/ad/toyota-yaris-safety-push-start-2023-for-sale-gampaha-6,Toyota Yaris Safety Push Start 2023,"Rs 8,900,000",Toyota,Yaris,Safety Push Start,2023,Reconditioned,Automatic,Hatchback,Petrol,"1,000 cc","8,500 km"
https://ikman.lk/en/ad/toyota-roomy-2023-for-sale-gampaha-27,Toyota Roomy 2023,"Rs 8,550,000",Toyota,Roomy,,2023,Reconditioned,Automatic,Station wagon,Petrol,"1,000 cc","10,500 km"
https://ikman.lk/en/ad/toyota-urbancruiser-hyryder-v-greade-2026-for-sale-gampaha,Toyota UrbanCruiser Hyryder V Greade 2026,"Rs 17,750,000",Toyota,UrbanCruiser Hyryder,V Greade,2026,Brand New,Automatic,SUV / 4x4,Petrol,"1,500 cc",0 km
https://ikman.lk/en/ad/toyota-land-cruiser-prado-diesel-2016-for-sale-gampaha-1,Toyota Land Cruiser Prado Diesel 2016,"Rs 37,800,000",Toyota,Land Cruiser Prado,Diesel,2016,Used,Tiptronic,SUV / 4x4,Diesel,"3,000 cc","198,000 km"
https://ikman.lk/en/ad/toyota-raize-z-hybrid-2026-for-sale-gampaha-3,Toyota Raize Z Hybrid 2026,"Rs 13,900,000",Toyota,Raize,Z Hybrid,2026,Brand New,Automatic,SUV / 4x4,Hybrid,"1,200 cc",0 km
https://ikman.lk/en/ad/toyota-yaris-x-grade-2024-for-sale-gampaha-50,Toyota Yaris X Grade 2024,"Rs 10,100,000",Toyota,Yaris,X Grade,2024,Import,Automatic,,Petrol,"1,000 cc",5 km
https://ikman.lk/en/ad/toyota-harrier-2017-for-sale-gampaha-17,Toyota Harrier 2017,"Rs 25,000,000",Toyota,Harrier,,2017,Used,Automatic,SUV / 4x4,Petrol,"2,000 cc","90,000 km"
https://ikman.lk/en/ad/toyota-raize-z-12-hybrid-2025-for-sale-gampaha-5,Toyota Raize Z 1.2 Hybrid 2025,"Rs 14,375,000",Toyota,Raize,Z 1.2 Hybrid,2025,Brand New,Automatic,SUV / 4x4,Hybrid,"1,200 cc",1 km
https://ikman.lk/en/ad/toyota-yaris-cross-z-adventure-2023-for-sale-gampaha-20,Toyota Yaris Cross Z Adventure 2023,"Rs 16,895,000",Toyota,Yaris,Cross Z Adventure,2023,Reconditioned,Automatic,SUV / 4x4,Hybrid,"1,500 cc","21,000 km"
https://ikman.lk/en/ad/toyota-yaris-cross-z-adventure-2023-for-sale-gampaha-19,Toyota Yaris Cross Z Adventure 2023,"Rs 16,795,000",Toyota,Yaris,Cross Z Adventure,2023,Reconditioned,Automatic,SUV / 4x4,Hybrid,"1,500 cc","20,545 km"
https://ikman.lk/en/ad/toyota-yaris-ativ-gr-sport-hybrid-2025-for-sale-kandy-11,Toyota Yaris Ativ GR Sport Hybrid 2025,"Rs 19,500,000",Toyota,Yaris,Ativ GR Sport Hybrid,2025,Brand New,Automatic,Saloon,Hybrid,"1,500 cc",0 km
https://ikman.lk/en/ad/toyota-raize-z-hybrid-2026-for-sale-kandy-16,Toyota Raize Z Hybrid 2026,"Rs 15,300,000",Toyota,Raize,Z Hybrid,2026,Brand New,Automatic,SUV / 4x4,Hybrid,"1,200 cc",0 km
https://ikman.lk/en/ad/toyota-land-cruiser-prado-lc300-zx-2025-for-sale-kandy,Toyota Land Cruiser Prado LC300 ZX 2025,"Rs 97,900,000",Toyota,Land Cruiser Prado,LC300 ZX,2025,Brand New,Automatic,SUV / 4x4,Petrol,"3,500 cc",0 km
https://ikman.lk/en/ad/toyota-raize-z-hybrid-2026-for-sale-kandy-15,Toyota Raize Z Hybrid 2026,"Rs 15,500,000",Toyota,Raize,Z Hybrid,2026,Brand New,Automatic,SUV / 4x4,Hybrid,"1,200 cc",0 km
https://ikman.lk/en/ad/toyota-roomy-custom-gt-turbo-2023-for-sale-kandy-20,Toyota Roomy Custom GT Turbo 2023,"Rs 11,450,000",Toyota,Roomy,Custom GT Turbo,2023,Reconditioned,Automatic,Hatchback,Petrol,"1,000 cc","9,000 km"
https://ikman.lk/en/ad/toyota-sprinter-corolla-5a-fe-1991-for-sale-kandy,Toyota Sprinter Corolla 5A FE 1991,"Rs 1,200,000",Toyota,Sprinter,Corolla 5A FE,1991,Used,Manual,Saloon,Petrol,"1,500 cc","167,000 km"
https://ikman.lk/en/ad/toyota-urban-cruiser-taisor-2026-for-sale-kandy,Toyota Urban Cruiser Taisor 2026,"Rs 11,950,000",Toyota,Urban Cruiser,Taisor,2026,Brand New,Automatic,SUV / 4x4,Petrol,"1,000 cc",0 km
https://ikman.lk/en/ad/toyota-vitz-2018-for-sale-kandy-16,Toyota Vitz 2018,"Rs 8,150,000",Toyota,Vitz,,2018,Used,Automatic,,Petrol,"1,000 cc","99,000 km"
https://ikman.lk/en/ad/toyota-starlet-ep-71-petrol-1987-for-sale-kandy,Toyota Starlet EP 71 1987,"Rs 1,950,000",Toyota,Starlet,EP 71,1987,Used,Manual,Hatchback,Petrol,"1,300 cc","160,000 km"
https://ikman.lk/en/ad/toyota-raize-z-hev-2025-for-sale-kandy,Toyota Raize Z HEV 2025,"Rs 14,250,000",Toyota,Raize,Z HEV,2025,Reconditioned,Automatic,SUV / 4x4,Hybrid,"1,200 cc","7,000 km"
https://ikman.lk/en/ad/toyota-chr-2017-for-sale-kandy-4,Toyota CHR 2017,"Rs 12,500,000",Toyota,CHR,Toyota,2017,Used,Automatic,Hatchback,Petrol,"1,200 cc","92,000 km"
https://ikman.lk/en/ad/toyota-aqua-2014-for-sale-kandy-277,Toyota Aqua 2014,"Rs 8,150,000",Toyota,Aqua,,2014,Used,Automatic,Hatchback,Hybrid,"1,500 cc","140,000 km"
https://ikman.lk/en/ad/toyota-roomy-custom-gt-turbo-2023-for-sale-kandy-19,Toyota Roomy Custom GT Turbo 2023,"Rs 11,300,000",Toyota,Roomy,Custom GT Turbo,2023,Reconditioned,Automatic,Hatchback,Petrol,"1,000 cc","19,000 km"
https://ikman.lk/en/ad/toyota-raize-z-hybrid-2026-for-sale-kandy-14,Toyota Raize Z Hybrid 2026,"Rs 15,500,000",Toyota,Raize,Z Hybrid,2026,Brand New,Automatic,SUV / 4x4,Hybrid,"1,200 cc",0 km
https://ikman.lk/en/ad/toyota-raize-hybrid-2024-for-sale-kandy-2,Toyota Raize Hybrid 2024,"Rs 12,700,000",Toyota,Raize,Hybrid,2024,Import,Automatic,,Hybrid,"1,200 cc","10,999 km"
https://ikman.lk/en/ad/toyota-yaris-x-2024-for-sale-kandy,Toyota Yaris X 2024,"Rs 8,765,000",Toyota,Yaris,X,2024,Reconditioned,Automatic,Hatchback,Petrol,"1,000 cc","35,000 km"
https://ikman.lk/en/ad/toyota-roomy-g-t-2025-for-sale-kandy,Toyota Roomy G T 2025,"Rs 11,298,000",Toyota,Roomy,G T,2025,Import,Automatic,,Petrol,"1,000 cc",7 km
https://ikman.lk/en/ad/toyota-ist-2003-for-sale-kandy-57,Toyota IST 2003,"Rs 5,100,000",Toyota,IST,,2003,Used,Automatic,Hatchback,Petrol,"1,300 cc","216,000 km"
https://ikman.lk/en/ad/toyota-cami-1999-for-sale-kandy-16,Toyota Cami 1999,"Rs 4,450,000",Toyota,Cami,,1999,Used,Automatic,Hatchback,Petrol,"1,290 cc","148,000 km"
https://ikman.lk/en/ad/toyota-land-cruiser-prado-trj150tx-l-modelista-2023-for-sale-hambantota,Toyota Land Cruiser Prado 2023,"Rs 54,000,000",Toyota,Land Cruiser Prado,2023,2023,Used,Automatic,SUV / 4x4,Petrol,"2,700 cc","7,000 km"
https://ikman.lk/en/ad/toyota-yaris-led-2026-for-sale-kandy,Toyota Yaris LED 2026,"Rs 12,300,000",Toyota,Yaris,LED,2026,Brand New,Automatic,Hatchback,Petrol,"1,000 cc",0 km
https://ikman.lk/en/ad/toyota-roomy-custom-g-2023-for-sale-kandy-26,Toyota Roomy Custom G 2023,"Rs 10,950,000",Toyota,Roomy,Custom G,2023,Reconditioned,Automatic,Hatchback,Petrol,"1,000 cc","12,000 km"
https://ikman.lk/en/ad/toyota-corolla-wagon-1987-for-sale-kandy,Toyota Corolla Wagon 1987,"Rs 840,000",Toyota,Corolla,Wagon,1987,Used,Manual,Hatchback,Petrol,"1,300 cc","142,853 km"
https://ikman.lk/en/ad/toyota-prius-2008-for-sale-kandy-110,Toyota Prius 2008,"Rs 6,650,000",Toyota,Prius,,2008,Used,Automatic,,Petrol,"1,490 cc","95,000 km"
https://ikman.lk/en/ad/toyota-roomy-custom-gt-2023-for-sale-kandy-47,Toyota Roomy Custom GT 2023,"Rs 10,950,000",Toyota,Roomy,Custom GT,2023,Reconditioned,Automatic,Hatchback,Petrol,"1,000 cc","18,000 km"
https://ikman.lk/en/ad/toyota-land-cruiser-prado-fully-loaded-2015-for-sale-kandy,Toyota Land Cruiser Prado Fully Loaded 2015,"Rs 33,500,000",Toyota,Land Cruiser Prado,Fully Loaded,2015,Used,Automatic,SUV / 4x4,Petrol,"2,700 cc","150,000 km"
https://ikman.lk/en/ad/toyota-corolla-ce96-diesel-1991-for-sale-kandy,Toyota Corolla 1991,"Rs 2,050,000",Toyota,Corolla,Toyota,1991,Used,Manual,Station wagon,Diesel,"1,800 cc","179,823 km"
https://ikman.lk/en/ad/toyota-hilux-rocco-28l-2025-for-sale-kandy-28,Toyota Hilux Rocco 2.8L 2025,"Rs 27,000,000",Toyota,Hilux,Rocco 2.8L,2025,Brand New,Automatic,SUV / 4x4,Diesel,"2,800 cc",0 km
https://ikman.lk/en/ad/toyota-corolla-1992-for-sale-kandy,Toyota Corolla 1992,"Rs 3,000,000",Toyota,Corolla,1992,1992,Used,Manual,Saloon,Petrol,"1,300 cc","96,326 km"
https://ikman.lk/en/ad/toyota-premio-g-superior-2018-for-sale-kandy-22,Toyota Premio G superior 2018,"Rs 15,850,000",Toyota,Premio,G superior,2018,Reconditioned,Automatic,Saloon,Petrol,"1,500 cc","115,650 km"
https://ikman.lk/en/ad/toyota-hilux-travo-overland-plus-2026-for-sale-kandy-2,Toyota Hilux Travo Overland Plus 2026,"Rs 28,691,000",Toyota,Hilux,Travo Overland Plus,2026,Import,Automatic,,Diesel,"2,800 cc",10 km
https://ikman.lk/en/ad/toyota-raize-g-grade-2025-for-sale-kandy,Toyota Raize G Grade 2025,"Rs 12,400,000",Toyota,Raize,G Grade,2025,Reconditioned,Automatic,SUV / 4x4,Petrol,998 cc,"11,674 km"
https://ikman.lk/en/ad/toyota-hilux-travo-overland-28-2026-for-sale-kandy-1,Toyota Hilux Travo Overland 2.8 2026,"Rs 25,850,000",Toyota,Hilux,Travo Overland 2.8,2026,Import,Automatic,,Diesel,"2,800 cc",10 km
https://ikman.lk/en/ad/toyota-voxy-s-z-hybrid-2026-for-sale-kandy,Toyota Voxy S-Z Hybrid 2026,"Rs 34,200,000",Toyota,Voxy,S-Z Hybrid,2026,Brand New,Automatic,MPV,Hybrid,"1,800 cc",0 km
https://ikman.lk/en/ad/toyota-raize-2025-for-sale-kandy-9,Toyota Raize 2025,"Rs 14,800,000",Toyota,Raize,,2025,Brand New,Automatic,SUV / 4x4,Hybrid,"1,200 cc",0 km
https://ikman.lk/en/ad/toyota-corolla-ea-81-1987-for-sale-kandy,Toyota Corolla AE 81 1987,"Rs 1,290,000",Toyota,Corolla,AE 81,1987,Used,Manual,Saloon,Petrol,"1,500 cc","319,200 km"
https://ikman.lk/en/ad/toyota-yaris-ativ-2020-for-sale-kandy,Toyota Yaris ATIV 2020,"Rs 9,850,000",Toyota,Yaris,ATIV,2020,Used,Automatic,Saloon,Petrol,"1,200 cc","89,500 km"
https://ikman.lk/en/ad/toyota-vitz-cbf-2018-for-sale-kandy,Toyota Vitz 2018,"Rs 8,150,000",Toyota,Vitz,2018,2018,Used,Automatic,Hatchback,Petrol,990 cc,"91,300 km"
https://ikman.lk/en/ad/toyota-land-cruiser-prado-tx-l-120-2007-for-sale-kandy,Toyota Land Cruiser Prado TX-L 120 2007,"Rs 16,490,000",Toyota,Land Cruiser Prado,TX-L 120,2007,Used,Automatic,,Petrol,"2,700 cc","210,000 km"
https://ikman.lk/en/ad/toyota-raize-z-hybrid-2026-for-sale-kandy-9,Toyota Raize Z HYBRID 2026,"Rs 14,650,000",Toyota,Raize,Z HYBRID,2026,Brand New,Automatic,,Hybrid,"1,200 cc",0 km
https://ikman.lk/en/ad/toyota-corolla-1978-for-sale-kandy,Toyota Corolla 1978,"Rs 1,000,000",Toyota,Corolla,,1978,Used,Manual,Saloon,Petrol,"1,300 cc","533,577 km"
https://ikman.lk/en/ad/toyota-land-cruiser-prado-1987-for-sale-kandy-4,Toyota Land Cruiser Prado 1987,"Rs 10,500,000",Toyota,Land Cruiser Prado,,1987,Used,Automatic,SUV / 4x4,Diesel,"2,500 cc","165,800 km"
https://ikman.lk/en/ad/toyota-corona-1990-for-sale-kandy-1,Toyota Corona 1990,"Rs 1,850,000",Toyota,Corona,,1990,Used,Manual,Saloon,Petrol,"1,500 cc","294,000 km"
https://ikman.lk/en/ad/toyota-passo-2017-for-sale-kandy,Toyota Passo 2017,"Rs 6,490,000",Toyota,Passo,,2017,Used,Automatic,Hatchback,Petrol,"1,000 cc","141,668 km"
https://ikman.lk/en/ad/toyota-dx-wagonke-72-1984-for-sale-kandy,Toyota Corolla DX Wagon KE72 1984,"Rs 890,000",Toyota,Corolla,DX Wagon KE72,1984,Used,Manual,Station wagon,Petrol,"1,300 cc","125,000 km"
https://ikman.lk/en/ad/toyota-starlet-toyata-started-1991-for-sale-kurunegala,Toyota Starlet 1991,"Rs 2,550,000",Toyota,Starlet,Toyota,1991,Used,Manual,Saloon,Diesel,"1,450 cc","145,000 km"
https://ikman.lk/en/ad/toyota-sprinter-1990-for-sale-kurunegala,Toyota Sprinter 1990,"Rs 1,500,000",Toyota,Sprinter,,1990,Used,Manual,Saloon,Petrol,"1,290 cc","150,000 km"
https://ikman.lk/en/ad/toyota-raize-z-play-2023-for-sale-kurunegala,Toyota Raize Z Play 2023,"Rs 13,800,000",Toyota,Raize,Z Play,2023,Reconditioned,Automatic,Hatchback,Petrol,"1,200 cc","4,000 km"
https://ikman.lk/en/ad/toyota-yaris-x-grade-2024-for-sale-kurunegala-8,"Toyota Yaris X Grade, 2024","Rs 8,690,000",Toyota,Yaris,"X Grade, 2024",2024,Import,Automatic,Hatchback,Petrol,"1,000 cc","14,500 km"
https://ikman.lk/en/ad/toyota-raize-z-1200-petrol-2023-for-sale-kurunegala,Toyota Raize Z 1200 Petrol 2023,"Rs 12,950,000",Toyota,Raize,Z 1200 Petrol 2023,2023,Reconditioned,Automatic,SUV / 4x4,Petrol,"1,200 cc","4,346 km"
https://ikman.lk/en/ad/toyota-corsa-tercel-auto-15-1999-for-sale-kurunegala,Toyota Corsa TERCEL AUTO 1.5 1999,"Rs 3,475,000",Toyota,Corsa,TERCEL AUTO 1.5,1999,Used,Automatic,Saloon,Petrol,"1,490 cc","192,000 km"
https://ikman.lk/en/ad/toyota-corolla-k30-1979-for-sale-kurunegala,Toyota Corolla K30 1979,"Rs 620,000",Toyota,Corolla,K30,1979,Used,Manual,Saloon,Petrol,"1,300 cc","114,000 km"
https://ikman.lk/en/ad/toyota-prius-3rd-generation-2012-for-sale-kurunegala-3,Toyota Prius 3rd Generation 2012,"Rs 9,850,000",Toyota,Prius,3rd Generation,2012,Used,Automatic,Hatchback,Hybrid,"1,790 cc","168,019 km"
https://ikman.lk/en/ad/toyota-taisor-v-grade-2026-for-sale-kurunegala-1,Toyota Taisor V Grade 2026,"Rs 12,500,000",Toyota,Taisor,V Grade,2026,Brand New,Automatic,Hatchback,Petrol,"1,000 cc",0 km
https://ikman.lk/en/ad/toyota-yaris-x-4way-limited-2024-for-sale-kurunegala,Toyota Yaris X 4WAY LIMITED 2024,"Rs 9,850,000",Toyota,Yaris,X 4WAY LIMITED,2024,Reconditioned,Automatic,Hatchback,Petrol,"1,000 cc","16,000 km"
https://ikman.lk/en/ad/toyota-raize-z-hybrid20261200cc-2026-for-sale-kurunegala-1,"Toyota Raize Z Hybrid,2026,1200cc 2026","Rs 13,790,000",Toyota,Raize,"Z Hybrid,2026,1200cc",2026,Import,Automatic,Hatchback,Hybrid,"1,200 cc",0 km
https://ikman.lk/en/ad/toyota-corolla-wagon-106-1992-for-sale-kurunegala,Toyota Corolla Wagon 1992,"Rs 2,650,000",Toyota,Corolla,Wagon,1992,Used,Manual,Station wagon,Diesel,"1,990 cc","258,000 km"
https://ikman.lk/en/ad/toyota-vitz-safety-edition-2016-for-sale-kurunegala-6,Toyota Vitz Safety edition 2016,"Rs 7,200,000",Toyota,Vitz,Safety edition,2016,Used,Automatic,Hatchback,Petrol,"1,000 cc","110,000 km"
https://ikman.lk/en/ad/toyota-soluna-2001-for-sale-kurunegala-2,Toyota Soluna 2001,"Rs 2,950,000",Toyota,Soluna,,2001,Used,Manual,,Petrol,"1,500 cc","65,000 km"
https://ikman.lk/en/ad/toyota-roomy-x-safety-2023-for-sale-kurunegala,Toyota Roomy X Safety 2023,"Rs 8,950,000",Toyota,Roomy,X Safety,2023,Reconditioned,Automatic,MPV,Petrol,"1,000 cc","22,000 km"
https://ikman.lk/en/ad/toyota-ist-2007-for-sale-kurunegala-42,Toyota IST 2007,"Rs 6,500,000",Toyota,IST,,2007,Used,Automatic,Hatchback,Petrol,"1,290 cc","213,000 km"
https://ikman.lk/en/ad/toyota-land-cruiser-sahara-v8-2014-for-sale-kurunegala-2,Toyota Land Cruiser Sahara V8 2014,"Rs 49,500,000",Toyota,Land Cruiser Sahara,V8,2014,Used,Automatic,SUV / 4x4,Diesel,"4,500 cc","125,000 km"
https://ikman.lk/en/ad/toyota-passo-vitz-yaris-2023-for-sale-kurunegala,Toyota Passo vitz Yaris 2023,"Rs 8,675,000",Toyota,Passo,vitz Yaris,2023,Reconditioned,Automatic,Hatchback,Petrol,"1,000 cc","7,000 km"
https://ikman.lk/en/ad/toyota-tercel-corsa-el50-5fw-1998-for-sale-kurunegala-1,Toyota Tercel Corsa EL50 5FW 1998,"Rs 2,975,000",Toyota,Tercel,Corsa EL50 5FW,1998,Used,Manual,Saloon,Petrol,"1,330 cc","190,000 km"
https://ikman.lk/en/ad/toyota-land-cruiser-prado-tx-2011-for-sale-kurunegala,Toyota Land Cruiser Prado Tx 2011,"Rs 26,000,000",Toyota,Land Cruiser Prado,Tx,2011,Used,Automatic,SUV / 4x4,Petrol,"2,700 cc","125,500 km"
https://ikman.lk/en/ad/toyota-pixis-g-sa3-2025-for-sale-kurunegala,Toyota Pixis G SA3 2025,"Rs 6,790,000",Toyota,Pixis,Pixis G SA3 2025,2025,Import,Automatic,Hatchback,Petrol,660 cc,"3,000 km"
https://ikman.lk/en/ad/toyota-axio-x-limited-2008-for-sale-kurunegala-9,Toyota Axio X limited 2008,"Rs 7,750,000",Toyota,Axio,X limited,2008,Used,Automatic,Saloon,Petrol,"1,500 cc","126,000 km"
https://ikman.lk/en/ad/toyota-vios-2026-2006-for-sale-kurunegala,Toyota Vios 2006,"Rs 5,250,000",Toyota,Vios,2006,2006,Used,Automatic,Saloon,Petrol,"1,500 cc","203,000 km"
https://ikman.lk/en/ad/toyota-land-cruiser-sahara-cygnus-v8-2007-for-sale-kurunegala,Toyota Land Cruiser Sahara CYGNUS V8 2007,"Rs 24,500,000",Toyota,Land Cruiser Sahara,CYGNUS  V8,2007,Used,Automatic,SUV / 4x4,Petrol,"4,700 cc","197,000 km"
https://ikman.lk/en/ad/toyota-chr-2018-for-sale-kegalle-3,Toyota CHR 2018,"Rs 13,500,000",Toyota,CHR,,2018,Used,Automatic,Hatchback,Petrol,"1,190 cc","45,800 km"
https://ikman.lk/en/ad/toyota-prius-4th-gen-2016-for-sale-kurunegala-1,Toyota Prius 4th Gen 2016,"Rs 15,000,000",Toyota,Prius,4th Gen,2016,Used,Automatic,Saloon,Hybrid,"1,800 cc","140,000 km"
https://ikman.lk/en/ad/toyota-hilux-smart-cab-2010-for-sale-kurunegala,Toyota Hilux Smart Cab 2010,"Rs 10,700,000",Toyota,Hilux,Smart Cab,2010,Used,Manual,SUV / 4x4,Diesel,"2,500 cc","178,540 km"
https://ikman.lk/en/ad/toyota-axio-2007-for-sale-kurunegala-217,Toyota Axio 2007,"Rs 7,050,000",Toyota,Axio,,2007,Used,Automatic,Saloon,Petrol,"1,500 cc","233,000 km"
https://ikman.lk/en/ad/toyota-vitz-safty-package-2017-for-sale-kurunegala-1,Toyota Vitz Safety package 2017,"Rs 8,150,000",Toyota,Vitz,Safety package,2017,Used,Automatic,Hatchback,Petrol,"1,000 cc","35,000 km"
https://ikman.lk/en/ad/toyota-corolla-dx-wagon-ke72-1984-for-sale-kurunegala-2,Toyota Corolla Dx Wagon Ke72 1984,"Rs 1,290,000",Toyota,Corolla,Dx Wagon Ke72,1984,Used,Manual,Saloon,Petrol,"1,300 cc","376,725 km"
https://ikman.lk/en/ad/toyota-hilux-vigo-2007-for-sale-kurunegala-3,Toyota Hilux Vigo 2007,"Rs 11,600,000",Toyota,Hilux,Vigo,2007,Used,Automatic,SUV / 4x4,Diesel,"3,000 cc","124,000 km"
https://ikman.lk/en/ad/toyota-starlet-ep71-1986-for-sale-kurunegala-17,Toyota Starlet EP71 1986,"Rs 1,750,000",Toyota,Starlet,EP71,1986,Used,Manual,Hatchback,Petrol,"1,300 cc","327,600 km"
https://ikman.lk/en/ad/toyota-prius-s-touring-2011-for-sale-kurunegala-6,Toyota Prius S Touring 2011,"Rs 9,000,000",Toyota,Prius,S Touring,2011,Used,Automatic,,Hybrid,"1,800 cc","188,720 km"
https://ikman.lk/en/ad/toyota-land-cruiser-2012-for-sale-kurunegala,Toyota Land Cruiser 2012,"Rs 32,000,000",Toyota,Land Cruiser,,2012,Used,Automatic,SUV / 4x4,Petrol,"2,690 cc","250,000 km"
https://ikman.lk/en/ad/toyota-prius-3rd-generation-2011-for-sale-kurunegala,Toyota Prius 3rd Generation 2011,"Rs 9,000,000",Toyota,Prius,3rd Generation,2011,Used,Automatic,Saloon,Petrol,"1,800 cc","180,000 km"
https://ikman.lk/en/ad/toyota-corolla-1979-for-sale-kurunegala-2,Toyota Corolla 1979,"Rs 620,000",Toyota,Corolla,Corolla,1979,Used,Manual,Saloon,Petrol,"1,300 cc","386,400 km"
https://ikman.lk/en/ad/toyota-hilux-2011-for-sale-kurunegala-3,Toyota Hilux 2011,"Rs 14,000,000",Toyota,Hilux,,2011,Used,Automatic,SUV / 4x4,Diesel,"2,982 cc","235,000 km"
https://ikman.lk/en/ad/toyota-land-cruiser-sahara-v8-2010-for-sale-kurunegala,Toyota Land Cruiser Sahara V8 2010,"Rs 34,500,000",Toyota,Land Cruiser Sahara,V8,2010,Used,Automatic,SUV / 4x4,Petrol,"4,600 cc","210,000 km"
https://ikman.lk/en/ad/toyota-harrier-z-leather-package-2023-for-sale-kurunegala,Toyota Harrier Z Leather package 2023,"Rs 36,000,000",Toyota,Harrier,Z Leather package,2023,Used,Automatic,,Petrol,"2,000 cc","38,000 km"
https://ikman.lk/en/ad/toyota-taisor-v-2026-for-sale-kurunegala,Toyota Taisor V 2026,"Rs 11,799,999",Toyota,Taisor,V,2026,Brand New,Automatic,Hatchback,Petrol,998 cc,127 km
https://ikman.lk/en/ad/toyota-corolla-ke50-1975-for-sale-kurunegala,Toyota Corolla KE50 1975,"Rs 1,300,000",Toyota,Corolla,KE50,1975,Used,Manual,Hatchback,Petrol,50 cc,"100,000 km"
https://ikman.lk/en/ad/toyota-raize-z-4-way-camera-2024-for-sale-kurunegala,Toyota Raize Z 4-Way Camera 2024,"Rs 12,600,000",Toyota,Raize,Z 4-Way Camera,2024,Reconditioned,Automatic,SUV / 4x4,Petrol,998 cc,"21,000 km"
https://ikman.lk/en/ad/toyota-sprinter-2a-engine-1984-for-sale-kurunegala,Toyota Sprinter 1984,"Rs 1,250,000",Toyota,Sprinter,Toyota,1984,Used,Manual,Saloon,Petrol,"1,300 cc","344,400 km"
https://ikman.lk/en/ad/toyota-raize-z-grade-2023-for-sale-kurunegala-26,Toyota Raize Z Grade 2023,"Rs 12,950,000",Toyota,Raize,Z Grade,2023,Reconditioned,Automatic,Hatchback,Hybrid,"1,200 cc","15,000 km"
https://ikman.lk/en/ad/toyota-aqua-g-2023-for-sale-kurunegala,Toyota Aqua G 2023,"Rs 12,800,000",Toyota,Aqua,Aqua G,2023,Used,Automatic,Hatchback,Petrol,"1,500 cc","61,000 km"
https://ikman.lk/en/ad/toyota-aqua-s-grade-2013-for-sale-kurunegala-107,Toyota Aqua S Grade 2013,"Rs 8,300,000",Toyota,Aqua,S Grade,2013,Used,Automatic,Hatchback,Petrol,"1,500 cc","74,306 km"
https://ikman.lk/en/ad/toyota-raize-x-grade-2023-for-sale-kurunegala-6,Toyota Raize X Grade 2023,"Rs 11,700,000",Toyota,Raize,X Grade,2023,Import,Automatic,SUV / 4x4,Petrol,"1,000 cc","85,000 km"
https://ikman.lk/en/ad/toyota-hilux-champ-2013-for-sale-kurunegala,Toyota Hilux Champ 2013,"Rs 15,000,000",Toyota,Hilux,Champ,2013,Used,Manual,SUV / 4x4,Diesel,"2,500 cc","208,253 km"
https://ikman.lk/en/ad/toyota-raize-z-hybrid20261200cc-2026-for-sale-kurunegala,"Toyota Raize Z Hybrid,2026,1200cc 2026","Rs 13,190,000",Toyota,Raize,"Z Hybrid,2026,1200cc",2026,Import,Automatic,Hatchback,Hybrid,"1,200 cc",0 km
https://ikman.lk/en/ad/toyota-carina-at-170-1997-for-sale-kurunegala,Toyota Carina AT 170 1997,"Rs 2,850,000",Toyota,Carina,AT 170,1997,Used,Manual,Saloon,Petrol,"1,500 cc","258,000 km"
https://ikman.lk/en/ad/toyota-tercel-1996-for-sale-kurunegala-57,Toyota Tercel 1996,"Rs 2,500,000",Toyota,Tercel,,1996,Used,Manual,Saloon,Petrol,"1,300 cc","183,000 km"
https://ikman.lk/en/ad/toyota-vitz-edition-2-2018-for-sale-kalutara-1,Toyota Vitz Edition 2 2018,"Rs 8,090,000",Toyota,Vitz,Edition 2,2018,Used,Automatic,Hatchback,Petrol,990 cc,"117,350 km"
https://ikman.lk/en/ad/toyota-land-cruiser-sahara-v8-diesel-ice-pack-2013-for-sale-kalutara-1,Toyota Land Cruiser Sahara V8 Diesel Ice Pack 2013,"Rs 51,000,000",Toyota,Land Cruiser Sahara,V8 Diesel Ice Pack,2013,Used,Automatic,SUV / 4x4,Diesel,"4,600 cc","124,000 km"
https://ikman.lk/en/ad/toyota-sienta-z-2025-for-sale-kalutara,Toyota Sienta Z 2025,"Rs 18,875,000",Toyota,Sienta,Z,2025,Brand New,Automatic,MPV,Hybrid,"1,500 cc",0 km
https://ikman.lk/en/ad/toyota-raize-z-1200-apple-360deg-2023-for-sale-kalutara-9,Toyota Raize Z 1200 APPLE 360° 2023,"Rs 13,600,000",Toyota,Raize,Z 1200 APPLE 360°,2023,Brand New,Automatic,SUV / 4x4,Petrol,"1,200 cc","8,600 km"
https://ikman.lk/en/ad/toyota-premio-g-superior-2013-for-sale-kalutara-98,Toyota Premio G superior 2013,"Rs 11,200,000",Toyota,Premio,G superior 2013,2013,Reconditioned,Automatic,Saloon,Petrol,"1,500 cc","148,000 km"
https://ikman.lk/en/ad/toyota-carina-1997-for-sale-kalutara,Toyota Carina 1997,"Rs 2,985,000",Toyota,Carina,1997,1997,Used,Manual,Saloon,Petrol,"1,499 cc","200,000 km"
https://ikman.lk/en/ad/toyota-vios-2004-for-sale-kalutara-180,Toyota Vios 2004,"Rs 5,690,000",Toyota,Vios,,2004,Used,Automatic,Saloon,Petrol,"1,500 cc","256,000 km"
https://ikman.lk/en/ad/toyota-aqua-x-urban-2015-for-sale-kalutara-10,Toyota Aqua X Urban 2015,"Rs 8,950,000",Toyota,Aqua,X Urban,2015,Used,Automatic,Hatchback,Hybrid,"1,500 cc","180,000 km"
https://ikman.lk/en/ad/toyota-passo-2004-for-sale-kalutara-19,Toyota Passo 2004,"Rs 4,465,000",Toyota,Passo,Toyota,2004,Used,Automatic,Hatchback,Petrol,"1,000 cc","177,300 km"
https://ikman.lk/en/ad/toyota-allion-2011-for-sale-kalutara-36,Toyota Allion 2011,"Rs 81,500,000",Toyota,Allion,,2011,Used,Other transmission,,Petrol,"1,496 cc","128,000 km"
https://ikman.lk/en/ad/toyota-raize-z-premium-hybrid-2026-for-sale-kalutara,Toyota Raize Z Premium Hybrid 2026,"Rs 13,800,000",Toyota,Raize,Z Premium Hybrid,2026,Brand New,Automatic,Hatchback,Petrol,"1,200 cc",0 km
https://ikman.lk/en/ad/toyota-corolla-1980-1978-for-sale-kalutara,Toyota Corolla 1978,"Rs 750,000",Toyota,Corolla,1978,1978,Used,Manual,Saloon,Petrol,"1,200 cc","50,000 km"
https://ikman.lk/en/ad/toyota-vitz-2019-for-sale-kalutara-9,Toyota Vitz 2019,"Rs 8,675,000",Toyota,Vitz,2019,2019,Used,Automatic,Saloon,Petrol,"1,000 cc","98,000 km"
https://ikman.lk/en/ad/toyota-roomy-custom-gt-turbo-2025-for-sale-kalutara-2,Toyota Roomy Custom GT Turbo 2025,"Rs 11,650,000",Toyota,Roomy,Custom GT Turbo,2025,Brand New,Automatic,MPV,Petrol,"1,000 cc",0 km
https://ikman.lk/en/ad/toyota-allion-260-2010-for-sale-kalutara-100,Toyota Allion 260 2010,"Rs 9,450,000",Toyota,Allion,260,2010,Used,Automatic,Saloon,Petrol,"1,500 cc","170,000 km"
https://ikman.lk/en/ad/toyota-roomy-custom-gt-2022-for-sale-kalutara,Toyota Roomy Custom GT 2022,"Rs 10,250,000",Toyota,Roomy,Custom GT,2022,Used,Automatic,Hatchback,Petrol,"1,000 cc","30,405 km"
https://ikman.lk/en/ad/toyota-chr-ngx50-2017-for-sale-kalutara-5,Toyota CHR NGX50 2017,"Rs 11,200,000",Toyota,CHR,NGX50,2017,Used,Automatic,SUV / 4x4,Petrol,"1,200 cc","131,000 km"
https://ikman.lk/en/ad/toyota-hilux-ln-107-ssrx-1991-for-sale-kalutara,Toyota Hilux LN 107 SSRX 1991,"Rs 6,150,000",Toyota,Hilux,LN 107 SSRX,1991,Used,Manual,SUV / 4x4,Diesel,"2,770 cc","365,000 km"
https://ikman.lk/en/ad/toyota-land-cruiser-prado-19000km-2015-for-sale-kalutara-1,Toyota Land Cruiser Prado 19000km 2015,"Rs 39,500,000",Toyota,Land Cruiser Prado,19000km,2015,Reconditioned,Automatic,SUV / 4x4,Petrol,"2,700 cc","19,000 km"
https://ikman.lk/en/ad/toyota-axio-safety-package-2015-for-sale-kalutara-3,Toyota Axio Safety Package 2015,"Rs 9,875,000",Toyota,Axio,Safety Package,2015,Used,Automatic,Saloon,Hybrid,"1,500 cc","120,009 km"
https://ikman.lk/en/ad/toyota-raize-z-1200-fully-loaded-2024-for-sale-kalutara-1,Toyota Raize Z 1200 Fully Loaded 2024,"Rs 14,200,000",Toyota,Raize,Z 1200 Fully Loaded,2024,Reconditioned,Automatic,Hatchback,Petrol,"1,200 cc","7,850 km"
https://ikman.lk/en/ad/toyota-passo-kgc-10-2010-for-sale-kalutara,Toyota Passo KGC 10 2010,"Rs 5,290,000",Toyota,Passo,KGC 10,2010,Used,Automatic,Hatchback,Petrol,"1,000 cc","195,000 km"
https://ikman.lk/en/ad/toyota-corolla-1984-for-sale-kalutara-1,Toyota Corolla 1984,"Rs 1,360,000",Toyota,Corolla,,1984,Used,Manual,,Petrol,"1,500 cc","111,315 km"
https://ikman.lk/en/ad/toyota-corona-ct-170-1991-for-sale-kalutara,Toyota Corona CT 170 1991,"Rs 1,850,000",Toyota,Corona,Corona CT 170,1991,Used,Manual,Saloon,Diesel,"1,970 cc","375,870 km"
https://ikman.lk/en/ad/toyota-raize-1000cc-g-safety-2025-for-sale-kalutara,Toyota Raize 1000cc G Safety 2025,"Rs 11,750,000",Toyota,Raize,1000cc G Safety,2025,Import,Automatic,Hatchback,Petrol,"1,000 cc","19,000 km"
https://ikman.lk/en/ad/toyota-chr-ngx-turbo-2018-for-sale-kalutara,Toyota CHR NGX Turbo 2018,"Rs 14,800,000",Toyota,CHR,NGX Turbo,2018,Used,Automatic,SUV / 4x4,Petrol,"1,200 cc","44,000 km"
https://ikman.lk/en/ad/toyota-vitz-2007-for-sale-kalutara-194,Toyota Vitz 2007,"Rs 5,700,000",Toyota,Vitz,,2007,Used,Automatic,Hatchback,Petrol,"1,000 cc","91,000 km"
https://ikman.lk/en/ad/toyota-corolla-141-2008-for-sale-kalutara-16,Toyota Corolla 141 2008,"Rs 6,300,000",Toyota,Corolla,141,2008,Used,Automatic,Saloon,Petrol,"1,600 cc","149,000 km"
https://ikman.lk/en/ad/toyota-land-cruiser-sahara-vx-v8-diesel-2016-for-sale-kalutara-2,Toyota Land Cruiser Sahara VX V8 Diesel 2016,"Rs 67,500,000",Toyota,Land Cruiser Sahara,VX V8 Diesel,2016,Reconditioned,Tiptronic,SUV / 4x4,Diesel,"4,600 cc","82,000 km"
https://ikman.lk/en/ad/toyota-prius-s-turing-2012-for-sale-kalutara,Toyota Prius S Turing 2012,"Rs 10,600,000",Toyota,Prius,S Turing,2012,Used,Automatic,Saloon,Hybrid,"1,800 cc","100,000 km"
https://ikman.lk/en/ad/toyota-axio-g-grade-2015-for-sale-kalutara-55,Toyota Axio G Grade 2015,"Rs 11,490,000",Toyota,Axio,G Grade,2015,Used,Automatic,Saloon,Hybrid,"1,500 cc","167,000 km"
https://ikman.lk/en/ad/toyota-corolla-ee-101-1996-for-sale-kalutara,Toyota Corolla EE 101 1996,"Rs 2,700,000",Toyota,Corolla,EE 101,1996,Used,Manual,Saloon,Petrol,"1,330 cc","307,777 km"
https://ikman.lk/en/ad/toyota-soluna-semi-options-1999-for-sale-kalutara,Toyota Soluna Semi Options 1999,"Rs 3,125,000",Toyota,Soluna,Semi Options,1999,Used,Automatic,Saloon,Petrol,"1,500 cc","140,000 km"
https://ikman.lk/en/ad/toyota-corolla-1990-for-sale-kalutara-1,Toyota Corolla 1990,"Rs 2,350,000",Toyota,Corolla,1990,1990,Used,Manual,Saloon,Petrol,"1,290 cc","219,356 km"
https://ikman.lk/en/ad/toyota-land-cruiser-prado-tx-reg-2016-2014-for-sale-kalutara,Toyota Land Cruiser Prado TX REG 2016 2014,"Rs 31,500,000",Toyota,Land Cruiser Prado,TX REG 2016,2014,Used,Automatic,SUV / 4x4,Petrol,"2,700 cc","206,000 km"
https://ikman.lk/en/ad/toyota-avanza-15-auto-2012-for-sale-kalutara,Toyota Avanza 2012,"Rs 7,700,000",Toyota,Avanza,2012,2012,Used,Automatic,MPV,Petrol,"1,500 cc","170,000 km"
https://ikman.lk/en/ad/toyota-corolla-dx-wagon-1985-for-sale-kalutara-1,Toyota Corolla DX Wagon 1985,"Rs 870,000",Toyota,Corolla,DX Wagon,1985,Used,Manual,Station wagon,Petrol,"1,300 cc","220,000 km"
https://ikman.lk/en/ad/toyota-prius-zvw30-2012-for-sale-kalutara,Toyota Prius ZVW30 2012,"Rs 9,800,000",Toyota,Prius,ZVW30,2012,Used,Automatic,Hatchback,Hybrid,"1,800 cc","138,900 km"
https://ikman.lk/en/ad/toyota-vitz-safety-e-ksp130-2016-for-sale-kalutara,Toyota Vitz Safety E 2016,"Rs 7,400,000",Toyota,Vitz,Safety E,2016,Used,Automatic,Hatchback,Petrol,990 cc,"93,021 km"
https://ikman.lk/en/ad/toyota-yaris-cross-hybrid-2024-for-sale-kalutara,Toyota Yaris Cross Hybrid 2024,"Rs 15,800,000",Toyota,Yaris Cross,Yaris Cross Hybrid,2024,Reconditioned,Automatic,Hatchback,Hybrid,"1,500 cc","16,000 km"
https://ikman.lk/en/ad/toyota-rush-2018-for-sale-kalutara-1,Toyota Rush 2018,"Rs 13,500,000",Toyota,Rush,,2018,Used,Automatic,,Petrol,"1,500 cc","112,000 km"
https://ikman.lk/en/ad/toyota-raize-x-grade-2025-for-sale-kalutara,Toyota Raize X grade 2025,"Rs 12,250,000",Toyota,Raize,X grade,2025,Reconditioned,Tiptronic,Hatchback,Petrol,"1,000 cc","5,700 km"
https://ikman.lk/en/ad/toyota-hilux-z-gr-sport-4wd-2023-for-sale-kalutara,Toyota Hilux Z GR Sport 4WD 2023,"Rs 24,500,000",Toyota,Hilux,Z GR Sport 4WD,2023,Import,Automatic,SUV / 4x4,Diesel,"2,400 cc","23,268 km"
https://ikman.lk/en/ad/toyota-axio-2008-for-sale-kalutara-94,Toyota Axio 2008,"Rs 8,578,000",Toyota,Axio,,2008,Used,Automatic,Saloon,Petrol,"1,496 cc","270,000 km"
https://ikman.lk/en/ad/toyota-passo-moda-2016-for-sale-kalutara,Toyota Passo Moda 2016,"Rs 7,300,000",Toyota,Passo,Moda,2016,Used,Automatic,Hatchback,Petrol,"1,000 cc","100,000 km"
https://ikman.lk/en/ad/toyota-allion-2004-for-sale-kalutara-1,Toyota Allion 2004,"Rs 6,800,000",Toyota,Allion,,2004,Used,Automatic,Saloon,Petrol,"1,500 cc","225,000 km"
https://ikman.lk/en/ad/toyota-crown-royal-saloon-2012-for-sale-kalutara,Toyota Crown Royal Saloon 2012,"Rs 16,500,000",Toyota,Crown,Royal Saloon,2012,Used,Tiptronic,Saloon,Petrol,"3,000 cc","128,000 km"
https://ikman.lk/en/ad/toyota-raize-hv-z-grade-2022-for-sale-kalutara,Toyota Raize HV Z grade 2022,"Rs 13,250,000",Toyota,Raize,HV Z grade,2022,Used,Automatic,Hatchback,Hybrid,"1,200 cc","31,000 km"
https://ikman.lk/en/ad/toyota-aqua-g-grade-2024-for-sale-galle,Toyota Aqua G Grade 2024,"Rs 14,750,000",Toyota,Aqua,G Grade,2024,Reconditioned,Automatic,Hatchback,Hybrid,"1,500 cc","13,705 km"
https://ikman.lk/en/ad/toyota-land-cruiser-prado-150-tx-2015-for-sale-galle,Toyota Land Cruiser Prado 150 TX 2015,"Rs 34,000,000",Toyota,Land Cruiser Prado,150 TX,2015,Used,Automatic,SUV / 4x4,Petrol,"2,500 cc","135,211 km"
https://ikman.lk/en/ad/toyota-chr-gt-mode-nero-safety-2023-for-sale-galle,Toyota CHR GT MODE NERO SAFETY+ 2023,"Rs 17,750,000",Toyota,CHR,GT MODE NERO SAFETY+,2023,Reconditioned,Automatic,Hatchback,Petrol,"1,200 cc","9,212 km"
https://ikman.lk/en/ad/toyota-aqua-gr-sport-2024-for-sale-galle,Toyota Aqua GR Sport 2024,"Rs 15,750,000",Toyota,Aqua,GR Sport,2024,Reconditioned,Automatic,Hatchback,Hybrid,"1,500 cc","12,250 km"
https://ikman.lk/en/ad/toyota-raize-1000cc-turbo-z-grade-2025-for-sale-galle-36,Toyota Raize 1000cc TURBO Z Grade 2025,"Rs 14,150,000",Toyota,Raize,1000cc TURBO Z Grade,2025,Brand New,Automatic,SUV / 4x4,Petrol,"1,000 cc",0 km
https://ikman.lk/en/ad/toyota-raize-1000cc-turbo-z-grade-2026-for-sale-galle,Toyota Raize 1000cc TURBO Z Grade 2026,"Rs 14,000,000",Toyota,Raize,1000cc TURBO Z Grade,2026,Brand New,Automatic,SUV / 4x4,Petrol,"1,000 cc",0 km
https://ikman.lk/en/ad/toyota-raize-1200cc-hybrid-2026-for-sale-galle,Toyota Raize 1200cc Hybrid 2026,"Rs 14,750,000",Toyota,Raize,1200cc Hybrid 2026,2026,Brand New,Automatic,SUV / 4x4,Petrol,"1,200 cc",0 km
https://ikman.lk/en/ad/toyota-premio-2017-for-sale-galle-2,Toyota Premio 2017,"Rs 14,650,000",Toyota,Premio,,2017,Used,Automatic,Saloon,Petrol,"1,500 cc","101,500 km"
https://ikman.lk/en/ad/toyota-hilux-travo-overland-2026-for-sale-galle-6,Toyota Hilux TRAVO OVERLAND 2026,"Rs 31,650,000",Toyota,Hilux,TRAVO OVERLAND 2026,2026,Brand New,Automatic,SUV / 4x4,Diesel,"2,800 cc",0 km
https://ikman.lk/en/ad/toyota-hilux-2014-for-sale-galle,Toyota Hilux 2014,"Rs 13,500,000",Toyota,Hilux,,2014,Used,Manual,SUV / 4x4,Diesel,"1,800 cc","160,000 km"
https://ikman.lk/en/ad/toyota-wigo-2018-for-sale-galle,Toyota Wigo 2018,"Rs 6,200,000",Toyota,Wigo,Toyota,2018,Used,Automatic,Hatchback,Petrol,"1,000 cc","104,000 km"
https://ikman.lk/en/ad/toyota-vitz-ksp-130-2015-for-sale-galle-3,Toyota Vitz Ksp 130 2015,"Rs 7,500,000",Toyota,Vitz,Ksp 130,2015,Used,Automatic,Hatchback,Petrol,"1,000 cc","133,000 km"
https://ikman.lk/en/ad/toyota-taisor-g-grade-2026-for-sale-galle-2,Toyota Taisor G GRADE 2026,"Rs 11,950,000",Toyota,Taisor,G GRADE,2026,Brand New,Automatic,SUV / 4x4,Petrol,"1,000 cc",0 km
https://ikman.lk/en/ad/toyota-hilux-travo-overland-2026-for-sale-galle-5,Toyota Hilux TRAVO OVERLAND 2026,"Rs 31,975,000",Toyota,Hilux,TRAVO OVERLAND 2026,2026,Brand New,Automatic,SUV / 4x4,Diesel,"2,800 cc",0 km
https://ikman.lk/en/ad/toyota-starlet-1981-for-sale-galle,Toyota Starlet 1981,"Rs 725,000",Toyota,Starlet,,1981,Used,Manual,Hatchback,Petrol,"1,200 cc","56,000 km"
https://ikman.lk/en/ad/toyota-taisor-v-grade-2026-for-sale-galle,Toyota Taisor V Grade 2026,Rs 1,Toyota,Taisor,V Grade,2026,Brand New,Automatic,SUV / 4x4,Petrol,"1,000 cc",0 km
https://ikman.lk/en/ad/toyota-raize-2024-petrol-for-sale-galle,Toyota Raize 2024 Petrol,Rs 1,Toyota,Raize,2024 Petrol,2024,Brand New,Automatic,SUV / 4x4,Petrol,"1,200 cc",0 km
https://ikman.lk/en/ad/toyota-axio-2007-for-sale-galle-90,Toyota Axio 2007,"Rs 7,450,000",Toyota,Axio,,2007,Used,Automatic,Saloon,Petrol,"1,500 cc","234,000 km"
https://ikman.lk/en/ad/toyota-land-cruiser-prado-250-2025-for-sale-galle-2,Toyota Land Cruiser Prado 250 2025,Rs 1,Toyota,Land Cruiser Prado,250,2025,Brand New,Automatic,SUV / 4x4,Petrol,"2,700 cc",0 km
https://ikman.lk/en/ad/toyota-corolla-81-1986-for-sale-galle,Toyota Corolla 81 1986,"Rs 1,475,000",Toyota,Corolla,Toyota Corolla 81,1986,Used,Manual,Saloon,Petrol,"1,500 cc","203,000 km"
https://ikman.lk/en/ad/toyota-harrier-z-premium-package-2017-for-sale-galle,Toyota Harrier z premium package 2017,"Rs 22,800,000",Toyota,Harrier,z premium package,2017,Used,Automatic,SUV / 4x4,Petrol,"2,000 cc","54,000 km"
https://ikman.lk/en/ad/toyota-aqua-2024-for-sale-galle,Toyota Aqua 2024,"Rs 13,350,000",Toyota,Aqua,2024,2024,Used,Automatic,Hatchback,Hybrid,"1,500 cc","8,000 km"
https://ikman.lk/en/ad/toyota-raize-1000cc-turbo-x-2025-for-sale-galle,Toyota Raize 1000cc Turbo X 2025,"Rs 10,800,000",Toyota,Raize,1000cc Turbo X,2025,Import,Automatic,SUV / 4x4,Petrol,"1,000 cc","9,674 km"
https://ikman.lk/en/ad/toyota-premio-2013-for-sale-galle-13,Toyota Premio 2013,"Rs 11,000,000",Toyota,Premio,,2013,Used,Automatic,,Petrol,"1,500 cc","128,130 km"
https://ikman.lk/en/ad/toyota-aqua-2013-for-sale-badulla-46,Toyota Aqua 2013,"Rs 7,750,000",Toyota,Aqua,2013,2013,Used,Automatic,Hatchback,Hybrid,"1,500 cc","220,000 km"
https://ikman.lk/en/ad/toyota-land-cruiser-prado-250-2025-for-sale-galle-1,Toyota Land Cruiser Prado 250 2025,Rs 1,Toyota,Land Cruiser Prado,250,2025,Brand New,Automatic,SUV / 4x4,Petrol,"2,700 cc",0 km
https://ikman.lk/en/ad/toyota-yaris-ativ-ativ-night-shade-ed-2025-for-sale-galle-7,Toyota Yaris Ativ ATIV/Night Shade Ed 2025,Rs 1,Toyota,Yaris Ativ,ATIV/Night Shade Ed,2025,Brand New,Automatic,Hatchback,Petrol,"1,200 cc",0 km
https://ikman.lk/en/ad/toyota-raize-z-2025-for-sale-galle-10,Toyota Raize Z 2025,Rs 1,Toyota,Raize,Z,2025,Brand New,Automatic,SUV / 4x4,Petrol,"1,200 cc",0 km
https://ikman.lk/en/ad/toyota-taisor-v-grade-2024-for-sale-galle,Toyota Taisor V GRADE 2024,Rs 1,Toyota,Taisor,V GRADE,2024,Brand New,Automatic,SUV / 4x4,Petrol,"1,000 cc",0 km
https://ikman.lk/en/ad/toyota-pixis-2018-for-sale-galle-1,Toyota Pixis 2018,"Rs 5,500,000",Toyota,Pixis,2018,2018,Used,Automatic,Hatchback,Petrol,650 cc,"127,000 km"
https://ikman.lk/en/ad/toyota-land-cruiser-prado-120-2007-for-sale-galle-1,Toyota Land Cruiser Prado 2007,"Rs 18,500,000",Toyota,Land Cruiser Prado,2007,2007,Used,Automatic,SUV / 4x4,Petrol,"2,500 cc","180,000 km"
https://ikman.lk/en/ad/toyota-vitz-safety-2015-for-sale-galle,Toyota Vitz Safety 2015,"Rs 7,300,000",Toyota,Vitz,Safety,2015,Used,Automatic,Hatchback,Petrol,"1,000 cc","162,000 km"
https://ikman.lk/en/ad/toyota-corolla-ke-50-1976-for-sale-galle,Toyota Corolla KE 50 1976,"Rs 645,000",Toyota,Corolla,KE 50,1976,Used,Manual,Saloon,Petrol,"1,200 cc","200,000 km"
https://ikman.lk/en/ad/toyota-axio-x-2011-for-sale-galle,Toyota Axio 2011,"Rs 7,950,000",Toyota,Axio,Toyota,2011,Used,Automatic,,Petrol,"1,500 cc","156,000 km"
https://ikman.lk/en/ad/toyota-axio-wxb-2017-for-sale-galle-34,Toyota Axio WXB 2017,"Rs 12,000,000",Toyota,Axio,WXB,2017,Used,Automatic,Saloon,Hybrid,"1,490 cc","190,024 km"
https://ikman.lk/en/ad/toyota-land-cruiser-sahara-vx-v8-2011-for-sale-galle,Toyota Land Cruiser Sahara VX V8 2011,"Rs 43,500,000",Toyota,Land Cruiser Sahara,VX V8,2011,Used,Automatic,SUV / 4x4,Diesel,"4,461 cc","108,000 km"
https://ikman.lk/en/ad/toyota-raize-z-hybrid-2025-for-sale-galle-3,Toyota Raize Z Hybrid 2025,"Rs 13,900,000",Toyota,Raize,Z Hybrid,2025,Reconditioned,Tiptronic,SUV / 4x4,Hybrid,"1,200 cc","5,240 km"
https://ikman.lk/en/ad/toyota-allion-260-2007-for-sale-galle-58,Toyota Allion 260 2007,"Rs 8,800,000",Toyota,Allion,Toyota Allion 260,2007,Used,Automatic,Saloon,Petrol,"1,500 cc","95,000 km"
https://ikman.lk/en/ad/toyota-land-cruiser-prado-2006-for-sale-galle,Toyota Land Cruiser Prado 2006,"Rs 14,999,900",Toyota,Land Cruiser Prado,,2006,Used,Manual,SUV / 4x4,Diesel,"2,986 cc","130,000 km"
https://ikman.lk/en/ad/toyota-premio-g-superior-2020-for-sale-gampaha-10,Toyota Premio G Superior 2020,"Rs 18,500,000",Toyota,Premio,G Superior,2020,Used,Automatic,Saloon,Petrol,"1,500 cc","58,808 km"
https://ikman.lk/en/ad/toyota-yaris-ativ-s-grade-2019-for-sale-gampaha-2,Toyota Yaris Ativ S Grade 2019,"Rs 9,800,000",Toyota,Yaris,Ativ S Grade,2019,Used,Automatic,Saloon,Petrol,"1,200 cc","91,000 km"
https://ikman.lk/en/ad/toyota-roomy-2026-for-sale-puttalam,Toyota Roomy 2026,"Rs 12,100,000",Toyota,Roomy,,2026,Brand New,Automatic,MPV,Petrol,"1,000 cc",0 km
https://ikman.lk/en/ad/toyota-hilux-rocco-2025-for-sale-gampaha-78,Toyota Hilux Rocco 2025,"Rs 26,200,000",Toyota,Hilux,Rocco,2025,Brand New,Automatic,SUV / 4x4,Diesel,"2,800 cc",950 km
https://ikman.lk/en/ad/toyota-corolla-1984-for-sale-kegalle,Toyota Corolla 1984,"Rs 1,150,000",Toyota,Corolla,1984,1984,Used,Manual,Station wagon,Petrol,"1,300 cc","205,000 km"
https://ikman.lk/en/ad/toyota-raize-2024-for-sale-gampaha-46,Toyota Raize 2024,"Rs 12,500,000",Toyota,Raize,,2024,Used,Automatic,Hatchback,Petrol,"1,200 cc","16,000 km"
https://ikman.lk/en/ad/toyota-yaris-safety-package-2024-for-sale-gampaha,Toyota Yaris Safety Package 2024,"Rs 9,990,000",Toyota,Yaris,Safety Package,2024,Reconditioned,Automatic,Station wagon,Petrol,"1,000 cc","29,500 km"
https://ikman.lk/en/ad/toyota-axio-hybrid-2017-2016-for-sale-gampaha,Toyota Axio Hybrid 2016,"Rs 11,000,000",Toyota,Axio,Axio Hybrid,2016,Used,Automatic,Saloon,Hybrid,"1,500 cc","188,000 km"
https://ikman.lk/en/ad/toyota-yaris-x-safety-edition-2023-for-sale-kegalle,Toyota Yaris X Safety Edition 2023,"Rs 8,950,000",Toyota,Yaris,X Safety Edition,2023,Used,Automatic,Hatchback,Petrol,"1,000 cc","39,500 km"
https://ikman.lk/en/ad/toyota-yaris-g-geade-2023-for-sale-gampaha,Toyota Yaris G Geade 2023,"Rs 9,990,000",Toyota,Yaris,G Geade,2023,Reconditioned,Automatic,Hatchback,Petrol,"1,000 cc","29,500 km"
https://ikman.lk/en/ad/toyota-corolla-gli-16-2011-for-sale-gampaha,Toyota Corolla GLi 1.6 2011,"Rs 7,400,000",Toyota,Corolla,GLi 1.6,2011,Used,Automatic,Saloon,Petrol,"1,600 cc","201,000 km"
https://ikman.lk/en/ad/toyota-premio-g-superior-premium-2017-for-sale-nuwara-eliya-3,Toyota Premio G Superior Premium 2017,"Rs 15,800,000",Toyota,Premio,G Superior Premium,2017,Used,Automatic,Saloon,Petrol,"1,490 cc","130,000 km"
https://ikman.lk/en/ad/toyota-land-cruiser-prado-vx-2026-for-sale-colombo-1,Toyota Land Cruiser Prado 250 VX 2026,"Rs 68,000,000",Toyota,Land Cruiser Prado,250 VX,2026,Brand New,Automatic,SUV / 4x4,Petrol,"2,700 cc",0 km
https://ikman.lk/en/ad/toyota-rush-2018-for-sale-gampaha-7,Toyota Rush 2018,"Rs 11,750,000",Toyota,Rush,,2018,Used,Automatic,SUV / 4x4,Petrol,"1,500 cc","108,000 km"
https://ikman.lk/en/ad/toyota-hilux-revolution-g-grade-2016-for-sale-anuradhapura,Toyota Hilux Revolution G grade 2016,"Rs 17,600,000",Toyota,Hilux,Revolution G grade,2016,Used,Automatic,SUV / 4x4,Diesel,"3,000 cc","141,000 km"
https://ikman.lk/en/ad/toyota-land-cruiser-prado-trj150tx-l-modelista-2023-for-sale-gampaha-1,Toyota Land Cruiser Prado TRJ150TX-L Modelista 2023,"Rs 55,000,000",Toyota,Land Cruiser Prado,TRJ150TX-L Modelista,2023,Reconditioned,Automatic,SUV / 4x4,Petrol,"2,700 cc","13,000 km"
https://ikman.lk/en/ad/toyota-alphard-premium-exe-lounge-2025-for-sale-gampaha,Toyota Alphard PREMIUM+ Exe-Lounge 2025,"Rs 64,500,000",Toyota,Alphard,PREMIUM+ Exe-Lounge,2025,Brand New,Automatic,Hatchback,Petrol,"2,500 cc",50 km
https://ikman.lk/en/ad/toyota-axio-2007-for-sale-gampaha-1227,Toyota Axio 2007,"Rs 7,500,000",Toyota,Axio,,2007,Used,Automatic,,Petrol,"1,500 cc","200,000 km"
https://ikman.lk/en/ad/toyota-raize-z-hybrid-bsm-2026-for-sale-colombo-11,Toyota Raize Z Hybrid BSM 2026,"Rs 14,600,000",Toyota,Raize,Z Hybrid BSM,2026,Brand New,Automatic,Hatchback,Hybrid,"1,200 cc",0 km
https://ikman.lk/en/ad/toyota-corolla-171-2014-for-sale-colombo,Toyota Corolla 171 2014,"Rs 12,500,000",Toyota,Corolla,171,2014,Used,Automatic,Saloon,Petrol,"1,600 cc","79,000 km"
