Price,Mileage,Engine/Motor Capacity,Transmission,Manufacturer,Model Year,Condition,Model,Fuel Type,Colour,Vehicle Type,URL
"3,800,000",N/A,N/A,"Automatic



Manual



Other



Tiptronic",,N/A,"About
                            patpat





About Us
Terms and s
Privacy policy
Partnerships
Ad Upgrade Details
Banner Advertising Details",,"Diesel



Electric



Hybrid



Petrol",N/A,"Bike



Bus



Car



Heavy



Land



SUV



Three wheeler



Truck



Van



Pick-up 



Multi Purpose",https://patpat.lk/en/sri-lanka/vehicle/car
"7,300,000",N/A,N/A,"Automatic



Manual



Other



Tiptronic",,N/A,"About
                            patpat





About Us
Terms and s
Privacy policy
Partnerships
Ad Upgrade Details
Banner Advertising Details",,"Diesel



Electric



Hybrid



Petrol",N/A,"Bike



Bus



Car



Heavy



Land



SUV



Three wheeler



Truck



Van



Pick-up 



Multi Purpose",https://patpat.lk/en/sri-lanka/vehicle/car/toyota
Negotiable,0,1500,Automatic,Toyota,2013,"About
                            patpat





About Us
Terms and s
Privacy policy
Partnerships
Ad Upgrade Details
Banner Advertising Details",Aqua,Hybrid,silver,Car(Hatchback),https://patpat.lk/en/ad/vehicle/toyota-aqua-2013-287319
Negotiable,0,1000,Automatic,Toyota,2000,"About
                            patpat





About Us
Terms and s
Privacy policy
Partnerships
Ad Upgrade Details
Banner Advertising Details",Corolla,Petrol,white,Car(Sedan),https://patpat.lk/en/ad/vehicle/toyota-corolla-2000-287008
Negotiable,0,1300,Automatic,Toyota,2017,"About
                            patpat





About Us
Terms and s
Privacy policy
Partnerships
Ad Upgrade Details
Banner Advertising Details",Premio,Petrol,white,Car(Saloon),https://patpat.lk/en/ad/vehicle/toyota-premio-2017-286945
Negotiable,0,1000,Automatic,Toyota,2007,"About
                            patpat





About Us
Terms and s
Privacy policy
Partnerships
Ad Upgrade Details
Banner Advertising Details",Vitz,Petrol,silver,Car(Liftback),https://patpat.lk/en/ad/vehicle/toyota-vitz-2007-286935
"4,600,000","230,000",990,Automatic,Toyota,2004,"About
                            patpat





About Us
Terms and s
Privacy policy
Partnerships
Ad Upgrade Details
Banner Advertising Details",Passo,Petrol,silver,Car(Hatchback),https://patpat.lk/en/ad/vehicle/toyota-passo-2004-286807
"6,500,000","174,000",1600,Automatic,Toyota,2008,"About
                            patpat





About Us
Terms and s
Privacy policy
Partnerships
Ad Upgrade Details
Banner Advertising Details",Corolla,Petrol,blue,Car(Hatchback),https://patpat.lk/en/ad/vehicle/toyota-corolla-2008-286540
Negotiable,N/A,N/A,"Automatic



Manual



Other



Tiptronic",,N/A,"About
                            patpat





About Us
Terms and s
Privacy policy
Partnerships
Ad Upgrade Details
Banner Advertising Details",,"Diesel



Electric



Hybrid



Petrol",N/A,"Bike



Bus



Car



Heavy



Land



SUV



Three wheeler



Truck



Van



Pick-up 



Multi Purpose",https://patpat.lk/en/colombo/vehicle/car/toyota
Negotiable,N/A,N/A,"Automatic



Manual



Other



Tiptronic",,N/A,"About
                            patpat





About Us
Terms and s
Privacy policy
Partnerships
Ad Upgrade Details
Banner Advertising Details",,"Diesel



Electric



Hybrid



Petrol",N/A,"Bike



Bus



Car



Heavy



Land



SUV



Three wheeler



Truck



Van



Pick-up 



Multi Purpose",https://patpat.lk/en/gampaha/vehicle/car/toyota
Negotiable,N/A,N/A,"Automatic



Manual



Other



Tiptronic",,N/A,"About
                            patpat





About Us
Terms and s
Privacy policy
Partnerships
Ad Upgrade Details
Banner Advertising Details",,"Diesel



Electric



Hybrid



Petrol",N/A,"Bike



Bus



Car



Heavy



Land



SUV



Three wheeler



Truck



Van



Pick-up 



Multi Purpose",https://patpat.lk/en/kurunegala/vehicle/car/toyota
"8,475,000",N/A,N/A,"Automatic



Manual



Other



Tiptronic",,N/A,"About
                            patpat





About Us
Terms and s
Privacy policy
Partnerships
Ad Upgrade Details
Banner Advertising Details",,"Diesel



Electric



Hybrid



Petrol",N/A,"Bike



Bus



Car



Heavy



Land



SUV



Three wheeler



Truck



Van



Pick-up 



Multi Purpose",https://patpat.lk/en/kalutara/vehicle/car/toyota
"8,700,000",N/A,N/A,"Automatic



Manual



Other



Tiptronic",,N/A,"About
                            patpat





About Us
Terms and s
Privacy policy
Partnerships
Ad Upgrade Details
Banner Advertising Details",,"Diesel



Electric



Hybrid



Petrol",N/A,"Bike



Bus



Car



Heavy



Land



SUV



Three wheeler



Truck



Van



Pick-up 



Multi Purpose",https://patpat.lk/en/kandy/vehicle/car/toyota
"7,200,000",N/A,N/A,"Automatic



Manual



Other



Tiptronic",,N/A,"About
                            patpat





About Us
Terms and s
Privacy policy
Partnerships
Ad Upgrade Details
Banner Advertising Details",,"Diesel



Electric



Hybrid



Petrol",N/A,"Bike



Bus



Car



Heavy



Land



SUV



Three wheeler



Truck



Van



Pick-up 



Multi Purpose",https://patpat.lk/en/matara/vehicle/car/toyota
"7,300,000",N/A,N/A,"Automatic



Manual



Other



Tiptronic",,N/A,"About
                            patpat





About Us
Terms and s
Privacy policy
Partnerships
Ad Upgrade Details
Banner Advertising Details",,"Diesel



Electric



Hybrid



Petrol",N/A,"Bike



Bus



Car



Heavy



Land



SUV



Three wheeler



Truck



Van



Pick-up 



Multi Purpose",https://patpat.lk/en/anuradhapura/vehicle/car/toyota
"9,250,000",N/A,N/A,"Automatic



Manual



Other



Tiptronic",,N/A,"About
                            patpat





About Us
Terms and s
Privacy policy
Partnerships
Ad Upgrade Details
Banner Advertising Details",,"Diesel



Electric



Hybrid



Petrol",N/A,"Bike



Bus



Car



Heavy



Land



SUV



Three wheeler



Truck



Van



Pick-up 



Multi Purpose",https://patpat.lk/en/galle/vehicle/car/toyota
"6,050,000",N/A,N/A,"Automatic



Manual



Other



Tiptronic",,N/A,"About
                            patpat





About Us
Terms and s
Privacy policy
Partnerships
Ad Upgrade Details
Banner Advertising Details",,"Diesel



Electric



Hybrid



Petrol",N/A,"Bike



Bus



Car



Heavy



Land



SUV



Three wheeler



Truck



Van



Pick-up 



Multi Purpose",https://patpat.lk/en/puttalam/vehicle/car/toyota
Negotiable,N/A,N/A,"Automatic



Manual



Other



Tiptronic",,N/A,"About
                            patpat





About Us
Terms and s
Privacy policy
Partnerships
Ad Upgrade Details
Banner Advertising Details",,"Diesel



Electric



Hybrid



Petrol",N/A,"Bike



Bus



Car



Heavy



Land



SUV



Three wheeler



Truck



Van



Pick-up 



Multi Purpose",https://patpat.lk/en/monaragala/vehicle/car/toyota
"5,700,000",N/A,N/A,"Automatic



Manual



Other



Tiptronic",,N/A,"About
                            patpat





About Us
Terms and s
Privacy policy
Partnerships
Ad Upgrade Details
Banner Advertising Details",,"Diesel



Electric



Hybrid



Petrol",N/A,"Bike



Bus



Car



Heavy



Land



SUV



Three wheeler



Truck



Van



Pick-up 



Multi Purpose",https://patpat.lk/en/kegalle/vehicle/car/toyota
Negotiable,N/A,N/A,"Automatic



Manual



Other



Tiptronic",,N/A,"About
                            patpat





About Us
Terms and s
Privacy policy
Partnerships
Ad Upgrade Details
Banner Advertising Details",,"Diesel



Electric



Hybrid



Petrol",N/A,"Bike



Bus



Car



Heavy



Land



SUV



Three wheeler



Truck



Van



Pick-up 



Multi Purpose",https://patpat.lk/en/ratnapura/vehicle/car/toyota
"6,500,000",N/A,N/A,"Automatic



Manual



Other



Tiptronic",,N/A,"About
                            patpat





About Us
Terms and s
Privacy policy
Partnerships
Ad Upgrade Details
Banner Advertising Details",,"Diesel



Electric



Hybrid



Petrol",N/A,"Bike



Bus



Car



Heavy



Land



SUV



Three wheeler



Truck



Van



Pick-up 



Multi Purpose",https://patpat.lk/en/badulla/vehicle/car/toyota
"11,250,000",N/A,N/A,"Automatic



Manual



Other



Tiptronic",,N/A,"About
                            patpat





About Us
Terms and s
Privacy policy
Partnerships
Ad Upgrade Details
Banner Advertising Details",,"Diesel



Electric



Hybrid



Petrol",N/A,"Bike



Bus



Car



Heavy



Land



SUV



Three wheeler



Truck



Van



Pick-up 



Multi Purpose",https://patpat.lk/en/hambantota/vehicle/car/toyota
"13,500,000",N/A,N/A,"Automatic



Manual



Other



Tiptronic",,N/A,"About
                            patpat





About Us
Terms and s
Privacy policy
Partnerships
Ad Upgrade Details
Banner Advertising Details",,"Diesel



Electric



Hybrid



Petrol",N/A,"Bike



Bus



Car



Heavy



Land



SUV



Three wheeler



Truck



Van



Pick-up 



Multi Purpose",https://patpat.lk/en/matale/vehicle/car/toyota
Negotiable,N/A,N/A,"Automatic



Manual



Other



Tiptronic",,N/A,"About
                            patpat





About Us
Terms and s
Privacy policy
Partnerships
Ad Upgrade Details
Banner Advertising Details",,"Diesel



Electric



Hybrid



Petrol",N/A,"Bike



Bus



Car



Heavy



Land



SUV



Three wheeler



Truck



Van



Pick-up 



Multi Purpose",https://patpat.lk/en/ampara/vehicle/car/toyota
Negotiable,N/A,N/A,"Automatic



Manual



Other



Tiptronic",,N/A,"About
                            patpat





About Us
Terms and s
Privacy policy
Partnerships
Ad Upgrade Details
Banner Advertising Details",,"Diesel



Electric



Hybrid



Petrol",N/A,"Bike



Bus



Car



Heavy



Land



SUV



Three wheeler



Truck



Van



Pick-up 



Multi Purpose",https://patpat.lk/en/polonnaruwa/vehicle/car/toyota
Negotiable,N/A,N/A,"Automatic



Manual



Other



Tiptronic",,N/A,"About
                            patpat





About Us
Terms and s
Privacy policy
Partnerships
Ad Upgrade Details
Banner Advertising Details",,"Diesel



Electric



Hybrid



Petrol",N/A,"Bike



Bus



Car



Heavy



Land



SUV



Three wheeler



Truck



Van



Pick-up 



Multi Purpose",https://patpat.lk/en/nuwaraeliya/vehicle/car/toyota
Negotiable,N/A,N/A,"Automatic



Manual



Other



Tiptronic",,N/A,"About
                            patpat





About Us
Terms and s
Privacy policy
Partnerships
Ad Upgrade Details
Banner Advertising Details",,"Diesel



Electric



Hybrid



Petrol",N/A,"Bike



Bus



Car



Heavy



Land



SUV



Three wheeler



Truck



Van



Pick-up 



Multi Purpose",https://patpat.lk/en/mannar/vehicle/car/toyota
"9,000,000",N/A,N/A,"Automatic



Manual



Other



Tiptronic",,N/A,"About
                            patpat





About Us
Terms and s
Privacy policy
Partnerships
Ad Upgrade Details
Banner Advertising Details",,"Diesel



Electric



Hybrid



Petrol",N/A,"Bike



Bus



Car



Heavy



Land



SUV



Three wheeler



Truck



Van



Pick-up 



Multi Purpose",https://patpat.lk/en/jaffna/vehicle/car/toyota
"8,350,000",N/A,N/A,"Automatic



Manual



Other



Tiptronic",,N/A,"About
                            patpat





About Us
Terms and s
Privacy policy
Partnerships
Ad Upgrade Details
Banner Advertising Details",,"Diesel



Electric



Hybrid



Petrol",N/A,"Bike



Bus



Car



Heavy



Land



SUV



Three wheeler



Truck



Van



Pick-up 



Multi Purpose",https://patpat.lk/en/batticaloa/vehicle/car/toyota
Negotiable,N/A,N/A,"Automatic



Manual



Other



Tiptronic",,N/A,"About
                            patpat





About Us
Terms and s
Privacy policy
Partnerships
Ad Upgrade Details
Banner Advertising Details",,"Diesel



Electric



Hybrid



Petrol",N/A,"Bike



Bus



Car



Heavy



Land



SUV



Three wheeler



Truck



Van



Pick-up 



Multi Purpose",https://patpat.lk/en/vavuniya/vehicle/car/toyota
N/A,N/A,N/A,"Automatic



Manual



Other



Tiptronic",,N/A,"About
                            patpat





About Us
Terms and s
Privacy policy
Partnerships
Ad Upgrade Details
Banner Advertising Details",,"Diesel



Electric



Hybrid



Petrol",N/A,"Bike



Bus



Car



Heavy



Land



SUV



Three wheeler



Truck



Van



Pick-up 



Multi Purpose",https://patpat.lk/en/kilinochchi/vehicle/car/toyota
"13,500,000",N/A,N/A,"Automatic



Manual



Other



Tiptronic",,N/A,"About
                            patpat





About Us
Terms and s
Privacy policy
Partnerships
Ad Upgrade Details
Banner Advertising Details",,"Diesel



Electric



Hybrid



Petrol",N/A,"Bike



Bus



Car



Heavy



Land



SUV



Three wheeler



Truck



Van



Pick-up 



Multi Purpose",https://patpat.lk/en/trincomalee/vehicle/car/toyota
"8,400,000",N/A,N/A,"Automatic



Manual



Other



Tiptronic",,N/A,"About
                            patpat





About Us
Terms and s
Privacy policy
Partnerships
Ad Upgrade Details
Banner Advertising Details",,"Diesel



Electric



Hybrid



Petrol",N/A,"Bike



Bus



Car



Heavy



Land



SUV



Three wheeler



Truck



Van



Pick-up 



Multi Purpose",https://patpat.lk/en/mullaitivu/vehicle/car/toyota
"7,275,000","154,500",990,Automatic,Toyota,2013,"About
                            patpat





About Us
Terms and s
Privacy policy
Partnerships
Ad Upgrade Details
Banner Advertising Details",Aqua,Petrol,silver,Car(Hatchback),https://patpat.lk/en/ad/vehicle/toyota-aqua-2013-286813
Negotiable,"2,000",1000,Automatic,Toyota,2025,"About
                            patpat





About Us
Terms and s
Privacy policy
Partnerships
Ad Upgrade Details
Banner Advertising Details",Yaris,Petrol,blue,Car(Hatchback),https://patpat.lk/en/ad/vehicle/toyota-yaris-2025-287443
Negotiable,"110,000",1500,Automatic,Toyota,2018,"About
                            patpat





About Us
Terms and s
Privacy policy
Partnerships
Ad Upgrade Details
Banner Advertising Details",Premio,Petrol,maroon,Car(Saloon),https://patpat.lk/en/ad/vehicle/toyota-premio-2018-287022
"13,700,000","150,000",1490,Automatic,Toyota,2016,"About
                            patpat





About Us
Terms and s
Privacy policy
Partnerships
Ad Upgrade Details
Banner Advertising Details",Premio,Petrol,maroon,Car(Hatchback),https://patpat.lk/en/ad/vehicle/toyota-premio-2016-286518
Negotiable,0,1330,Automatic,Toyota,2016,"About
                            patpat





About Us
Terms and s
Privacy policy
Partnerships
Ad Upgrade Details
Banner Advertising Details",Axio,Hybrid,white,Car(Hatchback),https://patpat.lk/en/ad/vehicle/toyota-axio-2016-287290
"8,700,000","190,000",1200,Automatic,Toyota,2014,"About
                            patpat





About Us
Terms and s
Privacy policy
Partnerships
Ad Upgrade Details
Banner Advertising Details",Axio,Petrol,maroon,Car(Hatchback),https://patpat.lk/en/ad/vehicle/toyota-axio-2014-286530
Negotiable,"123,000",1500,Automatic,Toyota,2011,"About
                            patpat





About Us
Terms and s
Privacy policy
Partnerships
Ad Upgrade Details
Banner Advertising Details",Premio,Petrol,maroon,Car(Hatchback),https://patpat.lk/en/ad/vehicle/toyota-premio-2011-287426
Negotiable,"167,000",1500,Automatic,Toyota,2012,"About
                            patpat





About Us
Terms and s
Privacy policy
Partnerships
Ad Upgrade Details
Banner Advertising Details",Aqua,Hybrid,white,Car(Hatchback),https://patpat.lk/en/ad/vehicle/toyota-aqua-2012-287365
Negotiable,"68,000",1400,Automatic,Toyota,2017,"About
                            patpat





About Us
Terms and s
Privacy policy
Partnerships
Ad Upgrade Details
Banner Advertising Details",Premio,Petrol,white,Car(Hatchback),https://patpat.lk/en/ad/vehicle/toyota-premio-2017-286493
"9,350,000","34,000",990,Automatic,Toyota,2023,"About
                            patpat





About Us
Terms and s
Privacy policy
Partnerships
Ad Upgrade Details
Banner Advertising Details",Yaris,Petrol,white,Car(Hatchback),https://patpat.lk/en/ad/vehicle/toyota-yaris-2023-287398
"2,185,000","165,000",1300,Manual,Toyota,1988,"About
                            patpat





About Us
Terms and s
Privacy policy
Partnerships
Ad Upgrade Details
Banner Advertising Details",Corolla,Petrol,white,Car(Hatchback),https://patpat.lk/en/ad/vehicle/toyota-corolla-1988-286864
Negotiable,"170,000",1500,Automatic,Toyota,2014,"About
                            patpat





About Us
Terms and s
Privacy policy
Partnerships
Ad Upgrade Details
Banner Advertising Details",Aqua,Petrol,red,Car(Hatchback),https://patpat.lk/en/ad/vehicle/toyota-aqua-2014-287375
Negotiable,0,1330,Automatic,Toyota,2019,"About
                            patpat





About Us
Terms and s
Privacy policy
Partnerships
Ad Upgrade Details
Banner Advertising Details",Premio,Petrol,white,Car(Hatchback),https://patpat.lk/en/ad/vehicle/toyota-premio-2019-287366
"9,700,000","7,000",1000,Automatic,Toyota,2024,"About
                            patpat





About Us
Terms and s
Privacy policy
Partnerships
Ad Upgrade Details
Banner Advertising Details",Yaris,Petrol,white,Car(Hatchback),https://patpat.lk/en/ad/vehicle/toyota-yaris-2024-287078
"7,300,000",N/A,N/A,"Automatic



Manual



Other



Tiptronic",,N/A,"About
                            patpat





About Us
Terms and s
Privacy policy
Partnerships
Ad Upgrade Details
Banner Advertising Details",,"Diesel



Electric



Hybrid



Petrol",N/A,"Bike



Bus



Car



Heavy



Land



SUV



Three wheeler



Truck



Van



Pick-up 



Multi Purpose",https://patpat.lk/en/sri-lanka/vehicle/car/toyota?page=1
Negotiable,N/A,N/A,"Automatic



Manual



Other



Tiptronic",,N/A,"About
                            patpat





About Us
Terms and s
Privacy policy
Partnerships
Ad Upgrade Details
Banner Advertising Details",,"Diesel



Electric



Hybrid



Petrol",N/A,"Bike



Bus



Car



Heavy



Land



SUV



Three wheeler



Truck



Van



Pick-up 



Multi Purpose",https://patpat.lk/en/sri-lanka/vehicle/car/toyota?page=2
"8,100,000",N/A,N/A,"Automatic



Manual



Other



Tiptronic",,N/A,"About
                            patpat





About Us
Terms and s
Privacy policy
Partnerships
Ad Upgrade Details
Banner Advertising Details",,"Diesel



Electric



Hybrid



Petrol",N/A,"Bike



Bus



Car



Heavy



Land



SUV



Three wheeler



Truck



Van



Pick-up 



Multi Purpose",https://patpat.lk/en/sri-lanka/vehicle/car/toyota?page=3
"7,900,000",N/A,N/A,"Automatic



Manual



Other



Tiptronic",,N/A,"About
                            patpat





About Us
Terms and s
Privacy policy
Partnerships
Ad Upgrade Details
Banner Advertising Details",,"Diesel



Electric



Hybrid



Petrol",N/A,"Bike



Bus



Car



Heavy



Land



SUV



Three wheeler



Truck



Van



Pick-up 



Multi Purpose",https://patpat.lk/en/sri-lanka/vehicle/car/toyota?page=4
Negotiable,N/A,N/A,"Automatic



Manual



Other



Tiptronic",,N/A,"About
                            patpat





About Us
Terms and s
Privacy policy
Partnerships
Ad Upgrade Details
Banner Advertising Details",,"Diesel



Electric



Hybrid



Petrol",N/A,"Bike



Bus



Car



Heavy



Land



SUV



Three wheeler



Truck



Van



Pick-up 



Multi Purpose",https://patpat.lk/en/sri-lanka/vehicle/car/toyota?page=5
"6,900,000",N/A,N/A,"Automatic



Manual



Other



Tiptronic",,N/A,"About
                            patpat





About Us
Terms and s
Privacy policy
Partnerships
Ad Upgrade Details
Banner Advertising Details",,"Diesel



Electric



Hybrid



Petrol",N/A,"Bike



Bus



Car



Heavy



Land



SUV



Three wheeler



Truck



Van



Pick-up 



Multi Purpose",https://patpat.lk/en/sri-lanka/vehicle/car/toyota?page=6
Negotiable,N/A,N/A,"Automatic



Manual



Other



Tiptronic",,N/A,"About
                            patpat





About Us
Terms and s
Privacy policy
Partnerships
Ad Upgrade Details
Banner Advertising Details",,"Diesel



Electric



Hybrid



Petrol",N/A,"Bike



Bus



Car



Heavy



Land



SUV



Three wheeler



Truck



Van



Pick-up 



Multi Purpose",https://patpat.lk/en/sri-lanka/vehicle/car/toyota?page=7
"8,450,000",N/A,N/A,"Automatic



Manual



Other



Tiptronic",,N/A,"About
                            patpat





About Us
Terms and s
Privacy policy
Partnerships
Ad Upgrade Details
Banner Advertising Details",,"Diesel



Electric



Hybrid



Petrol",N/A,"Bike



Bus



Car



Heavy



Land



SUV



Three wheeler



Truck



Van



Pick-up 



Multi Purpose",https://patpat.lk/en/sri-lanka/vehicle/car/toyota?page=8
"8,550,000",N/A,N/A,"Automatic



Manual



Other



Tiptronic",,N/A,"About
                            patpat





About Us
Terms and s
Privacy policy
Partnerships
Ad Upgrade Details
Banner Advertising Details",,"Diesel



Electric



Hybrid



Petrol",N/A,"Bike



Bus



Car



Heavy



Land



SUV



Three wheeler



Truck



Van



Pick-up 



Multi Purpose",https://patpat.lk/en/sri-lanka/vehicle/car/toyota?page=9
Negotiable,N/A,N/A,"Automatic



Manual



Other



Tiptronic",,N/A,"About
                            patpat





About Us
Terms and s
Privacy policy
Partnerships
Ad Upgrade Details
Banner Advertising Details",,"Diesel



Electric



Hybrid



Petrol",N/A,"Bike



Bus



Car



Heavy



Land



SUV



Three wheeler



Truck



Van



Pick-up 



Multi Purpose",https://patpat.lk/en/sri-lanka/vehicle/car/toyota?page=10
"7,200,000",N/A,N/A,"Automatic



Manual



Other



Tiptronic",,N/A,"About
                            patpat





About Us
Terms and s
Privacy policy
Partnerships
Ad Upgrade Details
Banner Advertising Details",,"Diesel



Electric



Hybrid



Petrol",N/A,"Bike



Bus



Car



Heavy



Land



SUV



Three wheeler



Truck



Van



Pick-up 



Multi Purpose",https://patpat.lk/en/sri-lanka/vehicle/car/toyota?page=120
"5,375,000",N/A,N/A,"Automatic



Manual



Other



Tiptronic",,N/A,"About
                            patpat





About Us
Terms and s
Privacy policy
Partnerships
Ad Upgrade Details
Banner Advertising Details",,"Diesel



Electric



Hybrid



Petrol",N/A,"Bike



Bus



Car



Heavy



Land



SUV



Three wheeler



Truck



Van



Pick-up 



Multi Purpose",https://patpat.lk/en/sri-lanka/vehicle/car/toyota?page=121
Negotiable,N/A,N/A,"Automatic



Manual



Other



Tiptronic",,N/A,"About
                            patpat





About Us
Terms and s
Privacy policy
Partnerships
Ad Upgrade Details
Banner Advertising Details",,"Diesel



Electric



Hybrid



Petrol",N/A,"Bike



Bus



Car



Heavy



Land



SUV



Three wheeler



Truck



Van



Pick-up 



Multi Purpose",https://patpat.lk/en/sri-lanka/vehicle/car/toyota/vitz
Negotiable,N/A,N/A,"Automatic



Manual



Other



Tiptronic",,N/A,"About
                            patpat





About Us
Terms and s
Privacy policy
Partnerships
Ad Upgrade Details
Banner Advertising Details",,"Diesel



Electric



Hybrid



Petrol",N/A,"Bike



Bus



Car



Heavy



Land



SUV



Three wheeler



Truck



Van



Pick-up 



Multi Purpose",https://patpat.lk/en/sri-lanka/vehicle/car/toyota/premio
"7,300,000",N/A,N/A,"Automatic



Manual



Other



Tiptronic",,N/A,"About
                            patpat





About Us
Terms and s
Privacy policy
Partnerships
Ad Upgrade Details
Banner Advertising Details",,"Diesel



Electric



Hybrid



Petrol",N/A,"Bike



Bus



Car



Heavy



Land



SUV



Three wheeler



Truck



Van



Pick-up 



Multi Purpose",https://patpat.lk/en/sri-lanka/vehicle/car/toyota/aqua
Negotiable,N/A,N/A,"Automatic



Manual



Other



Tiptronic",,N/A,"About
                            patpat





About Us
Terms and s
Privacy policy
Partnerships
Ad Upgrade Details
Banner Advertising Details",,"Diesel



Electric



Hybrid



Petrol",N/A,"Bike



Bus



Car



Heavy



Land



SUV



Three wheeler



Truck



Van



Pick-up 



Multi Purpose",https://patpat.lk/en/sri-lanka/vehicle/car/toyota/prius
Negotiable,N/A,N/A,"Automatic



Manual



Other



Tiptronic",,N/A,"About
                            patpat





About Us
Terms and s
Privacy policy
Partnerships
Ad Upgrade Details
Banner Advertising Details",,"Diesel



Electric



Hybrid



Petrol",N/A,"Bike



Bus



Car



Heavy



Land



SUV



Three wheeler



Truck



Van



Pick-up 



Multi Purpose",https://patpat.lk/en/sri-lanka/vehicle/car/toyota/axio
Negotiable,N/A,N/A,"Automatic



Manual



Other



Tiptronic",,N/A,"About
                            patpat





About Us
Terms and s
Privacy policy
Partnerships
Ad Upgrade Details
Banner Advertising Details",,"Diesel



Electric



Hybrid



Petrol",N/A,"Bike



Bus



Car



Heavy



Land



SUV



Three wheeler



Truck



Van



Pick-up 



Multi Purpose",https://patpat.lk/en/sri-lanka/vehicle/car/toyota/corolla
Negotiable,N/A,N/A,"Automatic



Manual



Other



Tiptronic",,N/A,"About
                            patpat





About Us
Terms and s
Privacy policy
Partnerships
Ad Upgrade Details
Banner Advertising Details",,"Diesel



Electric



Hybrid



Petrol",N/A,"Bike



Bus



Car



Heavy



Land



SUV



Three wheeler



Truck



Van



Pick-up 



Multi Purpose",https://patpat.lk/en/sri-lanka/vehicle/car/toyota/allion
Negotiable,N/A,N/A,"Automatic



Manual



Other



Tiptronic",,N/A,"About
                            patpat





About Us
Terms and s
Privacy policy
Partnerships
Ad Upgrade Details
Banner Advertising Details",,"Diesel



Electric



Hybrid



Petrol",N/A,"Bike



Bus



Car



Heavy



Land



SUV



Three wheeler



Truck



Van



Pick-up 



Multi Purpose",https://patpat.lk/en/sri-lanka/vehicle/car/toyota/yaris
Negotiable,N/A,N/A,"Automatic



Manual



Other



Tiptronic",,N/A,"About
                            patpat





About Us
Terms and s
Privacy policy
Partnerships
Ad Upgrade Details
Banner Advertising Details",,"Diesel



Electric



Hybrid



Petrol",N/A,"Bike



Bus



Car



Heavy



Land



SUV



Three wheeler



Truck



Van



Pick-up 



Multi Purpose",https://patpat.lk/en/sri-lanka/vehicle/car/suzuki/wagon-r
Negotiable,N/A,N/A,"Automatic



Manual



Other



Tiptronic",,N/A,"About
                            patpat





About Us
Terms and s
Privacy policy
Partnerships
Ad Upgrade Details
Banner Advertising Details",,"Diesel



Electric



Hybrid



Petrol",N/A,"Bike



Bus



Car



Heavy



Land



SUV



Three wheeler



Truck



Van



Pick-up 



Multi Purpose",https://patpat.lk/en/sri-lanka/vehicle/car/suzuki/alto
Negotiable,N/A,N/A,"Automatic



Manual



Other



Tiptronic",,N/A,"About
                            patpat





About Us
Terms and s
Privacy policy
Partnerships
Ad Upgrade Details
Banner Advertising Details",,"Diesel



Electric



Hybrid



Petrol",N/A,"Bike



Bus



Car



Heavy



Land



SUV



Three wheeler



Truck



Van



Pick-up 



Multi Purpose",https://patpat.lk/en/sri-lanka/vehicle/car/honda/fit
"3,800,000",N/A,N/A,"Automatic



Manual



Other



Tiptronic",,N/A,"About
                            patpat





About Us
Terms and s
Privacy policy
Partnerships
Ad Upgrade Details
Banner Advertising Details",,"Diesel



Electric



Hybrid



Petrol",N/A,"Bike



Bus



Car



Heavy



Land



SUV



Three wheeler



Truck



Van



Pick-up 



Multi Purpose",https://patpat.lk/en/sri-lanka/vehicle/car/nissan/sunny
Negotiable,N/A,N/A,"Automatic



Manual



Other



Tiptronic",,N/A,"About
                            patpat





About Us
Terms and s
Privacy policy
Partnerships
Ad Upgrade Details
Banner Advertising Details",,"Diesel



Electric



Hybrid



Petrol",N/A,"Bike



Bus



Car



Heavy



Land



SUV



Three wheeler



Truck



Van



Pick-up 



Multi Purpose",https://patpat.lk/en/sri-lanka/vehicle/car/suzuki/swift
"2,050,000",N/A,N/A,"Automatic



Manual



Other



Tiptronic",,N/A,"About
                            patpat





About Us
Terms and s
Privacy policy
Partnerships
Ad Upgrade Details
Banner Advertising Details",,"Diesel



Electric



Hybrid



Petrol",N/A,"Bike



Bus



Car



Heavy



Land



SUV



Three wheeler



Truck



Van



Pick-up 



Multi Purpose",https://patpat.lk/en/sri-lanka/vehicle/car/suzuki/maruti
"120,000,000",N/A,N/A,"Automatic



Manual



Other



Tiptronic",,N/A,"About
                            patpat





About Us
Terms and s
Privacy policy
Partnerships
Ad Upgrade Details
Banner Advertising Details",,"Diesel



Electric



Hybrid



Petrol",N/A,"Bike



Bus



Car



Heavy



Land



SUV



Three wheeler



Truck



Van



Pick-up 



Multi Purpose",https://patpat.lk/en/sri-lanka/vehicle/car/mitsubishi/lancer
Negotiable,N/A,N/A,"Automatic



Manual



Other



Tiptronic",,N/A,"About
                            patpat





About Us
Terms and s
Privacy policy
Partnerships
Ad Upgrade Details
Banner Advertising Details",,"Diesel



Electric



Hybrid



Petrol",N/A,"Bike



Bus



Car



Heavy



Land



SUV



Three wheeler



Truck



Van



Pick-up 



Multi Purpose",https://patpat.lk/en/sri-lanka/vehicle/car/honda/civic
N/A,N/A,N/A,N/A,N/A,N/A,"About
                            patpat





About Us
Terms and s
Privacy policy
Partnerships
Ad Upgrade Details
Banner Advertising Details",N/A,N/A,N/A,N/A,https://patpat.lk/financial-request/vehicle/quick_apply
Negotiable,"25,000",1000,Automatic,Toyota,2023,"About
                            patpat





About Us
Terms and s
Privacy policy
Partnerships
Ad Upgrade Details
Banner Advertising Details",Passo,Petrol,green,Car(Hatchback),https://patpat.lk/en/ad/vehicle/toyota-passo-2023-286810
Negotiable,0,1500,Automatic,Toyota,2016,"About
                            patpat





About Us
Terms and s
Privacy policy
Partnerships
Ad Upgrade Details
Banner Advertising Details",Corolla,Petrol,white,Car(Convertible),https://patpat.lk/en/ad/vehicle/toyota-corolla-2016-286918
Negotiable,0,0,Automatic,Toyota,2018,"About
                            patpat





About Us
Terms and s
Privacy policy
Partnerships
Ad Upgrade Details
Banner Advertising Details",Prius,Petrol,white,Car(Convertible),https://patpat.lk/en/ad/vehicle/toyota-prius-2018-287372
"1,200,000","255,000",1500,Automatic,Toyota,2016,"About
                            patpat





About Us
Terms and s
Privacy policy
Partnerships
Ad Upgrade Details
Banner Advertising Details",Axio,Petrol,white,Car(Sedan),https://patpat.lk/en/ad/vehicle/toyota-axio-2016-287361
"8,700,000","37,600",1000,Automatic,Toyota,2017,"About
                            patpat





About Us
Terms and s
Privacy policy
Partnerships
Ad Upgrade Details
Banner Advertising Details",Vitz,Petrol,gray,Car(Hatchback),https://patpat.lk/en/ad/vehicle/toyota-vitz-2017-287351
"13,500,000","179,000",1800,Automatic,Toyota,2013,"About
                            patpat





About Us
Terms and s
Privacy policy
Partnerships
Ad Upgrade Details
Banner Advertising Details",Prius,Petrol,white,Car(Saloon),https://patpat.lk/en/ad/vehicle/toyota-prius-2013-287348
"9,000,000","250,000",1800,Automatic,Toyota,2011,"About
                            patpat





About Us
Terms and s
Privacy policy
Partnerships
Ad Upgrade Details
Banner Advertising Details",Prius,Petrol,silver,Car(Saloon),https://patpat.lk/en/ad/vehicle/toyota-prius-2011-287343
"16,500,000","770,000",1500,Automatic,Toyota,2018,"About
                            patpat





About Us
Terms and s
Privacy policy
Partnerships
Ad Upgrade Details
Banner Advertising Details",Premio,Petrol,white,Car(Sedan),https://patpat.lk/en/ad/vehicle/toyota-premio-2018-287061
"6,050,000","220,000",1300,Automatic,Toyota,2008,"About
                            patpat





About Us
Terms and s
Privacy policy
Partnerships
Ad Upgrade Details
Banner Advertising Details",Vitz,Petrol,silver,Car(Hatchback),https://patpat.lk/en/ad/vehicle/toyota-vitz-2008-287323
Negotiable,"60,000",1800,Automatic,Toyota,2010,"About
                            patpat





About Us
Terms and s
Privacy policy
Partnerships
Ad Upgrade Details
Banner Advertising Details",Allion,Petrol,purple,Car(Sedan),https://patpat.lk/en/ad/vehicle/toyota-allion-2010-287241
Negotiable,"640,000",1498,Manual,Toyota,1991,"About
                            patpat





About Us
Terms and s
Privacy policy
Partnerships
Ad Upgrade Details
Banner Advertising Details",Corona,Petrol,white,Car(Sedan),https://patpat.lk/en/ad/vehicle/toyota-corona-1991-287294
"4,650,000","175,000",1331,Manual,Toyota,1999,"About
                            patpat





About Us
Terms and s
Privacy policy
Partnerships
Ad Upgrade Details
Banner Advertising Details",Starlet,Petrol,red,Car(Hatchback),https://patpat.lk/en/ad/vehicle/toyota-starlet-1999-287260
"8,700,000","62,000",1300,Automatic,Toyota,2019,"About
                            patpat





About Us
Terms and s
Privacy policy
Partnerships
Ad Upgrade Details
Banner Advertising Details",Vitz,Petrol,white,Car(),https://patpat.lk/en/ad/vehicle/toyota-vitz-2019-286167
"8,600,000","148,000",1490,Automatic,Toyota,2010,"About
                            patpat





About Us
Terms and s
Privacy policy
Partnerships
Ad Upgrade Details
Banner Advertising Details",Allion,Petrol,black,Car(Saloon),https://patpat.lk/en/ad/vehicle/toyota-allion-2010-287127
Negotiable,"130,000",1600,Automatic,Toyota,2007,"About
                            patpat





About Us
Terms and s
Privacy policy
Partnerships
Ad Upgrade Details
Banner Advertising Details",Vitz,Diesel,silver,Car(Hatchback),https://patpat.lk/en/ad/vehicle/toyota-vitz-2007-287163
Negotiable,"150,000",1490,Automatic,Toyota,2010,"About
                            patpat





About Us
Terms and s
Privacy policy
Partnerships
Ad Upgrade Details
Banner Advertising Details",Allion,Petrol,white,Car(Sedan),https://patpat.lk/en/ad/vehicle/toyota-allion-2010-287165
Negotiable,0,1790,Automatic,Toyota,2013,"About
                            patpat





About Us
Terms and s
Privacy policy
Partnerships
Ad Upgrade Details
Banner Advertising Details",Prius,Petrol,black,Car(Hatchback),https://patpat.lk/en/ad/vehicle/toyota-prius-2013-286893
"8,100,000","96,000",1500,Automatic,Toyota,2010,"About
                            patpat





About Us
Terms and s
Privacy policy
Partnerships
Ad Upgrade Details
Banner Advertising Details",Axio,Petrol,brown,Car(Sedan),https://patpat.lk/en/ad/vehicle/toyota-axio-2010-287130
"10,700,000",360,990,Automatic,Toyota,2026,"About
                            patpat





About Us
Terms and s
Privacy policy
Partnerships
Ad Upgrade Details
Banner Advertising Details",Yaris,Petrol,black,Car(Hatchback),https://patpat.lk/en/ad/vehicle/toyota-yaris-2026-287133
"9,250,000","100,000",1300,Automatic,Toyota,2011,"About
                            patpat





About Us
Terms and s
Privacy policy
Partnerships
Ad Upgrade Details
Banner Advertising Details",Allion,Petrol,black,Car(Sedan),https://patpat.lk/en/ad/vehicle/toyota-allion-2011-287041
"9,250,000","153,000",1800,Automatic,Toyota,2012,"About
                            patpat





About Us
Terms and s
Privacy policy
Partnerships
Ad Upgrade Details
Banner Advertising Details",Premio,Petrol,maroon,Car(Sedan),https://patpat.lk/en/ad/vehicle/toyota-premio-2012-286867
"8,050,000","88,000",996,Automatic,Toyota,2017,"About
                            patpat





About Us
Terms and s
Privacy policy
Partnerships
Ad Upgrade Details
Banner Advertising Details",Vitz,Petrol,white,Car(Hatchback),https://patpat.lk/en/ad/vehicle/toyota-vitz-2017-286878
"4,550,000","175,000",996,Automatic,Toyota,2005,"About
                            patpat





About Us
Terms and s
Privacy policy
Partnerships
Ad Upgrade Details
Banner Advertising Details",Passo,Petrol,black,Car(Hatchback),https://patpat.lk/en/ad/vehicle/toyota-passo-2005-286885
"7,300,000","111,000",990,Automatic,Toyota,2015,"About
                            patpat





About Us
Terms and s
Privacy policy
Partnerships
Ad Upgrade Details
Banner Advertising Details",Vitz,Petrol,white,Car(Hatchback),https://patpat.lk/en/ad/vehicle/toyota-vitz-2015-286943
"10,600,000","150,000",1500,Automatic,Toyota,2013,"About
                            patpat





About Us
Terms and s
Privacy policy
Partnerships
Ad Upgrade Details
Banner Advertising Details",Premio,Petrol,white,Car(Saloon),https://patpat.lk/en/ad/vehicle/toyota-premio-2013-286767
"11,200,000","125,000",1300,Automatic,Toyota,2014,"About
                            patpat





About Us
Terms and s
Privacy policy
Partnerships
Ad Upgrade Details
Banner Advertising Details",Premio,Petrol,white,Car(Saloon),https://patpat.lk/en/ad/vehicle/toyota-premio-2014-286773
"12,000,000","145,000",1600,Automatic,Toyota,2016,"About
                            patpat





About Us
Terms and s
Privacy policy
Partnerships
Ad Upgrade Details
Banner Advertising Details",Premio,Petrol,other,Car(Saloon),https://patpat.lk/en/ad/vehicle/toyota-premio-2016-286800
"11,000,000","156,000",1800,Automatic,Toyota,2015,"About
                            patpat





About Us
Terms and s
Privacy policy
Partnerships
Ad Upgrade Details
Banner Advertising Details",Prius,Hybrid,white,Car(Hatchback),https://patpat.lk/en/ad/vehicle/toyota-prius-2015-286860
"2,700,000","176,000",1500,Manual,Toyota,1996,"About
                            patpat





About Us
Terms and s
Privacy policy
Partnerships
Ad Upgrade Details
Banner Advertising Details",Corolla,Diesel,purple,Car(Hatchback),https://patpat.lk/en/ad/vehicle/toyota-corolla-1996-286120
Negotiable,"1,180,000",1600,Manual,Toyota,2008,"About
                            patpat





About Us
Terms and s
Privacy policy
Partnerships
Ad Upgrade Details
Banner Advertising Details",Corolla,Petrol,white,Car(Saloon),https://patpat.lk/en/ad/vehicle/toyota-corolla-2008-286819
Negotiable,"3,000",1000,Automatic,Toyota,2023,"About
                            patpat





About Us
Terms and s
Privacy policy
Partnerships
Ad Upgrade Details
Banner Advertising Details",Yaris,Petrol,black,Car(Hatchback),https://patpat.lk/en/ad/vehicle/toyota-yaris-2023-286686
Negotiable,0,1000,Automatic,Toyota,2023,"About
                            patpat





About Us
Terms and s
Privacy policy
Partnerships
Ad Upgrade Details
Banner Advertising Details",Yaris,Petrol,white,Car(Hatchback),https://patpat.lk/en/ad/vehicle/toyota-yaris-2023-286707
Negotiable,0,1500,Automatic,Toyota,2024,"About
                            patpat





About Us
Terms and s
Privacy policy
Partnerships
Ad Upgrade Details
Banner Advertising Details",Yaris,Petrol,white,Car(Hatchback),https://patpat.lk/en/ad/vehicle/toyota-yaris-2024-286409
Negotiable,"85,326",1000,Automatic,Toyota,2017,"About
                            patpat





About Us
Terms and s
Privacy policy
Partnerships
Ad Upgrade Details
Banner Advertising Details",Wigo,Petrol,black,Car(Hatchback),https://patpat.lk/en/ad/vehicle/toyota-wigo-2017-286104
"7,200,000","131,000",1288,Automatic,Toyota,2013,"About
                            patpat





About Us
Terms and s
Privacy policy
Partnerships
Ad Upgrade Details
Banner Advertising Details",Aqua,Petrol,black,Car(Hatchback),https://patpat.lk/en/ad/vehicle/toyota-aqua-2013-286709
"7,400,000","151,000",1200,Automatic,Toyota,2012,"About
                            patpat





About Us
Terms and s
Privacy policy
Partnerships
Ad Upgrade Details
Banner Advertising Details",Aqua,Petrol,white,Car(Hatchback),https://patpat.lk/en/ad/vehicle/toyota-aqua-2012-286719
"11,400,000","151,000",1450,Automatic,Toyota,2013,"About
                            patpat





About Us
Terms and s
Privacy policy
Partnerships
Ad Upgrade Details
Banner Advertising Details",Prius,Petrol,black,Car(Hatchback),https://patpat.lk/en/ad/vehicle/toyota-prius-2013-286727
"7,900,000","150,000",1200,Automatic,Toyota,2018,"About
                            patpat





About Us
Terms and s
Privacy policy
Partnerships
Ad Upgrade Details
Banner Advertising Details",Vitz,Petrol,white,Car(Hatchback),https://patpat.lk/en/ad/vehicle/toyota-vitz-2018-286736
"4,850,000","163,000",1500,Automatic,Toyota,2003,"About
                            patpat





About Us
Terms and s
Privacy policy
Partnerships
Ad Upgrade Details
Banner Advertising Details",Vios,Petrol,orange,Car(Saloon),https://patpat.lk/en/ad/vehicle/toyota-vios-2003-286684
"13,500,000","168,000",1800,Automatic,Toyota,2016,"About
                            patpat





About Us
Terms and s
Privacy policy
Partnerships
Ad Upgrade Details
Banner Advertising Details",Premio,Petrol,white,Car(Saloon),https://patpat.lk/en/ad/vehicle/toyota-premio-2016-286677
"7,250,000","120,000",996,Automatic,Toyota,2016,"About
                            patpat





About Us
Terms and s
Privacy policy
Partnerships
Ad Upgrade Details
Banner Advertising Details",Vitz,Petrol,silver,Car(Hatchback),https://patpat.lk/en/ad/vehicle/toyota-vitz-2016-286179
Negotiable,"56,000",1000,Automatic,Toyota,2017,"About
                            patpat





About Us
Terms and s
Privacy policy
Partnerships
Ad Upgrade Details
Banner Advertising Details",Vitz,Petrol,silver,Car(Hatchback),https://patpat.lk/en/ad/vehicle/toyota-vitz-2017-286164
"7,200,000","70,000",990,Automatic,Toyota,2016,"About
                            patpat





About Us
Terms and s
Privacy policy
Partnerships
Ad Upgrade Details
Banner Advertising Details",Vitz,Petrol,white,Car(Sedan),https://patpat.lk/en/ad/vehicle/toyota-vitz-2016-286649
Negotiable,"25,000",998,Automatic,Toyota,2023,"About
                            patpat





About Us
Terms and s
Privacy policy
Partnerships
Ad Upgrade Details
Banner Advertising Details",Yaris,Petrol,black,Car(Sedan),https://patpat.lk/en/ad/vehicle/toyota-yaris-2023-286242
Negotiable,"200,000",1590,Manual,Toyota,1999,"About
                            patpat





About Us
Terms and s
Privacy policy
Partnerships
Ad Upgrade Details
Banner Advertising Details",Corsa,Petrol,silver,Car(Saloon),https://patpat.lk/en/ad/vehicle/toyota-corsa-1999-286388
Negotiable,0,1200,Automatic,Toyota,2008,"About
                            patpat





About Us
Terms and s
Privacy policy
Partnerships
Ad Upgrade Details
Banner Advertising Details",Corolla,Petrol,white,Car(Convertible),https://patpat.lk/en/ad/vehicle/toyota-corolla-2008-286510
Negotiable,0,1400,Automatic,Toyota,2011,"About
                            patpat





About Us
Terms and s
Privacy policy
Partnerships
Ad Upgrade Details
Banner Advertising Details",Premio,Petrol,black,Car(Hatchback),https://patpat.lk/en/ad/vehicle/toyota-premio-2011-286022
"7,875,000","114,000",1500,Automatic,Toyota,2014,"About
                            patpat





About Us
Terms and s
Privacy policy
Partnerships
Ad Upgrade Details
Banner Advertising Details",Aqua,Petrol,gray,Car(Liftback),https://patpat.lk/en/ad/vehicle/toyota-aqua-2014-286384
Negotiable,0,1000,Automatic,Toyota,2024,"About
                            patpat





About Us
Terms and s
Privacy policy
Partnerships
Ad Upgrade Details
Banner Advertising Details",Yaris,Petrol,gray,Car(Hatchback),https://patpat.lk/en/ad/vehicle/toyota-yaris-2024-286599
Negotiable,0,1000,Automatic,Toyota,2026,"About
                            patpat





About Us
Terms and s
Privacy policy
Partnerships
Ad Upgrade Details
Banner Advertising Details",Yaris,Petrol,white,Car(Hatchback),https://patpat.lk/en/ad/vehicle/toyota-yaris-2026-286604
"5,325,000","170,000",1300,Automatic,Toyota,2007,"About
                            patpat





About Us
Terms and s
Privacy policy
Partnerships
Ad Upgrade Details
Banner Advertising Details",Vitz,Hybrid,white,Car(Liftback),https://patpat.lk/en/ad/vehicle/toyota-vitz-2007-286292
"3,595,000","189,910",1450,Automatic,Toyota,1997,"About
                            patpat





About Us
Terms and s
Privacy policy
Partnerships
Ad Upgrade Details
Banner Advertising Details",Starlet,Petrol,white,Car(Hatchback),https://patpat.lk/en/ad/vehicle/toyota-starlet-1997-285989
"8,000,000","164,000",1500,Automatic,Toyota,2008,"About
                            patpat





About Us
Terms and s
Privacy policy
Partnerships
Ad Upgrade Details
Banner Advertising Details",Premio,Hybrid,other,Car(Saloon),https://patpat.lk/en/ad/vehicle/toyota-premio-2008-286294
"9,650,000","141,000",1500,Automatic,Toyota,2014,"About
                            patpat





About Us
Terms and s
Privacy policy
Partnerships
Ad Upgrade Details
Banner Advertising Details",Prius,Hybrid,blue,Car(Saloon),https://patpat.lk/en/ad/vehicle/toyota-prius-2014-286396
Negotiable,0,1490,Automatic,Toyota,2013,"About
                            patpat





About Us
Terms and s
Privacy policy
Partnerships
Ad Upgrade Details
Banner Advertising Details",Prius,Hybrid,silver,Car(Hatchback),https://patpat.lk/en/ad/vehicle/toyota-prius-2013-285973
"4,850,000","180,000",760,Automatic,Toyota,2002,"About
                            patpat





About Us
Terms and s
Privacy policy
Partnerships
Ad Upgrade Details
Banner Advertising Details",IST,Petrol,blue,Car(Hatchback),https://patpat.lk/en/ad/vehicle/toyota-ist-2002-285993
"10,300,000","171,000",1780,Automatic,Toyota,2012,"About
                            patpat





About Us
Terms and s
Privacy policy
Partnerships
Ad Upgrade Details
Banner Advertising Details",Prius,Petrol,white,Car(Hatchback),https://patpat.lk/en/ad/vehicle/toyota-prius-2012-286002
Negotiable,"15,000",1000,Automatic,Toyota,2024,"About
                            patpat





About Us
Terms and s
Privacy policy
Partnerships
Ad Upgrade Details
Banner Advertising Details",Yaris,Petrol,black,Car(Hatchback),https://patpat.lk/en/ad/vehicle/toyota-yaris-2024-286586
Negotiable,0,1500,Automatic,Toyota,2015,"About
                            patpat





About Us
Terms and s
Privacy policy
Partnerships
Ad Upgrade Details
Banner Advertising Details",Axio,Hybrid,white,Car(Hatchback),https://patpat.lk/en/ad/vehicle/toyota-axio-2015-286289
Negotiable,0,1500,Automatic,Toyota,2018,"About
                            patpat





About Us
Terms and s
Privacy policy
Partnerships
Ad Upgrade Details
Banner Advertising Details",Premio,Petrol,white,Car(Hatchback),https://patpat.lk/en/ad/vehicle/toyota-premio-2018-286293
Negotiable,0,1500,Automatic,Toyota,2014,"About
                            patpat





About Us
Terms and s
Privacy policy
Partnerships
Ad Upgrade Details
Banner Advertising Details",Premio,Petrol,white,Car(Hatchback),https://patpat.lk/en/ad/vehicle/toyota-premio-2014-286443
"9,500,000","35,000",1500,Automatic,Toyota,2023,"About
                            patpat





About Us
Terms and s
Privacy policy
Partnerships
Ad Upgrade Details
Banner Advertising Details",Yaris,Petrol,white,Car(Hatchback),https://patpat.lk/en/ad/vehicle/toyota-yaris-2023-286546
"11,500,000","114,000",1500,Automatic,Toyota,2013,"About
                            patpat





About Us
Terms and s
Privacy policy
Partnerships
Ad Upgrade Details
Banner Advertising Details",Premio,Petrol,maroon,Car(Hatchback),https://patpat.lk/en/ad/vehicle/toyota-premio-2013-286372
"5,500,000",0,2000,Automatic,Toyota,2001,"About
                            patpat





About Us
Terms and s
Privacy policy
Partnerships
Ad Upgrade Details
Banner Advertising Details",Verossa,Petrol,white,Car(Hatchback),https://patpat.lk/en/ad/vehicle/toyota-verossa-2001-286528
"8,250,000",0,1000,Automatic,Toyota,2015,"About
                            patpat





About Us
Terms and s
Privacy policy
Partnerships
Ad Upgrade Details
Banner Advertising Details",Aqua,Petrol,black,Car(Hatchback),https://patpat.lk/en/ad/vehicle/toyota-aqua-2015-286473
Negotiable,"12,000",1500,Automatic,Toyota,2023,"About
                            patpat





About Us
Terms and s
Privacy policy
Partnerships
Ad Upgrade Details
Banner Advertising Details",Yaris,Hybrid,brown,Car(Hatchback),https://patpat.lk/en/ad/vehicle/toyota-yaris-2023-286051
Negotiable,"210,000",1450,Automatic,Toyota,2010,"About
                            patpat





About Us
Terms and s
Privacy policy
Partnerships
Ad Upgrade Details
Banner Advertising Details",Axio,Petrol,black,Car(Saloon),https://patpat.lk/en/ad/vehicle/toyota-axio-2010-286471
"4,550,000","180,000",1000,Automatic,Toyota,2002,"About
                            patpat





About Us
Terms and s
Privacy policy
Partnerships
Ad Upgrade Details
Banner Advertising Details",Vitz,Petrol,gray,Car(Hatchback),https://patpat.lk/en/ad/vehicle/toyota-vitz-2002-286417
"8,350,000","103,000",1200,Automatic,Toyota,2019,"About
                            patpat





About Us
Terms and s
Privacy policy
Partnerships
Ad Upgrade Details
Banner Advertising Details",Vitz,Petrol,white,Car(Liftback),https://patpat.lk/en/ad/vehicle/toyota-vitz-2019-286359
"15,600,000","98,000",1500,Automatic,Toyota,2018,"About
                            patpat





About Us
Terms and s
Privacy policy
Partnerships
Ad Upgrade Details
Banner Advertising Details",Premio,Petrol,white,Car(Saloon),https://patpat.lk/en/ad/vehicle/toyota-premio-2018-286365
Negotiable,0,1490,Automatic,Toyota,2013,"About
                            patpat





About Us
Terms and s
Privacy policy
Partnerships
Ad Upgrade Details
Banner Advertising Details",Aqua,Petrol,black,Car(Hatchback),https://patpat.lk/en/ad/vehicle/toyota-aqua-2013-286335
Negotiable,0,1490,Automatic,Toyota,2013,"About
                            patpat





About Us
Terms and s
Privacy policy
Partnerships
Ad Upgrade Details
Banner Advertising Details",Premio,Petrol,maroon,Car(Liftback),https://patpat.lk/en/ad/vehicle/toyota-premio-2013-286278
Negotiable,0,990,Automatic,Toyota,2013,"About
                            patpat





About Us
Terms and s
Privacy policy
Partnerships
Ad Upgrade Details
Banner Advertising Details",Aqua,Petrol,white,Car(Hatchback),https://patpat.lk/en/ad/vehicle/toyota-aqua-2013-286279
"7,875,000","106,000",1500,Automatic,Toyota,2013,"About
                            patpat





About Us
Terms and s
Privacy policy
Partnerships
Ad Upgrade Details
Banner Advertising Details",Aqua,Hybrid,white,Car(Liftback),https://patpat.lk/en/ad/vehicle/toyota-aqua-2013-286334
Negotiable,"159,000",1500,Automatic,Toyota,2008,"About
                            patpat





About Us
Terms and s
Privacy policy
Partnerships
Ad Upgrade Details
Banner Advertising Details",Allion,Petrol,silver,Car(Sedan),https://patpat.lk/en/ad/vehicle/toyota-allion-2008-286324
"10,600,000","245,000",1800,Automatic,Toyota,2012,"About
                            patpat





About Us
Terms and s
Privacy policy
Partnerships
Ad Upgrade Details
Banner Advertising Details",Prius,Hybrid,white,Car(Hatchback),https://patpat.lk/en/ad/vehicle/toyota-prius-2012-286300
Negotiable,"100,000",1496,Automatic,Toyota,2014,"About
                            patpat





About Us
Terms and s
Privacy policy
Partnerships
Ad Upgrade Details
Banner Advertising Details",Premio,Petrol,white,Car(Saloon),https://patpat.lk/en/ad/vehicle/toyota-premio-2014-286273
"6,900,000","245,000",1300,Automatic,Toyota,2013,"About
                            patpat





About Us
Terms and s
Privacy policy
Partnerships
Ad Upgrade Details
Banner Advertising Details",Aqua,Hybrid,other,Car(Hatchback),https://patpat.lk/en/ad/vehicle/toyota-aqua-2013-286287
"5,700,000","190,000",1300,Automatic,Toyota,2009,"About
                            patpat





About Us
Terms and s
Privacy policy
Partnerships
Ad Upgrade Details
Banner Advertising Details",Belta,Petrol,silver,Car(Sedan),https://patpat.lk/en/ad/vehicle/toyota-belta-2009-286125
Negotiable,0,1200,Automatic,Toyota,2013,"About
                            patpat





About Us
Terms and s
Privacy policy
Partnerships
Ad Upgrade Details
Banner Advertising Details",Prius,Petrol,black,Car(Hatchback),https://patpat.lk/en/ad/vehicle/toyota-prius-2013-286097
Negotiable,0,1496,Automatic,Toyota,2012,"About
                            patpat





About Us
Terms and s
Privacy policy
Partnerships
Ad Upgrade Details
Banner Advertising Details",Aqua,Petrol,black,Car(Hatchback),https://patpat.lk/en/ad/vehicle/toyota-aqua-2012-286180
"6,850,000","158,000",1500,Automatic,Toyota,2003,"About
                            patpat





About Us
Terms and s
Privacy policy
Partnerships
Ad Upgrade Details
Banner Advertising Details",Allion,Petrol,white,Car(Hatchback),https://patpat.lk/en/ad/vehicle/toyota-allion-2003-285675
"8,250,000","74,000",1000,Automatic,Toyota,2016,"About
                            patpat





About Us
Terms and s
Privacy policy
Partnerships
Ad Upgrade Details
Banner Advertising Details",Vitz,Petrol,white,Car(Hatchback),https://patpat.lk/en/ad/vehicle/toyota-vitz-2016-286154
"9,300,000","110,000",1500,Automatic,Toyota,2014,"About
                            patpat





About Us
Terms and s
Privacy policy
Partnerships
Ad Upgrade Details
Banner Advertising Details",Axio,Hybrid,white,Car(Hatchback),https://patpat.lk/en/ad/vehicle/toyota-axio-2014-286140
Negotiable,0,1500,Automatic,Toyota,2017,"About
                            patpat





About Us
Terms and s
Privacy policy
Partnerships
Ad Upgrade Details
Banner Advertising Details",Premio,Petrol,white,Car(Sedan),https://patpat.lk/en/ad/vehicle/toyota-premio-2017-285666
"5,600,000","179,000",1500,Automatic,Toyota,2009,"About
                            patpat





About Us
Terms and s
Privacy policy
Partnerships
Ad Upgrade Details
Banner Advertising Details",Vios,Petrol,white,Car(Sedan),https://patpat.lk/en/ad/vehicle/toyota-vios-2009-286020
Negotiable,"23,500",1000,Automatic,Toyota,2023,"About
                            patpat





About Us
Terms and s
Privacy policy
Partnerships
Ad Upgrade Details
Banner Advertising Details",Yaris,Petrol,white,Car(Hatchback),https://patpat.lk/en/ad/vehicle/toyota-yaris-2023-285543
Negotiable,0,1400,Automatic,Toyota,2008,"About
                            patpat





About Us
Terms and s
Privacy policy
Partnerships
Ad Upgrade Details
Banner Advertising Details",Allion,Petrol,red,Car(Hatchback),https://patpat.lk/en/ad/vehicle/toyota-allion-2008-285548
"7,600,000","100,500",1490,Automatic,Toyota,2008,"About
                            patpat





About Us
Terms and s
Privacy policy
Partnerships
Ad Upgrade Details
Banner Advertising Details",Axio,Petrol,gray,Car(Sedan),https://patpat.lk/en/ad/vehicle/toyota-axio-2008-286037
"7,775,000","125,000",1000,Automatic,Toyota,2017,"About
                            patpat





About Us
Terms and s
Privacy policy
Partnerships
Ad Upgrade Details
Banner Advertising Details",Vitz,Petrol,blue,Car(),https://patpat.lk/en/ad/vehicle/toyota-vitz-2017-286070
"9,800,000","180,000",1780,Automatic,Toyota,2011,"About
                            patpat





About Us
Terms and s
Privacy policy
Partnerships
Ad Upgrade Details
Banner Advertising Details",Prius,Petrol,white,Car(Hatchback),https://patpat.lk/en/ad/vehicle/toyota-prius-2011-285535
"7,900,000","183,679",1496,Automatic,Toyota,2015,"About
                            patpat





About Us
Terms and s
Privacy policy
Partnerships
Ad Upgrade Details
Banner Advertising Details",Aqua,Hybrid,black,Car(Hatchback),https://patpat.lk/en/ad/vehicle/toyota-aqua-2015-285714
"7,800,000","124,000",1490,Automatic,Toyota,2014,"About
                            patpat





About Us
Terms and s
Privacy policy
Partnerships
Ad Upgrade Details
Banner Advertising Details",Aqua,Petrol,white,Car(Hatchback),https://patpat.lk/en/ad/vehicle/toyota-aqua-2014-286004
Negotiable,0,1000,Automatic,Toyota,2023,"About
                            patpat





About Us
Terms and s
Privacy policy
Partnerships
Ad Upgrade Details
Banner Advertising Details",Yaris,Petrol,white,Car(Hatchback),https://patpat.lk/en/ad/vehicle/toyota-yaris-2023-285916
"6,475,000","175,000",1600,Automatic,Toyota,2008,"About
                            patpat





About Us
Terms and s
Privacy policy
Partnerships
Ad Upgrade Details
Banner Advertising Details",Corolla,Petrol,black,Car(),https://patpat.lk/en/ad/vehicle/toyota-corolla-2008-285918
"7,450,000","296,358",1000,Automatic,Toyota,2017,"About
                            patpat





About Us
Terms and s
Privacy policy
Partnerships
Ad Upgrade Details
Banner Advertising Details",Vitz,Petrol,black,Car(Hatchback),https://patpat.lk/en/ad/vehicle/toyota-vitz-2017-285921
"7,750,000","138,600",1500,Automatic,Toyota,2015,"About
                            patpat





About Us
Terms and s
Privacy policy
Partnerships
Ad Upgrade Details
Banner Advertising Details",Aqua,Hybrid,orange,Car(Saloon),https://patpat.lk/en/ad/vehicle/toyota-aqua-2015-285992
Negotiable,"164,000",1200,Automatic,Toyota,2007,"About
                            patpat





About Us
Terms and s
Privacy policy
Partnerships
Ad Upgrade Details
Banner Advertising Details",Corolla,Diesel,red,Car(Hatchback),https://patpat.lk/en/ad/vehicle/toyota-corolla-2007-285483
"7,000,000","156,000",1496,Manual,Toyota,2007,"About
                            patpat





About Us
Terms and s
Privacy policy
Partnerships
Ad Upgrade Details
Banner Advertising Details",Axio,Petrol,silver,Car(Sedan),https://patpat.lk/en/ad/vehicle/toyota-axio-2007-285478
"11,400,000","151,000",1500,Automatic,Toyota,2013,"About
                            patpat





About Us
Terms and s
Privacy policy
Partnerships
Ad Upgrade Details
Banner Advertising Details",Premio,Petrol,white,Car(Sedan),https://patpat.lk/en/ad/vehicle/toyota-premio-2013-285959
"9,200,000","4,800",685,Automatic,Toyota,2023,"About
                            patpat





About Us
Terms and s
Privacy policy
Partnerships
Ad Upgrade Details
Banner Advertising Details",Spacio,Petrol,white,Car(Hatchback),https://patpat.lk/en/ad/vehicle/toyota-spacio-2023-285452
"11,250,000",0,1798,Automatic,Toyota,2013,"About
                            patpat





About Us
Terms and s
Privacy policy
Partnerships
Ad Upgrade Details
Banner Advertising Details",Prius,Petrol,red,Car(Hatchback),https://patpat.lk/en/ad/vehicle/toyota-prius-2013-285880
Negotiable,"150,000",1500,Automatic,Toyota,2016,"About
                            patpat





About Us
Terms and s
Privacy policy
Partnerships
Ad Upgrade Details
Banner Advertising Details",Aqua,Petrol,maroon,Car(Hatchback),https://patpat.lk/en/ad/vehicle/toyota-aqua-2016-285790
"8,500,000","154,000",1500,Automatic,Toyota,2014,"About
                            patpat





About Us
Terms and s
Privacy policy
Partnerships
Ad Upgrade Details
Banner Advertising Details",Aqua,Petrol,white,Car(Hatchback),https://patpat.lk/en/ad/vehicle/toyota-aqua-2014-285441
Negotiable,0,1400,Automatic,Toyota,2019,"About
                            patpat





About Us
Terms and s
Privacy policy
Partnerships
Ad Upgrade Details
Banner Advertising Details",Premio,Petrol,maroon,Car(Hatchback),https://patpat.lk/en/ad/vehicle/toyota-premio-2019-285438
"8,475,000","189,000",1500,Automatic,Toyota,2009,"About
                            patpat





About Us
Terms and s
Privacy policy
Partnerships
Ad Upgrade Details
Banner Advertising Details",Premio,Petrol,white,Car(Hatchback),https://patpat.lk/en/ad/vehicle/toyota-premio-2009-285821
Negotiable,"33,000",1000,Automatic,Toyota,2024,"About
                            patpat





About Us
Terms and s
Privacy policy
Partnerships
Ad Upgrade Details
Banner Advertising Details",Yaris,Petrol,white,Car(Hatchback),https://patpat.lk/en/ad/vehicle/toyota-yaris-2024-285824
"9,200,000","28,000",1000,Automatic,Toyota,2023,"About
                            patpat





About Us
Terms and s
Privacy policy
Partnerships
Ad Upgrade Details
Banner Advertising Details",Yaris,Petrol,silver,Car(Hatchback),https://patpat.lk/en/ad/vehicle/toyota-yaris-2023-285826
"9,750,000","70,000",1000,Automatic,Toyota,2024,"About
                            patpat





About Us
Terms and s
Privacy policy
Partnerships
Ad Upgrade Details
Banner Advertising Details",Yaris,Petrol,white,Car(Hatchback),https://patpat.lk/en/ad/vehicle/toyota-yaris-2024-285311
Negotiable,0,1500,Automatic,Toyota,2015,"About
                            patpat





About Us
Terms and s
Privacy policy
Partnerships
Ad Upgrade Details
Banner Advertising Details",Axio,Hybrid,white,Car(Sedan),https://patpat.lk/en/ad/vehicle/toyota-axio-2015-285855
Negotiable,"110,000",1500,Automatic,Toyota,2018,"About
                            patpat





About Us
Terms and s
Privacy policy
Partnerships
Ad Upgrade Details
Banner Advertising Details",Premio,Petrol,white,Car(Hatchback),https://patpat.lk/en/ad/vehicle/toyota-premio-2018-285625
"7,100,000","100,000",1496,Automatic,Toyota,2005,"About
                            patpat





About Us
Terms and s
Privacy policy
Partnerships
Ad Upgrade Details
Banner Advertising Details",Premio,Petrol,silver,Car(Hatchback),https://patpat.lk/en/ad/vehicle/toyota-premio-2005-285814
"3,300,000","300,000",1490,Manual,Toyota,2000,"About
                            patpat





About Us
Terms and s
Privacy policy
Partnerships
Ad Upgrade Details
Banner Advertising Details",Platz,Petrol,silver,Car(Sedan),https://patpat.lk/en/ad/vehicle/toyota-platz-2000-285851
"10,800,000",0,1298,Automatic,Toyota,2026,"About
                            patpat





About Us
Terms and s
Privacy policy
Partnerships
Ad Upgrade Details
Banner Advertising Details",Yaris,Petrol,white,Car(Hatchback),https://patpat.lk/en/ad/vehicle/toyota-yaris-2026-285313
"16,700,000",0,1200,Automatic,Toyota,2025,"About
                            patpat





About Us
Terms and s
Privacy policy
Partnerships
Ad Upgrade Details
Banner Advertising Details",Yaris Ativ,Petrol,white,Car(Saloon),https://patpat.lk/en/ad/vehicle/toyota-yaris-ativ-2025-285745
Negotiable,0,1790,Automatic,Toyota,2016,"About
                            patpat





About Us
Terms and s
Privacy policy
Partnerships
Ad Upgrade Details
Banner Advertising Details",Prius,Petrol,white,Car(Hatchback),https://patpat.lk/en/ad/vehicle/toyota-prius-2016-285756
"10,300,000","177,000",1500,Automatic,Toyota,2015,"About
                            patpat





About Us
Terms and s
Privacy policy
Partnerships
Ad Upgrade Details
Banner Advertising Details",Axio,Petrol,black,Car(Sedan),https://patpat.lk/en/ad/vehicle/toyota-axio-2015-285777
"8,450,000","80,000",1000,Automatic,Toyota,2018,"About
                            patpat





About Us
Terms and s
Privacy policy
Partnerships
Ad Upgrade Details
Banner Advertising Details",Vitz,Petrol,white,Car(Hatchback),https://patpat.lk/en/ad/vehicle/toyota-vitz-2018-285781
Negotiable,"100,000",1496,Automatic,Toyota,2014,"About
                            patpat





About Us
Terms and s
Privacy policy
Partnerships
Ad Upgrade Details
Banner Advertising Details",Axio,Petrol,silver,Car(Saloon),https://patpat.lk/en/ad/vehicle/toyota-axio-2014-285815
"6,975,000","203,000",1000,Automatic,Toyota,2008,"About
                            patpat





About Us
Terms and s
Privacy policy
Partnerships
Ad Upgrade Details
Banner Advertising Details",Axio,Petrol,silver,Car(Hatchback),https://patpat.lk/en/ad/vehicle/toyota-axio-2008-285743
"8,900,000","160,000",1500,Automatic,Toyota,2015,"About
                            patpat





About Us
Terms and s
Privacy policy
Partnerships
Ad Upgrade Details
Banner Advertising Details",Aqua,Petrol,black,Car(Hatchback),https://patpat.lk/en/ad/vehicle/toyota-aqua-2015-285285
"6,375,000","212,000",1300,Automatic,Toyota,2007,"About
                            patpat





About Us
Terms and s
Privacy policy
Partnerships
Ad Upgrade Details
Banner Advertising Details",Belta,Petrol,white,Car(Sedan),https://patpat.lk/en/ad/vehicle/toyota-belta-2007-285093
Negotiable,"120,000",1200,Automatic,Toyota,2014,"About
                            patpat





About Us
Terms and s
Privacy policy
Partnerships
Ad Upgrade Details
Banner Advertising Details",Axio,Petrol,white,Car(Sedan),https://patpat.lk/en/ad/vehicle/toyota-axio-2014-285710
Negotiable,"14,800,000",1000,Automatic,Toyota,2000,"About
                            patpat





About Us
Terms and s
Privacy policy
Partnerships
Ad Upgrade Details
Banner Advertising Details",Vitz,Petrol,white,Car(Hatchback),https://patpat.lk/en/ad/vehicle/toyota-vitz-2000-285659
"7,100,000","143,000",1000,Automatic,Toyota,2015,"About
                            patpat





About Us
Terms and s
Privacy policy
Partnerships
Ad Upgrade Details
Banner Advertising Details",Vitz,Petrol,red,Car(Hatchback),https://patpat.lk/en/ad/vehicle/toyota-vitz-2015-285667
"5,200,000","9,600,000",1000,Automatic,Toyota,2015,"About
                            patpat





About Us
Terms and s
Privacy policy
Partnerships
Ad Upgrade Details
Banner Advertising Details",Vitz,Petrol,black,Car(Hatchback),https://patpat.lk/en/ad/vehicle/toyota-vitz-2015-285657
"4,300,000","12,300,000",1000,Automatic,Toyota,2005,"About
                            patpat





About Us
Terms and s
Privacy policy
Partnerships
Ad Upgrade Details
Banner Advertising Details",Vitz,Petrol,white,Car(Hatchback),https://patpat.lk/en/ad/vehicle/toyota-vitz-2005-285650
Negotiable,"203,241",1490,Manual,Toyota,2008,"About
                            patpat





About Us
Terms and s
Privacy policy
Partnerships
Ad Upgrade Details
Banner Advertising Details",Prius,Hybrid,gray,Car(Saloon),https://patpat.lk/en/ad/vehicle/toyota-prius-2008-285412
"5,500,000","163,231",1497,Automatic,Toyota,2003,"About
                            patpat





About Us
Terms and s
Privacy policy
Partnerships
Ad Upgrade Details
Banner Advertising Details",Vios,Petrol,silver,Car(Sedan),https://patpat.lk/en/ad/vehicle/toyota-vios-2003-285596
"7,400,000","140,000",1490,Automatic,Toyota,2012,"About
                            patpat





About Us
Terms and s
Privacy policy
Partnerships
Ad Upgrade Details
Banner Advertising Details",Aqua,Petrol,silver,Car(Liftback),https://patpat.lk/en/ad/vehicle/toyota-aqua-2012-285542
"7,150,000","100,000",1000,Automatic,Toyota,2013,"About
                            patpat





About Us
Terms and s
Privacy policy
Partnerships
Ad Upgrade Details
Banner Advertising Details",Aqua,Petrol,blue,Car(Convertible),https://patpat.lk/en/ad/vehicle/toyota-aqua-2013-285494
"6,700,000","172,000",1500,Automatic,Toyota,2010,"About
                            patpat





About Us
Terms and s
Privacy policy
Partnerships
Ad Upgrade Details
Banner Advertising Details",Prius,Petrol,white,Car(Hatchback),https://patpat.lk/en/ad/vehicle/toyota-prius-2010-285430
"7,350,000","189,000",1600,Automatic,Toyota,2003,"About
                            patpat





About Us
Terms and s
Privacy policy
Partnerships
Ad Upgrade Details
Banner Advertising Details",Allion,Petrol,white,Car(Saloon),https://patpat.lk/en/ad/vehicle/toyota-allion-2003-285434
Negotiable,0,1500,Automatic,Toyota,2014,"About
                            patpat





About Us
Terms and s
Privacy policy
Partnerships
Ad Upgrade Details
Banner Advertising Details",Prius,Hybrid,white,Car(Hatchback),https://patpat.lk/en/ad/vehicle/toyota-prius-2014-285389
Negotiable,0,1500,Automatic,Toyota,2013,"About
                            patpat





About Us
Terms and s
Privacy policy
Partnerships
Ad Upgrade Details
Banner Advertising Details",Premio,Petrol,white,Car(Hatchback),https://patpat.lk/en/ad/vehicle/toyota-premio-2013-285401
Negotiable,"200,000",1800,Automatic,Toyota,2013,"About
                            patpat





About Us
Terms and s
Privacy policy
Partnerships
Ad Upgrade Details
Banner Advertising Details",Prius,Hybrid,silver,Car(Hatchback),https://patpat.lk/en/ad/vehicle/toyota-prius-2013-285376
Negotiable,"172,411",1490,Manual,Toyota,2012,"About
                            patpat





About Us
Terms and s
Privacy policy
Partnerships
Ad Upgrade Details
Banner Advertising Details",Aqua,Petrol,yellow,Car(Hatchback),https://patpat.lk/en/ad/vehicle/toyota-aqua-2012-285397
"8,550,000","6,600",660,Automatic,Toyota,2023,"About
                            patpat





About Us
Terms and s
Privacy policy
Partnerships
Ad Upgrade Details
Banner Advertising Details",Yaris,Petrol,black,Car(Hatchback),https://patpat.lk/en/ad/vehicle/toyota-yaris-2023-285135
"9,500,000","30,000",996,Automatic,Toyota,2023,"About
                            patpat





About Us
Terms and s
Privacy policy
Partnerships
Ad Upgrade Details
Banner Advertising Details",Yaris,Petrol,white,Car(Sedan),https://patpat.lk/en/ad/vehicle/toyota-yaris-2023-285053
Negotiable,0,1490,Automatic,Toyota,2015,"About
                            patpat





About Us
Terms and s
Privacy policy
Partnerships
Ad Upgrade Details
Banner Advertising Details",Aqua,Hybrid,gray,Car(Sedan),https://patpat.lk/en/ad/vehicle/toyota-aqua-2015-285254
"13,000,000",N/A,N/A,"Automatic



Manual



Other



Tiptronic",,N/A,"About
                            patpat





About Us
Terms and s
Privacy policy
Partnerships
Ad Upgrade Details
Banner Advertising Details",,"Diesel



Electric



Hybrid



Petrol",N/A,"Bike



Bus



Car



Heavy



Land



SUV



Three wheeler



Truck



Van



Pick-up 



Multi Purpose",https://patpat.lk/en/sri-lanka/vehicle/car/toyota?page=11
"8,700,000","190,000",1500,Automatic,Toyota,2014,"About
                            patpat





About Us
Terms and s
Privacy policy
Partnerships
Ad Upgrade Details
Banner Advertising Details",Axio,Hybrid,other,Car(Sedan),https://patpat.lk/en/ad/vehicle/toyota-axio-2014-285244
"9,600,000","130,000",1496,Automatic,Toyota,2012,"About
                            patpat





About Us
Terms and s
Privacy policy
Partnerships
Ad Upgrade Details
Banner Advertising Details",Prius,Petrol,white,Car(Hatchback),https://patpat.lk/en/ad/vehicle/toyota-prius-2012-285242
"7,800,000","1,000",1000,Automatic,Toyota,2017,"About
                            patpat





About Us
Terms and s
Privacy policy
Partnerships
Ad Upgrade Details
Banner Advertising Details",Vitz,Petrol,black,Car(Hatchback),https://patpat.lk/en/ad/vehicle/toyota-vitz-2017-285236
Negotiable,0,1500,Automatic,Toyota,2014,"About
                            patpat





About Us
Terms and s
Privacy policy
Partnerships
Ad Upgrade Details
Banner Advertising Details",Prius,Petrol,black,Car(Convertible),https://patpat.lk/en/ad/vehicle/toyota-prius-2014-285171
"8,600,000","72,000",1300,Automatic,Toyota,2018,"About
                            patpat





About Us
Terms and s
Privacy policy
Partnerships
Ad Upgrade Details
Banner Advertising Details",Vitz,Hybrid,red,Car(Hatchback),https://patpat.lk/en/ad/vehicle/toyota-vitz-2018-285238
"7,450,000","149,000",1496,Automatic,Toyota,2013,"About
                            patpat





About Us
Terms and s
Privacy policy
Partnerships
Ad Upgrade Details
Banner Advertising Details",Aqua,Petrol,black,Car(Hatchback),https://patpat.lk/en/ad/vehicle/toyota-aqua-2013-285232
"13,500,000","137,000",1500,Automatic,Toyota,2015,"About
                            patpat





About Us
Terms and s
Privacy policy
Partnerships
Ad Upgrade Details
Banner Advertising Details",Premio,Petrol,white,Car(Sedan),https://patpat.lk/en/ad/vehicle/toyota-premio-2015-285220
"13,500,000","137,000",1500,Automatic,Toyota,2015,"About
                            patpat





About Us
Terms and s
Privacy policy
Partnerships
Ad Upgrade Details
Banner Advertising Details",Premio,Petrol,white,Car(Sedan),https://patpat.lk/en/ad/vehicle/toyota-premio-2015-285158
"9,500,000",350,1000,Automatic,Toyota,2025,"About
                            patpat





About Us
Terms and s
Privacy policy
Partnerships
Ad Upgrade Details
Banner Advertising Details",Yaris,Petrol,black,Car(Saloon),https://patpat.lk/en/ad/vehicle/toyota-yaris-2025-285195
"8,400,000","89,000",1496,Automatic,Toyota,2015,"About
                            patpat





About Us
Terms and s
Privacy policy
Partnerships
Ad Upgrade Details
Banner Advertising Details",Aqua,Petrol,white,Car(Liftback),https://patpat.lk/en/ad/vehicle/toyota-aqua-2015-284968
Negotiable,"115,000",1200,Automatic,Toyota,2014,"About
                            patpat





About Us
Terms and s
Privacy policy
Partnerships
Ad Upgrade Details
Banner Advertising Details",Aqua,Hybrid,red,Car(Sedan),https://patpat.lk/en/ad/vehicle/toyota-aqua-2014-285056
"6,975,000","203,000",1490,Automatic,Toyota,2008,"About
                            patpat





About Us
Terms and s
Privacy policy
Partnerships
Ad Upgrade Details
Banner Advertising Details",Axio,Petrol,silver,Car(Sedan),https://patpat.lk/en/ad/vehicle/toyota-axio-2008-285022
"9,990,000","29,500",1000,Automatic,Toyota,2023,"About
                            patpat





About Us
Terms and s
Privacy policy
Partnerships
Ad Upgrade Details
Banner Advertising Details",Yaris,Petrol,blue,Car(Hatchback),https://patpat.lk/en/ad/vehicle/toyota-yaris-2023-284805
Negotiable,0,1330,Automatic,Toyota,2012,"About
                            patpat





About Us
Terms and s
Privacy policy
Partnerships
Ad Upgrade Details
Banner Advertising Details",Prius,Petrol,white,Car(Hatchback),https://patpat.lk/en/ad/vehicle/toyota-prius-2012-284806
"5,450,000","160,000",1500,Automatic,Toyota,1999,"About
                            patpat





About Us
Terms and s
Privacy policy
Partnerships
Ad Upgrade Details
Banner Advertising Details",Carina,Petrol,navy,Car(Saloon),https://patpat.lk/en/ad/vehicle/toyota-carina-1999-284817
Negotiable,0,1300,Automatic,Toyota,2003,"About
                            patpat





About Us
Terms and s
Privacy policy
Partnerships
Ad Upgrade Details
Banner Advertising Details",IST,Petrol,silver,Car(),https://patpat.lk/en/ad/vehicle/toyota-ist-2003-284933
Negotiable,"1,500,000",1300,Manual,Toyota,1991,"About
                            patpat





About Us
Terms and s
Privacy policy
Partnerships
Ad Upgrade Details
Banner Advertising Details",Corolla,Petrol,white,Car(Sedan),https://patpat.lk/en/ad/vehicle/toyota-corolla-1991-284901
Negotiable,0,1490,Automatic,Toyota,2018,"About
                            patpat





About Us
Terms and s
Privacy policy
Partnerships
Ad Upgrade Details
Banner Advertising Details",Premio,Petrol,white,Car(Liftback),https://patpat.lk/en/ad/vehicle/toyota-premio-2018-284926
Negotiable,0,1800,Automatic,Toyota,2013,"About
                            patpat





About Us
Terms and s
Privacy policy
Partnerships
Ad Upgrade Details
Banner Advertising Details",Prius,Petrol,white,Car(),https://patpat.lk/en/ad/vehicle/toyota-prius-2013-284924
"8,400,000","153,000",1500,Automatic,Toyota,2008,"About
                            patpat





About Us
Terms and s
Privacy policy
Partnerships
Ad Upgrade Details
Banner Advertising Details",Allion,Petrol,white,Car(Saloon),https://patpat.lk/en/ad/vehicle/toyota-allion-2008-284897
"10,200,000",N/A,N/A,"Automatic



Manual



Other



Tiptronic",,N/A,"About
                            patpat





About Us
Terms and s
Privacy policy
Partnerships
Ad Upgrade Details
Banner Advertising Details",,"Diesel



Electric



Hybrid



Petrol",N/A,"Bike



Bus



Car



Heavy



Land



SUV



Three wheeler



Truck



Van



Pick-up 



Multi Purpose",https://patpat.lk/en/sri-lanka/vehicle/car/toyota?page=12
Negotiable,0,1000,Automatic,Toyota,2013,"About
                            patpat





About Us
Terms and s
Privacy policy
Partnerships
Ad Upgrade Details
Banner Advertising Details",Aqua,Petrol,blue,Car(Hatchback),https://patpat.lk/en/ad/vehicle/toyota-aqua-2013-284796
Negotiable,0,1000,Automatic,Toyota,2007,"About
                            patpat





About Us
Terms and s
Privacy policy
Partnerships
Ad Upgrade Details
Banner Advertising Details",Passo,Petrol,green,Car(Hatchback),https://patpat.lk/en/ad/vehicle/toyota-passo-2007-284803
Negotiable,"82,000",996,Automatic,Toyota,2008,"About
                            patpat





About Us
Terms and s
Privacy policy
Partnerships
Ad Upgrade Details
Banner Advertising Details",Vitz,Petrol,white,Car(Hatchback),https://patpat.lk/en/ad/vehicle/toyota-vitz-2008-284354
Negotiable,0,1300,Automatic,Toyota,2024,"About
                            patpat





About Us
Terms and s
Privacy policy
Partnerships
Ad Upgrade Details
Banner Advertising Details",Yaris,Petrol,white,Car(Hatchback),https://patpat.lk/en/ad/vehicle/toyota-yaris-2024-284405
Negotiable,"112,000",1500,Automatic,Toyota,2016,"About
                            patpat





About Us
Terms and s
Privacy policy
Partnerships
Ad Upgrade Details
Banner Advertising Details",Axio,Hybrid,other,Car(Saloon),https://patpat.lk/en/ad/vehicle/toyota-axio-2016-284551
Negotiable,0,1500,Automatic,Toyota,2015,"About
                            patpat





About Us
Terms and s
Privacy policy
Partnerships
Ad Upgrade Details
Banner Advertising Details",Premio,Hybrid,other,Car(Saloon),https://patpat.lk/en/ad/vehicle/toyota-premio-2015-284554
Negotiable,0,1500,Automatic,Toyota,2014,"About
                            patpat





About Us
Terms and s
Privacy policy
Partnerships
Ad Upgrade Details
Banner Advertising Details",Axio,Hybrid,gray,Car(Saloon),https://patpat.lk/en/ad/vehicle/toyota-axio-2014-284735
Negotiable,"164,000",1500,Automatic,Toyota,2013,"About
                            patpat





About Us
Terms and s
Privacy policy
Partnerships
Ad Upgrade Details
Banner Advertising Details",Premio,Hybrid,white,Car(Saloon),https://patpat.lk/en/ad/vehicle/toyota-premio-2013-284739
"7,150,000",0,1500,Automatic,Toyota,2012,"About
                            patpat





About Us
Terms and s
Privacy policy
Partnerships
Ad Upgrade Details
Banner Advertising Details",Aqua,Hybrid,white,Car(Hatchback),https://patpat.lk/en/ad/vehicle/toyota-aqua-2012-284738
"6,250,000","210,000",1590,Automatic,Toyota,2008,"About
                            patpat





About Us
Terms and s
Privacy policy
Partnerships
Ad Upgrade Details
Banner Advertising Details",Corolla,Petrol,black,Car(Hatchback),https://patpat.lk/en/ad/vehicle/toyota-corolla-2008-284734
Negotiable,0,1500,Manual,Toyota,1982,"About
                            patpat





About Us
Terms and s
Privacy policy
Partnerships
Ad Upgrade Details
Banner Advertising Details",Corolla,Diesel,white,Car(Hatchback),https://patpat.lk/en/ad/vehicle/toyota-corolla-1982-284649
Negotiable,0,1500,Automatic,Toyota,2016,"About
                            patpat





About Us
Terms and s
Privacy policy
Partnerships
Ad Upgrade Details
Banner Advertising Details",Allion,Petrol,red,Car(Saloon),https://patpat.lk/en/ad/vehicle/toyota-allion-2016-284723
Negotiable,"150,000",1492,Automatic,Toyota,2004,"About
                            patpat





About Us
Terms and s
Privacy policy
Partnerships
Ad Upgrade Details
Banner Advertising Details",Vios,Petrol,blue,Car(Sedan),https://patpat.lk/en/ad/vehicle/toyota-vios-2004-284620
"7,000,000","172,000",1490,Automatic,Toyota,2008,"About
                            patpat





About Us
Terms and s
Privacy policy
Partnerships
Ad Upgrade Details
Banner Advertising Details",Prius,Hybrid,silver,Car(Hatchback),https://patpat.lk/en/ad/vehicle/toyota-prius-2008-284701
"6,590,000","51,000",1000,Automatic,Toyota,2018,"About
                            patpat





About Us
Terms and s
Privacy policy
Partnerships
Ad Upgrade Details
Banner Advertising Details",Wigo,Petrol,white,Car(Hatchback),https://patpat.lk/en/ad/vehicle/toyota-wigo-2018-284434
"13,000,000","125,000",1500,Automatic,Toyota,2018,"About
                            patpat





About Us
Terms and s
Privacy policy
Partnerships
Ad Upgrade Details
Banner Advertising Details",Axio,Hybrid,red,Car(Sedan),https://patpat.lk/en/ad/vehicle/toyota-axio-2018-284499
"6,790,000","116,000",1500,Automatic,Toyota,2015,"About
                            patpat





About Us
Terms and s
Privacy policy
Partnerships
Ad Upgrade Details
Banner Advertising Details",Vitz,Diesel,black,Car(Hatchback),https://patpat.lk/en/ad/vehicle/toyota-vitz-2015-284503
"11,700,000","106,000",1500,Automatic,Toyota,2014,"About
                            patpat





About Us
Terms and s
Privacy policy
Partnerships
Ad Upgrade Details
Banner Advertising Details",Premio,Petrol,white,Car(Saloon),https://patpat.lk/en/ad/vehicle/toyota-premio-2014-284512
"16,900,000","113,000",1500,Automatic,Toyota,2019,"About
                            patpat





About Us
Terms and s
Privacy policy
Partnerships
Ad Upgrade Details
Banner Advertising Details",Premio,Petrol,white,Car(Saloon),https://patpat.lk/en/ad/vehicle/toyota-premio-2019-284619
"12,800,000","145,000",1500,Automatic,Toyota,2018,"About
                            patpat





About Us
Terms and s
Privacy policy
Partnerships
Ad Upgrade Details
Banner Advertising Details",Axio,Hybrid,white,Car(Sedan),https://patpat.lk/en/ad/vehicle/toyota-axio-2018-284647
Negotiable,N/A,N/A,"Automatic



Manual



Other



Tiptronic",,N/A,"About
                            patpat





About Us
Terms and s
Privacy policy
Partnerships
Ad Upgrade Details
Banner Advertising Details",,"Diesel



Electric



Hybrid



Petrol",N/A,"Bike



Bus



Car



Heavy



Land



SUV



Three wheeler



Truck



Van



Pick-up 



Multi Purpose",https://patpat.lk/en/sri-lanka/vehicle/car/toyota?page=13
"9,800,000","128,000",1500,Automatic,Toyota,2010,"About
                            patpat





About Us
Terms and s
Privacy policy
Partnerships
Ad Upgrade Details
Banner Advertising Details",Allion,Petrol,red,Car(Saloon),https://patpat.lk/en/ad/vehicle/toyota-allion-2010-284651
"9,350,000","165,000",1500,Automatic,Toyota,2014,"About
                            patpat





About Us
Terms and s
Privacy policy
Partnerships
Ad Upgrade Details
Banner Advertising Details",Axio,Hybrid,white,Car(Sedan),https://patpat.lk/en/ad/vehicle/toyota-axio-2014-284635
Negotiable,0,1500,Automatic,Toyota,2015,"About
                            patpat





About Us
Terms and s
Privacy policy
Partnerships
Ad Upgrade Details
Banner Advertising Details",Axio,Petrol,black,Car(Liftback),https://patpat.lk/en/ad/vehicle/toyota-axio-2015-284478
Negotiable,0,2000,Automatic,Toyota,2018,"About
                            patpat





About Us
Terms and s
Privacy policy
Partnerships
Ad Upgrade Details
Banner Advertising Details",Premio,Petrol,maroon,Car(Liftback),https://patpat.lk/en/ad/vehicle/toyota-premio-2018-284482
Negotiable,"163,000",1500,Automatic,Toyota,2016,"About
                            patpat





About Us
Terms and s
Privacy policy
Partnerships
Ad Upgrade Details
Banner Advertising Details",Prius,Hybrid,white,Car(Liftback),https://patpat.lk/en/ad/vehicle/toyota-prius-2016-284492
Negotiable,0,1490,Automatic,Toyota,2017,"About
                            patpat





About Us
Terms and s
Privacy policy
Partnerships
Ad Upgrade Details
Banner Advertising Details",Aqua,Petrol,gray,Car(Convertible),https://patpat.lk/en/ad/vehicle/toyota-aqua-2017-284441
Negotiable,"110,000",1500,Automatic,Toyota,2015,"About
                            patpat





About Us
Terms and s
Privacy policy
Partnerships
Ad Upgrade Details
Banner Advertising Details",Premio,Petrol,maroon,Car(Saloon),https://patpat.lk/en/ad/vehicle/toyota-premio-2015-284414
"5,475,000","140,000",1000,Automatic,Toyota,2008,"About
                            patpat





About Us
Terms and s
Privacy policy
Partnerships
Ad Upgrade Details
Banner Advertising Details",Vitz,Petrol,silver,Car(Hatchback),https://patpat.lk/en/ad/vehicle/toyota-vitz-2008-284493
Negotiable,"148,300",1300,Automatic,Toyota,2007,"About
                            patpat





About Us
Terms and s
Privacy policy
Partnerships
Ad Upgrade Details
Banner Advertising Details",Yaris,Petrol,silver,Car(Sedan),https://patpat.lk/en/ad/vehicle/toyota-yaris-2007-284000
Negotiable,0,990,Automatic,Toyota,2015,"About
                            patpat





About Us
Terms and s
Privacy policy
Partnerships
Ad Upgrade Details
Banner Advertising Details",Vitz,Petrol,silver,Car(Sedan),https://patpat.lk/en/ad/vehicle/toyota-vitz-2015-284385
"9,625,000","29,000",1000,Automatic,Toyota,2023,"About
                            patpat





About Us
Terms and s
Privacy policy
Partnerships
Ad Upgrade Details
Banner Advertising Details",Yaris,Petrol,black,Car(Hatchback),https://patpat.lk/en/ad/vehicle/toyota-yaris-2023-284384
"5,600,000","230,000",1500,Automatic,Toyota,2007,"About
                            patpat





About Us
Terms and s
Privacy policy
Partnerships
Ad Upgrade Details
Banner Advertising Details",Vios,Petrol,gold,Car(Saloon),https://patpat.lk/en/ad/vehicle/toyota-vios-2007-284371
Negotiable,"140,000",0,Automatic,Toyota,2008,"About
                            patpat





About Us
Terms and s
Privacy policy
Partnerships
Ad Upgrade Details
Banner Advertising Details",Premio,Petrol,white,Car(Saloon),https://patpat.lk/en/ad/vehicle/toyota-premio-2008-284362
Negotiable,"141,574",1200,Automatic,Toyota,2014,"About
                            patpat





About Us
Terms and s
Privacy policy
Partnerships
Ad Upgrade Details
Banner Advertising Details",Prius,Petrol,silver,Car(Sports),https://patpat.lk/en/ad/vehicle/toyota-prius-2014-284369
"10,200,000","198,000",1500,Automatic,Toyota,2012,"About
                            patpat





About Us
Terms and s
Privacy policy
Partnerships
Ad Upgrade Details
Banner Advertising Details",Prius,Hybrid,black,Car(Liftback),https://patpat.lk/en/ad/vehicle/toyota-prius-2012-284296
"7,200,000","196,000",1500,Automatic,Toyota,2012,"About
                            patpat





About Us
Terms and s
Privacy policy
Partnerships
Ad Upgrade Details
Banner Advertising Details",Aqua,Hybrid,black,Car(Hatchback),https://patpat.lk/en/ad/vehicle/toyota-aqua-2012-284298
Negotiable,"212,807",990,Automatic,Toyota,2006,"About
                            patpat





About Us
Terms and s
Privacy policy
Partnerships
Ad Upgrade Details
Banner Advertising Details",Vitz,Petrol,silver,Car(Sedan),https://patpat.lk/en/ad/vehicle/toyota-vitz-2006-283991
Negotiable,"1,590,000",1800,Automatic,Toyota,2013,"About
                            patpat





About Us
Terms and s
Privacy policy
Partnerships
Ad Upgrade Details
Banner Advertising Details",Prius,Petrol,black,Car(Hatchback),https://patpat.lk/en/ad/vehicle/toyota-prius-2013-283910
"3,200,000","100,000",1300,Manual,Toyota,1996,"About
                            patpat





About Us
Terms and s
Privacy policy
Partnerships
Ad Upgrade Details
Banner Advertising Details",Corolla,Petrol,white,Car(Saloon),https://patpat.lk/en/ad/vehicle/toyota-corolla-1996-283818
Negotiable,"100,000",996,Automatic,Toyota,2007,"About
                            patpat





About Us
Terms and s
Privacy policy
Partnerships
Ad Upgrade Details
Banner Advertising Details",Passo,Petrol,green,Car(Hatchback),https://patpat.lk/en/ad/vehicle/toyota-passo-2007-284228
"4,900,000",N/A,N/A,"Automatic



Manual



Other



Tiptronic",,N/A,"About
                            patpat





About Us
Terms and s
Privacy policy
Partnerships
Ad Upgrade Details
Banner Advertising Details",,"Diesel



Electric



Hybrid



Petrol",N/A,"Bike



Bus



Car



Heavy



Land



SUV



Three wheeler



Truck



Van



Pick-up 



Multi Purpose",https://patpat.lk/en/sri-lanka/vehicle/car/toyota?page=14
Negotiable,0,1300,Manual,Toyota,2005,"About
                            patpat





About Us
Terms and s
Privacy policy
Partnerships
Ad Upgrade Details
Banner Advertising Details",Corolla,Petrol,brown,Car(Hatchback),https://patpat.lk/en/ad/vehicle/toyota-corolla-2005-283835
"6,900,000","182,000",1500,Automatic,Toyota,2012,"About
                            patpat





About Us
Terms and s
Privacy policy
Partnerships
Ad Upgrade Details
Banner Advertising Details",Aqua,Hybrid,blue,Car(Hatchback),https://patpat.lk/en/ad/vehicle/toyota-aqua-2012-284055
Negotiable,"95,000",1500,Automatic,Toyota,2017,"About
                            patpat





About Us
Terms and s
Privacy policy
Partnerships
Ad Upgrade Details
Banner Advertising Details",Premio,Hybrid,white,Car(Saloon),https://patpat.lk/en/ad/vehicle/toyota-premio-2017-284025
Negotiable,0,1500,Automatic,Toyota,2011,"About
                            patpat





About Us
Terms and s
Privacy policy
Partnerships
Ad Upgrade Details
Banner Advertising Details",Prius,Hybrid,other,Car(Saloon),https://patpat.lk/en/ad/vehicle/toyota-prius-2011-284023
"7,300,000","186,000",1490,Automatic,Toyota,2013,"About
                            patpat





About Us
Terms and s
Privacy policy
Partnerships
Ad Upgrade Details
Banner Advertising Details",Aqua,Petrol,black,Car(Hatchback),https://patpat.lk/en/ad/vehicle/toyota-aqua-2013-284099
"5,175,000","80,000",1500,Manual,Toyota,2003,"About
                            patpat





About Us
Terms and s
Privacy policy
Partnerships
Ad Upgrade Details
Banner Advertising Details",Vios,Petrol,gold,Car(Saloon),https://patpat.lk/en/ad/vehicle/toyota-vios-2003-283788
"10,500,000","180,000",1500,Automatic,Toyota,2013,"About
                            patpat





About Us
Terms and s
Privacy policy
Partnerships
Ad Upgrade Details
Banner Advertising Details",Premio,Hybrid,white,Car(Saloon),https://patpat.lk/en/ad/vehicle/toyota-premio-2013-283794
Negotiable,"161,000",1500,Automatic,Toyota,2010,"About
                            patpat





About Us
Terms and s
Privacy policy
Partnerships
Ad Upgrade Details
Banner Advertising Details",Premio,Petrol,maroon,Car(Sedan),https://patpat.lk/en/ad/vehicle/toyota-premio-2010-283691
"8,990,000","125,000",1500,Automatic,Toyota,2014,"About
                            patpat





About Us
Terms and s
Privacy policy
Partnerships
Ad Upgrade Details
Banner Advertising Details",Aqua,Hybrid,yellow,Car(Hatchback),https://patpat.lk/en/ad/vehicle/toyota-aqua-2014-284156
"8,250,000","195,000",1500,Automatic,Toyota,2014,"About
                            patpat





About Us
Terms and s
Privacy policy
Partnerships
Ad Upgrade Details
Banner Advertising Details",Aqua,Hybrid,white,Car(Liftback),https://patpat.lk/en/ad/vehicle/toyota-aqua-2014-284056
"1,690,000","100,000",1970,Manual,Toyota,1990,"About
                            patpat





About Us
Terms and s
Privacy policy
Partnerships
Ad Upgrade Details
Banner Advertising Details",Corolla,Diesel,white,Car(Hatchback),https://patpat.lk/en/ad/vehicle/toyota-corolla-1990-283417
"9,575,000","21,000",650,Automatic,Toyota,2023,"About
                            patpat





About Us
Terms and s
Privacy policy
Partnerships
Ad Upgrade Details
Banner Advertising Details",Yaris,Petrol,white,Car(Hatchback),https://patpat.lk/en/ad/vehicle/toyota-yaris-2023-284140
"8,700,000","30,000",998,Automatic,Toyota,2023,"About
                            patpat





About Us
Terms and s
Privacy policy
Partnerships
Ad Upgrade Details
Banner Advertising Details",Yaris,Petrol,silver,Car(Hatchback),https://patpat.lk/en/ad/vehicle/toyota-yaris-2023-284116
Negotiable,"121,500",1500,Automatic,Toyota,2018,"About
                            patpat





About Us
Terms and s
Privacy policy
Partnerships
Ad Upgrade Details
Banner Advertising Details",Premio,Hybrid,white,Car(Saloon),https://patpat.lk/en/ad/vehicle/toyota-premio-2018-284019
Negotiable,"150,000",1797,Automatic,Toyota,2013,"About
                            patpat





About Us
Terms and s
Privacy policy
Partnerships
Ad Upgrade Details
Banner Advertising Details",Premio,Petrol,white,Car(Saloon),https://patpat.lk/en/ad/vehicle/toyota-premio-2013-284134
"4,800,000","88,000",1496,Automatic,Toyota,2003,"About
                            patpat





About Us
Terms and s
Privacy policy
Partnerships
Ad Upgrade Details
Banner Advertising Details",Vios,Petrol,yellow,Car(Sedan),https://patpat.lk/en/ad/vehicle/toyota-vios-2003-283687
Negotiable,0,1500,Automatic,Toyota,2011,"About
                            patpat





About Us
Terms and s
Privacy policy
Partnerships
Ad Upgrade Details
Banner Advertising Details",Prius,Hybrid,silver,Car(Saloon),https://patpat.lk/en/ad/vehicle/toyota-prius-2011-284120
"8,600,000","200,000",1496,Automatic,Toyota,2011,"About
                            patpat





About Us
Terms and s
Privacy policy
Partnerships
Ad Upgrade Details
Banner Advertising Details",Premio,Petrol,black,Car(Sedan),https://patpat.lk/en/ad/vehicle/toyota-premio-2011-283931
"7,500,000","215,000",1500,Automatic,Toyota,2014,"About
                            patpat





About Us
Terms and s
Privacy policy
Partnerships
Ad Upgrade Details
Banner Advertising Details",Aqua,Petrol,blue,Car(Hatchback),https://patpat.lk/en/ad/vehicle/toyota-aqua-2014-283938
Negotiable,"280,000",1000,Automatic,Toyota,2002,"About
                            patpat





About Us
Terms and s
Privacy policy
Partnerships
Ad Upgrade Details
Banner Advertising Details",Corolla,Petrol,blue,Car(Saloon),https://patpat.lk/en/ad/vehicle/toyota-corolla-2002-284081
"2,950,000",N/A,N/A,"Automatic



Manual



Other



Tiptronic",,N/A,"About
                            patpat





About Us
Terms and s
Privacy policy
Partnerships
Ad Upgrade Details
Banner Advertising Details",,"Diesel



Electric



Hybrid



Petrol",N/A,"Bike



Bus



Car



Heavy



Land



SUV



Three wheeler



Truck



Van



Pick-up 



Multi Purpose",https://patpat.lk/en/sri-lanka/vehicle/car/toyota?page=15
Negotiable,"218,000",1500,Automatic,Toyota,2013,"About
                            patpat





About Us
Terms and s
Privacy policy
Partnerships
Ad Upgrade Details
Banner Advertising Details",Axio,Petrol,black,Car(Hatchback),https://patpat.lk/en/ad/vehicle/toyota-axio-2013-284085
"14,700,000","88,000",1500,Automatic,Toyota,2018,"About
                            patpat





About Us
Terms and s
Privacy policy
Partnerships
Ad Upgrade Details
Banner Advertising Details",Axio,Hybrid,white,Car(Saloon),https://patpat.lk/en/ad/vehicle/toyota-axio-2018-284095
Negotiable,"139,000",1500,Automatic,Toyota,2012,"About
                            patpat





About Us
Terms and s
Privacy policy
Partnerships
Ad Upgrade Details
Banner Advertising Details",Aqua,Hybrid,white,Car(Liftback),https://patpat.lk/en/ad/vehicle/toyota-aqua-2012-284090
Negotiable,0,1500,Automatic,Toyota,2007,"About
                            patpat





About Us
Terms and s
Privacy policy
Partnerships
Ad Upgrade Details
Banner Advertising Details",Allion,Petrol,red,Car(Saloon),https://patpat.lk/en/ad/vehicle/toyota-allion-2007-283876
Negotiable,0,1500,Automatic,Toyota,2010,"About
                            patpat





About Us
Terms and s
Privacy policy
Partnerships
Ad Upgrade Details
Banner Advertising Details",Premio,Petrol,red,Car(Hatchback),https://patpat.lk/en/ad/vehicle/toyota-premio-2010-283905
Negotiable,"77,000",1490,Automatic,Toyota,2016,"About
                            patpat





About Us
Terms and s
Privacy policy
Partnerships
Ad Upgrade Details
Banner Advertising Details",Aqua,Petrol,red,Car(Convertible),https://patpat.lk/en/ad/vehicle/toyota-aqua-2016-283917
Negotiable,"163,000",1490,Automatic,Toyota,2003,"About
                            patpat





About Us
Terms and s
Privacy policy
Partnerships
Ad Upgrade Details
Banner Advertising Details",Vios,Petrol,black,Car(Hatchback),https://patpat.lk/en/ad/vehicle/toyota-vios-2003-283922
"5,550,000","98,000",1329,Automatic,Toyota,2010,"About
                            patpat





About Us
Terms and s
Privacy policy
Partnerships
Ad Upgrade Details
Banner Advertising Details",Yaris,Petrol,blue,Car(Hatchback),https://patpat.lk/en/ad/vehicle/toyota-yaris-2010-283975
Negotiable,"120,000",1300,Automatic,Toyota,2007,"About
                            patpat





About Us
Terms and s
Privacy policy
Partnerships
Ad Upgrade Details
Banner Advertising Details",Belta,Petrol,blue,Car(Hatchback),https://patpat.lk/en/ad/vehicle/toyota-belta-2007-283557
Negotiable,"105,000",1200,Automatic,Toyota,2017,"About
                            patpat





About Us
Terms and s
Privacy policy
Partnerships
Ad Upgrade Details
Banner Advertising Details",Premio,Petrol,black,Car(Saloon),https://patpat.lk/en/ad/vehicle/toyota-premio-2017-283614
Negotiable,"98,000",1000,Manual,Toyota,2015,"About
                            patpat





About Us
Terms and s
Privacy policy
Partnerships
Ad Upgrade Details
Banner Advertising Details",Axio,Petrol,brown,Car(Saloon),https://patpat.lk/en/ad/vehicle/toyota-axio-2015-283602
Negotiable,"225,000",1200,Manual,Toyota,2011,"About
                            patpat





About Us
Terms and s
Privacy policy
Partnerships
Ad Upgrade Details
Banner Advertising Details",Premio,Petrol,black,Car(Saloon),https://patpat.lk/en/ad/vehicle/toyota-premio-2011-283608
"7,200,000","184,000",1000,Automatic,Toyota,2014,"About
                            patpat





About Us
Terms and s
Privacy policy
Partnerships
Ad Upgrade Details
Banner Advertising Details",Aqua,Petrol,other,Car(Hatchback),https://patpat.lk/en/ad/vehicle/toyota-aqua-2014-283924
Negotiable,0,1000,Automatic,Toyota,2015,"About
                            patpat





About Us
Terms and s
Privacy policy
Partnerships
Ad Upgrade Details
Banner Advertising Details",Aqua,Hybrid,white,Car(Hatchback),https://patpat.lk/en/ad/vehicle/toyota-aqua-2015-283895
"4,900,000","230,000",1000,Automatic,Toyota,2007,"About
                            patpat





About Us
Terms and s
Privacy policy
Partnerships
Ad Upgrade Details
Banner Advertising Details",Vitz,Petrol,white,Car(Sedan),https://patpat.lk/en/ad/vehicle/toyota-vitz-2007-283344
Negotiable,"158,000",1500,Automatic,Toyota,2008,"About
                            patpat





About Us
Terms and s
Privacy policy
Partnerships
Ad Upgrade Details
Banner Advertising Details",Axio,Petrol,white,Car(Hatchback),https://patpat.lk/en/ad/vehicle/toyota-axio-2008-283284
Negotiable,"175,000",1800,Automatic,Toyota,2011,"About
                            patpat





About Us
Terms and s
Privacy policy
Partnerships
Ad Upgrade Details
Banner Advertising Details",Prius,Hybrid,black,Car(Liftback),https://patpat.lk/en/ad/vehicle/toyota-prius-2011-283293
"5,400,000","118,000,000",1000,Automatic,Toyota,2012,"About
                            patpat





About Us
Terms and s
Privacy policy
Partnerships
Ad Upgrade Details
Banner Advertising Details",Vitz,Petrol,white,Car(Hatchback),https://patpat.lk/en/ad/vehicle/toyota-vitz-2012-283872
"9,500,000","21,000",1000,Automatic,Toyota,2020,"About
                            patpat





About Us
Terms and s
Privacy policy
Partnerships
Ad Upgrade Details
Banner Advertising Details",Vitz,Petrol,red,Car(),https://patpat.lk/en/ad/vehicle/toyota-vitz-2020-283863
Negotiable,0,1496,Automatic,Toyota,2006,"About
                            patpat





About Us
Terms and s
Privacy policy
Partnerships
Ad Upgrade Details
Banner Advertising Details",Corolla,Petrol,white,Car(Sedan),https://patpat.lk/en/ad/vehicle/toyota-corolla-2006-283842
"13,850,000",N/A,N/A,"Automatic



Manual



Other



Tiptronic",,N/A,"About
                            patpat





About Us
Terms and s
Privacy policy
Partnerships
Ad Upgrade Details
Banner Advertising Details",,"Diesel



Electric



Hybrid



Petrol",N/A,"Bike



Bus



Car



Heavy



Land



SUV



Three wheeler



Truck



Van



Pick-up 



Multi Purpose",https://patpat.lk/en/sri-lanka/vehicle/car/toyota?page=16
"3,500,000",0,1300,Automatic,Toyota,1992,"About
                            patpat





About Us
Terms and s
Privacy policy
Partnerships
Ad Upgrade Details
Banner Advertising Details",Starlet,Petrol,black,Car(Hatchback),https://patpat.lk/en/ad/vehicle/toyota-starlet-1992-283726
Negotiable,"162,000",1800,Automatic,Toyota,2014,"About
                            patpat





About Us
Terms and s
Privacy policy
Partnerships
Ad Upgrade Details
Banner Advertising Details",Prius,Petrol,white,Car(Hatchback),https://patpat.lk/en/ad/vehicle/toyota-prius-2014-283279
"8,800,000","243,000",1790,Automatic,Toyota,2009,"About
                            patpat





About Us
Terms and s
Privacy policy
Partnerships
Ad Upgrade Details
Banner Advertising Details",Prius,Hybrid,white,Car(Hatchback),https://patpat.lk/en/ad/vehicle/toyota-prius-2009-283268
Negotiable,"56,000",1000,Automatic,Toyota,2017,"About
                            patpat





About Us
Terms and s
Privacy policy
Partnerships
Ad Upgrade Details
Banner Advertising Details",Vitz,Petrol,silver,Car(Hatchback),https://patpat.lk/en/ad/vehicle/toyota-vitz-2017-283398
"6,790,000","158,000",1490,Automatic,Toyota,2008,"About
                            patpat





About Us
Terms and s
Privacy policy
Partnerships
Ad Upgrade Details
Banner Advertising Details",Axio,Petrol,black,Car(Sedan),https://patpat.lk/en/ad/vehicle/toyota-axio-2008-283669
"8,450,000","126,000",0,Automatic,Toyota,2007,"About
                            patpat





About Us
Terms and s
Privacy policy
Partnerships
Ad Upgrade Details
Banner Advertising Details",Premio,Petrol,white,Car(Sedan),https://patpat.lk/en/ad/vehicle/toyota-premio-2007-283715
"5,550,000","58,690",1000,Automatic,Toyota,2009,"About
                            patpat





About Us
Terms and s
Privacy policy
Partnerships
Ad Upgrade Details
Banner Advertising Details",Vitz,Petrol,black,Car(Hatchback),https://patpat.lk/en/ad/vehicle/toyota-vitz-2009-283414
"11,500,000","147,000",1000,Automatic,Toyota,2017,"About
                            patpat





About Us
Terms and s
Privacy policy
Partnerships
Ad Upgrade Details
Banner Advertising Details",Axio,Petrol,white,Car(Sedan),https://patpat.lk/en/ad/vehicle/toyota-axio-2017-283677
"12,000,000","94,000",1490,Automatic,Toyota,2017,"About
                            patpat





About Us
Terms and s
Privacy policy
Partnerships
Ad Upgrade Details
Banner Advertising Details",Axio,Petrol,white,Car(Sedan),https://patpat.lk/en/ad/vehicle/toyota-axio-2017-283656
"6,900,000","106,000",1000,Automatic,Toyota,2018,"About
                            patpat





About Us
Terms and s
Privacy policy
Partnerships
Ad Upgrade Details
Banner Advertising Details",Vitz,Hybrid,brown,Car(Hatchback),https://patpat.lk/en/ad/vehicle/toyota-vitz-2018-283636
Negotiable,"217,000",1200,Automatic,Toyota,2008,"About
                            patpat





About Us
Terms and s
Privacy policy
Partnerships
Ad Upgrade Details
Banner Advertising Details",Allion,Petrol,black,Car(Saloon),https://patpat.lk/en/ad/vehicle/toyota-allion-2008-283140
Negotiable,"11,942",990,Automatic,Toyota,2024,"About
                            patpat





About Us
Terms and s
Privacy policy
Partnerships
Ad Upgrade Details
Banner Advertising Details",Yaris,Petrol,white,Car(Saloon),https://patpat.lk/en/ad/vehicle/toyota-yaris-2024-283153
"8,000,000","46,000",990,Automatic,Toyota,2023,"About
                            patpat





About Us
Terms and s
Privacy policy
Partnerships
Ad Upgrade Details
Banner Advertising Details",Passo,Petrol,silver,Car(Station wagon),https://patpat.lk/en/ad/vehicle/toyota-passo-2023-283132
Negotiable,0,1000,Automatic,Toyota,2013,"About
                            patpat





About Us
Terms and s
Privacy policy
Partnerships
Ad Upgrade Details
Banner Advertising Details",Aqua,Petrol,gray,Car(Convertible),https://patpat.lk/en/ad/vehicle/toyota-aqua-2013-283162
"2,950,000","132,000",1500,Manual,Toyota,1991,"About
                            patpat





About Us
Terms and s
Privacy policy
Partnerships
Ad Upgrade Details
Banner Advertising Details",Corolla,Petrol,gray,Car(Hatchback),https://patpat.lk/en/ad/vehicle/toyota-corolla-1991-283099
"10,900,000","161,000",1790,Manual,Toyota,2013,"About
                            patpat





About Us
Terms and s
Privacy policy
Partnerships
Ad Upgrade Details
Banner Advertising Details",Prius,Petrol,white,Car(),https://patpat.lk/en/ad/vehicle/toyota-prius-2013-283100
"7,800,000","168,000",1500,Automatic,Toyota,2013,"About
                            patpat





About Us
Terms and s
Privacy policy
Partnerships
Ad Upgrade Details
Banner Advertising Details",Aqua,Hybrid,white,Car(Hatchback),https://patpat.lk/en/ad/vehicle/toyota-aqua-2013-283596
"5,725,000","214,000",1300,Automatic,Toyota,2008,"About
                            patpat





About Us
Terms and s
Privacy policy
Partnerships
Ad Upgrade Details
Banner Advertising Details",Vitz,Petrol,red,Car(Hatchback),https://patpat.lk/en/ad/vehicle/toyota-vitz-2008-283565
"8,400,000","49,500",1496,Automatic,Toyota,2018,"About
                            patpat





About Us
Terms and s
Privacy policy
Partnerships
Ad Upgrade Details
Banner Advertising Details",Vitz,Petrol,silver,Car(Liftback),https://patpat.lk/en/ad/vehicle/toyota-vitz-2018-283554
Negotiable,"81,209",990,Manual,Toyota,2007,"About
                            patpat





About Us
Terms and s
Privacy policy
Partnerships
Ad Upgrade Details
Banner Advertising Details",Passo,Petrol,red,Car(Hatchback),https://patpat.lk/en/ad/vehicle/toyota-passo-2007-283530
"6,600,000",N/A,N/A,"Automatic



Manual



Other



Tiptronic",,N/A,"About
                            patpat





About Us
Terms and s
Privacy policy
Partnerships
Ad Upgrade Details
Banner Advertising Details",,"Diesel



Electric



Hybrid



Petrol",N/A,"Bike



Bus



Car



Heavy



Land



SUV



Three wheeler



Truck



Van



Pick-up 



Multi Purpose",https://patpat.lk/en/sri-lanka/vehicle/car/toyota?page=17
Negotiable,"177,788",1490,Manual,Toyota,1999,"About
                            patpat





About Us
Terms and s
Privacy policy
Partnerships
Ad Upgrade Details
Banner Advertising Details",Carina,Petrol,other,Car(Sedan),https://patpat.lk/en/ad/vehicle/toyota-carina-1999-283533
"8,490,000","6,600",660,Automatic,Toyota,2023,"About
                            patpat





About Us
Terms and s
Privacy policy
Partnerships
Ad Upgrade Details
Banner Advertising Details",Yaris,Petrol,black,Car(Hatchback),https://patpat.lk/en/ad/vehicle/toyota-yaris-2023-283471
"7,100,000","53,000",1490,Automatic,Toyota,2016,"About
                            patpat





About Us
Terms and s
Privacy policy
Partnerships
Ad Upgrade Details
Banner Advertising Details",Vitz,Petrol,white,Car(Liftback),https://patpat.lk/en/ad/vehicle/toyota-vitz-2016-283509
"8,450,000","6,600",660,Automatic,Toyota,2023,"About
                            patpat





About Us
Terms and s
Privacy policy
Partnerships
Ad Upgrade Details
Banner Advertising Details",Yaris,Petrol,blue,Car(Hatchback),https://patpat.lk/en/ad/vehicle/toyota-yaris-2023-283499
"7,900,000","6,600",660,Automatic,Toyota,2023,"About
                            patpat





About Us
Terms and s
Privacy policy
Partnerships
Ad Upgrade Details
Banner Advertising Details",Passo,Petrol,other,Car(Hatchback),https://patpat.lk/en/ad/vehicle/toyota-passo-2023-283503
"7,500,000","150,000",1000,Automatic,Toyota,2014,"About
                            patpat





About Us
Terms and s
Privacy policy
Partnerships
Ad Upgrade Details
Banner Advertising Details",Aqua,Petrol,silver,Car(Hatchback),https://patpat.lk/en/ad/vehicle/toyota-aqua-2014-283489
"6,800,000","180,000",1496,Automatic,Toyota,2012,"About
                            patpat





About Us
Terms and s
Privacy policy
Partnerships
Ad Upgrade Details
Banner Advertising Details",Aqua,Petrol,white,Car(Hatchback),https://patpat.lk/en/ad/vehicle/toyota-aqua-2012-283332
"7,200,000","165,931",1496,Automatic,Toyota,2013,"About
                            patpat





About Us
Terms and s
Privacy policy
Partnerships
Ad Upgrade Details
Banner Advertising Details",Aqua,Petrol,silver,Car(Hatchback),https://patpat.lk/en/ad/vehicle/toyota-aqua-2013-283335
"10,700,000","120,000",2000,Automatic,Toyota,2013,"About
                            patpat





About Us
Terms and s
Privacy policy
Partnerships
Ad Upgrade Details
Banner Advertising Details",Premio,Petrol,maroon,Car(Saloon),https://patpat.lk/en/ad/vehicle/toyota-premio-2013-283341
"10,600,000","180,000",1496,Automatic,Toyota,2013,"About
                            patpat





About Us
Terms and s
Privacy policy
Partnerships
Ad Upgrade Details
Banner Advertising Details",Premio,Petrol,maroon,Car(Saloon),https://patpat.lk/en/ad/vehicle/toyota-premio-2013-283348
"12,100,000","65,000",1496,Automatic,Toyota,2017,"About
                            patpat





About Us
Terms and s
Privacy policy
Partnerships
Ad Upgrade Details
Banner Advertising Details",Premio,Petrol,silver,Car(Saloon),https://patpat.lk/en/ad/vehicle/toyota-premio-2017-283432
"7,280,000","125,000",1500,Automatic,Toyota,2012,"About
                            patpat





About Us
Terms and s
Privacy policy
Partnerships
Ad Upgrade Details
Banner Advertising Details",Aqua,Hybrid,blue,Car(Hatchback),https://patpat.lk/en/ad/vehicle/toyota-aqua-2012-283454
"15,650,000","84,000",1500,Automatic,Toyota,2019,"About
                            patpat





About Us
Terms and s
Privacy policy
Partnerships
Ad Upgrade Details
Banner Advertising Details",Premio,Hybrid,white,Car(Saloon),https://patpat.lk/en/ad/vehicle/toyota-premio-2019-283436
"13,850,000","68,000",1500,Automatic,Toyota,2017,"About
                            patpat





About Us
Terms and s
Privacy policy
Partnerships
Ad Upgrade Details
Banner Advertising Details",Premio,Hybrid,maroon,Car(Saloon),https://patpat.lk/en/ad/vehicle/toyota-premio-2017-283438
"5,450,000",0,1000,Automatic,Toyota,2009,"About
                            patpat





About Us
Terms and s
Privacy policy
Partnerships
Ad Upgrade Details
Banner Advertising Details",Vitz,Hybrid,black,Car(Hatchback),https://patpat.lk/en/ad/vehicle/toyota-vitz-2009-283442
"8,450,000","126,000",1500,Automatic,Toyota,2007,"About
                            patpat





About Us
Terms and s
Privacy policy
Partnerships
Ad Upgrade Details
Banner Advertising Details",Premio,Hybrid,white,Car(Sedan),https://patpat.lk/en/ad/vehicle/toyota-premio-2007-283445
"7,200,000","110,000",1000,Automatic,Toyota,2016,"About
                            patpat





About Us
Terms and s
Privacy policy
Partnerships
Ad Upgrade Details
Banner Advertising Details",Vitz,Petrol,blue,Car(Hatchback),https://patpat.lk/en/ad/vehicle/toyota-vitz-2016-283350
"4,900,000","1,230,000",1000,Automatic,Toyota,2000,"About
                            patpat





About Us
Terms and s
Privacy policy
Partnerships
Ad Upgrade Details
Banner Advertising Details",Vitz,Petrol,gray,Car(Hatchback),https://patpat.lk/en/ad/vehicle/toyota-vitz-2000-283378
"7,700,000","161,000",1500,Automatic,Toyota,2007,"About
                            patpat





About Us
Terms and s
Privacy policy
Partnerships
Ad Upgrade Details
Banner Advertising Details",Allion,Petrol,black,Car(Saloon),https://patpat.lk/en/ad/vehicle/toyota-allion-2007-283272
"9,400,000","137,000",1496,Automatic,Toyota,2011,"About
                            patpat





About Us
Terms and s
Privacy policy
Partnerships
Ad Upgrade Details
Banner Advertising Details",Prius,Petrol,black,Car(Liftback),https://patpat.lk/en/ad/vehicle/toyota-prius-2011-283243
"7,000,000",N/A,N/A,"Automatic



Manual



Other



Tiptronic",,N/A,"About
                            patpat





About Us
Terms and s
Privacy policy
Partnerships
Ad Upgrade Details
Banner Advertising Details",,"Diesel



Electric



Hybrid



Petrol",N/A,"Bike



Bus



Car



Heavy



Land



SUV



Three wheeler



Truck



Van



Pick-up 



Multi Purpose",https://patpat.lk/en/sri-lanka/vehicle/car/toyota?page=18
"5,700,000","108,000",1300,Manual,Toyota,2007,"About
                            patpat





About Us
Terms and s
Privacy policy
Partnerships
Ad Upgrade Details
Banner Advertising Details",Yaris,Petrol,black,Car(Sedan),https://patpat.lk/en/ad/vehicle/toyota-yaris-2007-283169
Negotiable,"84,000",1500,Automatic,Toyota,2019,"About
                            patpat





About Us
Terms and s
Privacy policy
Partnerships
Ad Upgrade Details
Banner Advertising Details",Premio,Petrol,white,Car(Hatchback),https://patpat.lk/en/ad/vehicle/toyota-premio-2019-283146
"6,575,000","206,000",1500,Automatic,Toyota,2003,"About
                            patpat





About Us
Terms and s
Privacy policy
Partnerships
Ad Upgrade Details
Banner Advertising Details",Allion,Petrol,silver,Car(Sedan),https://patpat.lk/en/ad/vehicle/toyota-allion-2003-283112
"13,600,000",0,1200,Automatic,Toyota,2025,"About
                            patpat





About Us
Terms and s
Privacy policy
Partnerships
Ad Upgrade Details
Banner Advertising Details",Yaris Ativ,Petrol,brown,Car(Saloon),https://patpat.lk/en/ad/vehicle/toyota-yaris-ativ-2025-283092
"7,990,000","139,000",1496,Automatic,Toyota,2014,"About
                            patpat





About Us
Terms and s
Privacy policy
Partnerships
Ad Upgrade Details
Banner Advertising Details",Aqua,Hybrid,brown,Car(Hatchback),https://patpat.lk/en/ad/vehicle/toyota-aqua-2014-283094
"11,400,000","158,000",1490,Manual,Toyota,2017,"About
                            patpat





About Us
Terms and s
Privacy policy
Partnerships
Ad Upgrade Details
Banner Advertising Details",AXIO(DAA-NKE165),Petrol,white,Car(),https://patpat.lk/en/ad/vehicle/toyota-axiodaa-nke165-2017-283079
"5,375,000","180,000",1000,Automatic,Toyota,2008,"About
                            patpat





About Us
Terms and s
Privacy policy
Partnerships
Ad Upgrade Details
Banner Advertising Details",Vitz,Petrol,red,Car(Hatchback),https://patpat.lk/en/ad/vehicle/toyota-vitz-2008-283077
Negotiable,0,1000,Automatic,Toyota,2025,"About
                            patpat





About Us
Terms and s
Privacy policy
Partnerships
Ad Upgrade Details
Banner Advertising Details",Roomy,Petrol,white,Car(Hatchback),https://patpat.lk/en/ad/vehicle/toyota-roomy-2025-283075
Negotiable,"77,000",1300,Automatic,Toyota,2012,"About
                            patpat





About Us
Terms and s
Privacy policy
Partnerships
Ad Upgrade Details
Banner Advertising Details",Aqua,Petrol,black,Car(Hatchback),https://patpat.lk/en/ad/vehicle/toyota-aqua-2012-283058
"5,700,000","87,000",1000,Automatic,Toyota,2008,"About
                            patpat





About Us
Terms and s
Privacy policy
Partnerships
Ad Upgrade Details
Banner Advertising Details",Vitz,Petrol,gray,Car(Hatchback),https://patpat.lk/en/ad/vehicle/toyota-vitz-2008-283048
"9,300,000","189,000",1800,Automatic,Toyota,2012,"About
                            patpat





About Us
Terms and s
Privacy policy
Partnerships
Ad Upgrade Details
Banner Advertising Details",Prius,Hybrid,blue,Car(Liftback),https://patpat.lk/en/ad/vehicle/toyota-prius-2012-283039
Negotiable,"300,000",1300,Manual,Toyota,1998,"About
                            patpat





About Us
Terms and s
Privacy policy
Partnerships
Ad Upgrade Details
Banner Advertising Details",Starlet,Petrol,white,Car(Sports),https://patpat.lk/en/ad/vehicle/toyota-starlet-1998-282778
"4,800,000","181,000",1495,Automatic,Toyota,2007,"About
                            patpat





About Us
Terms and s
Privacy policy
Partnerships
Ad Upgrade Details
Banner Advertising Details",Passo,Petrol,black,Car(Hatchback),https://patpat.lk/en/ad/vehicle/toyota-passo-2007-283042
"6,600,000","170,000",1500,Automatic,Toyota,2003,"About
                            patpat





About Us
Terms and s
Privacy policy
Partnerships
Ad Upgrade Details
Banner Advertising Details",Allion,Petrol,green,Car(Sedan),https://patpat.lk/en/ad/vehicle/toyota-allion-2003-282310
"7,300,000","258,000",1490,Manual,Toyota,2007,"About
                            patpat





About Us
Terms and s
Privacy policy
Partnerships
Ad Upgrade Details
Banner Advertising Details",Axio,Petrol,white,Car(Sedan),https://patpat.lk/en/ad/vehicle/toyota-axio-2007-282969
"1,175,000","400,000",1300,Manual,Toyota,1984,"About
                            patpat





About Us
Terms and s
Privacy policy
Partnerships
Ad Upgrade Details
Banner Advertising Details",Corolla,Petrol,white,Car(Hatchback),https://patpat.lk/en/ad/vehicle/toyota-corolla-1984-282997
"11,600,000","149,000",1490,Automatic,Toyota,2017,"About
                            patpat





About Us
Terms and s
Privacy policy
Partnerships
Ad Upgrade Details
Banner Advertising Details",Axio,Petrol,white,Car(Liftback),https://patpat.lk/en/ad/vehicle/toyota-axio-2017-282987
"5,500,000","190,000",1499,Automatic,Toyota,2004,"About
                            patpat





About Us
Terms and s
Privacy policy
Partnerships
Ad Upgrade Details
Banner Advertising Details",Vios,Petrol,white,Car(Saloon),https://patpat.lk/en/ad/vehicle/toyota-vios-2004-282801
"4,800,000","88,000",1497,Automatic,Toyota,2003,"About
                            patpat





About Us
Terms and s
Privacy policy
Partnerships
Ad Upgrade Details
Banner Advertising Details",Vios,Petrol,other,Car(Sedan),https://patpat.lk/en/ad/vehicle/toyota-vios-2003-282465
"3,350,000",0,1500,Manual,Toyota,2000,"About
                            patpat





About Us
Terms and s
Privacy policy
Partnerships
Ad Upgrade Details
Banner Advertising Details",Soluna,Petrol,white,Car(Sedan),https://patpat.lk/en/ad/vehicle/toyota-soluna-2000-282796
"5,500,000",N/A,N/A,"Automatic



Manual



Other



Tiptronic",,N/A,"About
                            patpat





About Us
Terms and s
Privacy policy
Partnerships
Ad Upgrade Details
Banner Advertising Details",,"Diesel



Electric



Hybrid



Petrol",N/A,"Bike



Bus



Car



Heavy



Land



SUV



Three wheeler



Truck



Van



Pick-up 



Multi Purpose",https://patpat.lk/en/sri-lanka/vehicle/car/toyota?page=19
"14,500,000","70,000",1500,Automatic,Toyota,2018,"About
                            patpat





About Us
Terms and s
Privacy policy
Partnerships
Ad Upgrade Details
Banner Advertising Details",Premio,Hybrid,white,Car(Saloon),https://patpat.lk/en/ad/vehicle/toyota-premio-2018-282930
Negotiable,0,1500,Automatic,Toyota,2015,"About
                            patpat





About Us
Terms and s
Privacy policy
Partnerships
Ad Upgrade Details
Banner Advertising Details",Axio,Hybrid,white,Car(Saloon),https://patpat.lk/en/ad/vehicle/toyota-axio-2015-282515
"7,300,000","130,000",1500,Automatic,Toyota,2013,"About
                            patpat





About Us
Terms and s
Privacy policy
Partnerships
Ad Upgrade Details
Banner Advertising Details",Aqua,Petrol,black,Car(Liftback),https://patpat.lk/en/ad/vehicle/toyota-aqua-2013-282899
"9,800,000","98,000",1500,Manual,Toyota,2015,"About
                            patpat





About Us
Terms and s
Privacy policy
Partnerships
Ad Upgrade Details
Banner Advertising Details",Axio,Petrol,maroon,Car(Saloon),https://patpat.lk/en/ad/vehicle/toyota-axio-2015-282841
Negotiable,0,1000,Automatic,Toyota,2024,"About
                            patpat





About Us
Terms and s
Privacy policy
Partnerships
Ad Upgrade Details
Banner Advertising Details",Yaris,Petrol,white,Car(Hatchback),https://patpat.lk/en/ad/vehicle/toyota-yaris-2024-282871
Negotiable,"134,000",1500,Automatic,Toyota,2013,"About
                            patpat





About Us
Terms and s
Privacy policy
Partnerships
Ad Upgrade Details
Banner Advertising Details",Aqua,Hybrid,white,Car(Hatchback),https://patpat.lk/en/ad/vehicle/toyota-aqua-2013-282866
"8,450,000","73,000",1000,Automatic,Toyota,2019,"About
                            patpat





About Us
Terms and s
Privacy policy
Partnerships
Ad Upgrade Details
Banner Advertising Details",Vitz,Petrol,white,Car(Hatchback),https://patpat.lk/en/ad/vehicle/toyota-vitz-2019-282907
Negotiable,"178,000",0,Automatic,Toyota,2015,"About
                            patpat





About Us
Terms and s
Privacy policy
Partnerships
Ad Upgrade Details
Banner Advertising Details",Premio,Petrol,maroon,Car(Saloon),https://patpat.lk/en/ad/vehicle/toyota-premio-2015-282684
"4,700,000","128,000",997,Manual,Toyota,2005,"About
                            patpat





About Us
Terms and s
Privacy policy
Partnerships
Ad Upgrade Details
Banner Advertising Details",Vitz,Petrol,blue,Car(Hatchback),https://patpat.lk/en/ad/vehicle/toyota-vitz-2005-282764
"6,750,000","164,000",1500,Automatic,Toyota,2008,"About
                            patpat





About Us
Terms and s
Privacy policy
Partnerships
Ad Upgrade Details
Banner Advertising Details",Prius,Hybrid,silver,Car(Saloon),https://patpat.lk/en/ad/vehicle/toyota-prius-2008-282723
Negotiable,"192,000",1800,Automatic,Toyota,2012,"About
                            patpat





About Us
Terms and s
Privacy policy
Partnerships
Ad Upgrade Details
Banner Advertising Details",Prius,Hybrid,white,Car(Hatchback),https://patpat.lk/en/ad/vehicle/toyota-prius-2012-282644
Negotiable,"260,000",1497,Automatic,Toyota,2001,"About
                            patpat





About Us
Terms and s
Privacy policy
Partnerships
Ad Upgrade Details
Banner Advertising Details",Corolla,Petrol,white,Car(Saloon),https://patpat.lk/en/ad/vehicle/toyota-corolla-2001-282623
"5,250,000","165,000",1000,Manual,Toyota,2008,"About
                            patpat





About Us
Terms and s
Privacy policy
Partnerships
Ad Upgrade Details
Banner Advertising Details",Vitz,Petrol,gray,Car(Hatchback),https://patpat.lk/en/ad/vehicle/toyota-vitz-2008-281986
"7,000,000","132,000",1500,Automatic,Toyota,2013,"About
                            patpat





About Us
Terms and s
Privacy policy
Partnerships
Ad Upgrade Details
Banner Advertising Details",Aqua,Hybrid,white,Car(Hatchback),https://patpat.lk/en/ad/vehicle/toyota-aqua-2013-282604
Negotiable,"25,000",2000,Manual,Toyota,2007,"About
                            patpat





About Us
Terms and s
Privacy policy
Partnerships
Ad Upgrade Details
Banner Advertising Details",Carina,Petrol,black,Car(Saloon),https://patpat.lk/en/ad/vehicle/toyota-carina-2007-282010
Negotiable,"158,000",1500,Automatic,Toyota,2011,"About
                            patpat





About Us
Terms and s
Privacy policy
Partnerships
Ad Upgrade Details
Banner Advertising Details",Axio,Petrol,gray,Car(Saloon),https://patpat.lk/en/ad/vehicle/toyota-axio-2011-281956
Negotiable,0,1200,Automatic,Toyota,2026,"About
                            patpat





About Us
Terms and s
Privacy policy
Partnerships
Ad Upgrade Details
Banner Advertising Details",Yaris,Hybrid,white,Car(Liftback),https://patpat.lk/en/ad/vehicle/toyota-yaris-2026-282565
"10,600,000","113,000",1500,Automatic,Toyota,2013,"About
                            patpat





About Us
Terms and s
Privacy policy
Partnerships
Ad Upgrade Details
Banner Advertising Details",Premio,Petrol,maroon,Car(Sedan),https://patpat.lk/en/ad/vehicle/toyota-premio-2013-282568
"6,300,000","207,000",1200,Automatic,Toyota,2003,"About
                            patpat





About Us
Terms and s
Privacy policy
Partnerships
Ad Upgrade Details
Banner Advertising Details",Allion,Petrol,silver,Car(Sedan),https://patpat.lk/en/ad/vehicle/toyota-allion-2003-282504
"9,200,000","148,000",1200,Automatic,Toyota,2011,"About
                            patpat





About Us
Terms and s
Privacy policy
Partnerships
Ad Upgrade Details
Banner Advertising Details",Prius,Petrol,red,Car(Hatchback),https://patpat.lk/en/ad/vehicle/toyota-prius-2011-282509
Negotiable,N/A,N/A,"Automatic



Manual



Other



Tiptronic",,N/A,"About
                            patpat





About Us
Terms and s
Privacy policy
Partnerships
Ad Upgrade Details
Banner Advertising Details",,"Diesel



Electric



Hybrid



Petrol",N/A,"Bike



Bus



Car



Heavy



Land



SUV



Three wheeler



Truck



Van



Pick-up 



Multi Purpose",https://patpat.lk/en/sri-lanka/vehicle/car/toyota?page=20
"4,900,000","230,000",1000,Automatic,Toyota,2007,"About
                            patpat





About Us
Terms and s
Privacy policy
Partnerships
Ad Upgrade Details
Banner Advertising Details",Vitz,Petrol,white,Car(Hatchback),https://patpat.lk/en/ad/vehicle/toyota-vitz-2007-282512
Negotiable,0,1500,Automatic,Toyota,2007,"About
                            patpat





About Us
Terms and s
Privacy policy
Partnerships
Ad Upgrade Details
Banner Advertising Details",Corolla,Petrol,white,Car(Saloon),https://patpat.lk/en/ad/vehicle/toyota-corolla-2007-282528
Negotiable,"6,580",660,Automatic,Toyota,2024,"About
                            patpat





About Us
Terms and s
Privacy policy
Partnerships
Ad Upgrade Details
Banner Advertising Details",Pixis,Petrol,white,Car(Hatchback),https://patpat.lk/en/ad/vehicle/toyota-pixis-2024-282552
"4,500,000","175,000",1200,Automatic,Toyota,2005,"About
                            patpat





About Us
Terms and s
Privacy policy
Partnerships
Ad Upgrade Details
Banner Advertising Details",Passo,Hybrid,black,Car(Hatchback),https://patpat.lk/en/ad/vehicle/toyota-passo-2005-282501
"8,500,000","183,000",1200,Automatic,Toyota,2014,"About
                            patpat





About Us
Terms and s
Privacy policy
Partnerships
Ad Upgrade Details
Banner Advertising Details",Axio,Petrol,blue,Car(Saloon),https://patpat.lk/en/ad/vehicle/toyota-axio-2014-282469
Negotiable,0,1200,Manual,Toyota,2005,"About
                            patpat





About Us
Terms and s
Privacy policy
Partnerships
Ad Upgrade Details
Banner Advertising Details",Corolla,Petrol,white,Car(Hatchback),https://patpat.lk/en/ad/vehicle/toyota-corolla-2005-281883
"7,250,000","200,000",1490,Automatic,Toyota,2012,"About
                            patpat





About Us
Terms and s
Privacy policy
Partnerships
Ad Upgrade Details
Banner Advertising Details",Aqua,Hybrid,black,Car(Hatchback),https://patpat.lk/en/ad/vehicle/toyota-aqua-2012-281873
"8,600,000","25,000",1000,Automatic,Toyota,2023,"About
                            patpat





About Us
Terms and s
Privacy policy
Partnerships
Ad Upgrade Details
Banner Advertising Details",Yaris,Petrol,silver,Car(Hatchback),https://patpat.lk/en/ad/vehicle/toyota-yaris-2023-282429
Negotiable,0,1798,Automatic,Toyota,2013,"About
                            patpat





About Us
Terms and s
Privacy policy
Partnerships
Ad Upgrade Details
Banner Advertising Details",Prius,Hybrid,blue,Car(Hatchback),https://patpat.lk/en/ad/vehicle/toyota-prius-2013-282198
Negotiable,"15,000",1492,Automatic,Toyota,2003,"About
                            patpat





About Us
Terms and s
Privacy policy
Partnerships
Ad Upgrade Details
Banner Advertising Details",Vios,Petrol,blue,Car(Sedan),https://patpat.lk/en/ad/vehicle/toyota-vios-2003-282399
"8,600,000","220,000",1200,Automatic,Toyota,2015,"About
                            patpat





About Us
Terms and s
Privacy policy
Partnerships
Ad Upgrade Details
Banner Advertising Details",Axio,Petrol,silver,Car(Hatchback),https://patpat.lk/en/ad/vehicle/toyota-axio-2015-282386
"8,800,000","176,292",1500,Automatic,Toyota,2010,"About
                            patpat





About Us
Terms and s
Privacy policy
Partnerships
Ad Upgrade Details
Banner Advertising Details",Allion,Petrol,maroon,Car(Sedan),https://patpat.lk/en/ad/vehicle/toyota-allion-2010-282381
Negotiable,0,1300,Automatic,Toyota,2009,"About
                            patpat





About Us
Terms and s
Privacy policy
Partnerships
Ad Upgrade Details
Banner Advertising Details",Axio,Diesel,silver,Car(Saloon),https://patpat.lk/en/ad/vehicle/toyota-axio-2009-281954
"5,500,000","190,000",1000,Automatic,Toyota,2004,"About
                            patpat





About Us
Terms and s
Privacy policy
Partnerships
Ad Upgrade Details
Banner Advertising Details",Vios,Petrol,white,Car(Saloon),https://patpat.lk/en/ad/vehicle/toyota-vios-2004-282355
Negotiable,"145,000",1290,Automatic,Toyota,2005,"About
                            patpat





About Us
Terms and s
Privacy policy
Partnerships
Ad Upgrade Details
Banner Advertising Details",Verossa,Petrol,white,Car(Saloon),https://patpat.lk/en/ad/vehicle/toyota-verossa-2005-282361
"18,500,000","10,000",1500,Automatic,Toyota,2025,"About
                            patpat





About Us
Terms and s
Privacy policy
Partnerships
Ad Upgrade Details
Banner Advertising Details",Yaris Ativ,Hybrid,white,Car(Sedan),https://patpat.lk/en/ad/vehicle/toyota-yaris-ativ-2025-282145
"8,500,000","179,000",1798,Automatic,Toyota,2012,"About
                            patpat





About Us
Terms and s
Privacy policy
Partnerships
Ad Upgrade Details
Banner Advertising Details",Prius,Hybrid,silver,Car(Sedan),https://patpat.lk/en/ad/vehicle/toyota-prius-2012-282146
"7,625,000",0,1300,Automatic,Toyota,2017,"About
                            patpat





About Us
Terms and s
Privacy policy
Partnerships
Ad Upgrade Details
Banner Advertising Details",Vitz,Petrol,red,Car(Saloon),https://patpat.lk/en/ad/vehicle/toyota-vitz-2017-282157
"8,575,000","130,000",1800,Automatic,Toyota,2010,"About
                            patpat





About Us
Terms and s
Privacy policy
Partnerships
Ad Upgrade Details
Banner Advertising Details",Prius,Hybrid,blue,Car(Hatchback),https://patpat.lk/en/ad/vehicle/toyota-prius-2010-281862
"10,900,000","200,000",1500,Automatic,Toyota,2014,"About
                            patpat





About Us
Terms and s
Privacy policy
Partnerships
Ad Upgrade Details
Banner Advertising Details",Prius,Hybrid,white,Car(Saloon),https://patpat.lk/en/ad/vehicle/toyota-prius-2014-282351
Negotiable,N/A,N/A,"Automatic



Manual



Other



Tiptronic",,N/A,"About
                            patpat





About Us
Terms and s
Privacy policy
Partnerships
Ad Upgrade Details
Banner Advertising Details",,"Diesel



Electric



Hybrid



Petrol",N/A,"Bike



Bus



Car



Heavy



Land



SUV



Three wheeler



Truck



Van



Pick-up 



Multi Purpose",https://patpat.lk/en/sri-lanka/vehicle/car/toyota?page=21
"7,050,000","78,800",1000,Automatic,Toyota,2015,"About
                            patpat





About Us
Terms and s
Privacy policy
Partnerships
Ad Upgrade Details
Banner Advertising Details",Vitz,Petrol,white,Car(Liftback),https://patpat.lk/en/ad/vehicle/toyota-vitz-2015-282299
"8,750,000","152,000",1500,Automatic,Toyota,2013,"About
                            patpat





About Us
Terms and s
Privacy policy
Partnerships
Ad Upgrade Details
Banner Advertising Details",Axio,Hybrid,black,Car(Hatchback),https://patpat.lk/en/ad/vehicle/toyota-axio-2013-281826
Negotiable,"51,000",1500,Automatic,Toyota,2013,"About
                            patpat





About Us
Terms and s
Privacy policy
Partnerships
Ad Upgrade Details
Banner Advertising Details",Aqua,Petrol,black,Car(Hatchback),https://patpat.lk/en/ad/vehicle/toyota-aqua-2013-282317
Negotiable,0,1000,Automatic,Toyota,2024,"About
                            patpat





About Us
Terms and s
Privacy policy
Partnerships
Ad Upgrade Details
Banner Advertising Details",Yaris,Petrol,black,Car(Hatchback),https://patpat.lk/en/ad/vehicle/toyota-yaris-2024-281821
Negotiable,"50,000",1500,Automatic,Toyota,2013,"About
                            patpat





About Us
Terms and s
Privacy policy
Partnerships
Ad Upgrade Details
Banner Advertising Details",Aqua,Hybrid,black,Car(Convertible),https://patpat.lk/en/ad/vehicle/toyota-aqua-2013-282043
"6,500,000","171,581",1600,Automatic,Toyota,2008,"About
                            patpat





About Us
Terms and s
Privacy policy
Partnerships
Ad Upgrade Details
Banner Advertising Details",Corolla,Petrol,other,Car(Hatchback),https://patpat.lk/en/ad/vehicle/toyota-corolla-2008-281874
Negotiable,0,1500,Automatic,Toyota,2012,"About
                            patpat





About Us
Terms and s
Privacy policy
Partnerships
Ad Upgrade Details
Banner Advertising Details",Prius,Petrol,silver,Car(Hatchback),https://patpat.lk/en/ad/vehicle/toyota-prius-2012-281879
"10,275,000",1,1000,Automatic,Toyota,2025,"About
                            patpat





About Us
Terms and s
Privacy policy
Partnerships
Ad Upgrade Details
Banner Advertising Details",Yaris,Petrol,white,Car(Hatchback),https://patpat.lk/en/ad/vehicle/toyota-yaris-2025-282191
"7,500,000","140,000",1000,Automatic,Toyota,2017,"About
                            patpat





About Us
Terms and s
Privacy policy
Partnerships
Ad Upgrade Details
Banner Advertising Details",Vitz,Petrol,black,Car(Hatchback),https://patpat.lk/en/ad/vehicle/toyota-vitz-2017-281903
"11,200,000","180,000",1500,Automatic,Toyota,2017,"About
                            patpat





About Us
Terms and s
Privacy policy
Partnerships
Ad Upgrade Details
Banner Advertising Details",Axio,Petrol,black,Car(Hatchback),https://patpat.lk/en/ad/vehicle/toyota-axio-2017-281914
"7,100,000","149,000",1496,Automatic,Toyota,2012,"About
                            patpat





About Us
Terms and s
Privacy policy
Partnerships
Ad Upgrade Details
Banner Advertising Details",Aqua,Hybrid,blue,Car(Hatchback),https://patpat.lk/en/ad/vehicle/toyota-aqua-2012-282069
"7,350,000","185,678",1490,Automatic,Toyota,2003,"About
                            patpat





About Us
Terms and s
Privacy policy
Partnerships
Ad Upgrade Details
Banner Advertising Details",Allion,Petrol,white,Car(Sedan),https://patpat.lk/en/ad/vehicle/toyota-allion-2003-282023
"5,970,000","142,790",1000,Automatic,Toyota,2008,"About
                            patpat





About Us
Terms and s
Privacy policy
Partnerships
Ad Upgrade Details
Banner Advertising Details",Belta,Petrol,gray,Car(Hatchback),https://patpat.lk/en/ad/vehicle/toyota-belta-2008-282258
Negotiable,0,1490,Automatic,Toyota,2015,"About
                            patpat





About Us
Terms and s
Privacy policy
Partnerships
Ad Upgrade Details
Banner Advertising Details",Axio,Petrol,white,Car(Hatchback),https://patpat.lk/en/ad/vehicle/toyota-axio-2015-281901
"17,500,000","55,000",1500,Automatic,Toyota,2019,"About
                            patpat





About Us
Terms and s
Privacy policy
Partnerships
Ad Upgrade Details
Banner Advertising Details",Premio,Petrol,white,Car(Hatchback),https://patpat.lk/en/ad/vehicle/toyota-premio-2019-281817
Negotiable,0,1500,Automatic,Toyota,2023,"About
                            patpat





About Us
Terms and s
Privacy policy
Partnerships
Ad Upgrade Details
Banner Advertising Details",Corolla,Petrol,white,Car(Saloon),https://patpat.lk/en/ad/vehicle/toyota-corolla-2023-281806
"4,800,000","69,000",1497,Automatic,Toyota,2003,"About
                            patpat





About Us
Terms and s
Privacy policy
Partnerships
Ad Upgrade Details
Banner Advertising Details",Vios,Petrol,other,Car(Sedan),https://patpat.lk/en/ad/vehicle/toyota-vios-2003-281801
"11,450,000",0,1400,Automatic,Toyota,2014,"About
                            patpat





About Us
Terms and s
Privacy policy
Partnerships
Ad Upgrade Details
Banner Advertising Details",Premio,Petrol,white,Car(Saloon),https://patpat.lk/en/ad/vehicle/toyota-premio-2014-281787
"11,500,000","170,000",1500,Automatic,Toyota,2015,"About
                            patpat





About Us
Terms and s
Privacy policy
Partnerships
Ad Upgrade Details
Banner Advertising Details",Axio,Hybrid,white,Car(Saloon),https://patpat.lk/en/ad/vehicle/toyota-axio-2015-282168
"3,175,000","175,000",1200,Automatic,Toyota,1996,"About
                            patpat





About Us
Terms and s
Privacy policy
Partnerships
Ad Upgrade Details
Banner Advertising Details",Starlet,Diesel,white,Car(Hatchback),https://patpat.lk/en/ad/vehicle/toyota-starlet-1996-281932
"7,990,000",N/A,N/A,"Automatic



Manual



Other



Tiptronic",,N/A,"About
                            patpat





About Us
Terms and s
Privacy policy
Partnerships
Ad Upgrade Details
Banner Advertising Details",,"Diesel



Electric



Hybrid



Petrol",N/A,"Bike



Bus



Car



Heavy



Land



SUV



Three wheeler



Truck



Van



Pick-up 



Multi Purpose",https://patpat.lk/en/sri-lanka/vehicle/car/toyota?page=22
"11,700,000","110,000",1500,Automatic,Toyota,2016,"About
                            patpat





About Us
Terms and s
Privacy policy
Partnerships
Ad Upgrade Details
Banner Advertising Details",Axio,Hybrid,white,Car(Saloon),https://patpat.lk/en/ad/vehicle/toyota-axio-2016-282176
"12,500,000","147,000",1500,Automatic,Toyota,2017,"About
                            patpat





About Us
Terms and s
Privacy policy
Partnerships
Ad Upgrade Details
Banner Advertising Details",Axio,Hybrid,white,Car(Saloon),https://patpat.lk/en/ad/vehicle/toyota-axio-2017-282180
"1,690,000",0,1300,Manual,Toyota,1990,"About
                            patpat





About Us
Terms and s
Privacy policy
Partnerships
Ad Upgrade Details
Banner Advertising Details",Corolla,Petrol,white,Car(Sedan),https://patpat.lk/en/ad/vehicle/toyota-corolla-1990-281925
Negotiable,"90,000",1000,Automatic,Toyota,2016,"About
                            patpat





About Us
Terms and s
Privacy policy
Partnerships
Ad Upgrade Details
Banner Advertising Details",Aqua,Petrol,white,Car(Hatchback),https://patpat.lk/en/ad/vehicle/toyota-aqua-2016-281934
"7,300,000","167,000",1500,Automatic,Toyota,2013,"About
                            patpat





About Us
Terms and s
Privacy policy
Partnerships
Ad Upgrade Details
Banner Advertising Details",Aqua,Hybrid,gray,Car(Hatchback),https://patpat.lk/en/ad/vehicle/toyota-aqua-2013-282040
"5,325,000","164,500",1495,Automatic,Toyota,2003,"About
                            patpat





About Us
Terms and s
Privacy policy
Partnerships
Ad Upgrade Details
Banner Advertising Details",Vios,Petrol,black,Car(Saloon),https://patpat.lk/en/ad/vehicle/toyota-vios-2003-282029
"12,300,000","136,000",1496,Automatic,Toyota,2015,"About
                            patpat





About Us
Terms and s
Privacy policy
Partnerships
Ad Upgrade Details
Banner Advertising Details",Premio,Petrol,white,Car(Liftback),https://patpat.lk/en/ad/vehicle/toyota-premio-2015-282028
"8,500,000",0,1500,Automatic,Toyota,2012,"About
                            patpat





About Us
Terms and s
Privacy policy
Partnerships
Ad Upgrade Details
Banner Advertising Details",Prius,Hybrid,red,Car(Station wagon),https://patpat.lk/en/ad/vehicle/toyota-prius-2012-282025
"3,675,000","253,000",2000,Automatic,Toyota,1997,"About
                            patpat





About Us
Terms and s
Privacy policy
Partnerships
Ad Upgrade Details
Banner Advertising Details",Corolla,Diesel,other,Car(),https://patpat.lk/en/ad/vehicle/toyota-corolla-1997-281649
"7,900,000","137,100",1500,Automatic,Toyota,2011,"About
                            patpat





About Us
Terms and s
Privacy policy
Partnerships
Ad Upgrade Details
Banner Advertising Details",Axio,Petrol,white,Car(),https://patpat.lk/en/ad/vehicle/toyota-axio-2011-282012
"7,050,000","93,000",1500,Automatic,Toyota,2013,"About
                            patpat





About Us
Terms and s
Privacy policy
Partnerships
Ad Upgrade Details
Banner Advertising Details",Aqua,Petrol,red,Car(Liftback),https://patpat.lk/en/ad/vehicle/toyota-aqua-2013-281882
"7,800,000","137,000",980,Automatic,Toyota,2015,"About
                            patpat





About Us
Terms and s
Privacy policy
Partnerships
Ad Upgrade Details
Banner Advertising Details",Aqua,Petrol,black,Car(Liftback),https://patpat.lk/en/ad/vehicle/toyota-aqua-2015-281645
"6,525,000","140,000",1500,Automatic,Toyota,2012,"About
                            patpat





About Us
Terms and s
Privacy policy
Partnerships
Ad Upgrade Details
Banner Advertising Details",Aqua,Hybrid,white,Car(),https://patpat.lk/en/ad/vehicle/toyota-aqua-2012-281605
Negotiable,0,1200,Automatic,Toyota,2007,"About
                            patpat





About Us
Terms and s
Privacy policy
Partnerships
Ad Upgrade Details
Banner Advertising Details",Corolla,Petrol,maroon,Car(Convertible),https://patpat.lk/en/ad/vehicle/toyota-corolla-2007-281598
Negotiable,"184,000",1200,Automatic,Toyota,1996,"About
                            patpat





About Us
Terms and s
Privacy policy
Partnerships
Ad Upgrade Details
Banner Advertising Details",Corolla,Petrol,silver,Car(Saloon),https://patpat.lk/en/ad/vehicle/toyota-corolla-1996-281562
"11,500,000","131,000",1500,Automatic,Toyota,2016,"About
                            patpat





About Us
Terms and s
Privacy policy
Partnerships
Ad Upgrade Details
Banner Advertising Details",Axio,Hybrid,purple,Car(Saloon),https://patpat.lk/en/ad/vehicle/toyota-axio-2016-281970
"12,500,000","105,000",1500,Automatic,Toyota,2017,"About
                            patpat





About Us
Terms and s
Privacy policy
Partnerships
Ad Upgrade Details
Banner Advertising Details",Axio,Petrol,white,Car(Hatchback),https://patpat.lk/en/ad/vehicle/toyota-axio-2017-281928
"8,450,000","87,000",1300,Automatic,Toyota,2019,"About
                            patpat





About Us
Terms and s
Privacy policy
Partnerships
Ad Upgrade Details
Banner Advertising Details",Vitz,Petrol,black,Car(Hatchback),https://patpat.lk/en/ad/vehicle/toyota-vitz-2019-281885
"10,900,000","99,000",1000,Manual,Toyota,2016,"About
                            patpat





About Us
Terms and s
Privacy policy
Partnerships
Ad Upgrade Details
Banner Advertising Details",Axio,Petrol,white,Car(Saloon),https://patpat.lk/en/ad/vehicle/toyota-axio-2016-281913
"3,650,000","190,000",1750,Automatic,Toyota,2002,"About
                            patpat





About Us
Terms and s
Privacy policy
Partnerships
Ad Upgrade Details
Banner Advertising Details",Vista,Petrol,silver,Car(Hatchback),https://patpat.lk/en/ad/vehicle/toyota-vista-2002-281896
"5,300,000",N/A,N/A,"Automatic



Manual



Other



Tiptronic",,N/A,"About
                            patpat





About Us
Terms and s
Privacy policy
Partnerships
Ad Upgrade Details
Banner Advertising Details",,"Diesel



Electric



Hybrid



Petrol",N/A,"Bike



Bus



Car



Heavy



Land



SUV



Three wheeler



Truck



Van



Pick-up 



Multi Purpose",https://patpat.lk/en/sri-lanka/vehicle/car/toyota?page=23
"6,990,000","171,000",1490,Automatic,Toyota,2014,"About
                            patpat





About Us
Terms and s
Privacy policy
Partnerships
Ad Upgrade Details
Banner Advertising Details",Aqua,Hybrid,black,Car(Hatchback),https://patpat.lk/en/ad/vehicle/toyota-aqua-2014-281770
"7,500,000","130,000",1300,Manual,Toyota,2013,"About
                            patpat





About Us
Terms and s
Privacy policy
Partnerships
Ad Upgrade Details
Banner Advertising Details",Avanza,Petrol,silver,Car(Hatchback),https://patpat.lk/en/ad/vehicle/toyota-avanza-2013-281675
Negotiable,"125,000",1500,Automatic,Toyota,2018,"About
                            patpat





About Us
Terms and s
Privacy policy
Partnerships
Ad Upgrade Details
Banner Advertising Details",Axio,Hybrid,red,Car(Saloon),https://patpat.lk/en/ad/vehicle/toyota-axio-2018-281671
Negotiable,"158,000",1500,Manual,Toyota,2004,"About
                            patpat





About Us
Terms and s
Privacy policy
Partnerships
Ad Upgrade Details
Banner Advertising Details",Vios,Petrol,black,Car(Hatchback),https://patpat.lk/en/ad/vehicle/toyota-vios-2004-281670
Negotiable,0,1500,Automatic,Toyota,2015,"About
                            patpat





About Us
Terms and s
Privacy policy
Partnerships
Ad Upgrade Details
Banner Advertising Details",Axio,Hybrid,white,Car(Sedan),https://patpat.lk/en/ad/vehicle/toyota-axio-2015-281688
"6,425,000","180,000",1500,Automatic,Toyota,2008,"About
                            patpat





About Us
Terms and s
Privacy policy
Partnerships
Ad Upgrade Details
Banner Advertising Details",Prius,Hybrid,silver,Car(Hatchback),https://patpat.lk/en/ad/vehicle/toyota-prius-2008-281500
"10,800,000","206,907",1500,Automatic,Toyota,2013,"About
                            patpat





About Us
Terms and s
Privacy policy
Partnerships
Ad Upgrade Details
Banner Advertising Details",Premio,Petrol,white,Car(Sedan),https://patpat.lk/en/ad/vehicle/toyota-premio-2013-281494
"11,900,000","113,000",1800,Automatic,Toyota,2013,"About
                            patpat





About Us
Terms and s
Privacy policy
Partnerships
Ad Upgrade Details
Banner Advertising Details",Premio,Petrol,other,Car(Saloon),https://patpat.lk/en/ad/vehicle/toyota-premio-2013-281626
"6,000,000","136,000",1200,Automatic,Toyota,2007,"About
                            patpat





About Us
Terms and s
Privacy policy
Partnerships
Ad Upgrade Details
Banner Advertising Details",Vios,Petrol,blue,Car(Saloon),https://patpat.lk/en/ad/vehicle/toyota-vios-2007-281593
"7,950,000","117,000",1200,Automatic,Toyota,2014,"About
                            patpat





About Us
Terms and s
Privacy policy
Partnerships
Ad Upgrade Details
Banner Advertising Details",Axio,Petrol,white,Car(Liftback),https://patpat.lk/en/ad/vehicle/toyota-axio-2014-281590
"8,300,000","220,000",1300,Automatic,Toyota,2016,"About
                            patpat





About Us
Terms and s
Privacy policy
Partnerships
Ad Upgrade Details
Banner Advertising Details",Aqua,Petrol,white,Car(Liftback),https://patpat.lk/en/ad/vehicle/toyota-aqua-2016-281617
Negotiable,0,1300,Automatic,Toyota,2012,"About
                            patpat





About Us
Terms and s
Privacy policy
Partnerships
Ad Upgrade Details
Banner Advertising Details",Aqua,Hybrid,white,Car(Liftback),https://patpat.lk/en/ad/vehicle/toyota-aqua-2012-281579
"7,990,000","99,000",998,Automatic,Toyota,2018,"About
                            patpat





About Us
Terms and s
Privacy policy
Partnerships
Ad Upgrade Details
Banner Advertising Details",Vitz,Petrol,black,Car(Hatchback),https://patpat.lk/en/ad/vehicle/toyota-vitz-2018-281342
"7,600,000","140,000",980,Automatic,Toyota,2013,"About
                            patpat





About Us
Terms and s
Privacy policy
Partnerships
Ad Upgrade Details
Banner Advertising Details",Aqua,Petrol,white,Car(Hatchback),https://patpat.lk/en/ad/vehicle/toyota-aqua-2013-281549
"6,550,000","107,000",1500,Automatic,Toyota,2008,"About
                            patpat





About Us
Terms and s
Privacy policy
Partnerships
Ad Upgrade Details
Banner Advertising Details",Prius,Hybrid,red,Car(Hatchback),https://patpat.lk/en/ad/vehicle/toyota-prius-2008-281559
"7,580,000","13,800",1500,Automatic,Toyota,2014,"About
                            patpat





About Us
Terms and s
Privacy policy
Partnerships
Ad Upgrade Details
Banner Advertising Details",Aqua,Hybrid,white,Car(Liftback),https://patpat.lk/en/ad/vehicle/toyota-aqua-2014-281537
"4,850,000","147,000",1500,Automatic,Toyota,2003,"About
                            patpat





About Us
Terms and s
Privacy policy
Partnerships
Ad Upgrade Details
Banner Advertising Details",Vios,Petrol,black,Car(Saloon),https://patpat.lk/en/ad/vehicle/toyota-vios-2003-281527
"6,900,000","250,000",950,Automatic,Toyota,2013,"About
                            patpat





About Us
Terms and s
Privacy policy
Partnerships
Ad Upgrade Details
Banner Advertising Details",Aqua,Petrol,black,Car(Hatchback),https://patpat.lk/en/ad/vehicle/toyota-aqua-2013-281454
"7,250,000","96,000",950,Automatic,Toyota,2017,"About
                            patpat





About Us
Terms and s
Privacy policy
Partnerships
Ad Upgrade Details
Banner Advertising Details",Vitz,Petrol,pink,Car(Hatchback),https://patpat.lk/en/ad/vehicle/toyota-vitz-2017-281513
"5,190,000","650,000",950,Automatic,Toyota,2008,"About
                            patpat





About Us
Terms and s
Privacy policy
Partnerships
Ad Upgrade Details
Banner Advertising Details",Vitz,Petrol,other,Car(Hatchback),https://patpat.lk/en/ad/vehicle/toyota-vitz-2008-281515
Negotiable,N/A,N/A,"Automatic



Manual



Other



Tiptronic",,N/A,"About
                            patpat





About Us
Terms and s
Privacy policy
Partnerships
Ad Upgrade Details
Banner Advertising Details",,"Diesel



Electric



Hybrid



Petrol",N/A,"Bike



Bus



Car



Heavy



Land



SUV



Three wheeler



Truck



Van



Pick-up 



Multi Purpose",https://patpat.lk/en/sri-lanka/vehicle/car/toyota?page=24
"7,350,000","148,000",980,Automatic,Toyota,2013,"About
                            patpat





About Us
Terms and s
Privacy policy
Partnerships
Ad Upgrade Details
Banner Advertising Details",Aqua,Petrol,white,Car(Liftback),https://patpat.lk/en/ad/vehicle/toyota-aqua-2013-281474
Negotiable,"157,000",1490,Automatic,Toyota,2013,"About
                            patpat





About Us
Terms and s
Privacy policy
Partnerships
Ad Upgrade Details
Banner Advertising Details",Aqua,Hybrid,white,Car(Saloon),https://patpat.lk/en/ad/vehicle/toyota-aqua-2013-281501
"15,400,000","11,000",1500,Automatic,Toyota,2018,"About
                            patpat





About Us
Terms and s
Privacy policy
Partnerships
Ad Upgrade Details
Banner Advertising Details",Premio,Petrol,red,Car(Hatchback),https://patpat.lk/en/ad/vehicle/toyota-premio-2018-281455
"9,975,000","118,000",1300,Automatic,Toyota,2015,"About
                            patpat





About Us
Terms and s
Privacy policy
Partnerships
Ad Upgrade Details
Banner Advertising Details",Axio,Petrol,white,Car(Sedan),https://patpat.lk/en/ad/vehicle/toyota-axio-2015-281459
"5,500,000","140,000",1000,Automatic,Toyota,2008,"About
                            patpat





About Us
Terms and s
Privacy policy
Partnerships
Ad Upgrade Details
Banner Advertising Details",Vitz,Petrol,white,Car(Hatchback),https://patpat.lk/en/ad/vehicle/toyota-vitz-2008-281486
Negotiable,"124,000",1500,Manual,Toyota,2005,"About
                            patpat





About Us
Terms and s
Privacy policy
Partnerships
Ad Upgrade Details
Banner Advertising Details",Vios,Petrol,white,Car(Hatchback),https://patpat.lk/en/ad/vehicle/toyota-vios-2005-281485
"7,250,000","132,000",1300,Automatic,Toyota,2016,"About
                            patpat





About Us
Terms and s
Privacy policy
Partnerships
Ad Upgrade Details
Banner Advertising Details",Vitz,Petrol,silver,Car(Hatchback),https://patpat.lk/en/ad/vehicle/toyota-vitz-2016-281397
"7,300,000","129,000",1496,Automatic,Toyota,2014,"About
                            patpat





About Us
Terms and s
Privacy policy
Partnerships
Ad Upgrade Details
Banner Advertising Details",Aqua,Petrol,white,Car(Liftback),https://patpat.lk/en/ad/vehicle/toyota-aqua-2014-281340
"8,000,000","79,500",1000,Automatic,Toyota,2018,"About
                            patpat





About Us
Terms and s
Privacy policy
Partnerships
Ad Upgrade Details
Banner Advertising Details",Vitz,Petrol,white,Car(),https://patpat.lk/en/ad/vehicle/toyota-vitz-2018-281390
"8,850,000","130,000",1800,Automatic,Toyota,2012,"About
                            patpat





About Us
Terms and s
Privacy policy
Partnerships
Ad Upgrade Details
Banner Advertising Details",Prius,Hybrid,silver,Car(Sedan),https://patpat.lk/en/ad/vehicle/toyota-prius-2012-281375
"8,600,000","90,000",1500,Automatic,Toyota,2016,"About
                            patpat





About Us
Terms and s
Privacy policy
Partnerships
Ad Upgrade Details
Banner Advertising Details",Aqua,Hybrid,silver,Car(Liftback),https://patpat.lk/en/ad/vehicle/toyota-aqua-2016-281323
"5,300,000","124,000",1496,Automatic,Toyota,2008,"About
                            patpat





About Us
Terms and s
Privacy policy
Partnerships
Ad Upgrade Details
Banner Advertising Details",Vitz,Petrol,other,Car(Liftback),https://patpat.lk/en/ad/vehicle/toyota-vitz-2008-281328
"2,850,000","150,000",1970,Automatic,Toyota,1982,"About
                            patpat





About Us
Terms and s
Privacy policy
Partnerships
Ad Upgrade Details
Banner Advertising Details",Carina,Diesel,gray,Car(Sedan),https://patpat.lk/en/ad/vehicle/toyota-carina-1982-281318
"8,600,000","210,000",1496,Automatic,Toyota,2015,"About
                            patpat





About Us
Terms and s
Privacy policy
Partnerships
Ad Upgrade Details
Banner Advertising Details",Aqua,Hybrid,red,Car(Hatchback),https://patpat.lk/en/ad/vehicle/toyota-aqua-2015-281290
"8,475,000","163,000",1496,Automatic,Toyota,2014,"About
                            patpat





About Us
Terms and s
Privacy policy
Partnerships
Ad Upgrade Details
Banner Advertising Details",Aqua,Hybrid,white,Car(Hatchback),https://patpat.lk/en/ad/vehicle/toyota-aqua-2014-281292
"7,800,000","144,000",1500,Automatic,Toyota,2005,"About
                            patpat





About Us
Terms and s
Privacy policy
Partnerships
Ad Upgrade Details
Banner Advertising Details",Allion,Petrol,silver,Car(Saloon),https://patpat.lk/en/ad/vehicle/toyota-allion-2005-281283
"8,700,000","85,000",1496,Automatic,Toyota,2016,"About
                            patpat





About Us
Terms and s
Privacy policy
Partnerships
Ad Upgrade Details
Banner Advertising Details",Aqua,Petrol,silver,Car(Liftback),https://patpat.lk/en/ad/vehicle/toyota-aqua-2016-281306
"3,200,000","282,000",1500,Manual,Toyota,1996,"About
                            patpat





About Us
Terms and s
Privacy policy
Partnerships
Ad Upgrade Details
Banner Advertising Details",Corolla,Petrol,white,Car(Sedan),https://patpat.lk/en/ad/vehicle/toyota-corolla-1996-281272
"7,990,000","120,000",1500,Automatic,Toyota,2012,"About
                            patpat





About Us
Terms and s
Privacy policy
Partnerships
Ad Upgrade Details
Banner Advertising Details",Aqua,Hybrid,blue,Car(Liftback),https://patpat.lk/en/ad/vehicle/toyota-aqua-2012-281268
"9,150,000","20,000",120,Automatic,Toyota,2023,"About
                            patpat





About Us
Terms and s
Privacy policy
Partnerships
Ad Upgrade Details
Banner Advertising Details",Yaris,Petrol,white,Car(Hatchback),https://patpat.lk/en/ad/vehicle/toyota-yaris-2023-281217
"5,500,000",N/A,N/A,"Automatic



Manual



Other



Tiptronic",,N/A,"About
                            patpat





About Us
Terms and s
Privacy policy
Partnerships
Ad Upgrade Details
Banner Advertising Details",,"Diesel



Electric



Hybrid



Petrol",N/A,"Bike



Bus



Car



Heavy



Land



SUV



Three wheeler



Truck



Van



Pick-up 



Multi Purpose",https://patpat.lk/en/sri-lanka/vehicle/car/toyota?page=25
"5,800,000","343,783",1300,Manual,Toyota,2008,"About
                            patpat





About Us
Terms and s
Privacy policy
Partnerships
Ad Upgrade Details
Banner Advertising Details",Yaris,Petrol,red,Car(Sedan),https://patpat.lk/en/ad/vehicle/toyota-yaris-2008-281228
"9,900,000","98,000",1500,Automatic,Toyota,2015,"About
                            patpat





About Us
Terms and s
Privacy policy
Partnerships
Ad Upgrade Details
Banner Advertising Details",Axio,Hybrid,maroon,Car(Hatchback),https://patpat.lk/en/ad/vehicle/toyota-axio-2015-279490
"9,000,000",0,1000,Automatic,Toyota,2023,"About
                            patpat





About Us
Terms and s
Privacy policy
Partnerships
Ad Upgrade Details
Banner Advertising Details",Yaris,Petrol,black,Car(Hatchback),https://patpat.lk/en/ad/vehicle/toyota-yaris-2023-281172
"7,250,000","129,000",1500,Automatic,Toyota,2014,"About
                            patpat





About Us
Terms and s
Privacy policy
Partnerships
Ad Upgrade Details
Banner Advertising Details",Aqua,Hybrid,white,Car(Liftback),https://patpat.lk/en/ad/vehicle/toyota-aqua-2014-281104
Negotiable,"256,000",1500,Automatic,Toyota,2004,"About
                            patpat





About Us
Terms and s
Privacy policy
Partnerships
Ad Upgrade Details
Banner Advertising Details",Prius,Petrol,white,Car(Saloon),https://patpat.lk/en/ad/vehicle/toyota-prius-2004-280457
"14,200,000","89,000",1496,Automatic,Toyota,2017,"About
                            patpat





About Us
Terms and s
Privacy policy
Partnerships
Ad Upgrade Details
Banner Advertising Details",Premio,Petrol,maroon,Car(Sedan),https://patpat.lk/en/ad/vehicle/toyota-premio-2017-281208
"1,090,000",0,1200,Manual,Toyota,1987,"About
                            patpat





About Us
Terms and s
Privacy policy
Partnerships
Ad Upgrade Details
Banner Advertising Details",Ke72,Petrol,white,Car(Station wagon),https://patpat.lk/en/ad/vehicle/toyota-ke72-1987-280260
"8,200,000","164,000",1500,Automatic,Toyota,2008,"About
                            patpat





About Us
Terms and s
Privacy policy
Partnerships
Ad Upgrade Details
Banner Advertising Details",Premio,Petrol,silver,Car(Saloon),https://patpat.lk/en/ad/vehicle/toyota-premio-2008-281186
"2,675,000",0,2000,Manual,Toyota,1995,"About
                            patpat





About Us
Terms and s
Privacy policy
Partnerships
Ad Upgrade Details
Banner Advertising Details",Carina,Diesel,white,Car(Sedan),https://patpat.lk/en/ad/vehicle/toyota-carina-1995-281187
"9,850,000",700,650,Automatic,Toyota,2022,"About
                            patpat





About Us
Terms and s
Privacy policy
Partnerships
Ad Upgrade Details
Banner Advertising Details",Yaris,Petrol,red,Car(Hatchback),https://patpat.lk/en/ad/vehicle/toyota-yaris-2022-281146
Negotiable,0,1450,Automatic,Toyota,2017,"About
                            patpat





About Us
Terms and s
Privacy policy
Partnerships
Ad Upgrade Details
Banner Advertising Details",Fielder,Petrol,other,Car(Hatchback),https://patpat.lk/en/ad/vehicle/toyota-fielder-2017-280760
Negotiable,"99,000",1000,Automatic,Toyota,2018,"About
                            patpat





About Us
Terms and s
Privacy policy
Partnerships
Ad Upgrade Details
Banner Advertising Details",Vitz,Hybrid,purple,Car(Hatchback),https://patpat.lk/en/ad/vehicle/toyota-vitz-2018-280581
Negotiable,"155,000",1500,Manual,Toyota,1998,"About
                            patpat





About Us
Terms and s
Privacy policy
Partnerships
Ad Upgrade Details
Banner Advertising Details",Carina,Petrol,gray,Car(Saloon),https://patpat.lk/en/ad/vehicle/toyota-carina-1998-280942
Negotiable,"179,000",1500,Automatic,Toyota,2017,"About
                            patpat





About Us
Terms and s
Privacy policy
Partnerships
Ad Upgrade Details
Banner Advertising Details",Axio,Petrol,maroon,Car(Sedan),https://patpat.lk/en/ad/vehicle/toyota-axio-2017-280604
Negotiable,0,1000,Automatic,Toyota,2010,"About
                            patpat





About Us
Terms and s
Privacy policy
Partnerships
Ad Upgrade Details
Banner Advertising Details",Vitz,Petrol,blue,Car(Convertible),https://patpat.lk/en/ad/vehicle/toyota-vitz-2010-280610
Negotiable,0,1300,Automatic,Toyota,2007,"About
                            patpat





About Us
Terms and s
Privacy policy
Partnerships
Ad Upgrade Details
Banner Advertising Details",Belta,Petrol,blue,Car(Liftback),https://patpat.lk/en/ad/vehicle/toyota-belta-2007-280673
Negotiable,"118,000",1800,Automatic,Toyota,2014,"About
                            patpat





About Us
Terms and s
Privacy policy
Partnerships
Ad Upgrade Details
Banner Advertising Details",Prius,Petrol,white,Car(Hatchback),https://patpat.lk/en/ad/vehicle/toyota-prius-2014-280762
Negotiable,0,1000,Automatic,Toyota,2000,"About
                            patpat





About Us
Terms and s
Privacy policy
Partnerships
Ad Upgrade Details
Banner Advertising Details",Sprinter,Petrol,white,Car(Sedan),https://patpat.lk/en/ad/vehicle/toyota-sprinter-2000-280899
Negotiable,"1,875,860",1496,Automatic,Toyota,2012,"About
                            patpat





About Us
Terms and s
Privacy policy
Partnerships
Ad Upgrade Details
Banner Advertising Details",Aqua,Petrol,white,Car(Hatchback),https://patpat.lk/en/ad/vehicle/toyota-aqua-2012-280935
Negotiable,"120,000",1000,Automatic,Toyota,2013,"About
                            patpat





About Us
Terms and s
Privacy policy
Partnerships
Ad Upgrade Details
Banner Advertising Details",Prius,Hybrid,black,Car(Liftback),https://patpat.lk/en/ad/vehicle/toyota-prius-2013-280936
"14,550,000",N/A,N/A,"Automatic



Manual



Other



Tiptronic",,N/A,"About
                            patpat





About Us
Terms and s
Privacy policy
Partnerships
Ad Upgrade Details
Banner Advertising Details",,"Diesel



Electric



Hybrid



Petrol",N/A,"Bike



Bus



Car



Heavy



Land



SUV



Three wheeler



Truck



Van



Pick-up 



Multi Purpose",https://patpat.lk/en/sri-lanka/vehicle/car/toyota?page=26
Negotiable,"198,000",1330,Automatic,Toyota,2013,"About
                            patpat





About Us
Terms and s
Privacy policy
Partnerships
Ad Upgrade Details
Banner Advertising Details",Aqua,Petrol,blue,Car(Hatchback),https://patpat.lk/en/ad/vehicle/toyota-aqua-2013-280725
Negotiable,0,1200,Automatic,Toyota,2025,"About
                            patpat





About Us
Terms and s
Privacy policy
Partnerships
Ad Upgrade Details
Banner Advertising Details",Yaris Ativ,Petrol,gray,Car(Sedan),https://patpat.lk/en/ad/vehicle/toyota-yaris-ativ-2025-281035
"10,500,000","93,000",1200,Automatic,Toyota,2014,"About
                            patpat





About Us
Terms and s
Privacy policy
Partnerships
Ad Upgrade Details
Banner Advertising Details",Prius,Hybrid,black,Car(Hatchback),https://patpat.lk/en/ad/vehicle/toyota-prius-2014-280964
"12,500,000","145,000",1200,Automatic,Toyota,2018,"About
                            patpat





About Us
Terms and s
Privacy policy
Partnerships
Ad Upgrade Details
Banner Advertising Details",Axio,Hybrid,white,Car(Sedan),https://patpat.lk/en/ad/vehicle/toyota-axio-2018-280977
"8,000,000","92,700",1000,Automatic,Toyota,2018,"About
                            patpat





About Us
Terms and s
Privacy policy
Partnerships
Ad Upgrade Details
Banner Advertising Details",Vitz,Petrol,black,Car(Hatchback),https://patpat.lk/en/ad/vehicle/toyota-vitz-2018-280924
"13,850,000","68,000",1400,Automatic,Toyota,2017,"About
                            patpat





About Us
Terms and s
Privacy policy
Partnerships
Ad Upgrade Details
Banner Advertising Details",Premio,Petrol,red,Car(Sedan),https://patpat.lk/en/ad/vehicle/toyota-premio-2017-280962
"4,800,000",0,1000,Automatic,Toyota,2007,"About
                            patpat





About Us
Terms and s
Privacy policy
Partnerships
Ad Upgrade Details
Banner Advertising Details",Vitz,Petrol,gray,Car(Hatchback),https://patpat.lk/en/ad/vehicle/toyota-vitz-2007-280379
"4,300,000","12,800,000",1000,Automatic,Toyota,2007,"About
                            patpat





About Us
Terms and s
Privacy policy
Partnerships
Ad Upgrade Details
Banner Advertising Details",Vitz,Petrol,blue,Car(Hatchback),https://patpat.lk/en/ad/vehicle/toyota-vitz-2007-280387
"5,400,000","32,000",1000,Automatic,Toyota,2007,"About
                            patpat





About Us
Terms and s
Privacy policy
Partnerships
Ad Upgrade Details
Banner Advertising Details",Passo,Petrol,blue,Car(Hatchback),https://patpat.lk/en/ad/vehicle/toyota-passo-2007-280653
"5,600,000","164,000",1500,Automatic,Toyota,2007,"About
                            patpat





About Us
Terms and s
Privacy policy
Partnerships
Ad Upgrade Details
Banner Advertising Details",Vios,Petrol,black,Car(Sedan),https://patpat.lk/en/ad/vehicle/toyota-vios-2007-280947
"5,500,000","169,000",1000,Automatic,Toyota,2010,"About
                            patpat





About Us
Terms and s
Privacy policy
Partnerships
Ad Upgrade Details
Banner Advertising Details",Vitz,Petrol,black,Car(Hatchback),https://patpat.lk/en/ad/vehicle/toyota-vitz-2010-280952
"3,000,000","252,000",1975,Manual,Toyota,1999,"About
                            patpat





About Us
Terms and s
Privacy policy
Partnerships
Ad Upgrade Details
Banner Advertising Details",Corona,Diesel,blue,Car(Sedan),https://patpat.lk/en/ad/vehicle/toyota-corona-1999-280893
"6,700,000","122,000",1350,Automatic,Toyota,2007,"About
                            patpat





About Us
Terms and s
Privacy policy
Partnerships
Ad Upgrade Details
Banner Advertising Details",Axio,Petrol,white,Car(Saloon),https://patpat.lk/en/ad/vehicle/toyota-axio-2007-280960
"5,075,000","234,000",100,Automatic,Toyota,2007,"About
                            patpat





About Us
Terms and s
Privacy policy
Partnerships
Ad Upgrade Details
Banner Advertising Details",Vitz,Petrol,silver,Car(Hatchback),https://patpat.lk/en/ad/vehicle/toyota-vitz-2007-280895
"6,385,000","147,000",1498,Automatic,Toyota,2007,"About
                            patpat





About Us
Terms and s
Privacy policy
Partnerships
Ad Upgrade Details
Banner Advertising Details",Prius,Hybrid,silver,Car(Saloon),https://patpat.lk/en/ad/vehicle/toyota-prius-2007-280884
"7,300,000","132,000",1000,Automatic,Toyota,2016,"About
                            patpat





About Us
Terms and s
Privacy policy
Partnerships
Ad Upgrade Details
Banner Advertising Details",Vitz,Petrol,silver,Car(Hatchback),https://patpat.lk/en/ad/vehicle/toyota-vitz-2016-280875
"6,400,000","207,000",1500,Automatic,Toyota,2003,"About
                            patpat





About Us
Terms and s
Privacy policy
Partnerships
Ad Upgrade Details
Banner Advertising Details",Allion,Petrol,silver,Car(Sedan),https://patpat.lk/en/ad/vehicle/toyota-allion-2003-280773
"9,875,000","160,000",1500,Automatic,Toyota,2016,"About
                            patpat





About Us
Terms and s
Privacy policy
Partnerships
Ad Upgrade Details
Banner Advertising Details",Axio,Hybrid,other,Car(Sedan),https://patpat.lk/en/ad/vehicle/toyota-axio-2016-280273
"5,700,000","140,000",1000,Automatic,Toyota,2011,"About
                            patpat





About Us
Terms and s
Privacy policy
Partnerships
Ad Upgrade Details
Banner Advertising Details",Vitz,Petrol,white,Car(Hatchback),https://patpat.lk/en/ad/vehicle/toyota-vitz-2011-280279
Negotiable,"154,370",1490,Manual,Toyota,2007,"About
                            patpat





About Us
Terms and s
Privacy policy
Partnerships
Ad Upgrade Details
Banner Advertising Details",Premio,Petrol,black,Car(Sedan),https://patpat.lk/en/ad/vehicle/toyota-premio-2007-280288
"7,350,000",N/A,N/A,"Automatic



Manual



Other



Tiptronic",,N/A,"About
                            patpat





About Us
Terms and s
Privacy policy
Partnerships
Ad Upgrade Details
Banner Advertising Details",,"Diesel



Electric



Hybrid



Petrol",N/A,"Bike



Bus



Car



Heavy



Land



SUV



Three wheeler



Truck



Van



Pick-up 



Multi Purpose",https://patpat.lk/en/sri-lanka/vehicle/car/toyota?page=27
"5,700,000","140,000",1000,Automatic,Toyota,2007,"About
                            patpat





About Us
Terms and s
Privacy policy
Partnerships
Ad Upgrade Details
Banner Advertising Details",Vitz,Petrol,white,Car(Hatchback),https://patpat.lk/en/ad/vehicle/toyota-vitz-2007-280710
Negotiable,"45,000",990,Manual,Toyota,2013,"About
                            patpat





About Us
Terms and s
Privacy policy
Partnerships
Ad Upgrade Details
Banner Advertising Details",Prius,Petrol,black,Car(Saloon),https://patpat.lk/en/ad/vehicle/toyota-prius-2013-280207
Negotiable,"88,000",1000,Automatic,Toyota,2017,"About
                            patpat





About Us
Terms and s
Privacy policy
Partnerships
Ad Upgrade Details
Banner Advertising Details",Vitz,Petrol,white,Car(Sports),https://patpat.lk/en/ad/vehicle/toyota-vitz-2017-280203
"6,950,000","190,000",1500,Automatic,Toyota,2012,"About
                            patpat





About Us
Terms and s
Privacy policy
Partnerships
Ad Upgrade Details
Banner Advertising Details",Aqua,Petrol,blue,Car(Hatchback),https://patpat.lk/en/ad/vehicle/toyota-aqua-2012-280702
"6,800,000","150,000",1000,Automatic,Toyota,2008,"About
                            patpat





About Us
Terms and s
Privacy policy
Partnerships
Ad Upgrade Details
Banner Advertising Details",Vitz,Petrol,black,Car(Hatchback),https://patpat.lk/en/ad/vehicle/toyota-vitz-2008-280137
Negotiable,"174,000",1200,Automatic,Toyota,2013,"About
                            patpat





About Us
Terms and s
Privacy policy
Partnerships
Ad Upgrade Details
Banner Advertising Details",Prius,Hybrid,silver,Car(Sports),https://patpat.lk/en/ad/vehicle/toyota-prius-2013-280196
"6,850,000","160,000",1000,Automatic,Toyota,2013,"About
                            patpat





About Us
Terms and s
Privacy policy
Partnerships
Ad Upgrade Details
Banner Advertising Details",Aqua,Petrol,black,Car(Sedan),https://patpat.lk/en/ad/vehicle/toyota-aqua-2013-280201
"5,100,000","198,000",1500,Automatic,Toyota,2003,"About
                            patpat





About Us
Terms and s
Privacy policy
Partnerships
Ad Upgrade Details
Banner Advertising Details",Vios,Petrol,black,Car(Hatchback),https://patpat.lk/en/ad/vehicle/toyota-vios-2003-280646
Negotiable,0,1000,Automatic,Toyota,2013,"About
                            patpat





About Us
Terms and s
Privacy policy
Partnerships
Ad Upgrade Details
Banner Advertising Details",Prius,Hybrid,silver,Car(Hatchback),https://patpat.lk/en/ad/vehicle/toyota-prius-2013-280102
"14,550,000","67,000",1500,Automatic,Toyota,2016,"About
                            patpat





About Us
Terms and s
Privacy policy
Partnerships
Ad Upgrade Details
Banner Advertising Details",Premio,Petrol,white,Car(Hatchback),https://patpat.lk/en/ad/vehicle/toyota-premio-2016-279846
"6,850,000","270,000",1500,Automatic,Toyota,2008,"About
                            patpat





About Us
Terms and s
Privacy policy
Partnerships
Ad Upgrade Details
Banner Advertising Details",Axio,Petrol,silver,Car(Saloon),https://patpat.lk/en/ad/vehicle/toyota-axio-2008-280191
"8,650,000","110,000",1500,Automatic,Toyota,2013,"About
                            patpat





About Us
Terms and s
Privacy policy
Partnerships
Ad Upgrade Details
Banner Advertising Details",Axio,Petrol,white,Car(Hatchback),https://patpat.lk/en/ad/vehicle/toyota-axio-2013-280601
Negotiable,"96,000",1500,Automatic,Toyota,2013,"About
                            patpat





About Us
Terms and s
Privacy policy
Partnerships
Ad Upgrade Details
Banner Advertising Details",Prius,Petrol,white,Car(Hatchback),https://patpat.lk/en/ad/vehicle/toyota-prius-2013-280566
"6,000,000","116,000",1000,Automatic,Toyota,2008,"About
                            patpat





About Us
Terms and s
Privacy policy
Partnerships
Ad Upgrade Details
Banner Advertising Details",Vitz,Petrol,gray,Car(Hatchback),https://patpat.lk/en/ad/vehicle/toyota-vitz-2008-280567
"5,350,000","161,000",1496,Automatic,Toyota,2003,"About
                            patpat





About Us
Terms and s
Privacy policy
Partnerships
Ad Upgrade Details
Banner Advertising Details",Vios,Diesel,black,Car(Saloon),https://patpat.lk/en/ad/vehicle/toyota-vios-2003-280586
"8,590,000","53,000",1000,Automatic,Toyota,2019,"About
                            patpat





About Us
Terms and s
Privacy policy
Partnerships
Ad Upgrade Details
Banner Advertising Details",Vitz,Petrol,maroon,Car(Hatchback),https://patpat.lk/en/ad/vehicle/toyota-vitz-2019-280218
Negotiable,0,1000,Automatic,Toyota,2007,"About
                            patpat





About Us
Terms and s
Privacy policy
Partnerships
Ad Upgrade Details
Banner Advertising Details",Vitz,Petrol,silver,Car(Hatchback),https://patpat.lk/en/ad/vehicle/toyota-vitz-2007-280119
Negotiable,"130,000",1500,Automatic,Toyota,2015,"About
                            patpat





About Us
Terms and s
Privacy policy
Partnerships
Ad Upgrade Details
Banner Advertising Details",Aqua,Hybrid,silver,Car(Hatchback),https://patpat.lk/en/ad/vehicle/toyota-aqua-2015-280230
Negotiable,"135,000",1500,Automatic,Toyota,2014,"About
                            patpat





About Us
Terms and s
Privacy policy
Partnerships
Ad Upgrade Details
Banner Advertising Details",Aqua,Hybrid,red,Car(Hatchback),https://patpat.lk/en/ad/vehicle/toyota-aqua-2014-280569
"975,000","150,000",1300,Manual,Toyota,1987,"About
                            patpat





About Us
Terms and s
Privacy policy
Partnerships
Ad Upgrade Details
Banner Advertising Details",DX Wagon,Petrol,other,Car(Hatchback),https://patpat.lk/en/ad/vehicle/toyota-dx-wagon-1987-280050
Negotiable,N/A,N/A,"Automatic



Manual



Other



Tiptronic",,N/A,"About
                            patpat





About Us
Terms and s
Privacy policy
Partnerships
Ad Upgrade Details
Banner Advertising Details",,"Diesel



Electric



Hybrid



Petrol",N/A,"Bike



Bus



Car



Heavy



Land



SUV



Three wheeler



Truck



Van



Pick-up 



Multi Purpose",https://patpat.lk/en/sri-lanka/vehicle/car/toyota?page=28
"8,675,000","132,000",1500,Automatic,Toyota,2015,"About
                            patpat





About Us
Terms and s
Privacy policy
Partnerships
Ad Upgrade Details
Banner Advertising Details",Aqua,Petrol,silver,Car(Hatchback),https://patpat.lk/en/ad/vehicle/toyota-aqua-2015-280236
"6,000,000","134,000",1000,Automatic,Toyota,2010,"About
                            patpat





About Us
Terms and s
Privacy policy
Partnerships
Ad Upgrade Details
Banner Advertising Details",Vitz,Petrol,blue,Car(Hatchback),https://patpat.lk/en/ad/vehicle/toyota-vitz-2010-280557
"9,350,000","107,000",1300,Automatic,Toyota,2015,"About
                            patpat





About Us
Terms and s
Privacy policy
Partnerships
Ad Upgrade Details
Banner Advertising Details",Aqua,Petrol,red,Car(Hatchback),https://patpat.lk/en/ad/vehicle/toyota-aqua-2015-280071
Negotiable,0,1200,Manual,Toyota,2002,"About
                            patpat





About Us
Terms and s
Privacy policy
Partnerships
Ad Upgrade Details
Banner Advertising Details",Corolla,Petrol,white,Car(Hatchback),https://patpat.lk/en/ad/vehicle/toyota-corolla-2002-280035
"5,100,000","120,000",1330,Automatic,Toyota,1998,"About
                            patpat





About Us
Terms and s
Privacy policy
Partnerships
Ad Upgrade Details
Banner Advertising Details",Starlet,Petrol,green,Car(Hatchback),https://patpat.lk/en/ad/vehicle/toyota-starlet-1998-279941
"11,200,000","180,000",1500,Automatic,Toyota,2013,"About
                            patpat





About Us
Terms and s
Privacy policy
Partnerships
Ad Upgrade Details
Banner Advertising Details",Premio,Petrol,maroon,Car(Saloon),https://patpat.lk/en/ad/vehicle/toyota-premio-2013-279993
"6,850,000","100,000",1500,Automatic,Toyota,2012,"About
                            patpat





About Us
Terms and s
Privacy policy
Partnerships
Ad Upgrade Details
Banner Advertising Details",Aqua,Hybrid,blue,Car(Hatchback),https://patpat.lk/en/ad/vehicle/toyota-aqua-2012-279964
Negotiable,0,1000,Automatic,Toyota,2024,"About
                            patpat





About Us
Terms and s
Privacy policy
Partnerships
Ad Upgrade Details
Banner Advertising Details",Yaris,Petrol,red,Car(Hatchback),https://patpat.lk/en/ad/vehicle/toyota-yaris-2024-280315
"5,375,000",0,1500,Automatic,Toyota,2004,"About
                            patpat





About Us
Terms and s
Privacy policy
Partnerships
Ad Upgrade Details
Banner Advertising Details",Vios,Petrol,black,Car(Sedan),https://patpat.lk/en/ad/vehicle/toyota-vios-2004-279970
"7,350,000","148,000",850,Automatic,Toyota,2013,"About
                            patpat





About Us
Terms and s
Privacy policy
Partnerships
Ad Upgrade Details
Banner Advertising Details",Aqua,Petrol,white,Car(Hatchback),https://patpat.lk/en/ad/vehicle/toyota-aqua-2013-280255
"8,675,000",0,1400,Automatic,Toyota,2015,"About
                            patpat





About Us
Terms and s
Privacy policy
Partnerships
Ad Upgrade Details
Banner Advertising Details",Aqua,Diesel,white,Car(Hatchback),https://patpat.lk/en/ad/vehicle/toyota-aqua-2015-280502
"5,150,000","199,000",1500,Automatic,Toyota,2009,"About
                            patpat





About Us
Terms and s
Privacy policy
Partnerships
Ad Upgrade Details
Banner Advertising Details",Vios,Petrol,black,Car(Sedan),https://patpat.lk/en/ad/vehicle/toyota-vios-2009-280483
"4,800,000","175,000",1500,Automatic,Toyota,2004,"About
                            patpat





About Us
Terms and s
Privacy policy
Partnerships
Ad Upgrade Details
Banner Advertising Details",Vios,Petrol,gold,Car(Sedan),https://patpat.lk/en/ad/vehicle/toyota-vios-2004-280487
Negotiable,0,1490,Manual,Toyota,2007,"About
                            patpat





About Us
Terms and s
Privacy policy
Partnerships
Ad Upgrade Details
Banner Advertising Details",Premio,Petrol,maroon,Car(Hatchback),https://patpat.lk/en/ad/vehicle/toyota-premio-2007-279918
Negotiable,480,2500,Automatic,Toyota,2025,"About
                            patpat





About Us
Terms and s
Privacy policy
Partnerships
Ad Upgrade Details
Banner Advertising Details",Vellfire,Hybrid,black,Car(Hatchback),https://patpat.lk/en/ad/vehicle/toyota-vellfire-2025-279888
"9,700,000",0,1500,Automatic,Toyota,2024,"About
                            patpat





About Us
Terms and s
Privacy policy
Partnerships
Ad Upgrade Details
Banner Advertising Details",Yaris,Petrol,white,Car(Hatchback),https://patpat.lk/en/ad/vehicle/toyota-yaris-2024-280415
"13,000,000","110,000",1500,Automatic,Toyota,2017,"About
                            patpat





About Us
Terms and s
Privacy policy
Partnerships
Ad Upgrade Details
Banner Advertising Details",Premio,Hybrid,white,Car(Sedan),https://patpat.lk/en/ad/vehicle/toyota-premio-2017-280382
"9,550,000","10,000",1000,Automatic,Toyota,2024,"About
                            patpat





About Us
Terms and s
Privacy policy
Partnerships
Ad Upgrade Details
Banner Advertising Details",Yaris,Petrol,white,Car(Hatchback),https://patpat.lk/en/ad/vehicle/toyota-yaris-2024-280378
Negotiable,0,1000,Manual,Toyota,2002,"About
                            patpat





About Us
Terms and s
Privacy policy
Partnerships
Ad Upgrade Details
Banner Advertising Details",Vitz,Petrol,black,Car(Convertible),https://patpat.lk/en/ad/vehicle/toyota-vitz-2002-280164
"5,600,000","164,876",1500,Automatic,Toyota,2003,"About
                            patpat





About Us
Terms and s
Privacy policy
Partnerships
Ad Upgrade Details
Banner Advertising Details",Corolla,Hybrid,black,Car(Saloon),https://patpat.lk/en/ad/vehicle/toyota-corolla-2003-280371
"4,250,000",N/A,N/A,"Automatic



Manual



Other



Tiptronic",,N/A,"About
                            patpat





About Us
Terms and s
Privacy policy
Partnerships
Ad Upgrade Details
Banner Advertising Details",,"Diesel



Electric



Hybrid



Petrol",N/A,"Bike



Bus



Car



Heavy



Land



SUV



Three wheeler



Truck



Van



Pick-up 



Multi Purpose",https://patpat.lk/en/sri-lanka/vehicle/car/toyota?page=29
Negotiable,"135,000",1490,Automatic,Toyota,2013,"About
                            patpat





About Us
Terms and s
Privacy policy
Partnerships
Ad Upgrade Details
Banner Advertising Details",Axio,Petrol,gray,Car(Convertible),https://patpat.lk/en/ad/vehicle/toyota-axio-2013-280292
"5,600,000","470,000",1000,Automatic,Toyota,2008,"About
                            patpat





About Us
Terms and s
Privacy policy
Partnerships
Ad Upgrade Details
Banner Advertising Details",Vitz,Hybrid,gray,Car(Hatchback),https://patpat.lk/en/ad/vehicle/toyota-vitz-2008-280339
"7,350,000","149,000",1500,Automatic,Toyota,2013,"About
                            patpat





About Us
Terms and s
Privacy policy
Partnerships
Ad Upgrade Details
Banner Advertising Details",Aqua,Hybrid,black,Car(Hatchback),https://patpat.lk/en/ad/vehicle/toyota-aqua-2013-280367
"5,650,000","214,000",1790,Automatic,Toyota,2000,"About
                            patpat





About Us
Terms and s
Privacy policy
Partnerships
Ad Upgrade Details
Banner Advertising Details",Carina,Petrol,blue,Car(Sedan),https://patpat.lk/en/ad/vehicle/toyota-carina-2000-280426
"5,800,000","89,000",1490,Automatic,Toyota,2007,"About
                            patpat





About Us
Terms and s
Privacy policy
Partnerships
Ad Upgrade Details
Banner Advertising Details",Vitz,Petrol,silver,Car(Liftback),https://patpat.lk/en/ad/vehicle/toyota-vitz-2007-280366
"1,700,000",0,1490,Manual,Toyota,1991,"About
                            patpat





About Us
Terms and s
Privacy policy
Partnerships
Ad Upgrade Details
Banner Advertising Details",Corona,Petrol,white,Car(Sedan),https://patpat.lk/en/ad/vehicle/toyota-corona-1991-280437
Negotiable,0,1490,Automatic,Toyota,2017,"About
                            patpat





About Us
Terms and s
Privacy policy
Partnerships
Ad Upgrade Details
Banner Advertising Details",Premio,Petrol,silver,Car(Saloon),https://patpat.lk/en/ad/vehicle/toyota-premio-2017-280171
Negotiable,"12,345",1300,Manual,Toyota,1986,"About
                            patpat





About Us
Terms and s
Privacy policy
Partnerships
Ad Upgrade Details
Banner Advertising Details",Corolla,Petrol,white,Car(Hatchback),https://patpat.lk/en/ad/vehicle/toyota-corolla-1986-280182
Negotiable,"120,000",1500,Automatic,Toyota,2019,"About
                            patpat





About Us
Terms and s
Privacy policy
Partnerships
Ad Upgrade Details
Banner Advertising Details",Premio,Hybrid,white,Car(Saloon),https://patpat.lk/en/ad/vehicle/toyota-premio-2019-280369
Negotiable,0,1800,Automatic,Toyota,2011,"About
                            patpat





About Us
Terms and s
Privacy policy
Partnerships
Ad Upgrade Details
Banner Advertising Details",Prius,Hybrid,white,Car(Saloon),https://patpat.lk/en/ad/vehicle/toyota-prius-2011-279948
Negotiable,0,1790,Automatic,Toyota,2009,"About
                            patpat





About Us
Terms and s
Privacy policy
Partnerships
Ad Upgrade Details
Banner Advertising Details",Prius,Petrol,silver,Car(Liftback),https://patpat.lk/en/ad/vehicle/toyota-prius-2009-280362
"8,450,000","48,000",1400,Automatic,Toyota,2023,"About
                            patpat





About Us
Terms and s
Privacy policy
Partnerships
Ad Upgrade Details
Banner Advertising Details",Yaris,Petrol,white,Car(Hatchback),https://patpat.lk/en/ad/vehicle/toyota-yaris-2023-279776
Negotiable,0,1490,Manual,Toyota,1995,"About
                            patpat





About Us
Terms and s
Privacy policy
Partnerships
Ad Upgrade Details
Banner Advertising Details",Corolla,Petrol,other,Car(Hatchback),https://patpat.lk/en/ad/vehicle/toyota-corolla-1995-279731
Negotiable,"110,000",1800,Automatic,Toyota,2013,"About
                            patpat





About Us
Terms and s
Privacy policy
Partnerships
Ad Upgrade Details
Banner Advertising Details",Prius,Petrol,black,Car(Convertible),https://patpat.lk/en/ad/vehicle/toyota-prius-2013-279739
Negotiable,"150,000",1800,Automatic,Toyota,2013,"About
                            patpat





About Us
Terms and s
Privacy policy
Partnerships
Ad Upgrade Details
Banner Advertising Details",Prius,Petrol,white,Car(Hatchback),https://patpat.lk/en/ad/vehicle/toyota-prius-2013-279757
Negotiable,0,1000,Automatic,Toyota,2024,"About
                            patpat





About Us
Terms and s
Privacy policy
Partnerships
Ad Upgrade Details
Banner Advertising Details",Yaris,Hybrid,white,Car(Hatchback),https://patpat.lk/en/ad/vehicle/toyota-yaris-2024-279758
Negotiable,0,1300,Automatic,Toyota,1996,"About
                            patpat





About Us
Terms and s
Privacy policy
Partnerships
Ad Upgrade Details
Banner Advertising Details",Starlet,Petrol,silver,Car(Hatchback),https://patpat.lk/en/ad/vehicle/toyota-starlet-1996-279759
"8,500,000","119,000",1490,Automatic,Toyota,2015,"About
                            patpat





About Us
Terms and s
Privacy policy
Partnerships
Ad Upgrade Details
Banner Advertising Details",Aqua,Petrol,white,Car(Liftback),https://patpat.lk/en/ad/vehicle/toyota-aqua-2015-280323
Negotiable,"131,000",1500,Automatic,Toyota,2013,"About
                            patpat





About Us
Terms and s
Privacy policy
Partnerships
Ad Upgrade Details
Banner Advertising Details",Aqua,Hybrid,silver,Car(Hatchback),https://patpat.lk/en/ad/vehicle/toyota-aqua-2013-279980
Negotiable,0,1000,Automatic,Toyota,2024,"About
                            patpat





About Us
Terms and s
Privacy policy
Partnerships
Ad Upgrade Details
Banner Advertising Details",Yaris,Petrol,gray,Car(Hatchback),https://patpat.lk/en/ad/vehicle/toyota-yaris-2024-279999
"13,500,000",N/A,N/A,"Automatic



Manual



Other



Tiptronic",,N/A,"About
                            patpat





About Us
Terms and s
Privacy policy
Partnerships
Ad Upgrade Details
Banner Advertising Details",,"Diesel



Electric



Hybrid



Petrol",N/A,"Bike



Bus



Car



Heavy



Land



SUV



Three wheeler



Truck



Van



Pick-up 



Multi Purpose",https://patpat.lk/en/sri-lanka/vehicle/car/toyota?page=30
"3,450,000","197,000",1500,Manual,Toyota,1999,"About
                            patpat





About Us
Terms and s
Privacy policy
Partnerships
Ad Upgrade Details
Banner Advertising Details",Corolla,Petrol,gold,Car(),https://patpat.lk/en/ad/vehicle/toyota-corolla-1999-279655
Negotiable,0,1000,Automatic,Toyota,2025,"About
                            patpat





About Us
Terms and s
Privacy policy
Partnerships
Ad Upgrade Details
Banner Advertising Details",Vitz,Petrol,red,Car(Hatchback),https://patpat.lk/en/ad/vehicle/toyota-vitz-2025-280220
"7,100,000","230,000",1500,Automatic,Toyota,2012,"About
                            patpat





About Us
Terms and s
Privacy policy
Partnerships
Ad Upgrade Details
Banner Advertising Details",Aqua,Hybrid,blue,Car(Hatchback),https://patpat.lk/en/ad/vehicle/toyota-aqua-2012-280101
"6,700,000","150,000",1500,Automatic,Toyota,2012,"About
                            patpat





About Us
Terms and s
Privacy policy
Partnerships
Ad Upgrade Details
Banner Advertising Details",Aqua,Hybrid,white,Car(Hatchback),https://patpat.lk/en/ad/vehicle/toyota-aqua-2012-280085
"6,850,000","160,000",1500,Automatic,Toyota,2013,"About
                            patpat





About Us
Terms and s
Privacy policy
Partnerships
Ad Upgrade Details
Banner Advertising Details",Aqua,Hybrid,black,Car(Hatchback),https://patpat.lk/en/ad/vehicle/toyota-aqua-2013-280052
"7,800,000","183,679",1500,Automatic,Toyota,2015,"About
                            patpat





About Us
Terms and s
Privacy policy
Partnerships
Ad Upgrade Details
Banner Advertising Details",Aqua,Petrol,black,Car(Hatchback),https://patpat.lk/en/ad/vehicle/toyota-aqua-2015-280041
"10,800,000","135,000",1800,Automatic,Toyota,2014,"About
                            patpat





About Us
Terms and s
Privacy policy
Partnerships
Ad Upgrade Details
Banner Advertising Details",Prius,Hybrid,white,Car(Sedan),https://patpat.lk/en/ad/vehicle/toyota-prius-2014-280007
"7,900,000","218,000",1500,Manual,Toyota,2010,"About
                            patpat





About Us
Terms and s
Privacy policy
Partnerships
Ad Upgrade Details
Banner Advertising Details",Axio,Petrol,silver,Car(Sedan),https://patpat.lk/en/ad/vehicle/toyota-axio-2010-279631
Negotiable,"375,000",1500,Manual,Toyota,1985,"About
                            patpat





About Us
Terms and s
Privacy policy
Partnerships
Ad Upgrade Details
Banner Advertising Details",Corona,Petrol,white,Car(),https://patpat.lk/en/ad/vehicle/toyota-corona-1985-279580
"4,250,000","305,000",1400,Automatic,Toyota,1997,"About
                            patpat





About Us
Terms and s
Privacy policy
Partnerships
Ad Upgrade Details
Banner Advertising Details",Corolla,Diesel,white,Car(Sedan),https://patpat.lk/en/ad/vehicle/toyota-corolla-1997-280117
"7,850,000","145,000",1490,Automatic,Toyota,2007,"About
                            patpat





About Us
Terms and s
Privacy policy
Partnerships
Ad Upgrade Details
Banner Advertising Details",Axio,Petrol,blue,Car(Sedan),https://patpat.lk/en/ad/vehicle/toyota-axio-2007-279544
"7,425,000","190,000",1500,Automatic,Toyota,2014,"About
                            patpat





About Us
Terms and s
Privacy policy
Partnerships
Ad Upgrade Details
Banner Advertising Details",Aqua,Hybrid,blue,Car(Hatchback),https://patpat.lk/en/ad/vehicle/toyota-aqua-2014-279522
"7,550,000","140,000",1000,Automatic,Toyota,2017,"About
                            patpat





About Us
Terms and s
Privacy policy
Partnerships
Ad Upgrade Details
Banner Advertising Details",Vitz,Hybrid,black,Car(Hatchback),https://patpat.lk/en/ad/vehicle/toyota-vitz-2017-280103
"1,375,000","280,000",1300,Manual,Toyota,1987,"About
                            patpat





About Us
Terms and s
Privacy policy
Partnerships
Ad Upgrade Details
Banner Advertising Details",DX Wagon,Petrol,green,Car(Sedan),https://patpat.lk/en/ad/vehicle/toyota-dx-wagon-1987-279472
"13,800,000","63,000",1500,Automatic,Toyota,2016,"About
                            patpat





About Us
Terms and s
Privacy policy
Partnerships
Ad Upgrade Details
Banner Advertising Details",Prius,Petrol,white,Car(Saloon),https://patpat.lk/en/ad/vehicle/toyota-prius-2016-279965
"10,400,000","142,000",1200,Automatic,Toyota,2014,"About
                            patpat





About Us
Terms and s
Privacy policy
Partnerships
Ad Upgrade Details
Banner Advertising Details",Prius,Petrol,black,Car(Saloon),https://patpat.lk/en/ad/vehicle/toyota-prius-2014-279916
"10,500,000","100,000",1800,Automatic,Toyota,2013,"About
                            patpat





About Us
Terms and s
Privacy policy
Partnerships
Ad Upgrade Details
Banner Advertising Details",Prius,Petrol,silver,Car(Saloon),https://patpat.lk/en/ad/vehicle/toyota-prius-2013-279919
"8,900,000","130,000",1800,Automatic,Toyota,2012,"About
                            patpat





About Us
Terms and s
Privacy policy
Partnerships
Ad Upgrade Details
Banner Advertising Details",Prius,Petrol,white,Car(Saloon),https://patpat.lk/en/ad/vehicle/toyota-prius-2012-279923
"7,100,000","202,000",980,Automatic,Toyota,2014,"About
                            patpat





About Us
Terms and s
Privacy policy
Partnerships
Ad Upgrade Details
Banner Advertising Details",Aqua,Petrol,blue,Car(Liftback),https://patpat.lk/en/ad/vehicle/toyota-aqua-2014-279959
"7,450,000",0,0,Manual,Toyota,2013,"About
                            patpat





About Us
Terms and s
Privacy policy
Partnerships
Ad Upgrade Details
Banner Advertising Details",Aqua,Diesel,black,Car(Hatchback),https://patpat.lk/en/ad/vehicle/toyota-aqua-2013-280086
"7,950,000",N/A,N/A,"Automatic



Manual



Other



Tiptronic",,N/A,"About
                            patpat





About Us
Terms and s
Privacy policy
Partnerships
Ad Upgrade Details
Banner Advertising Details",,"Diesel



Electric



Hybrid



Petrol",N/A,"Bike



Bus



Car



Heavy



Land



SUV



Three wheeler



Truck



Van



Pick-up 



Multi Purpose",https://patpat.lk/en/sri-lanka/vehicle/car/toyota?page=31
"6,900,000","125,000",950,Automatic,Toyota,2013,"About
                            patpat





About Us
Terms and s
Privacy policy
Partnerships
Ad Upgrade Details
Banner Advertising Details",Aqua,Petrol,white,Car(Saloon),https://patpat.lk/en/ad/vehicle/toyota-aqua-2013-280044
"4,800,000","175,000",1500,Automatic,Toyota,2004,"About
                            patpat





About Us
Terms and s
Privacy policy
Partnerships
Ad Upgrade Details
Banner Advertising Details",Vios,Petrol,silver,Car(Saloon),https://patpat.lk/en/ad/vehicle/toyota-vios-2004-280033
"4,500,000","192,000",1500,Automatic,Toyota,2000,"About
                            patpat





About Us
Terms and s
Privacy policy
Partnerships
Ad Upgrade Details
Banner Advertising Details",Corolla,Petrol,white,Car(Saloon),https://patpat.lk/en/ad/vehicle/toyota-corolla-2000-280031
"4,500,000","170,000",1150,Automatic,Toyota,2004,"About
                            patpat





About Us
Terms and s
Privacy policy
Partnerships
Ad Upgrade Details
Banner Advertising Details",Vios,Petrol,other,Car(Liftback),https://patpat.lk/en/ad/vehicle/toyota-vios-2004-280024
"8,390,000","138,000",1500,Automatic,Toyota,2014,"About
                            patpat





About Us
Terms and s
Privacy policy
Partnerships
Ad Upgrade Details
Banner Advertising Details",Avanza,Petrol,white,Car(Hatchback),https://patpat.lk/en/ad/vehicle/toyota-avanza-2014-279425
Negotiable,"384,000",1500,Automatic,Toyota,2014,"About
                            patpat





About Us
Terms and s
Privacy policy
Partnerships
Ad Upgrade Details
Banner Advertising Details",Axio,Petrol,white,Car(Sedan),https://patpat.lk/en/ad/vehicle/toyota-axio-2014-279405
"750,000","150,000",1500,Manual,Toyota,1992,"About
                            patpat





About Us
Terms and s
Privacy policy
Partnerships
Ad Upgrade Details
Banner Advertising Details",Corolla,Petrol,white,Car(Sedan),https://patpat.lk/en/ad/vehicle/toyota-corolla-1992-279390
"9,175,000","240,000",1798,Automatic,Toyota,2011,"About
                            patpat





About Us
Terms and s
Privacy policy
Partnerships
Ad Upgrade Details
Banner Advertising Details",Prius,Hybrid,black,Car(Saloon),https://patpat.lk/en/ad/vehicle/toyota-prius-2011-279385
"7,390,000","120,000",1000,Automatic,Toyota,2016,"About
                            patpat





About Us
Terms and s
Privacy policy
Partnerships
Ad Upgrade Details
Banner Advertising Details",Vitz,Petrol,blue,Car(Hatchback),https://patpat.lk/en/ad/vehicle/toyota-vitz-2016-279374
"13,500,000","6,600",660,Automatic,Toyota,2023,"About
                            patpat





About Us
Terms and s
Privacy policy
Partnerships
Ad Upgrade Details
Banner Advertising Details",Fielder,Hybrid,silver,Car(Hatchback),https://patpat.lk/en/ad/vehicle/toyota-fielder-2023-279338
"7,925,000","172,500",1000,Automatic,Toyota,2015,"About
                            patpat





About Us
Terms and s
Privacy policy
Partnerships
Ad Upgrade Details
Banner Advertising Details",Aqua,Petrol,white,Car(Hatchback),https://patpat.lk/en/ad/vehicle/toyota-aqua-2015-279341
"8,500,000","198,990",1500,Automatic,Toyota,2014,"About
                            patpat





About Us
Terms and s
Privacy policy
Partnerships
Ad Upgrade Details
Banner Advertising Details",Corolla,Hybrid,white,Car(Saloon),https://patpat.lk/en/ad/vehicle/toyota-corolla-2014-279940
"8,800,000","188,000",1500,Automatic,Toyota,2007,"About
                            patpat





About Us
Terms and s
Privacy policy
Partnerships
Ad Upgrade Details
Banner Advertising Details",Allion,Petrol,silver,Car(Sedan),https://patpat.lk/en/ad/vehicle/toyota-allion-2007-279937
"10,827,565",7,1000,Automatic,Toyota,2026,"About
                            patpat





About Us
Terms and s
Privacy policy
Partnerships
Ad Upgrade Details
Banner Advertising Details",Yaris,Petrol,white,Car(Hatchback),https://patpat.lk/en/ad/vehicle/toyota-yaris-2026-279857
"9,800,000","91,000",1198,Automatic,Toyota,2019,"About
                            patpat





About Us
Terms and s
Privacy policy
Partnerships
Ad Upgrade Details
Banner Advertising Details",Yaris Ativ,Petrol,white,Car(Saloon),https://patpat.lk/en/ad/vehicle/toyota-yaris-ativ-2019-279887
"4,950,000","297,000",1000,Automatic,Toyota,2007,"About
                            patpat





About Us
Terms and s
Privacy policy
Partnerships
Ad Upgrade Details
Banner Advertising Details",Vitz,Petrol,white,Car(Hatchback),https://patpat.lk/en/ad/vehicle/toyota-vitz-2007-279841
"7,400,000","250,000",1496,Automatic,Toyota,2010,"About
                            patpat





About Us
Terms and s
Privacy policy
Partnerships
Ad Upgrade Details
Banner Advertising Details",Axio,Petrol,maroon,Car(Sedan),https://patpat.lk/en/ad/vehicle/toyota-axio-2010-279615
Negotiable,"93,000",1500,Automatic,Toyota,2015,"About
                            patpat





About Us
Terms and s
Privacy policy
Partnerships
Ad Upgrade Details
Banner Advertising Details",Axio,Petrol,white,Car(Sedan),https://patpat.lk/en/ad/vehicle/toyota-axio-2015-279811
"8,400,000","81,000",990,Automatic,Toyota,2017,"About
                            patpat





About Us
Terms and s
Privacy policy
Partnerships
Ad Upgrade Details
Banner Advertising Details",Vitz,Petrol,white,Car(Hatchback),https://patpat.lk/en/ad/vehicle/toyota-vitz-2017-279798
"4,400,000","135,000",1500,Automatic,Toyota,2007,"About
                            patpat





About Us
Terms and s
Privacy policy
Partnerships
Ad Upgrade Details
Banner Advertising Details",Passo,Petrol,yellow,Car(Hatchback),https://patpat.lk/en/ad/vehicle/toyota-passo-2007-279829
Negotiable,N/A,N/A,"Automatic



Manual



Other



Tiptronic",,N/A,"About
                            patpat





About Us
Terms and s
Privacy policy
Partnerships
Ad Upgrade Details
Banner Advertising Details",,"Diesel



Electric



Hybrid



Petrol",N/A,"Bike



Bus



Car



Heavy



Land



SUV



Three wheeler



Truck



Van



Pick-up 



Multi Purpose",https://patpat.lk/en/sri-lanka/vehicle/car/toyota?page=32
"13,200,000","123,000",1500,Automatic,Toyota,2018,"About
                            patpat





About Us
Terms and s
Privacy policy
Partnerships
Ad Upgrade Details
Banner Advertising Details",Axio,Hybrid,white,Car(Sedan),https://patpat.lk/en/ad/vehicle/toyota-axio-2018-279783
"5,550,000","202,000",1500,Automatic,Toyota,2003,"About
                            patpat





About Us
Terms and s
Privacy policy
Partnerships
Ad Upgrade Details
Banner Advertising Details",Vios,Petrol,silver,Car(Hatchback),https://patpat.lk/en/ad/vehicle/toyota-vios-2003-279322
Negotiable,"174,000",1780,Automatic,Toyota,2013,"About
                            patpat





About Us
Terms and s
Privacy policy
Partnerships
Ad Upgrade Details
Banner Advertising Details",Prius,Petrol,white,Car(Hatchback),https://patpat.lk/en/ad/vehicle/toyota-prius-2013-279334
"9,900,000","31,000",1000,Automatic,Toyota,2023,"About
                            patpat





About Us
Terms and s
Privacy policy
Partnerships
Ad Upgrade Details
Banner Advertising Details",Roomy,Petrol,white,Car(Hatchback),https://patpat.lk/en/ad/vehicle/toyota-roomy-2023-279183
Negotiable,0,950,Automatic,Toyota,2019,"About
                            patpat





About Us
Terms and s
Privacy policy
Partnerships
Ad Upgrade Details
Banner Advertising Details",Vitz,Petrol,red,Car(Hatchback),https://patpat.lk/en/ad/vehicle/toyota-vitz-2019-279016
"7,500,000","131,000",1500,Automatic,Toyota,2012,"About
                            patpat





About Us
Terms and s
Privacy policy
Partnerships
Ad Upgrade Details
Banner Advertising Details",Aqua,Hybrid,white,Car(Hatchback),https://patpat.lk/en/ad/vehicle/toyota-aqua-2012-279700
Negotiable,"180,000",1490,Automatic,Toyota,2014,"About
                            patpat





About Us
Terms and s
Privacy policy
Partnerships
Ad Upgrade Details
Banner Advertising Details",Premio,Petrol,black,Car(Sedan),https://patpat.lk/en/ad/vehicle/toyota-premio-2014-279716
"9,675,000","155,000",1500,Automatic,Toyota,2011,"About
                            patpat





About Us
Terms and s
Privacy policy
Partnerships
Ad Upgrade Details
Banner Advertising Details",Premio,Petrol,maroon,Car(Sedan),https://patpat.lk/en/ad/vehicle/toyota-premio-2011-279722
Negotiable,"215,000",1500,Automatic,Toyota,2015,"About
                            patpat





About Us
Terms and s
Privacy policy
Partnerships
Ad Upgrade Details
Banner Advertising Details",Axio,Petrol,white,Car(Hatchback),https://patpat.lk/en/ad/vehicle/toyota-axio-2015-279720
"7,950,000","58,000",1000,Automatic,Toyota,2018,"About
                            patpat





About Us
Terms and s
Privacy policy
Partnerships
Ad Upgrade Details
Banner Advertising Details",Vitz,Petrol,silver,Car(Hatchback),https://patpat.lk/en/ad/vehicle/toyota-vitz-2018-279703
"8,400,000","133,000",1496,Automatic,Toyota,2015,"About
                            patpat





About Us
Terms and s
Privacy policy
Partnerships
Ad Upgrade Details
Banner Advertising Details",Aqua,Petrol,white,Car(Hatchback),https://patpat.lk/en/ad/vehicle/toyota-aqua-2015-279693
"6,600,000","168,500",1200,Automatic,Toyota,2013,"About
                            patpat





About Us
Terms and s
Privacy policy
Partnerships
Ad Upgrade Details
Banner Advertising Details",Aqua,Petrol,blue,Car(Hatchback),https://patpat.lk/en/ad/vehicle/toyota-aqua-2013-279193
Negotiable,"200,000",1800,Automatic,Toyota,2013,"About
                            patpat





About Us
Terms and s
Privacy policy
Partnerships
Ad Upgrade Details
Banner Advertising Details",Prius,Hybrid,silver,Car(Hatchback),https://patpat.lk/en/ad/vehicle/toyota-prius-2013-279616
Negotiable,"138,000",1800,Automatic,Toyota,2012,"About
                            patpat





About Us
Terms and s
Privacy policy
Partnerships
Ad Upgrade Details
Banner Advertising Details",Prius,Hybrid,red,Car(Hatchback),https://patpat.lk/en/ad/vehicle/toyota-prius-2012-279625
"8,500,000","150,000",1000,Automatic,Toyota,2015,"About
                            patpat





About Us
Terms and s
Privacy policy
Partnerships
Ad Upgrade Details
Banner Advertising Details",Aqua,Petrol,white,Car(Hatchback),https://patpat.lk/en/ad/vehicle/toyota-aqua-2015-279199
"9,700,000","253,000",1200,Automatic,Toyota,2013,"About
                            patpat





About Us
Terms and s
Privacy policy
Partnerships
Ad Upgrade Details
Banner Advertising Details",Prius,Petrol,silver,Car(Hatchback),https://patpat.lk/en/ad/vehicle/toyota-prius-2013-279197
Negotiable,"7,000",1400,Automatic,Toyota,2024,"About
                            patpat





About Us
Terms and s
Privacy policy
Partnerships
Ad Upgrade Details
Banner Advertising Details",Yaris,Petrol,silver,Car(Sedan),https://patpat.lk/en/ad/vehicle/toyota-yaris-2024-279115
"7,450,000","130,000",990,Automatic,Toyota,2016,"About
                            patpat





About Us
Terms and s
Privacy policy
Partnerships
Ad Upgrade Details
Banner Advertising Details",Vitz,Petrol,white,Car(Hatchback),https://patpat.lk/en/ad/vehicle/toyota-vitz-2016-279628
"14,100,000","50,000",1800,Automatic,Toyota,2017,"About
                            patpat





About Us
Terms and s
Privacy policy
Partnerships
Ad Upgrade Details
Banner Advertising Details",Premio,Petrol,maroon,Car(Sedan),https://patpat.lk/en/ad/vehicle/toyota-premio-2017-279501
"6,150,000",0,1490,Manual,Toyota,2008,"About
                            patpat





About Us
Terms and s
Privacy policy
Partnerships
Ad Upgrade Details
Banner Advertising Details",Belta,Petrol,silver,Car(Hatchback),https://patpat.lk/en/ad/vehicle/toyota-belta-2008-279119
Negotiable,N/A,N/A,"Automatic



Manual



Other



Tiptronic",,N/A,"About
                            patpat





About Us
Terms and s
Privacy policy
Partnerships
Ad Upgrade Details
Banner Advertising Details",,"Diesel



Electric



Hybrid



Petrol",N/A,"Bike



Bus



Car



Heavy



Land



SUV



Three wheeler



Truck



Van



Pick-up 



Multi Purpose",https://patpat.lk/en/sri-lanka/vehicle/car/toyota?page=33
Negotiable,"97,000",1320,Automatic,Toyota,2020,"About
                            patpat





About Us
Terms and s
Privacy policy
Partnerships
Ad Upgrade Details
Banner Advertising Details",Axio,Petrol,white,Car(Sedan),https://patpat.lk/en/ad/vehicle/toyota-axio-2020-279117
Negotiable,"83,000",1500,Automatic,Toyota,2013,"About
                            patpat





About Us
Terms and s
Privacy policy
Partnerships
Ad Upgrade Details
Banner Advertising Details",Premio,Petrol,white,Car(Hatchback),https://patpat.lk/en/ad/vehicle/toyota-premio-2013-279588
"8,450,000","183,000",1400,Automatic,Toyota,2014,"About
                            patpat





About Us
Terms and s
Privacy policy
Partnerships
Ad Upgrade Details
Banner Advertising Details",Axio,Petrol,blue,Car(Saloon),https://patpat.lk/en/ad/vehicle/toyota-axio-2014-279120
Negotiable,"152,000",1500,Automatic,Toyota,2014,"About
                            patpat





About Us
Terms and s
Privacy policy
Partnerships
Ad Upgrade Details
Banner Advertising Details",Aqua,Hybrid,white,Car(Hatchback),https://patpat.lk/en/ad/vehicle/toyota-aqua-2014-279582
"8,300,000","180,000",1459,Automatic,Toyota,2011,"About
                            patpat





About Us
Terms and s
Privacy policy
Partnerships
Ad Upgrade Details
Banner Advertising Details",Axio,Petrol,gold,Car(Saloon),https://patpat.lk/en/ad/vehicle/toyota-axio-2011-279561
"16,000,000","90,000",1490,Automatic,Toyota,2018,"About
                            patpat





About Us
Terms and s
Privacy policy
Partnerships
Ad Upgrade Details
Banner Advertising Details",Premio,Petrol,white,Car(Sedan),https://patpat.lk/en/ad/vehicle/toyota-premio-2018-279520
"11,575,000","134,000",1500,Automatic,Toyota,2017,"About
                            patpat





About Us
Terms and s
Privacy policy
Partnerships
Ad Upgrade Details
Banner Advertising Details",Axio,Petrol,purple,Car(Hatchback),https://patpat.lk/en/ad/vehicle/toyota-axio-2017-279088
"8,100,000","77,000",1496,Automatic,Toyota,2015,"About
                            patpat





About Us
Terms and s
Privacy policy
Partnerships
Ad Upgrade Details
Banner Advertising Details",Aqua,Petrol,silver,Car(Hatchback),https://patpat.lk/en/ad/vehicle/toyota-aqua-2015-279550
"6,800,000","214,000",900,Manual,Toyota,2007,"About
                            patpat





About Us
Terms and s
Privacy policy
Partnerships
Ad Upgrade Details
Banner Advertising Details",Axio,Petrol,blue,Car(Saloon),https://patpat.lk/en/ad/vehicle/toyota-axio-2007-279186
Negotiable,"97,000",1000,Manual,Toyota,2017,"About
                            patpat





About Us
Terms and s
Privacy policy
Partnerships
Ad Upgrade Details
Banner Advertising Details",Axio,Petrol,white,Car(Saloon),https://patpat.lk/en/ad/vehicle/toyota-axio-2017-279187
"9,800,000","122,000",1000,Manual,Toyota,2015,"About
                            patpat





About Us
Terms and s
Privacy policy
Partnerships
Ad Upgrade Details
Banner Advertising Details",Axio,Petrol,white,Car(Saloon),https://patpat.lk/en/ad/vehicle/toyota-axio-2015-279189
Negotiable,"20,000",800,Manual,Toyota,2008,"About
                            patpat





About Us
Terms and s
Privacy policy
Partnerships
Ad Upgrade Details
Banner Advertising Details",Vitz,Petrol,silver,Car(Hatchback),https://patpat.lk/en/ad/vehicle/toyota-vitz-2008-279177
"10,700,000","160,000",1800,Automatic,Toyota,2012,"About
                            patpat





About Us
Terms and s
Privacy policy
Partnerships
Ad Upgrade Details
Banner Advertising Details",Prius,Hybrid,white,Car(Saloon),https://patpat.lk/en/ad/vehicle/toyota-prius-2012-279025
"7,695,000","3,000",650,Automatic,Toyota,2026,"About
                            patpat





About Us
Terms and s
Privacy policy
Partnerships
Ad Upgrade Details
Banner Advertising Details",Pixis,Petrol,white,Car(Hatchback),https://patpat.lk/en/ad/vehicle/toyota-pixis-2026-279138
"5,895,000","128,644",2180,Automatic,Toyota,2002,"About
                            patpat





About Us
Terms and s
Privacy policy
Partnerships
Ad Upgrade Details
Banner Advertising Details",Corolla,Diesel,white,Car(Saloon),https://patpat.lk/en/ad/vehicle/toyota-corolla-2002-279336
"6,800,000","160,000",1800,Automatic,Toyota,2013,"About
                            patpat





About Us
Terms and s
Privacy policy
Partnerships
Ad Upgrade Details
Banner Advertising Details",Aqua,Hybrid,white,Car(Hatchback),https://patpat.lk/en/ad/vehicle/toyota-aqua-2013-279051
"15,100,000","60,000",1500,Automatic,Toyota,2018,"About
                            patpat





About Us
Terms and s
Privacy policy
Partnerships
Ad Upgrade Details
Banner Advertising Details",Premio,Petrol,white,Car(Sedan),https://patpat.lk/en/ad/vehicle/toyota-premio-2018-279046
Negotiable,"12,345",1234,Automatic,Toyota,2013,"About
                            patpat





About Us
Terms and s
Privacy policy
Partnerships
Ad Upgrade Details
Banner Advertising Details",Prius,Hybrid,white,Car(Hatchback),https://patpat.lk/en/ad/vehicle/toyota-prius-2013-279510
"11,350,000","153,000",1200,Automatic,Toyota,2017,"About
                            patpat





About Us
Terms and s
Privacy policy
Partnerships
Ad Upgrade Details
Banner Advertising Details",Axio,Petrol,white,Car(Saloon),https://patpat.lk/en/ad/vehicle/toyota-axio-2017-279348
Negotiable,0,1330,Automatic,Toyota,2003,"About
                            patpat





About Us
Terms and s
Privacy policy
Partnerships
Ad Upgrade Details
Banner Advertising Details",Allion,Petrol,red,Car(Hatchback),https://patpat.lk/en/ad/vehicle/toyota-allion-2003-279463
"7,850,000",N/A,N/A,"Automatic



Manual



Other



Tiptronic",,N/A,"About
                            patpat





About Us
Terms and s
Privacy policy
Partnerships
Ad Upgrade Details
Banner Advertising Details",,"Diesel



Electric



Hybrid



Petrol",N/A,"Bike



Bus



Car



Heavy



Land



SUV



Three wheeler



Truck



Van



Pick-up 



Multi Purpose",https://patpat.lk/en/sri-lanka/vehicle/car/toyota?page=34
Negotiable,0,1000,Automatic,Toyota,2007,"About
                            patpat





About Us
Terms and s
Privacy policy
Partnerships
Ad Upgrade Details
Banner Advertising Details",Vitz,Diesel,red,Car(Hatchback),https://patpat.lk/en/ad/vehicle/toyota-vitz-2007-279435
"7,400,000","98,000",1000,Automatic,Toyota,2017,"About
                            patpat





About Us
Terms and s
Privacy policy
Partnerships
Ad Upgrade Details
Banner Advertising Details",Vitz,Petrol,black,Car(Liftback),https://patpat.lk/en/ad/vehicle/toyota-vitz-2017-279370
"6,165,000","146,000",1300,Automatic,Toyota,2007,"About
                            patpat





About Us
Terms and s
Privacy policy
Partnerships
Ad Upgrade Details
Banner Advertising Details",Yaris,Petrol,white,Car(Liftback),https://patpat.lk/en/ad/vehicle/toyota-yaris-2007-279445
Negotiable,0,1500,Automatic,Toyota,2013,"About
                            patpat





About Us
Terms and s
Privacy policy
Partnerships
Ad Upgrade Details
Banner Advertising Details",Aqua,Hybrid,silver,Car(Hatchback),https://patpat.lk/en/ad/vehicle/toyota-aqua-2013-279404
Negotiable,"140,000",1500,Automatic,Toyota,2004,"About
                            patpat





About Us
Terms and s
Privacy policy
Partnerships
Ad Upgrade Details
Banner Advertising Details",Allion,Petrol,black,Car(Saloon),https://patpat.lk/en/ad/vehicle/toyota-allion-2004-279154
"10,400,000","53,000",1500,Automatic,Toyota,2016,"About
                            patpat





About Us
Terms and s
Privacy policy
Partnerships
Ad Upgrade Details
Banner Advertising Details",Axio,Hybrid,white,Car(Sedan),https://patpat.lk/en/ad/vehicle/toyota-axio-2016-278932
Negotiable,0,990,Automatic,Toyota,2005,"About
                            patpat





About Us
Terms and s
Privacy policy
Partnerships
Ad Upgrade Details
Banner Advertising Details",Passo,Petrol,red,Car(Hatchback),https://patpat.lk/en/ad/vehicle/toyota-passo-2005-278925
Negotiable,0,1400,Automatic,Toyota,2013,"About
                            patpat





About Us
Terms and s
Privacy policy
Partnerships
Ad Upgrade Details
Banner Advertising Details",Axio,Petrol,blue,Car(Hatchback),https://patpat.lk/en/ad/vehicle/toyota-axio-2013-279033
Negotiable,0,1200,Automatic,Toyota,2013,"About
                            patpat





About Us
Terms and s
Privacy policy
Partnerships
Ad Upgrade Details
Banner Advertising Details",Axio,Petrol,red,Car(Saloon),https://patpat.lk/en/ad/vehicle/toyota-axio-2013-279017
Negotiable,0,1400,Automatic,Toyota,2015,"About
                            patpat





About Us
Terms and s
Privacy policy
Partnerships
Ad Upgrade Details
Banner Advertising Details",Axio,Petrol,brown,Car(Hatchback),https://patpat.lk/en/ad/vehicle/toyota-axio-2015-278928
Negotiable,0,1500,Automatic,Toyota,2024,"About
                            patpat





About Us
Terms and s
Privacy policy
Partnerships
Ad Upgrade Details
Banner Advertising Details",Corolla,Petrol,red,Car(Sedan),https://patpat.lk/en/ad/vehicle/toyota-corolla-2024-279386
"13,900,000","71,000",1800,Automatic,Toyota,2017,"About
                            patpat





About Us
Terms and s
Privacy policy
Partnerships
Ad Upgrade Details
Banner Advertising Details",Premio,Diesel,silver,Car(Saloon),https://patpat.lk/en/ad/vehicle/toyota-premio-2017-279389
"7,550,000","140,000",1500,Automatic,Toyota,2013,"About
                            patpat





About Us
Terms and s
Privacy policy
Partnerships
Ad Upgrade Details
Banner Advertising Details",Aqua,Hybrid,white,Car(Hatchback),https://patpat.lk/en/ad/vehicle/toyota-aqua-2013-278818
"8,500,000","93,000",1600,Automatic,Toyota,2012,"About
                            patpat





About Us
Terms and s
Privacy policy
Partnerships
Ad Upgrade Details
Banner Advertising Details",Corolla,Petrol,blue,Car(Sedan),https://patpat.lk/en/ad/vehicle/toyota-corolla-2012-278828
Negotiable,"98,000",1000,Automatic,Toyota,2018,"About
                            patpat





About Us
Terms and s
Privacy policy
Partnerships
Ad Upgrade Details
Banner Advertising Details",CHR,Petrol,red,Car(Hatchback),https://patpat.lk/en/ad/vehicle/toyota-chr-2018-279344
"9,875,000","190,000",1500,Automatic,Toyota,2013,"About
                            patpat





About Us
Terms and s
Privacy policy
Partnerships
Ad Upgrade Details
Banner Advertising Details",Premio,Hybrid,black,Car(Saloon),https://patpat.lk/en/ad/vehicle/toyota-premio-2013-279268
"10,900,000","135,000",1000,Manual,Toyota,2014,"About
                            patpat





About Us
Terms and s
Privacy policy
Partnerships
Ad Upgrade Details
Banner Advertising Details",Prius,Petrol,white,Car(Saloon),https://patpat.lk/en/ad/vehicle/toyota-prius-2014-279182
"8,250,000","163,000",850,Automatic,Toyota,2014,"About
                            patpat





About Us
Terms and s
Privacy policy
Partnerships
Ad Upgrade Details
Banner Advertising Details",Aqua,Petrol,white,Car(Liftback),https://patpat.lk/en/ad/vehicle/toyota-aqua-2014-278865
"3,250,000","147,500",1300,Manual,Toyota,1995,"About
                            patpat





About Us
Terms and s
Privacy policy
Partnerships
Ad Upgrade Details
Banner Advertising Details",Starlet,Petrol,white,Car(Hatchback),https://patpat.lk/en/ad/vehicle/toyota-starlet-1995-278638
"5,075,000","232,000",1000,Automatic,Toyota,2007,"About
                            patpat





About Us
Terms and s
Privacy policy
Partnerships
Ad Upgrade Details
Banner Advertising Details",Vitz,Petrol,silver,Car(Hatchback),https://patpat.lk/en/ad/vehicle/toyota-vitz-2007-279050
"6,600,000",N/A,N/A,"Automatic



Manual



Other



Tiptronic",,N/A,"About
                            patpat





About Us
Terms and s
Privacy policy
Partnerships
Ad Upgrade Details
Banner Advertising Details",,"Diesel



Electric



Hybrid



Petrol",N/A,"Bike



Bus



Car



Heavy



Land



SUV



Three wheeler



Truck



Van



Pick-up 



Multi Purpose",https://patpat.lk/en/sri-lanka/vehicle/car/toyota?page=35
Negotiable,"175,000",1500,Manual,Toyota,1994,"About
                            patpat





About Us
Terms and s
Privacy policy
Partnerships
Ad Upgrade Details
Banner Advertising Details",Corolla,Petrol,gray,Car(Sedan),https://patpat.lk/en/ad/vehicle/toyota-corolla-1994-278987
"11,300,000","12,345",1500,Automatic,Toyota,2013,"About
                            patpat





About Us
Terms and s
Privacy policy
Partnerships
Ad Upgrade Details
Banner Advertising Details",Premio,Petrol,brown,Car(Sedan),https://patpat.lk/en/ad/vehicle/toyota-premio-2013-279057
"8,650,000","135,000",958,Automatic,Toyota,2008,"About
                            patpat





About Us
Terms and s
Privacy policy
Partnerships
Ad Upgrade Details
Banner Advertising Details",Premio,Petrol,red,Car(Saloon),https://patpat.lk/en/ad/vehicle/toyota-premio-2008-279001
"13,400,000","115,000",1200,Automatic,Toyota,2018,"About
                            patpat





About Us
Terms and s
Privacy policy
Partnerships
Ad Upgrade Details
Banner Advertising Details",CHR,Petrol,white,Car(Hatchback),https://patpat.lk/en/ad/vehicle/toyota-chr-2018-279000
"10,800,000","176,000",1797,Automatic,Toyota,2014,"About
                            patpat





About Us
Terms and s
Privacy policy
Partnerships
Ad Upgrade Details
Banner Advertising Details",Premio,Petrol,white,Car(Sedan),https://patpat.lk/en/ad/vehicle/toyota-premio-2014-278994
Negotiable,"9,600",1000,Automatic,Toyota,2024,"About
                            patpat





About Us
Terms and s
Privacy policy
Partnerships
Ad Upgrade Details
Banner Advertising Details",Yaris,Petrol,black,Car(),https://patpat.lk/en/ad/vehicle/toyota-yaris-2024-278837
"5,300,000","120,000",1000,Automatic,Toyota,2007,"About
                            patpat





About Us
Terms and s
Privacy policy
Partnerships
Ad Upgrade Details
Banner Advertising Details",Vitz,Petrol,silver,Car(Hatchback),https://patpat.lk/en/ad/vehicle/toyota-vitz-2007-278831
"3,225,000","198,000",1400,Automatic,Toyota,1997,"About
                            patpat





About Us
Terms and s
Privacy policy
Partnerships
Ad Upgrade Details
Banner Advertising Details",Corolla,Diesel,white,Car(Sedan),https://patpat.lk/en/ad/vehicle/toyota-corolla-1997-278829
"7,850,000","70,000",1500,Automatic,Toyota,2017,"About
                            patpat





About Us
Terms and s
Privacy policy
Partnerships
Ad Upgrade Details
Banner Advertising Details",Vitz,Petrol,black,Car(Hatchback),https://patpat.lk/en/ad/vehicle/toyota-vitz-2017-278784
Negotiable,"139,000",1800,Automatic,Toyota,2014,"About
                            patpat





About Us
Terms and s
Privacy policy
Partnerships
Ad Upgrade Details
Banner Advertising Details",Prius,Hybrid,silver,Car(Sedan),https://patpat.lk/en/ad/vehicle/toyota-prius-2014-278534
"7,400,000","98,000",850,Automatic,Toyota,2017,"About
                            patpat





About Us
Terms and s
Privacy policy
Partnerships
Ad Upgrade Details
Banner Advertising Details",Vitz,Petrol,black,Car(Liftback),https://patpat.lk/en/ad/vehicle/toyota-vitz-2017-278786
"6,750,000","175,000",1500,Automatic,Toyota,2002,"About
                            patpat





About Us
Terms and s
Privacy policy
Partnerships
Ad Upgrade Details
Banner Advertising Details",Allion,Petrol,silver,Car(Sedan),https://patpat.lk/en/ad/vehicle/toyota-allion-2002-278815
"7,000,000","203,500",1500,Automatic,Toyota,2013,"About
                            patpat





About Us
Terms and s
Privacy policy
Partnerships
Ad Upgrade Details
Banner Advertising Details",Aqua,Petrol,black,Car(Hatchback),https://patpat.lk/en/ad/vehicle/toyota-aqua-2013-278847
"5,400,000","165,000",1000,Automatic,Toyota,2008,"About
                            patpat





About Us
Terms and s
Privacy policy
Partnerships
Ad Upgrade Details
Banner Advertising Details",Vitz,Petrol,silver,Car(Hatchback),https://patpat.lk/en/ad/vehicle/toyota-vitz-2008-278795
"6,900,000","120,000",900,Automatic,Toyota,2016,"About
                            patpat





About Us
Terms and s
Privacy policy
Partnerships
Ad Upgrade Details
Banner Advertising Details",Vitz,Petrol,black,Car(Liftback),https://patpat.lk/en/ad/vehicle/toyota-vitz-2016-278768
"13,550,000","143,000",1500,Automatic,Toyota,2017,"About
                            patpat





About Us
Terms and s
Privacy policy
Partnerships
Ad Upgrade Details
Banner Advertising Details",Premio,Petrol,gray,Car(Sedan),https://patpat.lk/en/ad/vehicle/toyota-premio-2017-278611
"6,800,000","199,500",1500,Automatic,Toyota,2013,"About
                            patpat





About Us
Terms and s
Privacy policy
Partnerships
Ad Upgrade Details
Banner Advertising Details",Aqua,Hybrid,yellow,Car(),https://patpat.lk/en/ad/vehicle/toyota-aqua-2013-278706
"8,850,000","32,000",1000,Automatic,Toyota,2023,"About
                            patpat





About Us
Terms and s
Privacy policy
Partnerships
Ad Upgrade Details
Banner Advertising Details",Yaris,Petrol,gray,Car(Hatchback),https://patpat.lk/en/ad/vehicle/toyota-yaris-2023-278601
Negotiable,"255,724",1500,Automatic,Toyota,2015,"About
                            patpat





About Us
Terms and s
Privacy policy
Partnerships
Ad Upgrade Details
Banner Advertising Details",Axio,Hybrid,brown,Car(Hatchback),https://patpat.lk/en/ad/vehicle/toyota-axio-2015-278596
"7,000,000","58,000",1500,Automatic,Toyota,2016,"About
                            patpat





About Us
Terms and s
Privacy policy
Partnerships
Ad Upgrade Details
Banner Advertising Details",Vitz,Petrol,white,Car(Hatchback),https://patpat.lk/en/ad/vehicle/toyota-vitz-2016-278719
"8,500,000",N/A,N/A,"Automatic



Manual



Other



Tiptronic",,N/A,"About
                            patpat





About Us
Terms and s
Privacy policy
Partnerships
Ad Upgrade Details
Banner Advertising Details",,"Diesel



Electric



Hybrid



Petrol",N/A,"Bike



Bus



Car



Heavy



Land



SUV



Three wheeler



Truck



Van



Pick-up 



Multi Purpose",https://patpat.lk/en/sri-lanka/vehicle/car/toyota?page=36
"9,250,000","191,000",1500,Automatic,Toyota,2010,"About
                            patpat





About Us
Terms and s
Privacy policy
Partnerships
Ad Upgrade Details
Banner Advertising Details",Premio,Hybrid,other,Car(Saloon),https://patpat.lk/en/ad/vehicle/toyota-premio-2010-278779
"5,850,000","212,000",1300,Automatic,Toyota,2008,"About
                            patpat





About Us
Terms and s
Privacy policy
Partnerships
Ad Upgrade Details
Banner Advertising Details",Vitz,Petrol,red,Car(Hatchback),https://patpat.lk/en/ad/vehicle/toyota-vitz-2008-278705
"7,200,000","80,000",850,Automatic,Toyota,2016,"About
                            patpat





About Us
Terms and s
Privacy policy
Partnerships
Ad Upgrade Details
Banner Advertising Details",Vitz,Petrol,black,Car(Liftback),https://patpat.lk/en/ad/vehicle/toyota-vitz-2016-278765
"6,275,000","210,000",1000,Automatic,Toyota,2008,"About
                            patpat





About Us
Terms and s
Privacy policy
Partnerships
Ad Upgrade Details
Banner Advertising Details",Corolla,Petrol,black,Car(Saloon),https://patpat.lk/en/ad/vehicle/toyota-corolla-2008-278762
"7,100,000","150,000",1500,Automatic,Toyota,2013,"About
                            patpat





About Us
Terms and s
Privacy policy
Partnerships
Ad Upgrade Details
Banner Advertising Details",Aqua,Hybrid,white,Car(Hatchback),https://patpat.lk/en/ad/vehicle/toyota-aqua-2013-278664
"4,800,000","200,000",1000,Automatic,Toyota,2005,"About
                            patpat





About Us
Terms and s
Privacy policy
Partnerships
Ad Upgrade Details
Banner Advertising Details",Vitz,Hybrid,blue,Car(Hatchback),https://patpat.lk/en/ad/vehicle/toyota-vitz-2005-278669
"10,800,000","142,000",1500,Automatic,Toyota,2014,"About
                            patpat





About Us
Terms and s
Privacy policy
Partnerships
Ad Upgrade Details
Banner Advertising Details",Prius,Hybrid,black,Car(Saloon),https://patpat.lk/en/ad/vehicle/toyota-prius-2014-278671
"6,600,000","168,000",1500,Automatic,Toyota,2013,"About
                            patpat





About Us
Terms and s
Privacy policy
Partnerships
Ad Upgrade Details
Banner Advertising Details",Aqua,Hybrid,blue,Car(Hatchback),https://patpat.lk/en/ad/vehicle/toyota-aqua-2013-278673
"13,550,000","143,000",1500,Automatic,Toyota,2017,"About
                            patpat





About Us
Terms and s
Privacy policy
Partnerships
Ad Upgrade Details
Banner Advertising Details",Premio,Petrol,other,Car(Saloon),https://patpat.lk/en/ad/vehicle/toyota-premio-2017-278677
"4,350,000","188,000",1500,Automatic,Toyota,1997,"About
                            patpat





About Us
Terms and s
Privacy policy
Partnerships
Ad Upgrade Details
Banner Advertising Details",Sprinter,Petrol,other,Car(Saloon),https://patpat.lk/en/ad/vehicle/toyota-sprinter-1997-278635
"9,400,000",200,990,Automatic,Toyota,2023,"About
                            patpat





About Us
Terms and s
Privacy policy
Partnerships
Ad Upgrade Details
Banner Advertising Details",Yaris,Petrol,black,Car(Hatchback),https://patpat.lk/en/ad/vehicle/toyota-yaris-2023-278628
"7,550,000","138,000",900,Automatic,Toyota,2012,"About
                            patpat





About Us
Terms and s
Privacy policy
Partnerships
Ad Upgrade Details
Banner Advertising Details",Aqua,Petrol,white,Car(Liftback),https://patpat.lk/en/ad/vehicle/toyota-aqua-2012-278430
Negotiable,"111,111",1200,Manual,Toyota,1971,"About
                            patpat





About Us
Terms and s
Privacy policy
Partnerships
Ad Upgrade Details
Banner Advertising Details",Ke72,Petrol,blue,Car(),https://patpat.lk/en/ad/vehicle/toyota-ke72-1971-278452
Negotiable,"117,000",1400,Automatic,Toyota,2018,"About
                            patpat





About Us
Terms and s
Privacy policy
Partnerships
Ad Upgrade Details
Banner Advertising Details",Axio,Petrol,white,Car(Hatchback),https://patpat.lk/en/ad/vehicle/toyota-axio-2018-278457
Negotiable,"135,800",1000,Automatic,Toyota,2013,"About
                            patpat





About Us
Terms and s
Privacy policy
Partnerships
Ad Upgrade Details
Banner Advertising Details",Aqua,Petrol,blue,Car(Liftback),https://patpat.lk/en/ad/vehicle/toyota-aqua-2013-278417
"1,400,000","150,000",1500,Manual,Toyota,1986,"About
                            patpat





About Us
Terms and s
Privacy policy
Partnerships
Ad Upgrade Details
Banner Advertising Details",AE81-COROLLA,Petrol,other,Car(Sedan),https://patpat.lk/en/ad/vehicle/toyota-ae81-corolla-1986-278333
Negotiable,"200,000",1800,Automatic,Toyota,2013,"About
                            patpat





About Us
Terms and s
Privacy policy
Partnerships
Ad Upgrade Details
Banner Advertising Details",Prius,Hybrid,white,Car(Hatchback),https://patpat.lk/en/ad/vehicle/toyota-prius-2013-278523
"7,800,000","153,000",1000,Automatic,Toyota,2018,"About
                            patpat





About Us
Terms and s
Privacy policy
Partnerships
Ad Upgrade Details
Banner Advertising Details",Vitz,Petrol,red,Car(Hatchback),https://patpat.lk/en/ad/vehicle/toyota-vitz-2018-278509
"8,000,000","107,000",1500,Automatic,Toyota,2013,"About
                            patpat





About Us
Terms and s
Privacy policy
Partnerships
Ad Upgrade Details
Banner Advertising Details",Aqua,Petrol,white,Car(Hatchback),https://patpat.lk/en/ad/vehicle/toyota-aqua-2013-278387
"9,700,000","123,000",1496,Automatic,Toyota,2015,"About
                            patpat





About Us
Terms and s
Privacy policy
Partnerships
Ad Upgrade Details
Banner Advertising Details",Axio,Hybrid,white,Car(Sedan),https://patpat.lk/en/ad/vehicle/toyota-axio-2015-278485
Negotiable,N/A,N/A,"Automatic



Manual



Other



Tiptronic",,N/A,"About
                            patpat





About Us
Terms and s
Privacy policy
Partnerships
Ad Upgrade Details
Banner Advertising Details",,"Diesel



Electric



Hybrid



Petrol",N/A,"Bike



Bus



Car



Heavy



Land



SUV



Three wheeler



Truck



Van



Pick-up 



Multi Purpose",https://patpat.lk/en/sri-lanka/vehicle/car/toyota?page=37
"7,050,000","191,443",1490,Automatic,Toyota,2013,"About
                            patpat





About Us
Terms and s
Privacy policy
Partnerships
Ad Upgrade Details
Banner Advertising Details",Aqua,Petrol,black,Car(Liftback),https://patpat.lk/en/ad/vehicle/toyota-aqua-2013-278450
"7,000,000","113,000",1300,Automatic,Toyota,2009,"About
                            patpat





About Us
Terms and s
Privacy policy
Partnerships
Ad Upgrade Details
Banner Advertising Details",Belta,Petrol,white,Car(Hatchback),https://patpat.lk/en/ad/vehicle/toyota-belta-2009-278436
"7,690,000","225,000",1500,Automatic,Toyota,2005,"About
                            patpat





About Us
Terms and s
Privacy policy
Partnerships
Ad Upgrade Details
Banner Advertising Details",Allion,Petrol,blue,Car(Hatchback),https://patpat.lk/en/ad/vehicle/toyota-allion-2005-278444
"9,650,000","35,000",990,Automatic,Toyota,2024,"About
                            patpat





About Us
Terms and s
Privacy policy
Partnerships
Ad Upgrade Details
Banner Advertising Details",Yaris,Petrol,white,Car(Hatchback),https://patpat.lk/en/ad/vehicle/toyota-yaris-2024-278448
"9,800,000","123,000",1500,Automatic,Toyota,2013,"About
                            patpat





About Us
Terms and s
Privacy policy
Partnerships
Ad Upgrade Details
Banner Advertising Details",Premio,Petrol,white,Car(Sedan),https://patpat.lk/en/ad/vehicle/toyota-premio-2013-278440
"6,300,000",0,1600,Automatic,Toyota,2007,"About
                            patpat





About Us
Terms and s
Privacy policy
Partnerships
Ad Upgrade Details
Banner Advertising Details",Corolla,Petrol,blue,Car(Sedan),https://patpat.lk/en/ad/vehicle/toyota-corolla-2007-278399
"6,200,000","160,000",1496,Automatic,Toyota,2002,"About
                            patpat





About Us
Terms and s
Privacy policy
Partnerships
Ad Upgrade Details
Banner Advertising Details",Allion,Petrol,silver,Car(Sedan),https://patpat.lk/en/ad/vehicle/toyota-allion-2002-278401
"8,500,000","85,000",996,Automatic,Toyota,2019,"About
                            patpat





About Us
Terms and s
Privacy policy
Partnerships
Ad Upgrade Details
Banner Advertising Details",Vitz,Hybrid,white,Car(Hatchback),https://patpat.lk/en/ad/vehicle/toyota-vitz-2019-278420
"7,300,000","520,000",1200,Automatic,Toyota,2007,"About
                            patpat





About Us
Terms and s
Privacy policy
Partnerships
Ad Upgrade Details
Banner Advertising Details",Allion,Petrol,black,Car(Sedan),https://patpat.lk/en/ad/vehicle/toyota-allion-2007-278405
Negotiable,"160,000",1500,Automatic,Toyota,2004,"About
                            patpat





About Us
Terms and s
Privacy policy
Partnerships
Ad Upgrade Details
Banner Advertising Details",Allion,Petrol,other,Car(Hatchback),https://patpat.lk/en/ad/vehicle/toyota-allion-2004-278381
Negotiable,"162,000",1500,Automatic,Toyota,2014,"About
                            patpat





About Us
Terms and s
Privacy policy
Partnerships
Ad Upgrade Details
Banner Advertising Details",Aqua,Hybrid,white,Car(Hatchback),https://patpat.lk/en/ad/vehicle/toyota-aqua-2014-278350
"5,275,000","49,000",1000,Automatic,Toyota,2009,"About
                            patpat





About Us
Terms and s
Privacy policy
Partnerships
Ad Upgrade Details
Banner Advertising Details",Passo,Petrol,beige,Car(Hatchback),https://patpat.lk/en/ad/vehicle/toyota-passo-2009-278143
"18,500,000","86,000",1500,Automatic,Toyota,2019,"About
                            patpat





About Us
Terms and s
Privacy policy
Partnerships
Ad Upgrade Details
Banner Advertising Details",Premio,Petrol,white,Car(Saloon),https://patpat.lk/en/ad/vehicle/toyota-premio-2019-278301
Negotiable,0,1000,Manual,Toyota,2005,"About
                            patpat





About Us
Terms and s
Privacy policy
Partnerships
Ad Upgrade Details
Banner Advertising Details",Vios,Petrol,white,Car(Sedan),https://patpat.lk/en/ad/vehicle/toyota-vios-2005-278246
Negotiable,0,1500,Automatic,Toyota,2015,"About
                            patpat





About Us
Terms and s
Privacy policy
Partnerships
Ad Upgrade Details
Banner Advertising Details",Axio,Hybrid,white,Car(Saloon),https://patpat.lk/en/ad/vehicle/toyota-axio-2015-277820
"5,890,000","161,000",1000,Automatic,Toyota,2007,"About
                            patpat





About Us
Terms and s
Privacy policy
Partnerships
Ad Upgrade Details
Banner Advertising Details",Belta,Petrol,white,Car(Hatchback),https://patpat.lk/en/ad/vehicle/toyota-belta-2007-277834
"4,900,000","1,230,000",1000,Automatic,Toyota,2007,"About
                            patpat





About Us
Terms and s
Privacy policy
Partnerships
Ad Upgrade Details
Banner Advertising Details",Vitz,Hybrid,gray,Car(Hatchback),https://patpat.lk/en/ad/vehicle/toyota-vitz-2007-278184
Negotiable,"40,221",1000,Automatic,Toyota,2024,"About
                            patpat





About Us
Terms and s
Privacy policy
Partnerships
Ad Upgrade Details
Banner Advertising Details",Yaris,Petrol,white,Car(Hatchback),https://patpat.lk/en/ad/vehicle/toyota-yaris-2024-277945
Negotiable,"107,000",1500,Automatic,Toyota,2008,"About
                            patpat





About Us
Terms and s
Privacy policy
Partnerships
Ad Upgrade Details
Banner Advertising Details",Prius,Hybrid,red,Car(Sedan),https://patpat.lk/en/ad/vehicle/toyota-prius-2008-277946
"8,750,000","93,000",1490,Automatic,Toyota,2015,"About
                            patpat





About Us
Terms and s
Privacy policy
Partnerships
Ad Upgrade Details
Banner Advertising Details",Aqua,Hybrid,white,Car(Liftback),https://patpat.lk/en/ad/vehicle/toyota-aqua-2015-277988
"1,336,500",N/A,N/A,"Automatic



Manual



Other



Tiptronic",,N/A,"About
                            patpat





About Us
Terms and s
Privacy policy
Partnerships
Ad Upgrade Details
Banner Advertising Details",,"Diesel



Electric



Hybrid



Petrol",N/A,"Bike



Bus



Car



Heavy



Land



SUV



Three wheeler



Truck



Van



Pick-up 



Multi Purpose",https://patpat.lk/en/sri-lanka/vehicle/car/toyota?page=38
"13,800,000","63,000",1500,Automatic,Toyota,2016,"About
                            patpat





About Us
Terms and s
Privacy policy
Partnerships
Ad Upgrade Details
Banner Advertising Details",Prius,Petrol,white,Car(Hatchback),https://patpat.lk/en/ad/vehicle/toyota-prius-2016-278209
"8,250,000","210,000",950,Automatic,Toyota,2015,"About
                            patpat





About Us
Terms and s
Privacy policy
Partnerships
Ad Upgrade Details
Banner Advertising Details",Aqua,Petrol,red,Car(Hatchback),https://patpat.lk/en/ad/vehicle/toyota-aqua-2015-278263
"7,350,000","173,700",1000,Automatic,Toyota,2016,"About
                            patpat





About Us
Terms and s
Privacy policy
Partnerships
Ad Upgrade Details
Banner Advertising Details",Vitz,Petrol,silver,Car(Hatchback),https://patpat.lk/en/ad/vehicle/toyota-vitz-2016-278244
"6,900,000","149,000",1600,Automatic,Toyota,2008,"About
                            patpat





About Us
Terms and s
Privacy policy
Partnerships
Ad Upgrade Details
Banner Advertising Details",Corolla,Petrol,white,Car(Saloon),https://patpat.lk/en/ad/vehicle/toyota-corolla-2008-278147
"7,000,000","15,000",1000,Automatic,Toyota,2010,"About
                            patpat





About Us
Terms and s
Privacy policy
Partnerships
Ad Upgrade Details
Banner Advertising Details",Belta,Petrol,silver,Car(Saloon),https://patpat.lk/en/ad/vehicle/toyota-belta-2010-278133
Negotiable,0,1970,Manual,Toyota,1996,"About
                            patpat





About Us
Terms and s
Privacy policy
Partnerships
Ad Upgrade Details
Banner Advertising Details",Corona,Petrol,white,Car(Saloon),https://patpat.lk/en/ad/vehicle/toyota-corona-1996-277181
"4,000,000","1,230,000",1000,Automatic,Toyota,2004,"About
                            patpat





About Us
Terms and s
Privacy policy
Partnerships
Ad Upgrade Details
Banner Advertising Details",Vitz,Petrol,white,Car(Hatchback),https://patpat.lk/en/ad/vehicle/toyota-vitz-2004-278176
"8,600,000","91,000",1000,Automatic,Toyota,2019,"About
                            patpat





About Us
Terms and s
Privacy policy
Partnerships
Ad Upgrade Details
Banner Advertising Details",Vitz,Petrol,red,Car(Hatchback),https://patpat.lk/en/ad/vehicle/toyota-vitz-2019-278108
"7,900,000","156,000",1000,Automatic,Toyota,2018,"About
                            patpat





About Us
Terms and s
Privacy policy
Partnerships
Ad Upgrade Details
Banner Advertising Details",Vitz,Petrol,white,Car(Hatchback),https://patpat.lk/en/ad/vehicle/toyota-vitz-2018-278112
"7,750,000","124,000",1000,Automatic,Toyota,2017,"About
                            patpat





About Us
Terms and s
Privacy policy
Partnerships
Ad Upgrade Details
Banner Advertising Details",Vitz,Petrol,blue,Car(Hatchback),https://patpat.lk/en/ad/vehicle/toyota-vitz-2017-278050
Negotiable,"189,977",1490,Manual,Toyota,1995,"About
                            patpat





About Us
Terms and s
Privacy policy
Partnerships
Ad Upgrade Details
Banner Advertising Details",Corolla,Petrol,white,Car(Saloon),https://patpat.lk/en/ad/vehicle/toyota-corolla-1995-277062
Negotiable,"153,000",1500,Automatic,Toyota,2012,"About
                            patpat





About Us
Terms and s
Privacy policy
Partnerships
Ad Upgrade Details
Banner Advertising Details",Allion,Petrol,white,Car(Sedan),https://patpat.lk/en/ad/vehicle/toyota-allion-2012-277063
"6,650,000",0,1500,Automatic,Toyota,2007,"About
                            patpat





About Us
Terms and s
Privacy policy
Partnerships
Ad Upgrade Details
Banner Advertising Details",Prius,Hybrid,white,Car(Saloon),https://patpat.lk/en/ad/vehicle/toyota-prius-2007-276981
"11,400,000","100,050",1400,Automatic,Toyota,2017,"About
                            patpat





About Us
Terms and s
Privacy policy
Partnerships
Ad Upgrade Details
Banner Advertising Details",Axio,Petrol,maroon,Car(Hatchback),https://patpat.lk/en/ad/vehicle/toyota-axio-2017-276963
"6,600,000","207,000",1200,Automatic,Toyota,2003,"About
                            patpat





About Us
Terms and s
Privacy policy
Partnerships
Ad Upgrade Details
Banner Advertising Details",Allion,Petrol,silver,Car(Hatchback),https://patpat.lk/en/ad/vehicle/toyota-allion-2003-276968
Negotiable,"216,000",1200,Automatic,Toyota,2007,"About
                            patpat





About Us
Terms and s
Privacy policy
Partnerships
Ad Upgrade Details
Banner Advertising Details",Axio,Petrol,white,Car(Hatchback),https://patpat.lk/en/ad/vehicle/toyota-axio-2007-276977
"9,000,000","384,000",1500,Automatic,Toyota,2014,"About
                            patpat





About Us
Terms and s
Privacy policy
Partnerships
Ad Upgrade Details
Banner Advertising Details",Axio,Petrol,white,Car(Hatchback),https://patpat.lk/en/ad/vehicle/toyota-axio-2014-276880
Negotiable,0,1500,Automatic,Toyota,2003,"About
                            patpat





About Us
Terms and s
Privacy policy
Partnerships
Ad Upgrade Details
Banner Advertising Details",Corolla,Petrol,beige,Car(Saloon),https://patpat.lk/en/ad/vehicle/toyota-corolla-2003-276886
"2,780,000","168,200",1500,Automatic,Toyota,1996,"About
                            patpat





About Us
Terms and s
Privacy policy
Partnerships
Ad Upgrade Details
Banner Advertising Details",Tercel,Petrol,white,Car(Saloon),https://patpat.lk/en/ad/vehicle/toyota-tercel-1996-277171
"8,400,000","114,000",1000,Automatic,Toyota,2019,"About
                            patpat





About Us
Terms and s
Privacy policy
Partnerships
Ad Upgrade Details
Banner Advertising Details",Vitz,Petrol,white,Car(Hatchback),https://patpat.lk/en/ad/vehicle/toyota-vitz-2019-277985
"9,000,000",N/A,N/A,"Automatic



Manual



Other



Tiptronic",,N/A,"About
                            patpat





About Us
Terms and s
Privacy policy
Partnerships
Ad Upgrade Details
Banner Advertising Details",,"Diesel



Electric



Hybrid



Petrol",N/A,"Bike



Bus



Car



Heavy



Land



SUV



Three wheeler



Truck



Van



Pick-up 



Multi Purpose",https://patpat.lk/en/sri-lanka/vehicle/car/toyota?page=39
Negotiable,0,1200,Automatic,Toyota,2000,"About
                            patpat





About Us
Terms and s
Privacy policy
Partnerships
Ad Upgrade Details
Banner Advertising Details",Corolla,Petrol,white,Car(Hatchback),https://patpat.lk/en/ad/vehicle/toyota-corolla-2000-276523
Negotiable,0,1500,Automatic,Toyota,2007,"About
                            patpat





About Us
Terms and s
Privacy policy
Partnerships
Ad Upgrade Details
Banner Advertising Details",Axio,Petrol,gold,Car(Saloon),https://patpat.lk/en/ad/vehicle/toyota-axio-2007-276508
Negotiable,"121,000",1500,Automatic,Toyota,2014,"About
                            patpat





About Us
Terms and s
Privacy policy
Partnerships
Ad Upgrade Details
Banner Advertising Details",Aqua,Petrol,white,Car(Saloon),https://patpat.lk/en/ad/vehicle/toyota-aqua-2014-276518
Negotiable,"200,000",2500,Automatic,Toyota,2011,"About
                            patpat





About Us
Terms and s
Privacy policy
Partnerships
Ad Upgrade Details
Banner Advertising Details",IST,Petrol,black,Car(Hatchback),https://patpat.lk/en/ad/vehicle/toyota-ist-2011-276484
Negotiable,"110,000",1000,Automatic,Toyota,2007,"About
                            patpat





About Us
Terms and s
Privacy policy
Partnerships
Ad Upgrade Details
Banner Advertising Details",Passo,Petrol,green,Car(Hatchback),https://patpat.lk/en/ad/vehicle/toyota-passo-2007-276502
"1,336,500","260,000",1450,Manual,Toyota,1985,"About
                            patpat





About Us
Terms and s
Privacy policy
Partnerships
Ad Upgrade Details
Banner Advertising Details",Carina,Petrol,green,Car(Sedan),https://patpat.lk/en/ad/vehicle/toyota-carina-1985-276471
Negotiable,"120,000",1500,Manual,Toyota,2010,"About
                            patpat





About Us
Terms and s
Privacy policy
Partnerships
Ad Upgrade Details
Banner Advertising Details",Corolla,Petrol,black,Car(Saloon),https://patpat.lk/en/ad/vehicle/toyota-corolla-2010-276459
"1,225,000","260,000",1500,Manual,Toyota,1984,"About
                            patpat





About Us
Terms and s
Privacy policy
Partnerships
Ad Upgrade Details
Banner Advertising Details",Sprinter,Petrol,white,Car(Hatchback),https://patpat.lk/en/ad/vehicle/toyota-sprinter-1984-276165
Negotiable,"138,000",1300,Automatic,Toyota,2007,"About
                            patpat





About Us
Terms and s
Privacy policy
Partnerships
Ad Upgrade Details
Banner Advertising Details",Vitz,Petrol,white,Car(Hatchback),https://patpat.lk/en/ad/vehicle/toyota-vitz-2007-276180
Negotiable,"178,000",1300,Automatic,Toyota,2013,"About
                            patpat





About Us
Terms and s
Privacy policy
Partnerships
Ad Upgrade Details
Banner Advertising Details",Axio,Petrol,other,Car(Saloon),https://patpat.lk/en/ad/vehicle/toyota-axio-2013-276547
Negotiable,"26,000",1500,Automatic,Toyota,2023,"About
                            patpat





About Us
Terms and s
Privacy policy
Partnerships
Ad Upgrade Details
Banner Advertising Details",Yaris,Petrol,white,Car(Hatchback),https://patpat.lk/en/ad/vehicle/toyota-yaris-2023-276792
Negotiable,0,1500,Automatic,Toyota,2014,"About
                            patpat





About Us
Terms and s
Privacy policy
Partnerships
Ad Upgrade Details
Banner Advertising Details",Prius,Hybrid,red,Car(Hatchback),https://patpat.lk/en/ad/vehicle/toyota-prius-2014-276863
Negotiable,"158,000",1200,Automatic,Toyota,2012,"About
                            patpat





About Us
Terms and s
Privacy policy
Partnerships
Ad Upgrade Details
Banner Advertising Details",Prius,Petrol,red,Car(Hatchback),https://patpat.lk/en/ad/vehicle/toyota-prius-2012-276588
Negotiable,"208,000",1500,Automatic,Toyota,2014,"About
                            patpat





About Us
Terms and s
Privacy policy
Partnerships
Ad Upgrade Details
Banner Advertising Details",Axio,Petrol,white,Car(Sedan),https://patpat.lk/en/ad/vehicle/toyota-axio-2014-276603
Negotiable,"130,000",1200,Automatic,Toyota,2014,"About
                            patpat





About Us
Terms and s
Privacy policy
Partnerships
Ad Upgrade Details
Banner Advertising Details",Aqua,Hybrid,white,Car(Hatchback),https://patpat.lk/en/ad/vehicle/toyota-aqua-2014-276296
"4,650,000","191,000",990,Automatic,Toyota,2004,"About
                            patpat





About Us
Terms and s
Privacy policy
Partnerships
Ad Upgrade Details
Banner Advertising Details",Passo,Petrol,red,Car(Hatchback),https://patpat.lk/en/ad/vehicle/toyota-passo-2004-275872
Negotiable,"10,000",1000,Automatic,Toyota,2023,"About
                            patpat





About Us
Terms and s
Privacy policy
Partnerships
Ad Upgrade Details
Banner Advertising Details",Yaris,Petrol,black,Car(Hatchback),https://patpat.lk/en/ad/vehicle/toyota-yaris-2023-275883
Negotiable,"154,000",1300,Automatic,Toyota,2008,"About
                            patpat





About Us
Terms and s
Privacy policy
Partnerships
Ad Upgrade Details
Banner Advertising Details",Vitz,Petrol,silver,Car(Hatchback),https://patpat.lk/en/ad/vehicle/toyota-vitz-2008-276047
Negotiable,"96,000",1500,Automatic,Toyota,2014,"About
                            patpat





About Us
Terms and s
Privacy policy
Partnerships
Ad Upgrade Details
Banner Advertising Details",Yaris,Hybrid,other,Car(Saloon),https://patpat.lk/en/ad/vehicle/toyota-yaris-2014-276078
"9,500,000","187,000",1500,Automatic,Toyota,2015,"About
                            patpat





About Us
Terms and s
Privacy policy
Partnerships
Ad Upgrade Details
Banner Advertising Details",Axio,Hybrid,white,Car(Sedan),https://patpat.lk/en/ad/vehicle/toyota-axio-2015-277875
"4,650,000",N/A,N/A,"Automatic



Manual



Other



Tiptronic",,N/A,"About
                            patpat





About Us
Terms and s
Privacy policy
Partnerships
Ad Upgrade Details
Banner Advertising Details",,"Diesel



Electric



Hybrid



Petrol",N/A,"Bike



Bus



Car



Heavy



Land



SUV



Three wheeler



Truck



Van



Pick-up 



Multi Purpose",https://patpat.lk/en/sri-lanka/vehicle/car/toyota?page=40
"6,500,000",210,1500,Automatic,Toyota,2007,"About
                            patpat





About Us
Terms and s
Privacy policy
Partnerships
Ad Upgrade Details
Banner Advertising Details",Axio,Hybrid,gray,Car(Saloon),https://patpat.lk/en/ad/vehicle/toyota-axio-2007-277867
"9,400,000","20,000",990,Automatic,Toyota,2023,"About
                            patpat





About Us
Terms and s
Privacy policy
Partnerships
Ad Upgrade Details
Banner Advertising Details",Yaris,Petrol,black,Car(Hatchback),https://patpat.lk/en/ad/vehicle/toyota-yaris-2023-277758
"14,200,000","81,000",1500,Automatic,Toyota,2016,"About
                            patpat





About Us
Terms and s
Privacy policy
Partnerships
Ad Upgrade Details
Banner Advertising Details",Premio,Petrol,white,Car(Sedan),https://patpat.lk/en/ad/vehicle/toyota-premio-2016-277799
"6,100,000","149,000",1500,Automatic,Toyota,2007,"About
                            patpat





About Us
Terms and s
Privacy policy
Partnerships
Ad Upgrade Details
Banner Advertising Details",IST,Petrol,blue,Car(Hatchback),https://patpat.lk/en/ad/vehicle/toyota-ist-2007-277749
"10,600,000",700,990,Automatic,Toyota,2025,"About
                            patpat





About Us
Terms and s
Privacy policy
Partnerships
Ad Upgrade Details
Banner Advertising Details",Yaris,Petrol,red,Car(Hatchback),https://patpat.lk/en/ad/vehicle/toyota-yaris-2025-277693
"9,000,000","188,175",1800,Automatic,Toyota,2011,"About
                            patpat





About Us
Terms and s
Privacy policy
Partnerships
Ad Upgrade Details
Banner Advertising Details",Prius,Hybrid,purple,Car(Saloon),https://patpat.lk/en/ad/vehicle/toyota-prius-2011-277668
"8,550,000","6,600",660,Automatic,Toyota,2023,"About
                            patpat





About Us
Terms and s
Privacy policy
Partnerships
Ad Upgrade Details
Banner Advertising Details",Yaris,Petrol,black,Car(),https://patpat.lk/en/ad/vehicle/toyota-yaris-2023-277244
"6,950,000",0,1500,Automatic,Toyota,2004,"About
                            patpat





About Us
Terms and s
Privacy policy
Partnerships
Ad Upgrade Details
Banner Advertising Details",Allion,Petrol,red,Car(Saloon),https://patpat.lk/en/ad/vehicle/toyota-allion-2004-277261
"9,000,000","120,000",1500,Automatic,Toyota,2015,"About
                            patpat





About Us
Terms and s
Privacy policy
Partnerships
Ad Upgrade Details
Banner Advertising Details",Axio,Hybrid,white,Car(Saloon),https://patpat.lk/en/ad/vehicle/toyota-axio-2015-277326
"12,300,000","117,000",1500,Automatic,Toyota,2018,"About
                            patpat





About Us
Terms and s
Privacy policy
Partnerships
Ad Upgrade Details
Banner Advertising Details",Axio,Hybrid,white,Car(Saloon),https://patpat.lk/en/ad/vehicle/toyota-axio-2018-277327
Negotiable,0,1500,Automatic,Toyota,2015,"About
                            patpat





About Us
Terms and s
Privacy policy
Partnerships
Ad Upgrade Details
Banner Advertising Details",Axio,Hybrid,blue,Car(Saloon),https://patpat.lk/en/ad/vehicle/toyota-axio-2015-277335
"6,200,000","160,000",1500,Manual,Toyota,2012,"About
                            patpat





About Us
Terms and s
Privacy policy
Partnerships
Ad Upgrade Details
Banner Advertising Details",Aqua,Hybrid,orange,Car(Liftback),https://patpat.lk/en/ad/vehicle/toyota-aqua-2012-277337
"11,700,000",0,1500,Automatic,Toyota,2017,"About
                            patpat





About Us
Terms and s
Privacy policy
Partnerships
Ad Upgrade Details
Banner Advertising Details",Axio,Hybrid,white,Car(Saloon),https://patpat.lk/en/ad/vehicle/toyota-axio-2017-277531
Negotiable,"150,000",1500,Manual,Toyota,2010,"About
                            patpat





About Us
Terms and s
Privacy policy
Partnerships
Ad Upgrade Details
Banner Advertising Details",Corolla,Petrol,black,Car(Sedan),https://patpat.lk/en/ad/vehicle/toyota-corolla-2010-276445
"10,950,000","99,000",1500,Automatic,Toyota,2016,"About
                            patpat





About Us
Terms and s
Privacy policy
Partnerships
Ad Upgrade Details
Banner Advertising Details",Axio,Hybrid,white,Car(Sedan),https://patpat.lk/en/ad/vehicle/toyota-axio-2016-277604
Negotiable,"80,000",1500,Automatic,Toyota,2010,"About
                            patpat





About Us
Terms and s
Privacy policy
Partnerships
Ad Upgrade Details
Banner Advertising Details",Corolla,Petrol,black,Car(Sedan),https://patpat.lk/en/ad/vehicle/toyota-corolla-2010-277599
"7,650,000","137,000",1500,Automatic,Toyota,2017,"About
                            patpat





About Us
Terms and s
Privacy policy
Partnerships
Ad Upgrade Details
Banner Advertising Details",Vitz,Petrol,white,Car(Liftback),https://patpat.lk/en/ad/vehicle/toyota-vitz-2017-277617
"8,050,000","61,800",1500,Automatic,Toyota,2018,"About
                            patpat





About Us
Terms and s
Privacy policy
Partnerships
Ad Upgrade Details
Banner Advertising Details",Vitz,Petrol,white,Car(Liftback),https://patpat.lk/en/ad/vehicle/toyota-vitz-2018-277618
"7,490,000","118,000",1000,Automatic,Toyota,2016,"About
                            patpat





About Us
Terms and s
Privacy policy
Partnerships
Ad Upgrade Details
Banner Advertising Details",Tank,Petrol,black,Car(Hatchback),https://patpat.lk/en/ad/vehicle/toyota-tank-2016-277574
"5,090,000","140,000",1000,Automatic,Toyota,2007,"About
                            patpat





About Us
Terms and s
Privacy policy
Partnerships
Ad Upgrade Details
Banner Advertising Details",Vitz,Petrol,silver,Car(Hatchback),https://patpat.lk/en/ad/vehicle/toyota-vitz-2007-277561
"590,000",N/A,N/A,"Automatic



Manual



Other



Tiptronic",,N/A,"About
                            patpat





About Us
Terms and s
Privacy policy
Partnerships
Ad Upgrade Details
Banner Advertising Details",,"Diesel



Electric



Hybrid



Petrol",N/A,"Bike



Bus



Car



Heavy



Land



SUV



Three wheeler



Truck



Van



Pick-up 



Multi Purpose",https://patpat.lk/en/sri-lanka/vehicle/car/toyota?page=41
"7,800,000","159,000",1500,Automatic,Toyota,2012,"About
                            patpat





About Us
Terms and s
Privacy policy
Partnerships
Ad Upgrade Details
Banner Advertising Details",Aqua,Hybrid,black,Car(Hatchback),https://patpat.lk/en/ad/vehicle/toyota-aqua-2012-277602
"3,550,000","196,000",1500,Automatic,Toyota,1997,"About
                            patpat





About Us
Terms and s
Privacy policy
Partnerships
Ad Upgrade Details
Banner Advertising Details",Sprinter,Petrol,silver,Car(Sedan),https://patpat.lk/en/ad/vehicle/toyota-sprinter-1997-277613
"2,990,000","227,000",2000,Automatic,Toyota,1998,"About
                            patpat





About Us
Terms and s
Privacy policy
Partnerships
Ad Upgrade Details
Banner Advertising Details",Corolla,Diesel,white,Car(Saloon),https://patpat.lk/en/ad/vehicle/toyota-corolla-1998-277575
Negotiable,0,1300,Manual,Toyota,2006,"About
                            patpat





About Us
Terms and s
Privacy policy
Partnerships
Ad Upgrade Details
Banner Advertising Details",Corolla,Petrol,black,Car(Sedan),https://patpat.lk/en/ad/vehicle/toyota-corolla-2006-277253
Negotiable,"134,000",0,Automatic,Toyota,2015,"About
                            patpat





About Us
Terms and s
Privacy policy
Partnerships
Ad Upgrade Details
Banner Advertising Details",Axio,Petrol,silver,Car(Saloon),https://patpat.lk/en/ad/vehicle/toyota-axio-2015-277205
"4,650,000","191,000",990,Automatic,Toyota,2005,"About
                            patpat





About Us
Terms and s
Privacy policy
Partnerships
Ad Upgrade Details
Banner Advertising Details",Passo,Petrol,red,Car(Hatchback),https://patpat.lk/en/ad/vehicle/toyota-passo-2005-275919
"2,670,000","120,000",1300,Manual,Toyota,1995,"About
                            patpat





About Us
Terms and s
Privacy policy
Partnerships
Ad Upgrade Details
Banner Advertising Details",Tercel,Petrol,white,Car(Hatchback),https://patpat.lk/en/ad/vehicle/toyota-tercel-1995-275893
"9,300,000","90,000",1500,Automatic,Toyota,2015,"About
                            patpat





About Us
Terms and s
Privacy policy
Partnerships
Ad Upgrade Details
Banner Advertising Details",Axio,Hybrid,maroon,Car(Saloon),https://patpat.lk/en/ad/vehicle/toyota-axio-2015-277038
"8,100,000","658,000",1200,Automatic,Toyota,2014,"About
                            patpat





About Us
Terms and s
Privacy policy
Partnerships
Ad Upgrade Details
Banner Advertising Details",Axio,Petrol,maroon,Car(Hatchback),https://patpat.lk/en/ad/vehicle/toyota-axio-2014-276991
Negotiable,"152,000",1330,Manual,Toyota,1997,"About
                            patpat





About Us
Terms and s
Privacy policy
Partnerships
Ad Upgrade Details
Banner Advertising Details",Corolla,Petrol,gold,Car(Saloon),https://patpat.lk/en/ad/vehicle/toyota-corolla-1997-276231
"13,000,000","139,000",1500,Automatic,Toyota,2016,"About
                            patpat





About Us
Terms and s
Privacy policy
Partnerships
Ad Upgrade Details
Banner Advertising Details",Premio,Petrol,maroon,Car(Saloon),https://patpat.lk/en/ad/vehicle/toyota-premio-2016-276031
"17,600,000",0,1496,Automatic,Toyota,2022,"About
                            patpat





About Us
Terms and s
Privacy policy
Partnerships
Ad Upgrade Details
Banner Advertising Details",Corolla,Petrol,white,Car(Liftback),https://patpat.lk/en/ad/vehicle/toyota-corolla-2022-276953
"9,775,000","264,000",1800,Automatic,Toyota,2013,"About
                            patpat





About Us
Terms and s
Privacy policy
Partnerships
Ad Upgrade Details
Banner Advertising Details",Prius,Hybrid,black,Car(Hatchback),https://patpat.lk/en/ad/vehicle/toyota-prius-2013-276961
Negotiable,0,1330,Automatic,Toyota,2016,"About
                            patpat





About Us
Terms and s
Privacy policy
Partnerships
Ad Upgrade Details
Banner Advertising Details",Axio,Petrol,white,Car(Hatchback),https://patpat.lk/en/ad/vehicle/toyota-axio-2016-276937
"2,590,000","300,000",2000,Manual,Toyota,1991,"About
                            patpat





About Us
Terms and s
Privacy policy
Partnerships
Ad Upgrade Details
Banner Advertising Details",Corolla,Diesel,white,Car(Hatchback),https://patpat.lk/en/ad/vehicle/toyota-corolla-1991-276941
"9,600,000","28,210",1500,Automatic,Toyota,2024,"About
                            patpat





About Us
Terms and s
Privacy policy
Partnerships
Ad Upgrade Details
Banner Advertising Details",Yaris,Petrol,white,Car(Hatchback),https://patpat.lk/en/ad/vehicle/toyota-yaris-2024-276905
Negotiable,0,1200,Automatic,Toyota,2026,"About
                            patpat





About Us
Terms and s
Privacy policy
Partnerships
Ad Upgrade Details
Banner Advertising Details",Raize,Hybrid,white,Car(Liftback),https://patpat.lk/en/ad/vehicle/toyota-raize-2026-276065
Negotiable,0,1300,Automatic,Toyota,2010,"About
                            patpat





About Us
Terms and s
Privacy policy
Partnerships
Ad Upgrade Details
Banner Advertising Details",Prius,Hybrid,blue,Car(Liftback),https://patpat.lk/en/ad/vehicle/toyota-prius-2010-276066
Negotiable,"134,000",1300,Automatic,Toyota,2016,"About
                            patpat





About Us
Terms and s
Privacy policy
Partnerships
Ad Upgrade Details
Banner Advertising Details",Axio,Petrol,white,Car(Hatchback),https://patpat.lk/en/ad/vehicle/toyota-axio-2016-276067
Negotiable,"145,000",1500,Automatic,Toyota,2006,"About
                            patpat





About Us
Terms and s
Privacy policy
Partnerships
Ad Upgrade Details
Banner Advertising Details",Allion,Petrol,white,Car(),https://patpat.lk/en/ad/vehicle/toyota-allion-2006-276113
"6,900,000",N/A,N/A,"Automatic



Manual



Other



Tiptronic",,N/A,"About
                            patpat





About Us
Terms and s
Privacy policy
Partnerships
Ad Upgrade Details
Banner Advertising Details",,"Diesel



Electric



Hybrid



Petrol",N/A,"Bike



Bus



Car



Heavy



Land



SUV



Three wheeler



Truck



Van



Pick-up 



Multi Purpose",https://patpat.lk/en/sri-lanka/vehicle/car/toyota?page=42
Negotiable,"176,000",1500,Automatic,Toyota,2015,"About
                            patpat





About Us
Terms and s
Privacy policy
Partnerships
Ad Upgrade Details
Banner Advertising Details",Axio,Hybrid,white,Car(),https://patpat.lk/en/ad/vehicle/toyota-axio-2015-276116
Negotiable,"120,000",1300,Automatic,Toyota,2007,"About
                            patpat





About Us
Terms and s
Privacy policy
Partnerships
Ad Upgrade Details
Banner Advertising Details",Belta,Petrol,blue,Car(Sedan),https://patpat.lk/en/ad/vehicle/toyota-belta-2007-276140
"3,250,000","247,000",1200,Manual,Toyota,1999,"About
                            patpat





About Us
Terms and s
Privacy policy
Partnerships
Ad Upgrade Details
Banner Advertising Details",Tercel,Petrol,green,Car(Hatchback),https://patpat.lk/en/ad/vehicle/toyota-tercel-1999-275823
Negotiable,"113,000",1500,Automatic,Toyota,2013,"About
                            patpat





About Us
Terms and s
Privacy policy
Partnerships
Ad Upgrade Details
Banner Advertising Details",Axio,Hybrid,blue,Car(Sedan),https://patpat.lk/en/ad/vehicle/toyota-axio-2013-276716
"590,000",0,1200,Manual,Toyota,1971,"About
                            patpat





About Us
Terms and s
Privacy policy
Partnerships
Ad Upgrade Details
Banner Advertising Details",Corolla,Petrol,blue,Car(Sedan),https://patpat.lk/en/ad/vehicle/toyota-corolla-1971-275925
Negotiable,0,1490,Automatic,Toyota,1995,"About
                            patpat





About Us
Terms and s
Privacy policy
Partnerships
Ad Upgrade Details
Banner Advertising Details",Corolla,Petrol,white,Car(Hatchback),https://patpat.lk/en/ad/vehicle/toyota-corolla-1995-276652
"8,975,000","39,700",1000,Automatic,Toyota,2023,"About
                            patpat





About Us
Terms and s
Privacy policy
Partnerships
Ad Upgrade Details
Banner Advertising Details",Yaris,Petrol,white,Car(Hatchback),https://patpat.lk/en/ad/vehicle/toyota-yaris-2023-275834
"8,700,000","30,700",1000,Automatic,Toyota,2019,"About
                            patpat





About Us
Terms and s
Privacy policy
Partnerships
Ad Upgrade Details
Banner Advertising Details",Vitz,Petrol,blue,Car(Sports),https://patpat.lk/en/ad/vehicle/toyota-vitz-2019-275866
"17,500,000","30,700",1500,Automatic,Toyota,2019,"About
                            patpat





About Us
Terms and s
Privacy policy
Partnerships
Ad Upgrade Details
Banner Advertising Details",Premio,Petrol,white,Car(Saloon),https://patpat.lk/en/ad/vehicle/toyota-premio-2019-275860
"6,375,000","210,000",1200,Automatic,Toyota,2008,"About
                            patpat





About Us
Terms and s
Privacy policy
Partnerships
Ad Upgrade Details
Banner Advertising Details",Corolla,Petrol,black,Car(Sedan),https://patpat.lk/en/ad/vehicle/toyota-corolla-2008-276698
"10,900,000","200,000",1200,Automatic,Toyota,2016,"About
                            patpat





About Us
Terms and s
Privacy policy
Partnerships
Ad Upgrade Details
Banner Advertising Details",Axio,Petrol,white,Car(Sedan),https://patpat.lk/en/ad/vehicle/toyota-axio-2016-276718
"6,700,000","160,000",1000,Automatic,Toyota,2013,"About
                            patpat





About Us
Terms and s
Privacy policy
Partnerships
Ad Upgrade Details
Banner Advertising Details",Aqua,Petrol,white,Car(Sedan),https://patpat.lk/en/ad/vehicle/toyota-aqua-2013-276732
"8,600,000","200,000",1200,Automatic,Toyota,2011,"About
                            patpat





About Us
Terms and s
Privacy policy
Partnerships
Ad Upgrade Details
Banner Advertising Details",Prius,Petrol,black,Car(Sedan),https://patpat.lk/en/ad/vehicle/toyota-prius-2011-276723
"12,500,000","155,000",1200,Automatic,Toyota,2016,"About
                            patpat





About Us
Terms and s
Privacy policy
Partnerships
Ad Upgrade Details
Banner Advertising Details",Axio,Petrol,white,Car(Sedan),https://patpat.lk/en/ad/vehicle/toyota-axio-2016-276727
"5,000,000","10,000",1500,Automatic,Toyota,2013,"About
                            patpat





About Us
Terms and s
Privacy policy
Partnerships
Ad Upgrade Details
Banner Advertising Details",Prius,Petrol,red,Car(Hatchback),https://patpat.lk/en/ad/vehicle/toyota-prius-2013-276303
"5,775,000","240,000",1500,Automatic,Toyota,2007,"About
                            patpat





About Us
Terms and s
Privacy policy
Partnerships
Ad Upgrade Details
Banner Advertising Details",Vitz,Petrol,gray,Car(Hatchback),https://patpat.lk/en/ad/vehicle/toyota-vitz-2007-276571
"6,150,000",0,1800,Automatic,Toyota,2007,"About
                            patpat





About Us
Terms and s
Privacy policy
Partnerships
Ad Upgrade Details
Banner Advertising Details",Corolla,Petrol,silver,Car(Saloon),https://patpat.lk/en/ad/vehicle/toyota-corolla-2007-276573
"2,690,000","300,000",1970,Automatic,Toyota,1992,"About
                            patpat





About Us
Terms and s
Privacy policy
Partnerships
Ad Upgrade Details
Banner Advertising Details",Corolla,Diesel,white,Car(Hatchback),https://patpat.lk/en/ad/vehicle/toyota-corolla-1992-276002
"7,750,000","98,000",1000,Automatic,Toyota,2017,"About
                            patpat





About Us
Terms and s
Privacy policy
Partnerships
Ad Upgrade Details
Banner Advertising Details",Vitz,Petrol,white,Car(Hatchback),https://patpat.lk/en/ad/vehicle/toyota-vitz-2017-276566
"7,690,000","91,000",1000,Automatic,Toyota,2018,"About
                            patpat





About Us
Terms and s
Privacy policy
Partnerships
Ad Upgrade Details
Banner Advertising Details",Tank,Petrol,black,Car(),https://patpat.lk/en/ad/vehicle/toyota-tank-2018-276577
"8,600,000",N/A,N/A,"Automatic



Manual



Other



Tiptronic",,N/A,"About
                            patpat





About Us
Terms and s
Privacy policy
Partnerships
Ad Upgrade Details
Banner Advertising Details",,"Diesel



Electric



Hybrid



Petrol",N/A,"Bike



Bus



Car



Heavy



Land



SUV



Three wheeler



Truck



Van



Pick-up 



Multi Purpose",https://patpat.lk/en/sri-lanka/vehicle/car/toyota?page=43
Negotiable,"112,600",1000,Automatic,Toyota,2007,"About
                            patpat





About Us
Terms and s
Privacy policy
Partnerships
Ad Upgrade Details
Banner Advertising Details",Vitz,Petrol,gray,Car(Hatchback),https://patpat.lk/en/ad/vehicle/toyota-vitz-2007-276675
Negotiable,0,1500,Automatic,Toyota,1997,"About
                            patpat





About Us
Terms and s
Privacy policy
Partnerships
Ad Upgrade Details
Banner Advertising Details",Corolla,Petrol,white,Car(Saloon),https://patpat.lk/en/ad/vehicle/toyota-corolla-1997-276587
"8,800,000","140,000",1200,Automatic,Toyota,2014,"About
                            patpat





About Us
Terms and s
Privacy policy
Partnerships
Ad Upgrade Details
Banner Advertising Details",Axio,Petrol,maroon,Car(Sedan),https://patpat.lk/en/ad/vehicle/toyota-axio-2014-276620
Negotiable,"113,000",990,Automatic,Toyota,2017,"About
                            patpat





About Us
Terms and s
Privacy policy
Partnerships
Ad Upgrade Details
Banner Advertising Details",Vitz,Petrol,white,Car(Hatchback),https://patpat.lk/en/ad/vehicle/toyota-vitz-2017-276175
"6,900,000","122,000",1000,Automatic,Toyota,2015,"About
                            patpat





About Us
Terms and s
Privacy policy
Partnerships
Ad Upgrade Details
Banner Advertising Details",Vitz,Petrol,black,Car(Hatchback),https://patpat.lk/en/ad/vehicle/toyota-vitz-2015-276366
Negotiable,"149,000",1000,Automatic,Toyota,2014,"About
                            patpat





About Us
Terms and s
Privacy policy
Partnerships
Ad Upgrade Details
Banner Advertising Details",Allion,Petrol,brown,Car(Sedan),https://patpat.lk/en/ad/vehicle/toyota-allion-2014-276201
"9,000,000","255,724",1200,Automatic,Toyota,2015,"About
                            patpat





About Us
Terms and s
Privacy policy
Partnerships
Ad Upgrade Details
Banner Advertising Details",Axio,Petrol,maroon,Car(Sedan),https://patpat.lk/en/ad/vehicle/toyota-axio-2015-276218
Negotiable,"185,000",1500,Automatic,Toyota,2015,"About
                            patpat





About Us
Terms and s
Privacy policy
Partnerships
Ad Upgrade Details
Banner Advertising Details",Axio,Hybrid,white,Car(Saloon),https://patpat.lk/en/ad/vehicle/toyota-axio-2015-276243
"3,850,000","180,000",1500,Automatic,Toyota,1996,"About
                            patpat





About Us
Terms and s
Privacy policy
Partnerships
Ad Upgrade Details
Banner Advertising Details",Corolla,Petrol,white,Car(Sedan),https://patpat.lk/en/ad/vehicle/toyota-corolla-1996-276545
"8,700,000","59,000",1000,Automatic,Toyota,2019,"About
                            patpat





About Us
Terms and s
Privacy policy
Partnerships
Ad Upgrade Details
Banner Advertising Details",Vitz,Petrol,white,Car(Sedan),https://patpat.lk/en/ad/vehicle/toyota-vitz-2019-276504
"7,750,000","250,000",1500,Automatic,Toyota,2007,"About
                            patpat





About Us
Terms and s
Privacy policy
Partnerships
Ad Upgrade Details
Banner Advertising Details",Axio,Petrol,blue,Car(Sedan),https://patpat.lk/en/ad/vehicle/toyota-axio-2007-276262
"8,450,000","6,600",660,Automatic,Toyota,2023,"About
                            patpat





About Us
Terms and s
Privacy policy
Partnerships
Ad Upgrade Details
Banner Advertising Details",Yaris,Petrol,blue,Car(Hatchback),https://patpat.lk/en/ad/vehicle/toyota-yaris-2023-276268
"8,550,000","6,600",660,Automatic,Toyota,2023,"About
                            patpat





About Us
Terms and s
Privacy policy
Partnerships
Ad Upgrade Details
Banner Advertising Details",Yaris,Petrol,black,Car(Hatchback),https://patpat.lk/en/ad/vehicle/toyota-yaris-2023-276270
"5,500,000","220,000",1300,Manual,Toyota,2005,"About
                            patpat





About Us
Terms and s
Privacy policy
Partnerships
Ad Upgrade Details
Banner Advertising Details",Corolla,Petrol,blue,Car(Hatchback),https://patpat.lk/en/ad/vehicle/toyota-corolla-2005-276526
"8,600,000","6,600",660,Automatic,Toyota,2023,"About
                            patpat





About Us
Terms and s
Privacy policy
Partnerships
Ad Upgrade Details
Banner Advertising Details",Yaris,Petrol,white,Car(Hatchback),https://patpat.lk/en/ad/vehicle/toyota-yaris-2023-276383
"8,050,000","6,600",660,Automatic,Toyota,2023,"About
                            patpat





About Us
Terms and s
Privacy policy
Partnerships
Ad Upgrade Details
Banner Advertising Details",Passo,Petrol,other,Car(Hatchback),https://patpat.lk/en/ad/vehicle/toyota-passo-2023-276395
"8,000,000","98,000",1200,Automatic,Toyota,2015,"About
                            patpat





About Us
Terms and s
Privacy policy
Partnerships
Ad Upgrade Details
Banner Advertising Details",Aqua,Petrol,silver,Car(Hatchback),https://patpat.lk/en/ad/vehicle/toyota-aqua-2015-276447
"9,000,000","76,000",1400,Manual,Toyota,2013,"About
                            patpat





About Us
Terms and s
Privacy policy
Partnerships
Ad Upgrade Details
Banner Advertising Details",Premio,Petrol,white,Car(Saloon),https://patpat.lk/en/ad/vehicle/toyota-premio-2013-276464
Negotiable,"141,221",990,Manual,Toyota,2010,"About
                            patpat





About Us
Terms and s
Privacy policy
Partnerships
Ad Upgrade Details
Banner Advertising Details",Vitz,Petrol,black,Car(Hatchback),https://patpat.lk/en/ad/vehicle/toyota-vitz-2010-276327
"18,000,000",0,1500,Automatic,Toyota,2025,"About
                            patpat





About Us
Terms and s
Privacy policy
Partnerships
Ad Upgrade Details
Banner Advertising Details",Yaris Ativ,Hybrid,white,Car(Sedan),https://patpat.lk/en/ad/vehicle/toyota-yaris-ativ-2025-276282
"8,900,000",N/A,N/A,"Automatic



Manual



Other



Tiptronic",,N/A,"About
                            patpat





About Us
Terms and s
Privacy policy
Partnerships
Ad Upgrade Details
Banner Advertising Details",,"Diesel



Electric



Hybrid



Petrol",N/A,"Bike



Bus



Car



Heavy



Land



SUV



Three wheeler



Truck



Van



Pick-up 



Multi Purpose",https://patpat.lk/en/sri-lanka/vehicle/car/toyota?page=44
Negotiable,0,1300,Automatic,Toyota,2005,"About
                            patpat





About Us
Terms and s
Privacy policy
Partnerships
Ad Upgrade Details
Banner Advertising Details",IST,Petrol,blue,Car(Hatchback),https://patpat.lk/en/ad/vehicle/toyota-ist-2005-276307
Negotiable,"160,000",1500,Automatic,Toyota,2014,"About
                            patpat





About Us
Terms and s
Privacy policy
Partnerships
Ad Upgrade Details
Banner Advertising Details",Aqua,Petrol,maroon,Car(Hatchback),https://patpat.lk/en/ad/vehicle/toyota-aqua-2014-276313
"5,500,000","137,000",1000,Automatic,Toyota,2007,"About
                            patpat





About Us
Terms and s
Privacy policy
Partnerships
Ad Upgrade Details
Banner Advertising Details",Vitz,Petrol,silver,Car(Hatchback),https://patpat.lk/en/ad/vehicle/toyota-vitz-2007-276306
"5,500,000","121,600",1000,Automatic,Toyota,2008,"About
                            patpat





About Us
Terms and s
Privacy policy
Partnerships
Ad Upgrade Details
Banner Advertising Details",Vitz,Petrol,silver,Car(Hatchback),https://patpat.lk/en/ad/vehicle/toyota-vitz-2008-276249
"8,600,000","5,000",600,Automatic,Toyota,2022,"About
                            patpat





About Us
Terms and s
Privacy policy
Partnerships
Ad Upgrade Details
Banner Advertising Details",Yaris,Hybrid,gray,Car(Hatchback),https://patpat.lk/en/ad/vehicle/toyota-yaris-2022-276257
"4,550,000","111,000",1000,Automatic,Toyota,2005,"About
                            patpat





About Us
Terms and s
Privacy policy
Partnerships
Ad Upgrade Details
Banner Advertising Details",Passo,Petrol,other,Car(Hatchback),https://patpat.lk/en/ad/vehicle/toyota-passo-2005-276284
Negotiable,"120,000",1500,Automatic,Toyota,2016,"About
                            patpat





About Us
Terms and s
Privacy policy
Partnerships
Ad Upgrade Details
Banner Advertising Details",Axio,Hybrid,white,Car(Saloon),https://patpat.lk/en/ad/vehicle/toyota-axio-2016-275562
Negotiable,"185,000",1200,Automatic,Toyota,2008,"About
                            patpat





About Us
Terms and s
Privacy policy
Partnerships
Ad Upgrade Details
Banner Advertising Details",Corolla,Petrol,silver,Car(Saloon),https://patpat.lk/en/ad/vehicle/toyota-corolla-2008-275501
"4,600,000",0,1300,Manual,Toyota,2002,"About
                            patpat





About Us
Terms and s
Privacy policy
Partnerships
Ad Upgrade Details
Banner Advertising Details",Corolla,Petrol,green,Car(Saloon),https://patpat.lk/en/ad/vehicle/toyota-corolla-2002-276041
Negotiable,0,1500,Automatic,Toyota,2014,"About
                            patpat





About Us
Terms and s
Privacy policy
Partnerships
Ad Upgrade Details
Banner Advertising Details",Axio,Hybrid,white,Car(Saloon),https://patpat.lk/en/ad/vehicle/toyota-axio-2014-276017
"12,200,000","117,000",1500,Automatic,Toyota,2018,"About
                            patpat





About Us
Terms and s
Privacy policy
Partnerships
Ad Upgrade Details
Banner Advertising Details",Axio,Petrol,white,Car(Hatchback),https://patpat.lk/en/ad/vehicle/toyota-axio-2018-276040
Negotiable,0,1500,Automatic,Toyota,2014,"About
                            patpat





About Us
Terms and s
Privacy policy
Partnerships
Ad Upgrade Details
Banner Advertising Details",Axio,Hybrid,white,Car(Saloon),https://patpat.lk/en/ad/vehicle/toyota-axio-2014-276015
"15,700,000","81,000",1500,Automatic,Toyota,2017,"About
                            patpat





About Us
Terms and s
Privacy policy
Partnerships
Ad Upgrade Details
Banner Advertising Details",Premio,Petrol,white,Car(Sedan),https://patpat.lk/en/ad/vehicle/toyota-premio-2017-275394
"9,850,000","123,000",1500,Automatic,Toyota,2015,"About
                            patpat





About Us
Terms and s
Privacy policy
Partnerships
Ad Upgrade Details
Banner Advertising Details",Axio,Petrol,white,Car(Liftback),https://patpat.lk/en/ad/vehicle/toyota-axio-2015-275350
"7,900,000","152,000",1490,Automatic,Toyota,2009,"About
                            patpat





About Us
Terms and s
Privacy policy
Partnerships
Ad Upgrade Details
Banner Advertising Details",Axio,Petrol,silver,Car(Sedan),https://patpat.lk/en/ad/vehicle/toyota-axio-2009-275977
"3,000,000",0,1000,Automatic,Toyota,1995,"About
                            patpat





About Us
Terms and s
Privacy policy
Partnerships
Ad Upgrade Details
Banner Advertising Details",AE100,Petrol,white,Car(Saloon),https://patpat.lk/en/ad/vehicle/toyota-ae100-1995-275263
"6,900,000","130,000",1000,Automatic,Toyota,2008,"About
                            patpat





About Us
Terms and s
Privacy policy
Partnerships
Ad Upgrade Details
Banner Advertising Details",Vitz,Petrol,gray,Car(Hatchback),https://patpat.lk/en/ad/vehicle/toyota-vitz-2008-275914
"8,500,000","180,000",1290,Automatic,Toyota,2010,"About
                            patpat





About Us
Terms and s
Privacy policy
Partnerships
Ad Upgrade Details
Banner Advertising Details",Prius,Hybrid,blue,Car(Hatchback),https://patpat.lk/en/ad/vehicle/toyota-prius-2010-275853
"7,650,000","153,000",1500,Automatic,Toyota,2013,"About
                            patpat





About Us
Terms and s
Privacy policy
Partnerships
Ad Upgrade Details
Banner Advertising Details",Aqua,Hybrid,black,Car(Hatchback),https://patpat.lk/en/ad/vehicle/toyota-aqua-2013-275865
"6,850,000","123,456",1500,Automatic,Toyota,2013,"About
                            patpat





About Us
Terms and s
Privacy policy
Partnerships
Ad Upgrade Details
Banner Advertising Details",Aqua,Hybrid,blue,Car(Hatchback),https://patpat.lk/en/ad/vehicle/toyota-aqua-2013-275868
"9,500,000",N/A,N/A,"Automatic



Manual



Other



Tiptronic",,N/A,"About
                            patpat





About Us
Terms and s
Privacy policy
Partnerships
Ad Upgrade Details
Banner Advertising Details",,"Diesel



Electric



Hybrid



Petrol",N/A,"Bike



Bus



Car



Heavy



Land



SUV



Three wheeler



Truck



Van



Pick-up 



Multi Purpose",https://patpat.lk/en/sri-lanka/vehicle/car/toyota?page=45
"7,900,000","158,000",990,Automatic,Toyota,2015,"About
                            patpat





About Us
Terms and s
Privacy policy
Partnerships
Ad Upgrade Details
Banner Advertising Details",Aqua,Petrol,orange,Car(Hatchback),https://patpat.lk/en/ad/vehicle/toyota-aqua-2015-275809
Negotiable,"232,000",1500,Automatic,Toyota,2012,"About
                            patpat





About Us
Terms and s
Privacy policy
Partnerships
Ad Upgrade Details
Banner Advertising Details",Prius,Petrol,red,Car(Saloon),https://patpat.lk/en/ad/vehicle/toyota-prius-2012-275581
"10,800,000","68,000",1298,Automatic,Toyota,2014,"About
                            patpat





About Us
Terms and s
Privacy policy
Partnerships
Ad Upgrade Details
Banner Advertising Details",Prius,Petrol,red,Car(),https://patpat.lk/en/ad/vehicle/toyota-prius-2014-275584
Negotiable,"119,000",1500,Automatic,Toyota,2015,"About
                            patpat





About Us
Terms and s
Privacy policy
Partnerships
Ad Upgrade Details
Banner Advertising Details",Axio,Hybrid,white,Car(Sedan),https://patpat.lk/en/ad/vehicle/toyota-axio-2015-275333
"8,900,000","120,000",1330,Automatic,Toyota,2015,"About
                            patpat





About Us
Terms and s
Privacy policy
Partnerships
Ad Upgrade Details
Banner Advertising Details",Axio,Petrol,white,Car(Hatchback),https://patpat.lk/en/ad/vehicle/toyota-axio-2015-275507
"13,400,000","115,000",1200,Automatic,Toyota,2018,"About
                            patpat





About Us
Terms and s
Privacy policy
Partnerships
Ad Upgrade Details
Banner Advertising Details",CHR,Petrol,white,Car(Hatchback),https://patpat.lk/en/ad/vehicle/toyota-chr-2018-275792
"4,850,000","100,000",1000,Automatic,Toyota,2007,"About
                            patpat





About Us
Terms and s
Privacy policy
Partnerships
Ad Upgrade Details
Banner Advertising Details",Belta,Petrol,white,Car(Sedan),https://patpat.lk/en/ad/vehicle/toyota-belta-2007-275758
"7,500,000","102,000",1000,Automatic,Toyota,2017,"About
                            patpat





About Us
Terms and s
Privacy policy
Partnerships
Ad Upgrade Details
Banner Advertising Details",Tank,Petrol,silver,Car(Sedan),https://patpat.lk/en/ad/vehicle/toyota-tank-2017-275717
"5,700,000","146,000",1000,Automatic,Toyota,2007,"About
                            patpat





About Us
Terms and s
Privacy policy
Partnerships
Ad Upgrade Details
Banner Advertising Details",Vitz,Petrol,red,Car(Hatchback),https://patpat.lk/en/ad/vehicle/toyota-vitz-2007-275702
"9,800,000","82,000",1500,Automatic,Toyota,2015,"About
                            patpat





About Us
Terms and s
Privacy policy
Partnerships
Ad Upgrade Details
Banner Advertising Details",Axio,Hybrid,white,Car(Saloon),https://patpat.lk/en/ad/vehicle/toyota-axio-2015-275648
"13,200,000","180,000",1500,Automatic,Toyota,2016,"About
                            patpat





About Us
Terms and s
Privacy policy
Partnerships
Ad Upgrade Details
Banner Advertising Details",Premio,Hybrid,brown,Car(Saloon),https://patpat.lk/en/ad/vehicle/toyota-premio-2016-275649
"9,650,000","232,000",1500,Automatic,Toyota,2012,"About
                            patpat





About Us
Terms and s
Privacy policy
Partnerships
Ad Upgrade Details
Banner Advertising Details",Prius Alpha,Hybrid,red,Car(Liftback),https://patpat.lk/en/ad/vehicle/toyota-prius-alpha-2012-275646
"11,600,000","133,000",1800,Automatic,Toyota,2012,"About
                            patpat





About Us
Terms and s
Privacy policy
Partnerships
Ad Upgrade Details
Banner Advertising Details",Prius,Hybrid,white,Car(Hatchback),https://patpat.lk/en/ad/vehicle/toyota-prius-2012-275603
"3,200,000","120,000",1500,Manual,Toyota,1992,"About
                            patpat





About Us
Terms and s
Privacy policy
Partnerships
Ad Upgrade Details
Banner Advertising Details",Cynos,Petrol,red,Car(Sedan),https://patpat.lk/en/ad/vehicle/toyota-cynos-1992-275461
Negotiable,"124,000",1500,Automatic,Toyota,2014,"About
                            patpat





About Us
Terms and s
Privacy policy
Partnerships
Ad Upgrade Details
Banner Advertising Details",Axio,Hybrid,maroon,Car(Saloon),https://patpat.lk/en/ad/vehicle/toyota-axio-2014-275257
"2,800,000","120,000",1500,Manual,Toyota,1993,"About
                            patpat





About Us
Terms and s
Privacy policy
Partnerships
Ad Upgrade Details
Banner Advertising Details",Corolla,Petrol,green,Car(Sedan),https://patpat.lk/en/ad/vehicle/toyota-corolla-1993-275480
"8,290,000","120,000",990,Manual,Toyota,2018,"About
                            patpat





About Us
Terms and s
Privacy policy
Partnerships
Ad Upgrade Details
Banner Advertising Details",Vitz,Petrol,white,Car(Sports),https://patpat.lk/en/ad/vehicle/toyota-vitz-2018-275088
Negotiable,0,1500,Automatic,Toyota,2013,"About
                            patpat





About Us
Terms and s
Privacy policy
Partnerships
Ad Upgrade Details
Banner Advertising Details",Prius,Petrol,purple,Car(Hatchback),https://patpat.lk/en/ad/vehicle/toyota-prius-2013-275414
Negotiable,0,1000,Automatic,Toyota,2014,"About
                            patpat





About Us
Terms and s
Privacy policy
Partnerships
Ad Upgrade Details
Banner Advertising Details",Prius,Hybrid,white,Car(Saloon),https://patpat.lk/en/ad/vehicle/toyota-prius-2014-275298
Negotiable,0,1000,Automatic,Toyota,2003,"About
                            patpat





About Us
Terms and s
Privacy policy
Partnerships
Ad Upgrade Details
Banner Advertising Details",Vios,Petrol,silver,Car(Saloon),https://patpat.lk/en/ad/vehicle/toyota-vios-2003-275294
Negotiable,N/A,N/A,"Automatic



Manual



Other



Tiptronic",,N/A,"About
                            patpat





About Us
Terms and s
Privacy policy
Partnerships
Ad Upgrade Details
Banner Advertising Details",,"Diesel



Electric



Hybrid



Petrol",N/A,"Bike



Bus



Car



Heavy



Land



SUV



Three wheeler



Truck



Van



Pick-up 



Multi Purpose",https://patpat.lk/en/sri-lanka/vehicle/car/toyota?page=46
Negotiable,0,1500,Automatic,Toyota,2015,"About
                            patpat





About Us
Terms and s
Privacy policy
Partnerships
Ad Upgrade Details
Banner Advertising Details",Axio,Hybrid,white,Car(Saloon),https://patpat.lk/en/ad/vehicle/toyota-axio-2015-275248
Negotiable,"116,000",800,Automatic,Toyota,2015,"About
                            patpat





About Us
Terms and s
Privacy policy
Partnerships
Ad Upgrade Details
Banner Advertising Details",Pixis,Petrol,white,Car(Hatchback),https://patpat.lk/en/ad/vehicle/toyota-pixis-2015-275199
"9,300,000",156,0,Automatic,Toyota,2015,"About
                            patpat





About Us
Terms and s
Privacy policy
Partnerships
Ad Upgrade Details
Banner Advertising Details",Axio,Petrol,brown,Car(Hatchback),https://patpat.lk/en/ad/vehicle/toyota-axio-2015-275433
"7,100,000","130,000",990,Automatic,Toyota,2015,"About
                            patpat





About Us
Terms and s
Privacy policy
Partnerships
Ad Upgrade Details
Banner Advertising Details",Vitz,Petrol,silver,Car(Sports),https://patpat.lk/en/ad/vehicle/toyota-vitz-2015-275060
"9,500,000","78,000",1000,Automatic,Toyota,2017,"About
                            patpat





About Us
Terms and s
Privacy policy
Partnerships
Ad Upgrade Details
Banner Advertising Details",Aqua,Petrol,white,Car(Sports),https://patpat.lk/en/ad/vehicle/toyota-aqua-2017-275076
"5,900,000","162,000",1300,Automatic,Toyota,2007,"About
                            patpat





About Us
Terms and s
Privacy policy
Partnerships
Ad Upgrade Details
Banner Advertising Details",Belta,Petrol,red,Car(Sports),https://patpat.lk/en/ad/vehicle/toyota-belta-2007-275087
"9,300,000","205,000",1000,Automatic,Toyota,2010,"About
                            patpat





About Us
Terms and s
Privacy policy
Partnerships
Ad Upgrade Details
Banner Advertising Details",Premio,Petrol,gray,Car(Hatchback),https://patpat.lk/en/ad/vehicle/toyota-premio-2010-275092
"5,975,000","195,000",1490,Automatic,Toyota,2007,"About
                            patpat





About Us
Terms and s
Privacy policy
Partnerships
Ad Upgrade Details
Banner Advertising Details",Prius,Hybrid,silver,Car(Hatchback),https://patpat.lk/en/ad/vehicle/toyota-prius-2007-274866
"7,600,000","90,500",1000,Automatic,Toyota,2016,"About
                            patpat





About Us
Terms and s
Privacy policy
Partnerships
Ad Upgrade Details
Banner Advertising Details",Vitz,Petrol,white,Car(Hatchback),https://patpat.lk/en/ad/vehicle/toyota-vitz-2016-274869
"10,900,000","172,000",1800,Automatic,Toyota,2014,"About
                            patpat





About Us
Terms and s
Privacy policy
Partnerships
Ad Upgrade Details
Banner Advertising Details",Prius,Hybrid,white,Car(Hatchback),https://patpat.lk/en/ad/vehicle/toyota-prius-2014-274886
"10,000,000","123,000",1500,Automatic,Toyota,2015,"About
                            patpat





About Us
Terms and s
Privacy policy
Partnerships
Ad Upgrade Details
Banner Advertising Details",Axio,Petrol,white,Car(Sedan),https://patpat.lk/en/ad/vehicle/toyota-axio-2015-274903
"1,275,000","120,000",1500,Automatic,Toyota,2001,"About
                            patpat





About Us
Terms and s
Privacy policy
Partnerships
Ad Upgrade Details
Banner Advertising Details",Carina,Petrol,other,Car(Sedan),https://patpat.lk/en/ad/vehicle/toyota-carina-2001-274907
"2,600,000","100,000",1970,Manual,Toyota,1996,"About
                            patpat





About Us
Terms and s
Privacy policy
Partnerships
Ad Upgrade Details
Banner Advertising Details",Corolla,Diesel,green,Car(Sedan),https://patpat.lk/en/ad/vehicle/toyota-corolla-1996-274910
"7,800,000","96,000",1300,Automatic,Toyota,2014,"About
                            patpat





About Us
Terms and s
Privacy policy
Partnerships
Ad Upgrade Details
Banner Advertising Details",Yaris,Petrol,gray,Car(Hatchback),https://patpat.lk/en/ad/vehicle/toyota-yaris-2014-274719
"2,670,000","100,000",1500,Manual,Toyota,1987,"About
                            patpat





About Us
Terms and s
Privacy policy
Partnerships
Ad Upgrade Details
Banner Advertising Details",Corona,Petrol,gray,Car(Saloon),https://patpat.lk/en/ad/vehicle/toyota-corona-1987-275312
"5,000,000","254,480",1500,Automatic,Toyota,2003,"About
                            patpat





About Us
Terms and s
Privacy policy
Partnerships
Ad Upgrade Details
Banner Advertising Details",Vios,Petrol,silver,Car(Saloon),https://patpat.lk/en/ad/vehicle/toyota-vios-2003-275355
Negotiable,"68,000",1000,Automatic,Toyota,2019,"About
                            patpat





About Us
Terms and s
Privacy policy
Partnerships
Ad Upgrade Details
Banner Advertising Details",Vitz,Petrol,red,Car(Hatchback),https://patpat.lk/en/ad/vehicle/toyota-vitz-2019-274925
"7,300,000","125,000",1000,Automatic,Toyota,2017,"About
                            patpat





About Us
Terms and s
Privacy policy
Partnerships
Ad Upgrade Details
Banner Advertising Details",Vitz,Petrol,brown,Car(Sedan),https://patpat.lk/en/ad/vehicle/toyota-vitz-2017-275319
Negotiable,0,800,Manual,Toyota,2013,"About
                            patpat





About Us
Terms and s
Privacy policy
Partnerships
Ad Upgrade Details
Banner Advertising Details",Aqua,Hybrid,blue,Car(Hatchback),https://patpat.lk/en/ad/vehicle/toyota-aqua-2013-275291
Negotiable,0,1200,Automatic,Toyota,2008,"About
                            patpat





About Us
Terms and s
Privacy policy
Partnerships
Ad Upgrade Details
Banner Advertising Details",Passo,Petrol,silver,Car(Hatchback),https://patpat.lk/en/ad/vehicle/toyota-passo-2008-274709
"11,700,000",N/A,N/A,"Automatic



Manual



Other



Tiptronic",,N/A,"About
                            patpat





About Us
Terms and s
Privacy policy
Partnerships
Ad Upgrade Details
Banner Advertising Details",,"Diesel



Electric



Hybrid



Petrol",N/A,"Bike



Bus



Car



Heavy



Land



SUV



Three wheeler



Truck



Van



Pick-up 



Multi Purpose",https://patpat.lk/en/sri-lanka/vehicle/car/toyota?page=47
"7,800,000","46,000",1500,Automatic,Toyota,2018,"About
                            patpat





About Us
Terms and s
Privacy policy
Partnerships
Ad Upgrade Details
Banner Advertising Details",Vitz,Petrol,other,Car(Liftback),https://patpat.lk/en/ad/vehicle/toyota-vitz-2018-275220
Negotiable,"84,000",998,Automatic,Toyota,2017,"About
                            patpat





About Us
Terms and s
Privacy policy
Partnerships
Ad Upgrade Details
Banner Advertising Details",Wigo,Petrol,black,Car(Hatchback),https://patpat.lk/en/ad/vehicle/toyota-wigo-2017-274923
Negotiable,"94,000",1500,Automatic,Toyota,2015,"About
                            patpat





About Us
Terms and s
Privacy policy
Partnerships
Ad Upgrade Details
Banner Advertising Details",Aqua,Petrol,silver,Car(Hatchback),https://patpat.lk/en/ad/vehicle/toyota-aqua-2015-274924
Negotiable,"85,000",1500,Automatic,Toyota,2015,"About
                            patpat





About Us
Terms and s
Privacy policy
Partnerships
Ad Upgrade Details
Banner Advertising Details",Aqua,Petrol,blue,Car(Hatchback),https://patpat.lk/en/ad/vehicle/toyota-aqua-2015-274928
Negotiable,0,1490,Automatic,Toyota,2013,"About
                            patpat





About Us
Terms and s
Privacy policy
Partnerships
Ad Upgrade Details
Banner Advertising Details",Prius,Petrol,silver,Car(Hatchback),https://patpat.lk/en/ad/vehicle/toyota-prius-2013-274827
Negotiable,0,1000,Automatic,Toyota,2017,"About
                            patpat





About Us
Terms and s
Privacy policy
Partnerships
Ad Upgrade Details
Banner Advertising Details",Passo,Petrol,black,Car(Hatchback),https://patpat.lk/en/ad/vehicle/toyota-passo-2017-274830
Negotiable,"130,000",1500,Automatic,Toyota,2015,"About
                            patpat





About Us
Terms and s
Privacy policy
Partnerships
Ad Upgrade Details
Banner Advertising Details",Aqua,Petrol,gray,Car(Hatchback),https://patpat.lk/en/ad/vehicle/toyota-aqua-2015-274935
"4,150,000","256,860",1330,Automatic,Toyota,1996,"About
                            patpat





About Us
Terms and s
Privacy policy
Partnerships
Ad Upgrade Details
Banner Advertising Details",Starlet,Petrol,blue,Car(Hatchback),https://patpat.lk/en/ad/vehicle/toyota-starlet-1996-274609
"5,475,000","178,000",1500,Automatic,Toyota,2002,"About
                            patpat





About Us
Terms and s
Privacy policy
Partnerships
Ad Upgrade Details
Banner Advertising Details",Corolla,Petrol,silver,Car(Sedan),https://patpat.lk/en/ad/vehicle/toyota-corolla-2002-274746
Negotiable,"172,000",650,Automatic,Toyota,2012,"About
                            patpat





About Us
Terms and s
Privacy policy
Partnerships
Ad Upgrade Details
Banner Advertising Details",Prius,Hybrid,white,Car(Liftback),https://patpat.lk/en/ad/vehicle/toyota-prius-2012-275164
Negotiable,0,1200,Manual,Toyota,2005,"About
                            patpat





About Us
Terms and s
Privacy policy
Partnerships
Ad Upgrade Details
Banner Advertising Details",Vios,Petrol,white,Car(Saloon),https://patpat.lk/en/ad/vehicle/toyota-vios-2005-274591
"9,800,000","134,000",1500,Manual,Toyota,2016,"About
                            patpat





About Us
Terms and s
Privacy policy
Partnerships
Ad Upgrade Details
Banner Advertising Details",Axio,Petrol,white,Car(Sedan),https://patpat.lk/en/ad/vehicle/toyota-axio-2016-274259
"9,100,000","156,000",1500,Manual,Toyota,2015,"About
                            patpat





About Us
Terms and s
Privacy policy
Partnerships
Ad Upgrade Details
Banner Advertising Details",Axio,Petrol,maroon,Car(Sedan),https://patpat.lk/en/ad/vehicle/toyota-axio-2015-274261
"5,890,000","161,000",1000,Automatic,Toyota,2007,"About
                            patpat





About Us
Terms and s
Privacy policy
Partnerships
Ad Upgrade Details
Banner Advertising Details",Belta,Petrol,white,Car(Sedan),https://patpat.lk/en/ad/vehicle/toyota-belta-2007-274507
"4,350,000",0,1500,Automatic,Toyota,1996,"About
                            patpat





About Us
Terms and s
Privacy policy
Partnerships
Ad Upgrade Details
Banner Advertising Details",Carina,Petrol,gray,Car(Saloon),https://patpat.lk/en/ad/vehicle/toyota-carina-1996-274543
"7,700,000","80,000",1400,Automatic,Toyota,2017,"About
                            patpat





About Us
Terms and s
Privacy policy
Partnerships
Ad Upgrade Details
Banner Advertising Details",Aqua,Hybrid,blue,Car(Hatchback),https://patpat.lk/en/ad/vehicle/toyota-aqua-2017-275040
"3,995,000",0,990,Automatic,Toyota,1999,"About
                            patpat





About Us
Terms and s
Privacy policy
Partnerships
Ad Upgrade Details
Banner Advertising Details",Vitz,Petrol,white,Car(Hatchback),https://patpat.lk/en/ad/vehicle/toyota-vitz-1999-274659
"5,100,000","120,000",1500,Automatic,Toyota,2003,"About
                            patpat





About Us
Terms and s
Privacy policy
Partnerships
Ad Upgrade Details
Banner Advertising Details",Vios,Petrol,black,Car(Saloon),https://patpat.lk/en/ad/vehicle/toyota-vios-2003-274098
"7,900,000","115,000",1500,Automatic,Toyota,2018,"About
                            patpat





About Us
Terms and s
Privacy policy
Partnerships
Ad Upgrade Details
Banner Advertising Details",Tank,Petrol,red,Car(Station wagon),https://patpat.lk/en/ad/vehicle/toyota-tank-2018-274093
Negotiable,"49,000",1000,Automatic,Toyota,2009,"About
                            patpat





About Us
Terms and s
Privacy policy
Partnerships
Ad Upgrade Details
Banner Advertising Details",Passo,Petrol,beige,Car(Hatchback),https://patpat.lk/en/ad/vehicle/toyota-passo-2009-274349
"5,200,000",N/A,N/A,"Automatic



Manual



Other



Tiptronic",,N/A,"About
                            patpat





About Us
Terms and s
Privacy policy
Partnerships
Ad Upgrade Details
Banner Advertising Details",,"Diesel



Electric



Hybrid



Petrol",N/A,"Bike



Bus



Car



Heavy



Land



SUV



Three wheeler



Truck



Van



Pick-up 



Multi Purpose",https://patpat.lk/en/sri-lanka/vehicle/car/toyota?page=48
Negotiable,0,800,Manual,Toyota,1985,"About
                            patpat





About Us
Terms and s
Privacy policy
Partnerships
Ad Upgrade Details
Banner Advertising Details",Corona,Diesel,other,Car(Saloon),https://patpat.lk/en/ad/vehicle/toyota-corona-1985-274400
Negotiable,0,1500,Automatic,Toyota,2015,"About
                            patpat





About Us
Terms and s
Privacy policy
Partnerships
Ad Upgrade Details
Banner Advertising Details",Axio,Hybrid,red,Car(Liftback),https://patpat.lk/en/ad/vehicle/toyota-axio-2015-274412
Negotiable,"130,000",1500,Automatic,Toyota,2013,"About
                            patpat





About Us
Terms and s
Privacy policy
Partnerships
Ad Upgrade Details
Banner Advertising Details",Allion,Petrol,maroon,Car(Hatchback),https://patpat.lk/en/ad/vehicle/toyota-allion-2013-274420
Negotiable,0,1000,Automatic,Toyota,2013,"About
                            patpat





About Us
Terms and s
Privacy policy
Partnerships
Ad Upgrade Details
Banner Advertising Details",Prius,Hybrid,white,Car(Saloon),https://patpat.lk/en/ad/vehicle/toyota-prius-2013-273825
"11,700,000","178,000",1500,Automatic,Toyota,2015,"About
                            patpat





About Us
Terms and s
Privacy policy
Partnerships
Ad Upgrade Details
Banner Advertising Details",Premio,Petrol,maroon,Car(Hatchback),https://patpat.lk/en/ad/vehicle/toyota-premio-2015-274856
"13,600,000","45,620",1500,Automatic,Toyota,2024,"About
                            patpat





About Us
Terms and s
Privacy policy
Partnerships
Ad Upgrade Details
Banner Advertising Details",Axio,Hybrid,silver,Car(Saloon),https://patpat.lk/en/ad/vehicle/toyota-axio-2024-274867
Negotiable,"138,000",1500,Automatic,Toyota,2002,"About
                            patpat





About Us
Terms and s
Privacy policy
Partnerships
Ad Upgrade Details
Banner Advertising Details",Corolla,Petrol,silver,Car(Hatchback),https://patpat.lk/en/ad/vehicle/toyota-corolla-2002-273865
Negotiable,0,1500,Automatic,Toyota,2014,"About
                            patpat





About Us
Terms and s
Privacy policy
Partnerships
Ad Upgrade Details
Banner Advertising Details",Aqua,Petrol,white,Car(Hatchback),https://patpat.lk/en/ad/vehicle/toyota-aqua-2014-274116
Negotiable,0,1000,Automatic,Toyota,2013,"About
                            patpat





About Us
Terms and s
Privacy policy
Partnerships
Ad Upgrade Details
Banner Advertising Details",Prius,Petrol,red,Car(Hatchback),https://patpat.lk/en/ad/vehicle/toyota-prius-2013-274128
Negotiable,0,1000,Automatic,Toyota,2011,"About
                            patpat





About Us
Terms and s
Privacy policy
Partnerships
Ad Upgrade Details
Banner Advertising Details",IST,Petrol,black,Car(Hatchback),https://patpat.lk/en/ad/vehicle/toyota-ist-2011-274386
"6,600,000","168,500",1500,Automatic,Toyota,2013,"About
                            patpat





About Us
Terms and s
Privacy policy
Partnerships
Ad Upgrade Details
Banner Advertising Details",Aqua,Petrol,blue,Car(Liftback),https://patpat.lk/en/ad/vehicle/toyota-aqua-2013-274377
"7,100,000","180,000",1500,Automatic,Toyota,2013,"About
                            patpat





About Us
Terms and s
Privacy policy
Partnerships
Ad Upgrade Details
Banner Advertising Details",Aqua,Hybrid,white,Car(Liftback),https://patpat.lk/en/ad/vehicle/toyota-aqua-2013-273878
"5,275,000","156,234",1000,Automatic,Toyota,2007,"About
                            patpat





About Us
Terms and s
Privacy policy
Partnerships
Ad Upgrade Details
Banner Advertising Details",Vitz,Petrol,white,Car(Liftback),https://patpat.lk/en/ad/vehicle/toyota-vitz-2007-273875
"8,675,000","170,000",1500,Automatic,Toyota,2008,"About
                            patpat





About Us
Terms and s
Privacy policy
Partnerships
Ad Upgrade Details
Banner Advertising Details",Premio,Petrol,black,Car(),https://patpat.lk/en/ad/vehicle/toyota-premio-2008-274742
"9,300,000","174,000",1500,Automatic,Toyota,2010,"About
                            patpat





About Us
Terms and s
Privacy policy
Partnerships
Ad Upgrade Details
Banner Advertising Details",Premio,Petrol,black,Car(),https://patpat.lk/en/ad/vehicle/toyota-premio-2010-274744
"11,200,000","192,000",1500,Automatic,Toyota,2013,"About
                            patpat





About Us
Terms and s
Privacy policy
Partnerships
Ad Upgrade Details
Banner Advertising Details",Premio,Petrol,white,Car(),https://patpat.lk/en/ad/vehicle/toyota-premio-2013-274737
"11,000,000","215,000",1500,Automatic,Toyota,2013,"About
                            patpat





About Us
Terms and s
Privacy policy
Partnerships
Ad Upgrade Details
Banner Advertising Details",Premio,Petrol,white,Car(),https://patpat.lk/en/ad/vehicle/toyota-premio-2013-274740
"11,400,000",0,1500,Automatic,Toyota,2013,"About
                            patpat





About Us
Terms and s
Privacy policy
Partnerships
Ad Upgrade Details
Banner Advertising Details",Premio,Petrol,white,Car(),https://patpat.lk/en/ad/vehicle/toyota-premio-2013-274721
"7,550,000","52,000",1500,Automatic,Toyota,2014,"About
                            patpat





About Us
Terms and s
Privacy policy
Partnerships
Ad Upgrade Details
Banner Advertising Details",Aqua,Hybrid,white,Car(),https://patpat.lk/en/ad/vehicle/toyota-aqua-2014-274723
"14,500,000","62,000",1500,Automatic,Toyota,2018,"About
                            patpat





About Us
Terms and s
Privacy policy
Partnerships
Ad Upgrade Details
Banner Advertising Details",Premio,Petrol,black,Car(),https://patpat.lk/en/ad/vehicle/toyota-premio-2018-274726
"7,600,000",N/A,N/A,"Automatic



Manual



Other



Tiptronic",,N/A,"About
                            patpat





About Us
Terms and s
Privacy policy
Partnerships
Ad Upgrade Details
Banner Advertising Details",,"Diesel



Electric



Hybrid



Petrol",N/A,"Bike



Bus



Car



Heavy



Land



SUV



Three wheeler



Truck



Van



Pick-up 



Multi Purpose",https://patpat.lk/en/sri-lanka/vehicle/car/toyota?page=49
"7,000,000","150,000",1000,Automatic,Toyota,2013,"About
                            patpat





About Us
Terms and s
Privacy policy
Partnerships
Ad Upgrade Details
Banner Advertising Details",Aqua,Petrol,black,Car(Hatchback),https://patpat.lk/en/ad/vehicle/toyota-aqua-2013-273538
"6,950,000","150,000",1000,Automatic,Toyota,2013,"About
                            patpat





About Us
Terms and s
Privacy policy
Partnerships
Ad Upgrade Details
Banner Advertising Details",Aqua,Hybrid,silver,Car(Hatchback),https://patpat.lk/en/ad/vehicle/toyota-aqua-2013-273541
"9,250,000","191,000",1500,Automatic,Toyota,2010,"About
                            patpat





About Us
Terms and s
Privacy policy
Partnerships
Ad Upgrade Details
Banner Advertising Details",Premio,Hybrid,silver,Car(Liftback),https://patpat.lk/en/ad/vehicle/toyota-premio-2010-273632
"7,690,000","120,000",1500,Automatic,Toyota,2014,"About
                            patpat





About Us
Terms and s
Privacy policy
Partnerships
Ad Upgrade Details
Banner Advertising Details",Aqua,Hybrid,black,Car(Liftback),https://patpat.lk/en/ad/vehicle/toyota-aqua-2014-273611
"5,200,000","87,638",1500,Manual,Toyota,2003,"About
                            patpat





About Us
Terms and s
Privacy policy
Partnerships
Ad Upgrade Details
Banner Advertising Details",Vios,Petrol,black,Car(Hatchback),https://patpat.lk/en/ad/vehicle/toyota-vios-2003-273574
Negotiable,0,1797,Automatic,Toyota,2013,"About
                            patpat





About Us
Terms and s
Privacy policy
Partnerships
Ad Upgrade Details
Banner Advertising Details",Prius,Petrol,blue,Car(Hatchback),https://patpat.lk/en/ad/vehicle/toyota-prius-2013-273562
Negotiable,0,990,Automatic,Toyota,2025,"About
                            patpat





About Us
Terms and s
Privacy policy
Partnerships
Ad Upgrade Details
Banner Advertising Details",Yaris,Petrol,black,Car(Saloon),https://patpat.lk/en/ad/vehicle/toyota-yaris-2025-274284
"13,000,000","133,000",1800,Automatic,Toyota,2013,"About
                            patpat





About Us
Terms and s
Privacy policy
Partnerships
Ad Upgrade Details
Banner Advertising Details",Prius,Hybrid,white,Car(Sedan),https://patpat.lk/en/ad/vehicle/toyota-prius-2013-274653
Negotiable,"86,900",1800,Automatic,Toyota,2013,"About
                            patpat





About Us
Terms and s
Privacy policy
Partnerships
Ad Upgrade Details
Banner Advertising Details",Prius,Petrol,white,Car(Liftback),https://patpat.lk/en/ad/vehicle/toyota-prius-2013-273643
Negotiable,"225,000",1600,Automatic,Toyota,2011,"About
                            patpat





About Us
Terms and s
Privacy policy
Partnerships
Ad Upgrade Details
Banner Advertising Details",Prius,Hybrid,white,Car(Liftback),https://patpat.lk/en/ad/vehicle/toyota-prius-2011-273645
Negotiable,0,1000,Automatic,Toyota,2023,"About
                            patpat





About Us
Terms and s
Privacy policy
Partnerships
Ad Upgrade Details
Banner Advertising Details",Yaris,Petrol,black,Car(Hatchback),https://patpat.lk/en/ad/vehicle/toyota-yaris-2023-273866
Negotiable,0,1000,Automatic,Toyota,2023,"About
                            patpat





About Us
Terms and s
Privacy policy
Partnerships
Ad Upgrade Details
Banner Advertising Details",Yaris,Petrol,blue,Car(Hatchback),https://patpat.lk/en/ad/vehicle/toyota-yaris-2023-274074
Negotiable,0,1000,Automatic,Toyota,2023,"About
                            patpat





About Us
Terms and s
Privacy policy
Partnerships
Ad Upgrade Details
Banner Advertising Details",Yaris,Petrol,white,Car(Hatchback),https://patpat.lk/en/ad/vehicle/toyota-yaris-2023-274078
Negotiable,0,1000,Automatic,Toyota,2023,"About
                            patpat





About Us
Terms and s
Privacy policy
Partnerships
Ad Upgrade Details
Banner Advertising Details",Yaris,Petrol,white,Car(Hatchback),https://patpat.lk/en/ad/vehicle/toyota-yaris-2023-274079
Negotiable,"158,000",1490,Automatic,Toyota,2012,"About
                            patpat





About Us
Terms and s
Privacy policy
Partnerships
Ad Upgrade Details
Banner Advertising Details",Premio,Petrol,silver,Car(Saloon),https://patpat.lk/en/ad/vehicle/toyota-premio-2012-274081
"1,875,000","150,000",1290,Manual,Toyota,1987,"About
                            patpat





About Us
Terms and s
Privacy policy
Partnerships
Ad Upgrade Details
Banner Advertising Details",Corolla,Petrol,gray,Car(Hatchback),https://patpat.lk/en/ad/vehicle/toyota-corolla-1987-274535
"9,500,000","75,000",1790,Automatic,Toyota,2014,"About
                            patpat





About Us
Terms and s
Privacy policy
Partnerships
Ad Upgrade Details
Banner Advertising Details",Prius,Petrol,white,Car(Sports),https://patpat.lk/en/ad/vehicle/toyota-prius-2014-274436
Negotiable,"156,000",1490,Automatic,Toyota,2007,"About
                            patpat





About Us
Terms and s
Privacy policy
Partnerships
Ad Upgrade Details
Banner Advertising Details",Axio,Petrol,silver,Car(Saloon),https://patpat.lk/en/ad/vehicle/toyota-axio-2007-273511
"7,900,000","127,000",1000,Automatic,Toyota,2018,"About
                            patpat





About Us
Terms and s
Privacy policy
Partnerships
Ad Upgrade Details
Banner Advertising Details",Tank,Petrol,red,Car(),https://patpat.lk/en/ad/vehicle/toyota-tank-2018-274441
"7,390,000","131,000",1500,Automatic,Toyota,2013,"About
                            patpat





About Us
Terms and s
Privacy policy
Partnerships
Ad Upgrade Details
Banner Advertising Details",Aqua,Hybrid,gray,Car(Hatchback),https://patpat.lk/en/ad/vehicle/toyota-aqua-2013-274430
"5,500,000",N/A,N/A,"Automatic



Manual



Other



Tiptronic",,N/A,"About
                            patpat





About Us
Terms and s
Privacy policy
Partnerships
Ad Upgrade Details
Banner Advertising Details",,"Diesel



Electric



Hybrid



Petrol",N/A,"Bike



Bus



Car



Heavy



Land



SUV



Three wheeler



Truck



Van



Pick-up 



Multi Purpose",https://patpat.lk/en/sri-lanka/vehicle/car/toyota?page=50
"9,800,000","82,000",1500,Manual,Toyota,2015,"About
                            patpat





About Us
Terms and s
Privacy policy
Partnerships
Ad Upgrade Details
Banner Advertising Details",Axio,Petrol,white,Car(Saloon),https://patpat.lk/en/ad/vehicle/toyota-axio-2015-274258
"3,350,000","180,000",1500,Manual,Toyota,2000,"About
                            patpat





About Us
Terms and s
Privacy policy
Partnerships
Ad Upgrade Details
Banner Advertising Details",Soluna,Petrol,silver,Car(Saloon),https://patpat.lk/en/ad/vehicle/toyota-soluna-2000-274248
"6,690,000","193,000",1500,Automatic,Toyota,2007,"About
                            patpat





About Us
Terms and s
Privacy policy
Partnerships
Ad Upgrade Details
Banner Advertising Details",Axio,Petrol,silver,Car(Saloon),https://patpat.lk/en/ad/vehicle/toyota-axio-2007-274195
"7,600,000","6,100",990,Automatic,Toyota,2017,"About
                            patpat





About Us
Terms and s
Privacy policy
Partnerships
Ad Upgrade Details
Banner Advertising Details",Vitz,Petrol,white,Car(Hatchback),https://patpat.lk/en/ad/vehicle/toyota-vitz-2017-274175
"7,600,000","61,000",990,Automatic,Toyota,2017,"About
                            patpat





About Us
Terms and s
Privacy policy
Partnerships
Ad Upgrade Details
Banner Advertising Details",Vitz,Petrol,white,Car(Hatchback),https://patpat.lk/en/ad/vehicle/toyota-vitz-2017-274186
"7,600,000","61,000",990,Automatic,Toyota,2017,"About
                            patpat





About Us
Terms and s
Privacy policy
Partnerships
Ad Upgrade Details
Banner Advertising Details",Vitz,Petrol,white,Car(Hatchback),https://patpat.lk/en/ad/vehicle/toyota-vitz-2017-274192
"7,900,000","60,000",1000,Automatic,Toyota,2017,"About
                            patpat





About Us
Terms and s
Privacy policy
Partnerships
Ad Upgrade Details
Banner Advertising Details",Vitz,Petrol,red,Car(Sedan),https://patpat.lk/en/ad/vehicle/toyota-vitz-2017-274143
Negotiable,"175,000",1500,Automatic,Toyota,2011,"About
                            patpat





About Us
Terms and s
Privacy policy
Partnerships
Ad Upgrade Details
Banner Advertising Details",Prius,Hybrid,blue,Car(Liftback),https://patpat.lk/en/ad/vehicle/toyota-prius-2011-273531
"7,200,000",0,1500,Automatic,Toyota,2012,"About
                            patpat





About Us
Terms and s
Privacy policy
Partnerships
Ad Upgrade Details
Banner Advertising Details",Aqua,Petrol,white,Car(Hatchback),https://patpat.lk/en/ad/vehicle/toyota-aqua-2012-273527
"3,700,000","150,000",1300,Manual,Toyota,1997,"About
                            patpat





About Us
Terms and s
Privacy policy
Partnerships
Ad Upgrade Details
Banner Advertising Details",AE 111,Petrol,white,Car(Saloon),https://patpat.lk/en/ad/vehicle/toyota-ae-111-1997-274121
"6,690,000","135,000",1000,Automatic,Toyota,2015,"About
                            patpat





About Us
Terms and s
Privacy policy
Partnerships
Ad Upgrade Details
Banner Advertising Details",Vitz,Petrol,blue,Car(),https://patpat.lk/en/ad/vehicle/toyota-vitz-2015-273685
"13,000,000",0,1500,Automatic,Toyota,2023,"About
                            patpat





About Us
Terms and s
Privacy policy
Partnerships
Ad Upgrade Details
Banner Advertising Details",Aqua,Petrol,black,Car(Sports),https://patpat.lk/en/ad/vehicle/toyota-aqua-2023-273457
"8,800,000","100,000",1798,Automatic,Toyota,2011,"About
                            patpat





About Us
Terms and s
Privacy policy
Partnerships
Ad Upgrade Details
Banner Advertising Details",Prius,Hybrid,silver,Car(Liftback),https://patpat.lk/en/ad/vehicle/toyota-prius-2011-273428
Negotiable,0,1500,Automatic,Toyota,2013,"About
                            patpat





About Us
Terms and s
Privacy policy
Partnerships
Ad Upgrade Details
Banner Advertising Details",Aqua,Petrol,blue,Car(Hatchback),https://patpat.lk/en/ad/vehicle/toyota-aqua-2013-273893
Negotiable,"60,247",990,Automatic,Toyota,2015,"About
                            patpat





About Us
Terms and s
Privacy policy
Partnerships
Ad Upgrade Details
Banner Advertising Details",Vitz,Petrol,white,Car(Sedan),https://patpat.lk/en/ad/vehicle/toyota-vitz-2015-273343
"8,100,000","59,500",990,Automatic,Toyota,2016,"About
                            patpat





About Us
Terms and s
Privacy policy
Partnerships
Ad Upgrade Details
Banner Advertising Details",Vitz,Petrol,red,Car(Hatchback),https://patpat.lk/en/ad/vehicle/toyota-vitz-2016-273894
"9,850,000","40,000",1000,Automatic,Toyota,2024,"About
                            patpat





About Us
Terms and s
Privacy policy
Partnerships
Ad Upgrade Details
Banner Advertising Details",Yaris,Petrol,white,Car(Hatchback),https://patpat.lk/en/ad/vehicle/toyota-yaris-2024-273872
Negotiable,0,0,Automatic,Toyota,2007,"About
                            patpat





About Us
Terms and s
Privacy policy
Partnerships
Ad Upgrade Details
Banner Advertising Details",Passo,Petrol,green,Car(Hatchback),https://patpat.lk/en/ad/vehicle/toyota-passo-2007-273400
Negotiable,0,1500,Automatic,Toyota,2013,"About
                            patpat





About Us
Terms and s
Privacy policy
Partnerships
Ad Upgrade Details
Banner Advertising Details",Aqua,Petrol,blue,Car(Hatchback),https://patpat.lk/en/ad/vehicle/toyota-aqua-2013-273857
"6,400,000","85,000",1500,Automatic,Toyota,2008,"About
                            patpat





About Us
Terms and s
Privacy policy
Partnerships
Ad Upgrade Details
Banner Advertising Details",Axio,Petrol,beige,Car(Sedan),https://patpat.lk/en/ad/vehicle/toyota-axio-2008-273526
"5,750,000",N/A,N/A,"Automatic



Manual



Other



Tiptronic",,N/A,"About
                            patpat





About Us
Terms and s
Privacy policy
Partnerships
Ad Upgrade Details
Banner Advertising Details",,"Diesel



Electric



Hybrid



Petrol",N/A,"Bike



Bus



Car



Heavy



Land



SUV



Three wheeler



Truck



Van



Pick-up 



Multi Purpose",https://patpat.lk/en/sri-lanka/vehicle/car/toyota?page=51
"8,200,000","172,500",1500,Automatic,Toyota,2015,"About
                            patpat





About Us
Terms and s
Privacy policy
Partnerships
Ad Upgrade Details
Banner Advertising Details",Aqua,Petrol,white,Car(Hatchback),https://patpat.lk/en/ad/vehicle/toyota-aqua-2015-273636
"7,850,000","77,000",1500,Automatic,Toyota,2018,"About
                            patpat





About Us
Terms and s
Privacy policy
Partnerships
Ad Upgrade Details
Banner Advertising Details",Vitz,Petrol,other,Car(Hatchback),https://patpat.lk/en/ad/vehicle/toyota-vitz-2018-273642
"10,200,000","166,000",1500,Automatic,Toyota,2013,"About
                            patpat





About Us
Terms and s
Privacy policy
Partnerships
Ad Upgrade Details
Banner Advertising Details",Prius,Hybrid,other,Car(Hatchback),https://patpat.lk/en/ad/vehicle/toyota-prius-2013-273644
"8,500,000","108,000",1500,Automatic,Toyota,2014,"About
                            patpat





About Us
Terms and s
Privacy policy
Partnerships
Ad Upgrade Details
Banner Advertising Details",Axio,Hybrid,white,Car(Sedan),https://patpat.lk/en/ad/vehicle/toyota-axio-2014-273776
"5,500,000","160,000",1000,Automatic,Toyota,2007,"About
                            patpat





About Us
Terms and s
Privacy policy
Partnerships
Ad Upgrade Details
Banner Advertising Details",Vitz,Petrol,white,Car(Saloon),https://patpat.lk/en/ad/vehicle/toyota-vitz-2007-273799
"3,675,000","150,000",1498,Automatic,Toyota,2002,"About
                            patpat





About Us
Terms and s
Privacy policy
Partnerships
Ad Upgrade Details
Banner Advertising Details",Soluna,Petrol,green,Car(Sedan),https://patpat.lk/en/ad/vehicle/toyota-soluna-2002-273307
"4,990,000",0,1200,Manual,Toyota,2003,"About
                            patpat





About Us
Terms and s
Privacy policy
Partnerships
Ad Upgrade Details
Banner Advertising Details",Vios,Petrol,silver,Car(Hatchback),https://patpat.lk/en/ad/vehicle/toyota-vios-2003-273257
"6,785,000",0,1500,Automatic,Toyota,2012,"About
                            patpat





About Us
Terms and s
Privacy policy
Partnerships
Ad Upgrade Details
Banner Advertising Details",Aqua,Hybrid,black,Car(Hatchback),https://patpat.lk/en/ad/vehicle/toyota-aqua-2012-273235
Negotiable,"175,000",1500,Automatic,Toyota,2012,"About
                            patpat





About Us
Terms and s
Privacy policy
Partnerships
Ad Upgrade Details
Banner Advertising Details",Allion,Petrol,maroon,Car(Sedan),https://patpat.lk/en/ad/vehicle/toyota-allion-2012-273185
"8,000,000","162,000",1500,Automatic,Toyota,2013,"About
                            patpat





About Us
Terms and s
Privacy policy
Partnerships
Ad Upgrade Details
Banner Advertising Details",Aqua,Petrol,blue,Car(Sedan),https://patpat.lk/en/ad/vehicle/toyota-aqua-2013-273573
"8,950,000","83,500",1500,Automatic,Toyota,2015,"About
                            patpat





About Us
Terms and s
Privacy policy
Partnerships
Ad Upgrade Details
Banner Advertising Details",Aqua,Petrol,white,Car(Sedan),https://patpat.lk/en/ad/vehicle/toyota-aqua-2015-273567
"6,400,000","185,000",1500,Automatic,Toyota,2008,"About
                            patpat





About Us
Terms and s
Privacy policy
Partnerships
Ad Upgrade Details
Banner Advertising Details",Corolla,Petrol,white,Car(Saloon),https://patpat.lk/en/ad/vehicle/toyota-corolla-2008-272746
"7,400,000","112,000",1000,Automatic,Toyota,2017,"About
                            patpat





About Us
Terms and s
Privacy policy
Partnerships
Ad Upgrade Details
Banner Advertising Details",Vitz,Petrol,silver,Car(Hatchback),https://patpat.lk/en/ad/vehicle/toyota-vitz-2017-273178
Negotiable,"134,000",1000,Automatic,Toyota,2013,"About
                            patpat





About Us
Terms and s
Privacy policy
Partnerships
Ad Upgrade Details
Banner Advertising Details",Prius,Hybrid,white,Car(Saloon),https://patpat.lk/en/ad/vehicle/toyota-prius-2013-273184
Negotiable,0,1500,Automatic,Toyota,2006,"About
                            patpat





About Us
Terms and s
Privacy policy
Partnerships
Ad Upgrade Details
Banner Advertising Details",Axio,Petrol,gray,Car(Sedan),https://patpat.lk/en/ad/vehicle/toyota-axio-2006-273495
Negotiable,0,1500,Automatic,Toyota,2005,"About
                            patpat





About Us
Terms and s
Privacy policy
Partnerships
Ad Upgrade Details
Banner Advertising Details",Vios,Petrol,white,Car(Saloon),https://patpat.lk/en/ad/vehicle/toyota-vios-2005-273448
Negotiable,"100,000",1798,Automatic,Toyota,2010,"About
                            patpat





About Us
Terms and s
Privacy policy
Partnerships
Ad Upgrade Details
Banner Advertising Details",Prius,Hybrid,blue,Car(Liftback),https://patpat.lk/en/ad/vehicle/toyota-prius-2010-273437
"12,500,000",0,1000,Automatic,Toyota,2016,"About
                            patpat





About Us
Terms and s
Privacy policy
Partnerships
Ad Upgrade Details
Banner Advertising Details",Premio,Petrol,black,Car(Saloon),https://patpat.lk/en/ad/vehicle/toyota-premio-2016-273080
Negotiable,0,996,Automatic,Toyota,2023,"About
                            patpat





About Us
Terms and s
Privacy policy
Partnerships
Ad Upgrade Details
Banner Advertising Details",Roomy,Petrol,white,Car(Station wagon),https://patpat.lk/en/ad/vehicle/toyota-roomy-2023-273189
"7,900,000","98,000",1300,Automatic,Toyota,2018,"About
                            patpat





About Us
Terms and s
Privacy policy
Partnerships
Ad Upgrade Details
Banner Advertising Details",Vitz,Petrol,white,Car(Hatchback),https://patpat.lk/en/ad/vehicle/toyota-vitz-2018-273033
Negotiable,N/A,N/A,"Automatic



Manual



Other



Tiptronic",,N/A,"About
                            patpat





About Us
Terms and s
Privacy policy
Partnerships
Ad Upgrade Details
Banner Advertising Details",,"Diesel



Electric



Hybrid



Petrol",N/A,"Bike



Bus



Car



Heavy



Land



SUV



Three wheeler



Truck



Van



Pick-up 



Multi Purpose",https://patpat.lk/en/sri-lanka/vehicle/car/toyota?page=52
Negotiable,"61,000",1000,Automatic,Toyota,2019,"About
                            patpat





About Us
Terms and s
Privacy policy
Partnerships
Ad Upgrade Details
Banner Advertising Details",Vitz,Petrol,white,Car(),https://patpat.lk/en/ad/vehicle/toyota-vitz-2019-273279
"10,500,000","123,456",1500,Automatic,Toyota,2015,"About
                            patpat





About Us
Terms and s
Privacy policy
Partnerships
Ad Upgrade Details
Banner Advertising Details",Axio,Hybrid,white,Car(Sedan),https://patpat.lk/en/ad/vehicle/toyota-axio-2015-272763
"12,275,000","81,719",1500,Automatic,Toyota,2018,"About
                            patpat





About Us
Terms and s
Privacy policy
Partnerships
Ad Upgrade Details
Banner Advertising Details",Axio,Hybrid,red,Car(Sedan),https://patpat.lk/en/ad/vehicle/toyota-axio-2018-273213
"8,650,000","125,000",1500,Automatic,Toyota,2015,"About
                            patpat





About Us
Terms and s
Privacy policy
Partnerships
Ad Upgrade Details
Banner Advertising Details",Aqua,Petrol,white,Car(Liftback),https://patpat.lk/en/ad/vehicle/toyota-aqua-2015-272749
"5,750,000","205,000",1500,Automatic,Toyota,2008,"About
                            patpat





About Us
Terms and s
Privacy policy
Partnerships
Ad Upgrade Details
Banner Advertising Details",Prius,Hybrid,other,Car(Liftback),https://patpat.lk/en/ad/vehicle/toyota-prius-2008-272817
Negotiable,"90,000",1000,Automatic,Toyota,2018,"About
                            patpat





About Us
Terms and s
Privacy policy
Partnerships
Ad Upgrade Details
Banner Advertising Details",Aqua,Petrol,white,Car(Liftback),https://patpat.lk/en/ad/vehicle/toyota-aqua-2018-272758
Negotiable,"6,279",660,Automatic,Toyota,2024,"About
                            patpat





About Us
Terms and s
Privacy policy
Partnerships
Ad Upgrade Details
Banner Advertising Details",Pixis,Petrol,blue,Car(Hatchback),https://patpat.lk/en/ad/vehicle/toyota-pixis-2024-273168
"8,400,000","170,000",1600,Automatic,Toyota,2012,"About
                            patpat





About Us
Terms and s
Privacy policy
Partnerships
Ad Upgrade Details
Banner Advertising Details",Corolla,Petrol,silver,Car(Saloon),https://patpat.lk/en/ad/vehicle/toyota-corolla-2012-273175
"8,500,000","116,000",1000,Automatic,Toyota,2015,"About
                            patpat





About Us
Terms and s
Privacy policy
Partnerships
Ad Upgrade Details
Banner Advertising Details",Aqua,Petrol,white,Car(Hatchback),https://patpat.lk/en/ad/vehicle/toyota-aqua-2015-273167
Negotiable,0,1300,Automatic,Toyota,2009,"About
                            patpat





About Us
Terms and s
Privacy policy
Partnerships
Ad Upgrade Details
Banner Advertising Details",Yaris,Petrol,blue,Car(Sedan),https://patpat.lk/en/ad/vehicle/toyota-yaris-2009-273056
"13,500,000","126,700",1500,Automatic,Toyota,2016,"About
                            patpat





About Us
Terms and s
Privacy policy
Partnerships
Ad Upgrade Details
Banner Advertising Details",Allion,Petrol,maroon,Car(Sedan),https://patpat.lk/en/ad/vehicle/toyota-allion-2016-272995
"9,100,000",0,1800,Automatic,Toyota,2012,"About
                            patpat





About Us
Terms and s
Privacy policy
Partnerships
Ad Upgrade Details
Banner Advertising Details",Prius,Hybrid,white,Car(Hatchback),https://patpat.lk/en/ad/vehicle/toyota-prius-2012-273010
Negotiable,"98,000",1000,Automatic,Toyota,2018,"About
                            patpat





About Us
Terms and s
Privacy policy
Partnerships
Ad Upgrade Details
Banner Advertising Details",Vitz,Petrol,silver,Car(Liftback),https://patpat.lk/en/ad/vehicle/toyota-vitz-2018-272742
"13,900,000","76,000",1400,Automatic,Toyota,2018,"About
                            patpat





About Us
Terms and s
Privacy policy
Partnerships
Ad Upgrade Details
Banner Advertising Details",Premio,Petrol,white,Car(Saloon),https://patpat.lk/en/ad/vehicle/toyota-premio-2018-272663
"9,000,000",0,1800,Automatic,Toyota,2014,"About
                            patpat





About Us
Terms and s
Privacy policy
Partnerships
Ad Upgrade Details
Banner Advertising Details",Prius,Hybrid,silver,Car(Hatchback),https://patpat.lk/en/ad/vehicle/toyota-prius-2014-272982
"11,500,000","97,000",1500,Automatic,Toyota,2017,"About
                            patpat





About Us
Terms and s
Privacy policy
Partnerships
Ad Upgrade Details
Banner Advertising Details",Axio,Petrol,white,Car(Sedan),https://patpat.lk/en/ad/vehicle/toyota-axio-2017-272913
"7,200,000","100,000",1400,Automatic,Toyota,2007,"About
                            patpat





About Us
Terms and s
Privacy policy
Partnerships
Ad Upgrade Details
Banner Advertising Details",Axio,Petrol,silver,Car(Sedan),https://patpat.lk/en/ad/vehicle/toyota-axio-2007-272914
"12,000,000","131,000",1500,Automatic,Toyota,2015,"About
                            patpat





About Us
Terms and s
Privacy policy
Partnerships
Ad Upgrade Details
Banner Advertising Details",Axio,Petrol,white,Car(Sedan),https://patpat.lk/en/ad/vehicle/toyota-axio-2015-272923
Negotiable,0,990,Automatic,Toyota,2024,"About
                            patpat





About Us
Terms and s
Privacy policy
Partnerships
Ad Upgrade Details
Banner Advertising Details",Yaris,Petrol,black,Car(),https://patpat.lk/en/ad/vehicle/toyota-yaris-2024-272853
"5,200,000","120,000",1496,Automatic,Toyota,2003,"About
                            patpat





About Us
Terms and s
Privacy policy
Partnerships
Ad Upgrade Details
Banner Advertising Details",Vios,Petrol,black,Car(Saloon),https://patpat.lk/en/ad/vehicle/toyota-vios-2003-272802
"9,800,000",N/A,N/A,"Automatic



Manual



Other



Tiptronic",,N/A,"About
                            patpat





About Us
Terms and s
Privacy policy
Partnerships
Ad Upgrade Details
Banner Advertising Details",,"Diesel



Electric



Hybrid



Petrol",N/A,"Bike



Bus



Car



Heavy



Land



SUV



Three wheeler



Truck



Van



Pick-up 



Multi Purpose",https://patpat.lk/en/sri-lanka/vehicle/car/toyota?page=53
"9,000,000","8,000",999,Automatic,Toyota,2023,"About
                            patpat





About Us
Terms and s
Privacy policy
Partnerships
Ad Upgrade Details
Banner Advertising Details",Yaris,Petrol,silver,Car(Hatchback),https://patpat.lk/en/ad/vehicle/toyota-yaris-2023-272966
Negotiable,0,1000,Automatic,Toyota,2013,"About
                            patpat





About Us
Terms and s
Privacy policy
Partnerships
Ad Upgrade Details
Banner Advertising Details",Aqua,Petrol,white,Car(Hatchback),https://patpat.lk/en/ad/vehicle/toyota-aqua-2013-272672
Negotiable,"147,000",1000,Automatic,Toyota,2014,"About
                            patpat





About Us
Terms and s
Privacy policy
Partnerships
Ad Upgrade Details
Banner Advertising Details",Aqua,Petrol,maroon,Car(Sedan),https://patpat.lk/en/ad/vehicle/toyota-aqua-2014-272673
Negotiable,"5,000",998,Automatic,Toyota,2023,"About
                            patpat





About Us
Terms and s
Privacy policy
Partnerships
Ad Upgrade Details
Banner Advertising Details",Yaris,Petrol,other,Car(Hatchback),https://patpat.lk/en/ad/vehicle/toyota-yaris-2023-272612
"5,900,000","160,000",1500,Automatic,Toyota,2008,"About
                            patpat





About Us
Terms and s
Privacy policy
Partnerships
Ad Upgrade Details
Banner Advertising Details",Vitz,Petrol,silver,Car(Liftback),https://patpat.lk/en/ad/vehicle/toyota-vitz-2008-272635
"12,500,000","159,000",1496,Automatic,Toyota,2016,"About
                            patpat





About Us
Terms and s
Privacy policy
Partnerships
Ad Upgrade Details
Banner Advertising Details",Axio,Hybrid,white,Car(Saloon),https://patpat.lk/en/ad/vehicle/toyota-axio-2016-272481
"2,600,000","102,000",800,Manual,Toyota,1999,"About
                            patpat





About Us
Terms and s
Privacy policy
Partnerships
Ad Upgrade Details
Banner Advertising Details",Corolla,Diesel,white,Car(Hatchback),https://patpat.lk/en/ad/vehicle/toyota-corolla-1999-272320
"4,275,000","295,000",1970,Automatic,Toyota,1997,"About
                            patpat





About Us
Terms and s
Privacy policy
Partnerships
Ad Upgrade Details
Banner Advertising Details",Carina,Diesel,black,Car(Hatchback),https://patpat.lk/en/ad/vehicle/toyota-carina-1997-272189
"7,150,000","152,000",1500,Automatic,Toyota,2012,"About
                            patpat





About Us
Terms and s
Privacy policy
Partnerships
Ad Upgrade Details
Banner Advertising Details",Aqua,Hybrid,blue,Car(Hatchback),https://patpat.lk/en/ad/vehicle/toyota-aqua-2012-272198
Negotiable,"4,000",1400,Automatic,Toyota,2024,"About
                            patpat





About Us
Terms and s
Privacy policy
Partnerships
Ad Upgrade Details
Banner Advertising Details",Axio Fielder,Petrol,white,Car(Hatchback),https://patpat.lk/en/ad/vehicle/toyota-axio-fielder-2024-271976
"8,800,000","145,000",1500,Automatic,Toyota,2015,"About
                            patpat





About Us
Terms and s
Privacy policy
Partnerships
Ad Upgrade Details
Banner Advertising Details",Aqua,Petrol,silver,Car(Hatchback),https://patpat.lk/en/ad/vehicle/toyota-aqua-2015-272788
"3,375,000","220,000",1500,Manual,Toyota,1995,"About
                            patpat





About Us
Terms and s
Privacy policy
Partnerships
Ad Upgrade Details
Banner Advertising Details",AE100,Petrol,white,Car(Saloon),https://patpat.lk/en/ad/vehicle/toyota-ae100-1995-272772
"7,200,000","65,000",1490,Automatic,Toyota,2003,"About
                            patpat





About Us
Terms and s
Privacy policy
Partnerships
Ad Upgrade Details
Banner Advertising Details",Allion,Petrol,red,Car(Sedan),https://patpat.lk/en/ad/vehicle/toyota-allion-2003-272124
"8,800,000","162,000",1800,Automatic,Toyota,2012,"About
                            patpat





About Us
Terms and s
Privacy policy
Partnerships
Ad Upgrade Details
Banner Advertising Details",Prius,Hybrid,white,Car(Hatchback),https://patpat.lk/en/ad/vehicle/toyota-prius-2012-272139
Negotiable,"166,000",1000,Automatic,Toyota,2013,"About
                            patpat





About Us
Terms and s
Privacy policy
Partnerships
Ad Upgrade Details
Banner Advertising Details",Prius,Hybrid,maroon,Car(Saloon),https://patpat.lk/en/ad/vehicle/toyota-prius-2013-272424
Negotiable,"105,000",1500,Automatic,Toyota,2018,"About
                            patpat





About Us
Terms and s
Privacy policy
Partnerships
Ad Upgrade Details
Banner Advertising Details",Premio,Petrol,white,Car(),https://patpat.lk/en/ad/vehicle/toyota-premio-2018-272423
Negotiable,"90,000",1000,Automatic,Toyota,2007,"About
                            patpat





About Us
Terms and s
Privacy policy
Partnerships
Ad Upgrade Details
Banner Advertising Details",Vitz,Petrol,silver,Car(Hatchback),https://patpat.lk/en/ad/vehicle/toyota-vitz-2007-272339
"9,150,000","130,000",1490,Automatic,Toyota,2009,"About
                            patpat





About Us
Terms and s
Privacy policy
Partnerships
Ad Upgrade Details
Banner Advertising Details",Allion,Petrol,white,Car(Sedan),https://patpat.lk/en/ad/vehicle/toyota-allion-2009-272630
"7,900,000","98,000",1000,Automatic,Toyota,2018,"About
                            patpat





About Us
Terms and s
Privacy policy
Partnerships
Ad Upgrade Details
Banner Advertising Details",Vitz,Petrol,silver,Car(Hatchback),https://patpat.lk/en/ad/vehicle/toyota-vitz-2018-272644
"5,500,000","195,000",1200,Automatic,Toyota,2003,"About
                            patpat





About Us
Terms and s
Privacy policy
Partnerships
Ad Upgrade Details
Banner Advertising Details",Corolla,Petrol,black,Car(Hatchback),https://patpat.lk/en/ad/vehicle/toyota-corolla-2003-272437
"7,200,000",N/A,N/A,"Automatic



Manual



Other



Tiptronic",,N/A,"About
                            patpat





About Us
Terms and s
Privacy policy
Partnerships
Ad Upgrade Details
Banner Advertising Details",,"Diesel



Electric



Hybrid



Petrol",N/A,"Bike



Bus



Car



Heavy



Land



SUV



Three wheeler



Truck



Van



Pick-up 



Multi Purpose",https://patpat.lk/en/sri-lanka/vehicle/car/toyota?page=54
Negotiable,0,990,Automatic,Toyota,2022,"About
                            patpat





About Us
Terms and s
Privacy policy
Partnerships
Ad Upgrade Details
Banner Advertising Details",Yaris,Petrol,brown,Car(Hatchback),https://patpat.lk/en/ad/vehicle/toyota-yaris-2022-272566
"8,775,000","145,000",1500,Automatic,Toyota,2011,"About
                            patpat





About Us
Terms and s
Privacy policy
Partnerships
Ad Upgrade Details
Banner Advertising Details",Prius,Petrol,silver,Car(Hatchback),https://patpat.lk/en/ad/vehicle/toyota-prius-2011-272575
Negotiable,"149,300",1490,Automatic,Toyota,2013,"About
                            patpat





About Us
Terms and s
Privacy policy
Partnerships
Ad Upgrade Details
Banner Advertising Details",Premio,Petrol,maroon,Car(Saloon),https://patpat.lk/en/ad/vehicle/toyota-premio-2013-272098
"9,800,000","7,800",1498,Automatic,Toyota,2024,"About
                            patpat





About Us
Terms and s
Privacy policy
Partnerships
Ad Upgrade Details
Banner Advertising Details",Yaris,Hybrid,red,Car(Hatchback),https://patpat.lk/en/ad/vehicle/toyota-yaris-2024-271983
"17,250,000","107,000",1800,Automatic,Toyota,2018,"About
                            patpat





About Us
Terms and s
Privacy policy
Partnerships
Ad Upgrade Details
Banner Advertising Details",Premio,Petrol,white,Car(Sedan),https://patpat.lk/en/ad/vehicle/toyota-premio-2018-271994
Negotiable,"5,000",990,Automatic,Toyota,2023,"About
                            patpat





About Us
Terms and s
Privacy policy
Partnerships
Ad Upgrade Details
Banner Advertising Details",Yaris,Petrol,silver,Car(Hatchback),https://patpat.lk/en/ad/vehicle/toyota-yaris-2023-272415
Negotiable,0,1000,Automatic,Toyota,2007,"About
                            patpat





About Us
Terms and s
Privacy policy
Partnerships
Ad Upgrade Details
Banner Advertising Details",Premio,Petrol,gray,Car(Sedan),https://patpat.lk/en/ad/vehicle/toyota-premio-2007-272465
Negotiable,0,1000,Automatic,Toyota,2022,"About
                            patpat





About Us
Terms and s
Privacy policy
Partnerships
Ad Upgrade Details
Banner Advertising Details",Yaris,Petrol,white,Car(Hatchback),https://patpat.lk/en/ad/vehicle/toyota-yaris-2022-272491
"9,000,000","172,000",1200,Automatic,Toyota,2010,"About
                            patpat





About Us
Terms and s
Privacy policy
Partnerships
Ad Upgrade Details
Banner Advertising Details",Allion,Petrol,maroon,Car(Sedan),https://patpat.lk/en/ad/vehicle/toyota-allion-2010-272419
"7,200,000",0,1500,Automatic,Toyota,2012,"About
                            patpat





About Us
Terms and s
Privacy policy
Partnerships
Ad Upgrade Details
Banner Advertising Details",Aqua,Petrol,white,Car(Hatchback),https://patpat.lk/en/ad/vehicle/toyota-aqua-2012-272397
"14,200,000","76,000",1500,Automatic,Toyota,2018,"About
                            patpat





About Us
Terms and s
Privacy policy
Partnerships
Ad Upgrade Details
Banner Advertising Details",Premio,Petrol,white,Car(Sedan),https://patpat.lk/en/ad/vehicle/toyota-premio-2018-272401
"10,800,000",0,1200,Automatic,Toyota,2014,"About
                            patpat





About Us
Terms and s
Privacy policy
Partnerships
Ad Upgrade Details
Banner Advertising Details",Prius,Petrol,white,Car(Hatchback),https://patpat.lk/en/ad/vehicle/toyota-prius-2014-272408
Negotiable,0,1000,Automatic,Toyota,2023,"About
                            patpat





About Us
Terms and s
Privacy policy
Partnerships
Ad Upgrade Details
Banner Advertising Details",Yaris,Petrol,white,Car(Hatchback),https://patpat.lk/en/ad/vehicle/toyota-yaris-2023-272360
"9,650,000","188,000",1980,Automatic,Toyota,2010,"About
                            patpat





About Us
Terms and s
Privacy policy
Partnerships
Ad Upgrade Details
Banner Advertising Details",Prius,Hybrid,black,Car(Hatchback),https://patpat.lk/en/ad/vehicle/toyota-prius-2010-272183
"9,100,000","156,000",1790,Automatic,Toyota,2008,"About
                            patpat





About Us
Terms and s
Privacy policy
Partnerships
Ad Upgrade Details
Banner Advertising Details",Premio,Petrol,red,Car(Hatchback),https://patpat.lk/en/ad/vehicle/toyota-premio-2008-272014
"6,700,000","135,000",1500,Automatic,Toyota,2012,"About
                            patpat





About Us
Terms and s
Privacy policy
Partnerships
Ad Upgrade Details
Banner Advertising Details",Aqua,Petrol,black,Car(Hatchback),https://patpat.lk/en/ad/vehicle/toyota-aqua-2012-272029
Negotiable,"159,000",0,Automatic,Toyota,2008,"About
                            patpat





About Us
Terms and s
Privacy policy
Partnerships
Ad Upgrade Details
Banner Advertising Details",Prius,Hybrid,white,Car(Saloon),https://patpat.lk/en/ad/vehicle/toyota-prius-2008-272180
"8,150,000","145,000",1500,Automatic,Toyota,2019,"About
                            patpat





About Us
Terms and s
Privacy policy
Partnerships
Ad Upgrade Details
Banner Advertising Details",Vitz,Petrol,purple,Car(Hatchback),https://patpat.lk/en/ad/vehicle/toyota-vitz-2019-272025
"9,300,000","153,000",1300,Automatic,Toyota,2015,"About
                            patpat





About Us
Terms and s
Privacy policy
Partnerships
Ad Upgrade Details
Banner Advertising Details",Axio,Hybrid,silver,Car(Sedan),https://patpat.lk/en/ad/vehicle/toyota-axio-2015-272049
"9,000,000","161,000",1000,Automatic,Toyota,2015,"About
                            patpat





About Us
Terms and s
Privacy policy
Partnerships
Ad Upgrade Details
Banner Advertising Details",Axio,Petrol,other,Car(Hatchback),https://patpat.lk/en/ad/vehicle/toyota-axio-2015-272095
"11,000,000",N/A,N/A,"Automatic



Manual



Other



Tiptronic",,N/A,"About
                            patpat





About Us
Terms and s
Privacy policy
Partnerships
Ad Upgrade Details
Banner Advertising Details",,"Diesel



Electric



Hybrid



Petrol",N/A,"Bike



Bus



Car



Heavy



Land



SUV



Three wheeler



Truck



Van



Pick-up 



Multi Purpose",https://patpat.lk/en/sri-lanka/vehicle/car/toyota?page=55
"9,000,000","44,205",990,Automatic,Toyota,2019,"About
                            patpat





About Us
Terms and s
Privacy policy
Partnerships
Ad Upgrade Details
Banner Advertising Details",Vitz,Petrol,white,Car(Hatchback),https://patpat.lk/en/ad/vehicle/toyota-vitz-2019-271873
Negotiable,"125,000",1300,Automatic,Toyota,2013,"About
                            patpat





About Us
Terms and s
Privacy policy
Partnerships
Ad Upgrade Details
Banner Advertising Details",Premio,Hybrid,white,Car(Saloon),https://patpat.lk/en/ad/vehicle/toyota-premio-2013-272073
"6,850,000","228,000",1970,Automatic,Toyota,2001,"About
                            patpat





About Us
Terms and s
Privacy policy
Partnerships
Ad Upgrade Details
Banner Advertising Details",MARK 2,Petrol,white,Car(Hatchback),https://patpat.lk/en/ad/vehicle/toyota-mark-2-2001-271862
"7,200,000",0,1300,Automatic,Toyota,2013,"About
                            patpat





About Us
Terms and s
Privacy policy
Partnerships
Ad Upgrade Details
Banner Advertising Details",Aqua,Hybrid,black,Car(Hatchback),https://patpat.lk/en/ad/vehicle/toyota-aqua-2013-271854
Negotiable,"70,000",1496,Automatic,Toyota,2013,"About
                            patpat





About Us
Terms and s
Privacy policy
Partnerships
Ad Upgrade Details
Banner Advertising Details",Aqua,Petrol,gray,Car(Hatchback),https://patpat.lk/en/ad/vehicle/toyota-aqua-2013-271790
"6,775,000",0,1496,Automatic,Toyota,2007,"About
                            patpat





About Us
Terms and s
Privacy policy
Partnerships
Ad Upgrade Details
Banner Advertising Details",Axio,Petrol,blue,Car(Sedan),https://patpat.lk/en/ad/vehicle/toyota-axio-2007-272050
"3,100,000","156,000",1330,Manual,Toyota,1996,"About
                            patpat





About Us
Terms and s
Privacy policy
Partnerships
Ad Upgrade Details
Banner Advertising Details",Corolla,Diesel,white,Car(Saloon),https://patpat.lk/en/ad/vehicle/toyota-corolla-1996-272058
"7,550,000","135,000",1200,Automatic,Toyota,2017,"About
                            patpat





About Us
Terms and s
Privacy policy
Partnerships
Ad Upgrade Details
Banner Advertising Details",Vitz,Petrol,white,Car(Hatchback),https://patpat.lk/en/ad/vehicle/toyota-vitz-2017-272030
"8,460,000","85,000",1000,Automatic,Toyota,2018,"About
                            patpat





About Us
Terms and s
Privacy policy
Partnerships
Ad Upgrade Details
Banner Advertising Details",Vitz,Petrol,white,Car(Hatchback),https://patpat.lk/en/ad/vehicle/toyota-vitz-2018-271758
"6,490,000","155,000",1798,Automatic,Toyota,2008,"About
                            patpat





About Us
Terms and s
Privacy policy
Partnerships
Ad Upgrade Details
Banner Advertising Details",Corolla,Petrol,red,Car(Sedan),https://patpat.lk/en/ad/vehicle/toyota-corolla-2008-271977
"5,260,000","127,000",996,Automatic,Toyota,2007,"About
                            patpat





About Us
Terms and s
Privacy policy
Partnerships
Ad Upgrade Details
Banner Advertising Details",Vitz,Petrol,silver,Car(Hatchback),https://patpat.lk/en/ad/vehicle/toyota-vitz-2007-271960
Negotiable,"100,000",1493,Automatic,Toyota,2012,"About
                            patpat





About Us
Terms and s
Privacy policy
Partnerships
Ad Upgrade Details
Banner Advertising Details",Aqua,Hybrid,black,Car(Liftback),https://patpat.lk/en/ad/vehicle/toyota-aqua-2012-271952
"7,250,000",0,1500,Automatic,Toyota,2006,"About
                            patpat





About Us
Terms and s
Privacy policy
Partnerships
Ad Upgrade Details
Banner Advertising Details",Allion,Petrol,red,Car(Sedan),https://patpat.lk/en/ad/vehicle/toyota-allion-2006-271850
"7,325,000","152,000",1500,Automatic,Toyota,2014,"About
                            patpat





About Us
Terms and s
Privacy policy
Partnerships
Ad Upgrade Details
Banner Advertising Details",Aqua,Hybrid,silver,Car(Hatchback),https://patpat.lk/en/ad/vehicle/toyota-aqua-2014-271860
Negotiable,0,1200,Automatic,Toyota,2014,"About
                            patpat





About Us
Terms and s
Privacy policy
Partnerships
Ad Upgrade Details
Banner Advertising Details",Aqua,Petrol,red,Car(Hatchback),https://patpat.lk/en/ad/vehicle/toyota-aqua-2014-271272
Negotiable,"70,000",1496,Automatic,Toyota,2013,"About
                            patpat





About Us
Terms and s
Privacy policy
Partnerships
Ad Upgrade Details
Banner Advertising Details",Aqua,Petrol,blue,Car(Hatchback),https://patpat.lk/en/ad/vehicle/toyota-aqua-2013-271794
"6,500,000","210,000",1496,Automatic,Toyota,2007,"About
                            patpat





About Us
Terms and s
Privacy policy
Partnerships
Ad Upgrade Details
Banner Advertising Details",Axio,Petrol,silver,Car(Sedan),https://patpat.lk/en/ad/vehicle/toyota-axio-2007-271858
"7,475,000","136,400",1500,Automatic,Toyota,2012,"About
                            patpat





About Us
Terms and s
Privacy policy
Partnerships
Ad Upgrade Details
Banner Advertising Details",Aqua,Petrol,blue,Car(Hatchback),https://patpat.lk/en/ad/vehicle/toyota-aqua-2012-271832
"6,890,000","200,000",1496,Automatic,Toyota,2007,"About
                            patpat





About Us
Terms and s
Privacy policy
Partnerships
Ad Upgrade Details
Banner Advertising Details",Axio,Petrol,beige,Car(Sedan),https://patpat.lk/en/ad/vehicle/toyota-axio-2007-271324
Negotiable,0,1500,Automatic,Toyota,2013,"About
                            patpat





About Us
Terms and s
Privacy policy
Partnerships
Ad Upgrade Details
Banner Advertising Details",Aqua,Petrol,black,Car(Hatchback),https://patpat.lk/en/ad/vehicle/toyota-aqua-2013-271837
Negotiable,N/A,N/A,"Automatic



Manual



Other



Tiptronic",,N/A,"About
                            patpat





About Us
Terms and s
Privacy policy
Partnerships
Ad Upgrade Details
Banner Advertising Details",,"Diesel



Electric



Hybrid



Petrol",N/A,"Bike



Bus



Car



Heavy



Land



SUV



Three wheeler



Truck



Van



Pick-up 



Multi Purpose",https://patpat.lk/en/sri-lanka/vehicle/car/toyota?page=56
"12,275,000","81,719",1500,Automatic,Toyota,2018,"About
                            patpat





About Us
Terms and s
Privacy policy
Partnerships
Ad Upgrade Details
Banner Advertising Details",Axio,Hybrid,maroon,Car(Sedan),https://patpat.lk/en/ad/vehicle/toyota-axio-2018-271839
Negotiable,0,1200,Automatic,Toyota,2007,"About
                            patpat





About Us
Terms and s
Privacy policy
Partnerships
Ad Upgrade Details
Banner Advertising Details",Passo,Petrol,white,Car(Hatchback),https://patpat.lk/en/ad/vehicle/toyota-passo-2007-271305
Negotiable,0,1400,Automatic,Toyota,2014,"About
                            patpat





About Us
Terms and s
Privacy policy
Partnerships
Ad Upgrade Details
Banner Advertising Details",Aqua,Petrol,white,Car(Hatchback),https://patpat.lk/en/ad/vehicle/toyota-aqua-2014-271301
"11,000,000",0,1800,Automatic,Toyota,2013,"About
                            patpat





About Us
Terms and s
Privacy policy
Partnerships
Ad Upgrade Details
Banner Advertising Details",Prius,Hybrid,white,Car(Sedan),https://patpat.lk/en/ad/vehicle/toyota-prius-2013-271496
Negotiable,"120,000",1500,Automatic,Toyota,2010,"About
                            patpat





About Us
Terms and s
Privacy policy
Partnerships
Ad Upgrade Details
Banner Advertising Details",Axio,Petrol,gray,Car(Saloon),https://patpat.lk/en/ad/vehicle/toyota-axio-2010-271793
Negotiable,0,1300,Manual,Toyota,1990,"About
                            patpat





About Us
Terms and s
Privacy policy
Partnerships
Ad Upgrade Details
Banner Advertising Details",Corolla,Petrol,white,Car(Station wagon),https://patpat.lk/en/ad/vehicle/toyota-corolla-1990-271562
Negotiable,0,1290,Manual,Toyota,1990,"About
                            patpat





About Us
Terms and s
Privacy policy
Partnerships
Ad Upgrade Details
Banner Advertising Details",Corolla,Petrol,silver,Car(Hatchback),https://patpat.lk/en/ad/vehicle/toyota-corolla-1990-271569
"8,000,000","114,000",1500,Automatic,Toyota,2018,"About
                            patpat





About Us
Terms and s
Privacy policy
Partnerships
Ad Upgrade Details
Banner Advertising Details",Vitz,Petrol,white,Car(Hatchback),https://patpat.lk/en/ad/vehicle/toyota-vitz-2018-271258
"5,590,000","137,200",123456,Automatic,Toyota,2007,"About
                            patpat





About Us
Terms and s
Privacy policy
Partnerships
Ad Upgrade Details
Banner Advertising Details",Corolla,Petrol,white,Car(Sedan),https://patpat.lk/en/ad/vehicle/toyota-corolla-2007-271787
Negotiable,"155,000",1500,Automatic,Toyota,2007,"About
                            patpat





About Us
Terms and s
Privacy policy
Partnerships
Ad Upgrade Details
Banner Advertising Details",Belta,Petrol,silver,Car(Hatchback),https://patpat.lk/en/ad/vehicle/toyota-belta-2007-271791
Negotiable,"50,000",996,Automatic,Toyota,2010,"About
                            patpat





About Us
Terms and s
Privacy policy
Partnerships
Ad Upgrade Details
Banner Advertising Details",Passo,Petrol,green,Car(Hatchback),https://patpat.lk/en/ad/vehicle/toyota-passo-2010-271219
Negotiable,"145,000",1500,Automatic,Toyota,2007,"About
                            patpat





About Us
Terms and s
Privacy policy
Partnerships
Ad Upgrade Details
Banner Advertising Details",Axio,Petrol,silver,Car(Saloon),https://patpat.lk/en/ad/vehicle/toyota-axio-2007-271782
Negotiable,"166,000",1500,Automatic,Toyota,2010,"About
                            patpat





About Us
Terms and s
Privacy policy
Partnerships
Ad Upgrade Details
Banner Advertising Details",Allion,Petrol,maroon,Car(Saloon),https://patpat.lk/en/ad/vehicle/toyota-allion-2010-271767
Negotiable,"100,000",1496,Automatic,Toyota,2003,"About
                            patpat





About Us
Terms and s
Privacy policy
Partnerships
Ad Upgrade Details
Banner Advertising Details",Vios,Petrol,gold,Car(Hatchback),https://patpat.lk/en/ad/vehicle/toyota-vios-2003-271216
Negotiable,"169,000",1500,Automatic,Toyota,2008,"About
                            patpat





About Us
Terms and s
Privacy policy
Partnerships
Ad Upgrade Details
Banner Advertising Details",Axio,Petrol,white,Car(Saloon),https://patpat.lk/en/ad/vehicle/toyota-axio-2008-271770
Negotiable,"139,000",1500,Automatic,Toyota,2010,"About
                            patpat





About Us
Terms and s
Privacy policy
Partnerships
Ad Upgrade Details
Banner Advertising Details",Belta,Petrol,blue,Car(Saloon),https://patpat.lk/en/ad/vehicle/toyota-belta-2010-271762
Negotiable,"325,000",1500,Automatic,Toyota,1999,"About
                            patpat





About Us
Terms and s
Privacy policy
Partnerships
Ad Upgrade Details
Banner Advertising Details",Carina,Petrol,white,Car(Hatchback),https://patpat.lk/en/ad/vehicle/toyota-carina-1999-271248
"11,300,000","112,000",1200,Manual,Toyota,2017,"About
                            patpat





About Us
Terms and s
Privacy policy
Partnerships
Ad Upgrade Details
Banner Advertising Details",Axio,Petrol,white,Car(Saloon),https://patpat.lk/en/ad/vehicle/toyota-axio-2017-271242
Negotiable,0,1197,Automatic,Toyota,2025,"About
                            patpat





About Us
Terms and s
Privacy policy
Partnerships
Ad Upgrade Details
Banner Advertising Details",Yaris Ativ,Petrol,red,Car(Sedan),https://patpat.lk/en/ad/vehicle/toyota-yaris-ativ-2025-271181
Negotiable,"85,000",1790,Automatic,Toyota,2013,"About
                            patpat





About Us
Terms and s
Privacy policy
Partnerships
Ad Upgrade Details
Banner Advertising Details",Prius,Hybrid,black,Car(Station wagon),https://patpat.lk/en/ad/vehicle/toyota-prius-2013-271335
Negotiable,N/A,N/A,"Automatic



Manual



Other



Tiptronic",,N/A,"About
                            patpat





About Us
Terms and s
Privacy policy
Partnerships
Ad Upgrade Details
Banner Advertising Details",,"Diesel



Electric



Hybrid



Petrol",N/A,"Bike



Bus



Car



Heavy



Land



SUV



Three wheeler



Truck



Van



Pick-up 



Multi Purpose",https://patpat.lk/en/sri-lanka/vehicle/car/toyota?page=57
Negotiable,"158,000",1500,Automatic,Toyota,2009,"About
                            patpat





About Us
Terms and s
Privacy policy
Partnerships
Ad Upgrade Details
Banner Advertising Details",Belta,Petrol,silver,Car(Hatchback),https://patpat.lk/en/ad/vehicle/toyota-belta-2009-271757
Negotiable,0,1500,Automatic,Toyota,2007,"About
                            patpat





About Us
Terms and s
Privacy policy
Partnerships
Ad Upgrade Details
Banner Advertising Details",Axio,Petrol,blue,Car(Saloon),https://patpat.lk/en/ad/vehicle/toyota-axio-2007-271709
Negotiable,"143,000",1500,Automatic,Toyota,2009,"About
                            patpat





About Us
Terms and s
Privacy policy
Partnerships
Ad Upgrade Details
Banner Advertising Details",Axio,Petrol,silver,Car(Saloon),https://patpat.lk/en/ad/vehicle/toyota-axio-2009-271389
Negotiable,"165,000",1500,Automatic,Toyota,2007,"About
                            patpat





About Us
Terms and s
Privacy policy
Partnerships
Ad Upgrade Details
Banner Advertising Details",Axio,Petrol,blue,Car(Saloon),https://patpat.lk/en/ad/vehicle/toyota-axio-2007-271407
Negotiable,"158,000",1500,Automatic,Toyota,2007,"About
                            patpat





About Us
Terms and s
Privacy policy
Partnerships
Ad Upgrade Details
Banner Advertising Details",Axio,Petrol,gray,Car(Saloon),https://patpat.lk/en/ad/vehicle/toyota-axio-2007-271417
Negotiable,0,1500,Automatic,Toyota,2007,"About
                            patpat





About Us
Terms and s
Privacy policy
Partnerships
Ad Upgrade Details
Banner Advertising Details",Axio,Petrol,white,Car(Saloon),https://patpat.lk/en/ad/vehicle/toyota-axio-2007-271427
Negotiable,0,1500,Automatic,Toyota,2007,"About
                            patpat





About Us
Terms and s
Privacy policy
Partnerships
Ad Upgrade Details
Banner Advertising Details",Axio,Petrol,gold,Car(Saloon),https://patpat.lk/en/ad/vehicle/toyota-axio-2007-271435
Negotiable,"160,000",1500,Automatic,Toyota,2008,"About
                            patpat





About Us
Terms and s
Privacy policy
Partnerships
Ad Upgrade Details
Banner Advertising Details",Axio,Petrol,silver,Car(Saloon),https://patpat.lk/en/ad/vehicle/toyota-axio-2008-271438
Negotiable,"179,000",1500,Automatic,Toyota,2007,"About
                            patpat





About Us
Terms and s
Privacy policy
Partnerships
Ad Upgrade Details
Banner Advertising Details",Axio,Petrol,silver,Car(Saloon),https://patpat.lk/en/ad/vehicle/toyota-axio-2007-271678
Negotiable,"160,000",1500,Automatic,Toyota,2007,"About
                            patpat





About Us
Terms and s
Privacy policy
Partnerships
Ad Upgrade Details
Banner Advertising Details",Axio,Petrol,white,Car(Saloon),https://patpat.lk/en/ad/vehicle/toyota-axio-2007-271463
"6,350,000","1,500",183000,Automatic,Toyota,2008,"About
                            patpat





About Us
Terms and s
Privacy policy
Partnerships
Ad Upgrade Details
Banner Advertising Details",Prius,Petrol,blue,Car(Hatchback),https://patpat.lk/en/ad/vehicle/toyota-prius-2008-271202
Negotiable,"89,000",1500,Automatic,Toyota,2008,"About
                            patpat





About Us
Terms and s
Privacy policy
Partnerships
Ad Upgrade Details
Banner Advertising Details",Corolla,Petrol,silver,Car(Saloon),https://patpat.lk/en/ad/vehicle/toyota-corolla-2008-271363
"8,600,000",0,123,Automatic,Toyota,2023,"About
                            patpat





About Us
Terms and s
Privacy policy
Partnerships
Ad Upgrade Details
Banner Advertising Details",Yaris,Petrol,white,Car(Sedan),https://patpat.lk/en/ad/vehicle/toyota-yaris-2023-271174
Negotiable,"47,000",1800,Automatic,Toyota,2019,"About
                            patpat





About Us
Terms and s
Privacy policy
Partnerships
Ad Upgrade Details
Banner Advertising Details",Premio,Petrol,white,Car(Saloon),https://patpat.lk/en/ad/vehicle/toyota-premio-2019-271377
Negotiable,"179,000",1450,Automatic,Toyota,2010,"About
                            patpat





About Us
Terms and s
Privacy policy
Partnerships
Ad Upgrade Details
Banner Advertising Details",Yaris,Petrol,blue,Car(Saloon),https://patpat.lk/en/ad/vehicle/toyota-yaris-2010-271683
"3,450,000",0,1500,Automatic,Toyota,2000,"About
                            patpat





About Us
Terms and s
Privacy policy
Partnerships
Ad Upgrade Details
Banner Advertising Details",Corolla,Petrol,white,Car(Sedan),https://patpat.lk/en/ad/vehicle/toyota-corolla-2000-270555
"9,800,000",0,1500,Automatic,Toyota,2012,"About
                            patpat





About Us
Terms and s
Privacy policy
Partnerships
Ad Upgrade Details
Banner Advertising Details",Premio,Petrol,white,Car(Sedan),https://patpat.lk/en/ad/vehicle/toyota-premio-2012-271160
Negotiable,"165,000",1000,Automatic,Toyota,2013,"About
                            patpat





About Us
Terms and s
Privacy policy
Partnerships
Ad Upgrade Details
Banner Advertising Details",Aqua,Petrol,white,Car(Hatchback),https://patpat.lk/en/ad/vehicle/toyota-aqua-2013-271695
Negotiable,"130,000",1000,Automatic,Toyota,2013,"About
                            patpat





About Us
Terms and s
Privacy policy
Partnerships
Ad Upgrade Details
Banner Advertising Details",Premio,Petrol,maroon,Car(Saloon),https://patpat.lk/en/ad/vehicle/toyota-premio-2013-271697
Negotiable,"154,000",1000,Automatic,Toyota,2012,"About
                            patpat





About Us
Terms and s
Privacy policy
Partnerships
Ad Upgrade Details
Banner Advertising Details",Prius,Hybrid,white,Car(Saloon),https://patpat.lk/en/ad/vehicle/toyota-prius-2012-271702
Negotiable,N/A,N/A,"Automatic



Manual



Other



Tiptronic",,N/A,"About
                            patpat





About Us
Terms and s
Privacy policy
Partnerships
Ad Upgrade Details
Banner Advertising Details",,"Diesel



Electric



Hybrid



Petrol",N/A,"Bike



Bus



Car



Heavy



Land



SUV



Three wheeler



Truck



Van



Pick-up 



Multi Purpose",https://patpat.lk/en/sri-lanka/vehicle/car/toyota?page=58
Negotiable,"25,200",1500,Automatic,Toyota,2023,"About
                            patpat





About Us
Terms and s
Privacy policy
Partnerships
Ad Upgrade Details
Banner Advertising Details",Yaris,Petrol,white,Car(Hatchback),https://patpat.lk/en/ad/vehicle/toyota-yaris-2023-271556
Negotiable,"192,000",1590,Automatic,Toyota,2008,"About
                            patpat





About Us
Terms and s
Privacy policy
Partnerships
Ad Upgrade Details
Banner Advertising Details",Corolla,Petrol,white,Car(Saloon),https://patpat.lk/en/ad/vehicle/toyota-corolla-2008-271660
Negotiable,"90,000",1500,Manual,Toyota,1997,"About
                            patpat





About Us
Terms and s
Privacy policy
Partnerships
Ad Upgrade Details
Banner Advertising Details",Corolla,Petrol,white,Car(Saloon),https://patpat.lk/en/ad/vehicle/toyota-corolla-1997-271559
Negotiable,"125,000",1500,Automatic,Toyota,2007,"About
                            patpat





About Us
Terms and s
Privacy policy
Partnerships
Ad Upgrade Details
Banner Advertising Details",Vitz,Petrol,silver,Car(Hatchback),https://patpat.lk/en/ad/vehicle/toyota-vitz-2007-271564
Negotiable,"145,000",1000,Automatic,Toyota,2013,"About
                            patpat





About Us
Terms and s
Privacy policy
Partnerships
Ad Upgrade Details
Banner Advertising Details",Aqua,Hybrid,red,Car(Hatchback),https://patpat.lk/en/ad/vehicle/toyota-aqua-2013-271675
Negotiable,"90,000",1000,Automatic,Toyota,2016,"About
                            patpat





About Us
Terms and s
Privacy policy
Partnerships
Ad Upgrade Details
Banner Advertising Details",Vitz,Petrol,silver,Car(Hatchback),https://patpat.lk/en/ad/vehicle/toyota-vitz-2016-271573
"6,650,000",0,1500,Automatic,Toyota,2006,"About
                            patpat





About Us
Terms and s
Privacy policy
Partnerships
Ad Upgrade Details
Banner Advertising Details",Premio,Petrol,blue,Car(Sedan),https://patpat.lk/en/ad/vehicle/toyota-premio-2006-271543
Negotiable,"200,258",1500,Automatic,Toyota,2013,"About
                            patpat





About Us
Terms and s
Privacy policy
Partnerships
Ad Upgrade Details
Banner Advertising Details",Aqua,Petrol,black,Car(Hatchback),https://patpat.lk/en/ad/vehicle/toyota-aqua-2013-271083
Negotiable,"77,000",1500,Automatic,Toyota,2012,"About
                            patpat





About Us
Terms and s
Privacy policy
Partnerships
Ad Upgrade Details
Banner Advertising Details",Aqua,Petrol,black,Car(Hatchback),https://patpat.lk/en/ad/vehicle/toyota-aqua-2012-271107
Negotiable,"90,000",1330,Manual,Toyota,1996,"About
                            patpat





About Us
Terms and s
Privacy policy
Partnerships
Ad Upgrade Details
Banner Advertising Details",Corolla,Petrol,white,Car(Saloon),https://patpat.lk/en/ad/vehicle/toyota-corolla-1996-270880
Negotiable,"77,000",1500,Automatic,Toyota,2018,"About
                            patpat





About Us
Terms and s
Privacy policy
Partnerships
Ad Upgrade Details
Banner Advertising Details",Vitz,Petrol,other,Car(Hatchback),https://patpat.lk/en/ad/vehicle/toyota-vitz-2018-270937
Negotiable,0,1500,Automatic,Toyota,2024,"About
                            patpat





About Us
Terms and s
Privacy policy
Partnerships
Ad Upgrade Details
Banner Advertising Details",Axio,Petrol,gray,Car(Sedan),https://patpat.lk/en/ad/vehicle/toyota-axio-2024-270999
Negotiable,0,1200,Automatic,Toyota,2025,"About
                            patpat





About Us
Terms and s
Privacy policy
Partnerships
Ad Upgrade Details
Banner Advertising Details",Yaris,Petrol,white,Car(Hatchback),https://patpat.lk/en/ad/vehicle/toyota-yaris-2025-270590
Negotiable,"90,000",1000,Automatic,Toyota,2015,"About
                            patpat





About Us
Terms and s
Privacy policy
Partnerships
Ad Upgrade Details
Banner Advertising Details",Vitz,Petrol,white,Car(Hatchback),https://patpat.lk/en/ad/vehicle/toyota-vitz-2015-270610
Negotiable,0,1500,Automatic,Toyota,2012,"About
                            patpat





About Us
Terms and s
Privacy policy
Partnerships
Ad Upgrade Details
Banner Advertising Details",Aqua,Petrol,black,Car(Liftback),https://patpat.lk/en/ad/vehicle/toyota-aqua-2012-270243
Negotiable,"68,000",1000,Automatic,Toyota,2019,"About
                            patpat





About Us
Terms and s
Privacy policy
Partnerships
Ad Upgrade Details
Banner Advertising Details",Vitz,Petrol,gray,Car(Hatchback),https://patpat.lk/en/ad/vehicle/toyota-vitz-2019-270503
Negotiable,0,1500,Automatic,Toyota,2016,"About
                            patpat





About Us
Terms and s
Privacy policy
Partnerships
Ad Upgrade Details
Banner Advertising Details",Allion,Petrol,brown,Car(Sedan),https://patpat.lk/en/ad/vehicle/toyota-allion-2016-270523
Negotiable,"99,000",1500,Automatic,Toyota,2015,"About
                            patpat





About Us
Terms and s
Privacy policy
Partnerships
Ad Upgrade Details
Banner Advertising Details",Aqua,Petrol,black,Car(Hatchback),https://patpat.lk/en/ad/vehicle/toyota-aqua-2015-270354
Negotiable,"92,000",1000,Automatic,Toyota,2018,"About
                            patpat





About Us
Terms and s
Privacy policy
Partnerships
Ad Upgrade Details
Banner Advertising Details",Vitz,Petrol,white,Car(Hatchback),https://patpat.lk/en/ad/vehicle/toyota-vitz-2018-270361
Negotiable,"125,300",1890,Manual,Toyota,1994,"About
                            patpat





About Us
Terms and s
Privacy policy
Partnerships
Ad Upgrade Details
Banner Advertising Details",Camry,Diesel,black,Car(Saloon),https://patpat.lk/en/ad/vehicle/toyota-camry-1994-271468
Negotiable,N/A,N/A,"Automatic



Manual



Other



Tiptronic",,N/A,"About
                            patpat





About Us
Terms and s
Privacy policy
Partnerships
Ad Upgrade Details
Banner Advertising Details",,"Diesel



Electric



Hybrid



Petrol",N/A,"Bike



Bus



Car



Heavy



Land



SUV



Three wheeler



Truck



Van



Pick-up 



Multi Purpose",https://patpat.lk/en/sri-lanka/vehicle/car/toyota?page=59
Negotiable,"125,300",1890,Manual,Toyota,1994,"About
                            patpat





About Us
Terms and s
Privacy policy
Partnerships
Ad Upgrade Details
Banner Advertising Details",Camry,Diesel,black,Car(Saloon),https://patpat.lk/en/ad/vehicle/toyota-camry-1994-271474
Negotiable,"188,000",1300,Automatic,Toyota,2004,"About
                            patpat





About Us
Terms and s
Privacy policy
Partnerships
Ad Upgrade Details
Banner Advertising Details",Vios,Petrol,silver,Car(Saloon),https://patpat.lk/en/ad/vehicle/toyota-vios-2004-271416
"6,900,000","120,000",1500,Automatic,Toyota,2007,"About
                            patpat





About Us
Terms and s
Privacy policy
Partnerships
Ad Upgrade Details
Banner Advertising Details",Axio,Petrol,white,Car(Saloon),https://patpat.lk/en/ad/vehicle/toyota-axio-2007-271356
Negotiable,0,1197,Automatic,Toyota,2025,"About
                            patpat





About Us
Terms and s
Privacy policy
Partnerships
Ad Upgrade Details
Banner Advertising Details",Yaris Ativ,Petrol,white,Car(Saloon),https://patpat.lk/en/ad/vehicle/toyota-yaris-ativ-2025-271265
Negotiable,"164,000",1500,Automatic,Toyota,2013,"About
                            patpat





About Us
Terms and s
Privacy policy
Partnerships
Ad Upgrade Details
Banner Advertising Details",Premio,Hybrid,maroon,Car(Sedan),https://patpat.lk/en/ad/vehicle/toyota-premio-2013-271311
Negotiable,"174,000",1500,Automatic,Toyota,2013,"About
                            patpat





About Us
Terms and s
Privacy policy
Partnerships
Ad Upgrade Details
Banner Advertising Details",Premio,Petrol,white,Car(Sedan),https://patpat.lk/en/ad/vehicle/toyota-premio-2013-271314
"6,450,000",0,1500,Manual,Toyota,2011,"About
                            patpat





About Us
Terms and s
Privacy policy
Partnerships
Ad Upgrade Details
Banner Advertising Details",Yaris,Petrol,silver,Car(Hatchback),https://patpat.lk/en/ad/vehicle/toyota-yaris-2011-271245
Negotiable,"98,000",1000,Automatic,Toyota,2017,"About
                            patpat





About Us
Terms and s
Privacy policy
Partnerships
Ad Upgrade Details
Banner Advertising Details",Vitz,Petrol,white,Car(Hatchback),https://patpat.lk/en/ad/vehicle/toyota-vitz-2017-271171
"2,990,000","180,000",1300,Automatic,Toyota,1993,"About
                            patpat





About Us
Terms and s
Privacy policy
Partnerships
Ad Upgrade Details
Banner Advertising Details",Corsa,Petrol,gray,Car(Hatchback),https://patpat.lk/en/ad/vehicle/toyota-corsa-1993-271193
"7,250,000",0,1500,Automatic,Toyota,2014,"About
                            patpat





About Us
Terms and s
Privacy policy
Partnerships
Ad Upgrade Details
Banner Advertising Details",Aqua,Petrol,silver,Car(Hatchback),https://patpat.lk/en/ad/vehicle/toyota-aqua-2014-271234
Negotiable,0,1500,Automatic,Toyota,2014,"About
                            patpat





About Us
Terms and s
Privacy policy
Partnerships
Ad Upgrade Details
Banner Advertising Details",Aqua,Petrol,blue,Car(Hatchback),https://patpat.lk/en/ad/vehicle/toyota-aqua-2014-271232
"8,850,000","29,000",1000,Automatic,Toyota,2023,"About
                            patpat





About Us
Terms and s
Privacy policy
Partnerships
Ad Upgrade Details
Banner Advertising Details",Yaris,Petrol,black,Car(Hatchback),https://patpat.lk/en/ad/vehicle/toyota-yaris-2023-271185
Negotiable,"177,000",1000,Automatic,Toyota,2007,"About
                            patpat





About Us
Terms and s
Privacy policy
Partnerships
Ad Upgrade Details
Banner Advertising Details",Yaris,Petrol,other,Car(Saloon),https://patpat.lk/en/ad/vehicle/toyota-yaris-2007-271016
"9,800,000","123,456",1500,Manual,Toyota,2012,"About
                            patpat





About Us
Terms and s
Privacy policy
Partnerships
Ad Upgrade Details
Banner Advertising Details",Premio,Petrol,white,Car(Sedan),https://patpat.lk/en/ad/vehicle/toyota-premio-2012-271042
"9,900,000",0,1500,Automatic,Toyota,2015,"About
                            patpat





About Us
Terms and s
Privacy policy
Partnerships
Ad Upgrade Details
Banner Advertising Details",Axio,Hybrid,white,Car(Saloon),https://patpat.lk/en/ad/vehicle/toyota-axio-2015-270938
"9,200,000","38,000",990,Automatic,Toyota,2023,"About
                            patpat





About Us
Terms and s
Privacy policy
Partnerships
Ad Upgrade Details
Banner Advertising Details",Yaris,Petrol,white,Car(Hatchback),https://patpat.lk/en/ad/vehicle/toyota-yaris-2023-270944
"6,800,000",0,1450,Automatic,Toyota,2012,"About
                            patpat





About Us
Terms and s
Privacy policy
Partnerships
Ad Upgrade Details
Banner Advertising Details",Aqua,Petrol,blue,Car(Hatchback),https://patpat.lk/en/ad/vehicle/toyota-aqua-2012-270724
Negotiable,0,1500,Automatic,Toyota,2017,"About
                            patpat





About Us
Terms and s
Privacy policy
Partnerships
Ad Upgrade Details
Banner Advertising Details",Axio,Petrol,black,Car(Hatchback),https://patpat.lk/en/ad/vehicle/toyota-axio-2017-270735
"11,200,000",1,1200,Automatic,Toyota,2025,"About
                            patpat





About Us
Terms and s
Privacy policy
Partnerships
Ad Upgrade Details
Banner Advertising Details",Yaris,Hybrid,white,Car(Hatchback),https://patpat.lk/en/ad/vehicle/toyota-yaris-2025-270737
Negotiable,0,1196,Automatic,Toyota,2016,"About
                            patpat





About Us
Terms and s
Privacy policy
Partnerships
Ad Upgrade Details
Banner Advertising Details",Premio,Petrol,brown,Car(),https://patpat.lk/en/ad/vehicle/toyota-premio-2016-270745
Negotiable,N/A,N/A,"Automatic



Manual



Other



Tiptronic",,N/A,"About
                            patpat





About Us
Terms and s
Privacy policy
Partnerships
Ad Upgrade Details
Banner Advertising Details",,"Diesel



Electric



Hybrid



Petrol",N/A,"Bike



Bus



Car



Heavy



Land



SUV



Three wheeler



Truck



Van



Pick-up 



Multi Purpose",https://patpat.lk/en/sri-lanka/vehicle/car/toyota?page=60
"7,300,000","163,000",1500,Automatic,Toyota,2013,"About
                            patpat





About Us
Terms and s
Privacy policy
Partnerships
Ad Upgrade Details
Banner Advertising Details",Aqua,Hybrid,gray,Car(Hatchback),https://patpat.lk/en/ad/vehicle/toyota-aqua-2013-270951
Negotiable,"160,000",1500,Automatic,Toyota,2013,"About
                            patpat





About Us
Terms and s
Privacy policy
Partnerships
Ad Upgrade Details
Banner Advertising Details",Premio,Hybrid,white,Car(Hatchback),https://patpat.lk/en/ad/vehicle/toyota-premio-2013-270956
Negotiable,"93,000",1500,Automatic,Toyota,2017,"About
                            patpat





About Us
Terms and s
Privacy policy
Partnerships
Ad Upgrade Details
Banner Advertising Details",Axio,Petrol,maroon,Car(Hatchback),https://patpat.lk/en/ad/vehicle/toyota-axio-2017-270955
Negotiable,0,1500,Automatic,Toyota,2013,"About
                            patpat





About Us
Terms and s
Privacy policy
Partnerships
Ad Upgrade Details
Banner Advertising Details",Premio,Hybrid,white,Car(Saloon),https://patpat.lk/en/ad/vehicle/toyota-premio-2013-270953
Negotiable,"100,000",1000,Automatic,Toyota,2012,"About
                            patpat





About Us
Terms and s
Privacy policy
Partnerships
Ad Upgrade Details
Banner Advertising Details",Prius,Hybrid,red,Car(Saloon),https://patpat.lk/en/ad/vehicle/toyota-prius-2012-270961
"8,900,000","210,000",2000,Automatic,Toyota,2010,"About
                            patpat





About Us
Terms and s
Privacy policy
Partnerships
Ad Upgrade Details
Banner Advertising Details",Prius,Hybrid,other,Car(Liftback),https://patpat.lk/en/ad/vehicle/toyota-prius-2010-270963
Negotiable,"89,300",1000,Automatic,Toyota,2017,"About
                            patpat





About Us
Terms and s
Privacy policy
Partnerships
Ad Upgrade Details
Banner Advertising Details",Axio,Petrol,other,Car(Saloon),https://patpat.lk/en/ad/vehicle/toyota-axio-2017-270964
"6,250,000","238,000",1800,Automatic,Toyota,2002,"About
                            patpat





About Us
Terms and s
Privacy policy
Partnerships
Ad Upgrade Details
Banner Advertising Details",Premio,Petrol,black,Car(Saloon),https://patpat.lk/en/ad/vehicle/toyota-premio-2002-270706
"5,425,000","354,000",1500,Automatic,Toyota,2003,"About
                            patpat





About Us
Terms and s
Privacy policy
Partnerships
Ad Upgrade Details
Banner Advertising Details",Vios,Petrol,silver,Car(Saloon),https://patpat.lk/en/ad/vehicle/toyota-vios-2003-270475
"13,500,000","3,000",1500,Automatic,Toyota,2023,"About
                            patpat





About Us
Terms and s
Privacy policy
Partnerships
Ad Upgrade Details
Banner Advertising Details",Fielder,Hybrid,silver,Car(Hatchback),https://patpat.lk/en/ad/vehicle/toyota-fielder-2023-270771
Negotiable,0,1500,Automatic,Toyota,2013,"About
                            patpat





About Us
Terms and s
Privacy policy
Partnerships
Ad Upgrade Details
Banner Advertising Details",Prius,Petrol,black,Car(Hatchback),https://patpat.lk/en/ad/vehicle/toyota-prius-2013-270774
"10,400,000","160,000",1500,Automatic,Toyota,2013,"About
                            patpat





About Us
Terms and s
Privacy policy
Partnerships
Ad Upgrade Details
Banner Advertising Details",Premio,Hybrid,white,Car(Sedan),https://patpat.lk/en/ad/vehicle/toyota-premio-2013-270692
Negotiable,0,660,Automatic,Toyota,2007,"About
                            patpat





About Us
Terms and s
Privacy policy
Partnerships
Ad Upgrade Details
Banner Advertising Details",Passo,Petrol,green,Car(Hatchback),https://patpat.lk/en/ad/vehicle/toyota-passo-2007-270738
Negotiable,0,1500,Automatic,Toyota,2001,"About
                            patpat





About Us
Terms and s
Privacy policy
Partnerships
Ad Upgrade Details
Banner Advertising Details",Allion,Petrol,black,Car(Sedan),https://patpat.lk/en/ad/vehicle/toyota-allion-2001-270750
Negotiable,0,1790,Automatic,Toyota,2013,"About
                            patpat





About Us
Terms and s
Privacy policy
Partnerships
Ad Upgrade Details
Banner Advertising Details",Prius,Petrol,silver,Car(Hatchback),https://patpat.lk/en/ad/vehicle/toyota-prius-2013-270722
Negotiable,0,1000,Automatic,Toyota,2025,"About
                            patpat





About Us
Terms and s
Privacy policy
Partnerships
Ad Upgrade Details
Banner Advertising Details",Yaris Ativ,Petrol,white,Car(Sedan),https://patpat.lk/en/ad/vehicle/toyota-yaris-ativ-2025-270648
Negotiable,0,1600,Manual,Toyota,2010,"About
                            patpat





About Us
Terms and s
Privacy policy
Partnerships
Ad Upgrade Details
Banner Advertising Details",Corolla,Petrol,gray,Car(Saloon),https://patpat.lk/en/ad/vehicle/toyota-corolla-2010-270676
"7,300,000","151,000",1500,Automatic,Toyota,2014,"About
                            patpat





About Us
Terms and s
Privacy policy
Partnerships
Ad Upgrade Details
Banner Advertising Details",Aqua,Hybrid,white,Car(Hatchback),https://patpat.lk/en/ad/vehicle/toyota-aqua-2014-270657
"4,250,000","290,000",1490,Automatic,Toyota,1998,"About
                            patpat





About Us
Terms and s
Privacy policy
Partnerships
Ad Upgrade Details
Banner Advertising Details",Prius,Petrol,maroon,Car(Hatchback),https://patpat.lk/en/ad/vehicle/toyota-prius-1998-270606
Negotiable,N/A,N/A,"Automatic



Manual



Other



Tiptronic",,N/A,"About
                            patpat





About Us
Terms and s
Privacy policy
Partnerships
Ad Upgrade Details
Banner Advertising Details",,"Diesel



Electric



Hybrid



Petrol",N/A,"Bike



Bus



Car



Heavy



Land



SUV



Three wheeler



Truck



Van



Pick-up 



Multi Purpose",https://patpat.lk/en/sri-lanka/vehicle/car/toyota?page=61
Negotiable,0,800,Automatic,Toyota,2011,"About
                            patpat





About Us
Terms and s
Privacy policy
Partnerships
Ad Upgrade Details
Banner Advertising Details",Prius,Petrol,black,Car(Hatchback),https://patpat.lk/en/ad/vehicle/toyota-prius-2011-270622
"6,675,000","160,000",1500,Automatic,Toyota,2011,"About
                            patpat





About Us
Terms and s
Privacy policy
Partnerships
Ad Upgrade Details
Banner Advertising Details",Prius,Petrol,white,Car(Hatchback),https://patpat.lk/en/ad/vehicle/toyota-prius-2011-270457
"3,850,000",0,1800,Automatic,Toyota,1999,"About
                            patpat





About Us
Terms and s
Privacy policy
Partnerships
Ad Upgrade Details
Banner Advertising Details",Corolla,Diesel,white,Car(Saloon),https://patpat.lk/en/ad/vehicle/toyota-corolla-1999-270428
"6,850,000","120,000",1500,Automatic,Toyota,2008,"About
                            patpat





About Us
Terms and s
Privacy policy
Partnerships
Ad Upgrade Details
Banner Advertising Details",Axio,Petrol,silver,Car(Sedan),https://patpat.lk/en/ad/vehicle/toyota-axio-2008-270469
Negotiable,"85,000",990,Automatic,Toyota,2017,"About
                            patpat





About Us
Terms and s
Privacy policy
Partnerships
Ad Upgrade Details
Banner Advertising Details",Vitz,Petrol,white,Car(Hatchback),https://patpat.lk/en/ad/vehicle/toyota-vitz-2017-270502
"11,850,000","87,500",2400,Automatic,Toyota,2011,"About
                            patpat





About Us
Terms and s
Privacy policy
Partnerships
Ad Upgrade Details
Banner Advertising Details",Camry,Petrol,white,Car(Saloon),https://patpat.lk/en/ad/vehicle/toyota-camry-2011-270615
Negotiable,"150,000",1000,Automatic,Toyota,2011,"About
                            patpat





About Us
Terms and s
Privacy policy
Partnerships
Ad Upgrade Details
Banner Advertising Details",Prius,Hybrid,white,Car(Saloon),https://patpat.lk/en/ad/vehicle/toyota-prius-2011-270569
"16,000,000",800,1200,Automatic,Toyota,2025,"About
                            patpat





About Us
Terms and s
Privacy policy
Partnerships
Ad Upgrade Details
Banner Advertising Details",Yaris Ativ,Petrol,gray,Car(Sedan),https://patpat.lk/en/ad/vehicle/toyota-yaris-ativ-2025-270538
"5,200,000","165,000",1000,Automatic,Toyota,2007,"About
                            patpat





About Us
Terms and s
Privacy policy
Partnerships
Ad Upgrade Details
Banner Advertising Details",Vitz,Petrol,silver,Car(Hatchback),https://patpat.lk/en/ad/vehicle/toyota-vitz-2007-270536
"13,200,000","50,000",1500,Automatic,Toyota,2016,"About
                            patpat





About Us
Terms and s
Privacy policy
Partnerships
Ad Upgrade Details
Banner Advertising Details",Prius,Hybrid,silver,Car(Sedan),https://patpat.lk/en/ad/vehicle/toyota-prius-2016-270512
"6,350,000","183,000",1500,Automatic,Toyota,2008,"About
                            patpat





About Us
Terms and s
Privacy policy
Partnerships
Ad Upgrade Details
Banner Advertising Details",Prius,Petrol,blue,Car(Sedan),https://patpat.lk/en/ad/vehicle/toyota-prius-2008-270369
"12,500,000",0,1500,Automatic,Toyota,2018,"About
                            patpat





About Us
Terms and s
Privacy policy
Partnerships
Ad Upgrade Details
Banner Advertising Details",Axio,Petrol,white,Car(Saloon),https://patpat.lk/en/ad/vehicle/toyota-axio-2018-270397
"2,800,000","24,800",1300,Manual,Toyota,1993,"About
                            patpat





About Us
Terms and s
Privacy policy
Partnerships
Ad Upgrade Details
Banner Advertising Details",Corolla,Petrol,white,Car(Saloon),https://patpat.lk/en/ad/vehicle/toyota-corolla-1993-270388
"7,300,000","35,680",1500,Automatic,Toyota,2015,"About
                            patpat





About Us
Terms and s
Privacy policy
Partnerships
Ad Upgrade Details
Banner Advertising Details",Vitz,Petrol,gray,Car(Hatchback),https://patpat.lk/en/ad/vehicle/toyota-vitz-2015-270382
Negotiable,0,1500,Automatic,Toyota,2001,"About
                            patpat





About Us
Terms and s
Privacy policy
Partnerships
Ad Upgrade Details
Banner Advertising Details",Mark II,Petrol,silver,Car(Sedan),https://patpat.lk/en/ad/vehicle/toyota-mark-ii-2001-270359
Negotiable,0,1500,Automatic,Toyota,2001,"About
                            patpat





About Us
Terms and s
Privacy policy
Partnerships
Ad Upgrade Details
Banner Advertising Details",Soluna,Petrol,gold,Car(Saloon),https://patpat.lk/en/ad/vehicle/toyota-soluna-2001-270363
"9,800,000","122,000",1500,Automatic,Toyota,2015,"About
                            patpat





About Us
Terms and s
Privacy policy
Partnerships
Ad Upgrade Details
Banner Advertising Details",Axio,Hybrid,white,Car(Saloon),https://patpat.lk/en/ad/vehicle/toyota-axio-2015-270241
Negotiable,"244,000",1000,Automatic,Toyota,2008,"About
                            patpat





About Us
Terms and s
Privacy policy
Partnerships
Ad Upgrade Details
Banner Advertising Details",Prius,Hybrid,silver,Car(Sedan),https://patpat.lk/en/ad/vehicle/toyota-prius-2008-270335
Negotiable,"190,000",1000,Automatic,Toyota,2010,"About
                            patpat





About Us
Terms and s
Privacy policy
Partnerships
Ad Upgrade Details
Banner Advertising Details",Axio,Petrol,gray,Car(Sedan),https://patpat.lk/en/ad/vehicle/toyota-axio-2010-270345
"10,000,000","230,000",1800,Automatic,Toyota,2013,"About
                            patpat





About Us
Terms and s
Privacy policy
Partnerships
Ad Upgrade Details
Banner Advertising Details",Prius,Hybrid,silver,Car(Saloon),https://patpat.lk/en/ad/vehicle/toyota-prius-2013-270300
Negotiable,N/A,N/A,"Automatic



Manual



Other



Tiptronic",,N/A,"About
                            patpat





About Us
Terms and s
Privacy policy
Partnerships
Ad Upgrade Details
Banner Advertising Details",,"Diesel



Electric



Hybrid



Petrol",N/A,"Bike



Bus



Car



Heavy



Land



SUV



Three wheeler



Truck



Van



Pick-up 



Multi Purpose",https://patpat.lk/en/sri-lanka/vehicle/car/toyota?page=62
Negotiable,0,1000,Automatic,Toyota,2023,"About
                            patpat





About Us
Terms and s
Privacy policy
Partnerships
Ad Upgrade Details
Banner Advertising Details",Yaris,Petrol,white,Car(Hatchback),https://patpat.lk/en/ad/vehicle/toyota-yaris-2023-270308
Negotiable,"12,000",1000,Automatic,Toyota,2023,"About
                            patpat





About Us
Terms and s
Privacy policy
Partnerships
Ad Upgrade Details
Banner Advertising Details",Roomy,Petrol,black,Car(Hatchback),https://patpat.lk/en/ad/vehicle/toyota-roomy-2023-270192
Negotiable,"106,000",1000,Automatic,Toyota,2017,"About
                            patpat





About Us
Terms and s
Privacy policy
Partnerships
Ad Upgrade Details
Banner Advertising Details",Vitz,Petrol,black,Car(Hatchback),https://patpat.lk/en/ad/vehicle/toyota-vitz-2017-270183
Negotiable,"150,000",1500,Automatic,Toyota,2013,"About
                            patpat





About Us
Terms and s
Privacy policy
Partnerships
Ad Upgrade Details
Banner Advertising Details",Premio,Hybrid,maroon,Car(Saloon),https://patpat.lk/en/ad/vehicle/toyota-premio-2013-270176
Negotiable,0,1200,Automatic,Toyota,2025,"About
                            patpat





About Us
Terms and s
Privacy policy
Partnerships
Ad Upgrade Details
Banner Advertising Details",Yaris,Petrol,gray,Car(Hatchback),https://patpat.lk/en/ad/vehicle/toyota-yaris-2025-270175
Negotiable,"110,000",1000,Automatic,Toyota,2008,"About
                            patpat





About Us
Terms and s
Privacy policy
Partnerships
Ad Upgrade Details
Banner Advertising Details",Passo,Petrol,maroon,Car(),https://patpat.lk/en/ad/vehicle/toyota-passo-2008-270161
"5,550,000","162,000",1300,Automatic,Toyota,2007,"About
                            patpat





About Us
Terms and s
Privacy policy
Partnerships
Ad Upgrade Details
Banner Advertising Details",Belta,Petrol,red,Car(Saloon),https://patpat.lk/en/ad/vehicle/toyota-belta-2007-270131
"10,500,000","180,000",1500,Automatic,Toyota,2013,"About
                            patpat





About Us
Terms and s
Privacy policy
Partnerships
Ad Upgrade Details
Banner Advertising Details",Premio,Hybrid,white,Car(Saloon),https://patpat.lk/en/ad/vehicle/toyota-premio-2013-270115
"5,275,000","110,000",1000,Automatic,Toyota,2010,"About
                            patpat





About Us
Terms and s
Privacy policy
Partnerships
Ad Upgrade Details
Banner Advertising Details",Passo,Petrol,red,Car(Hatchback),https://patpat.lk/en/ad/vehicle/toyota-passo-2010-270102
"2,175,000","179,500",1800,Manual,Toyota,1991,"About
                            patpat





About Us
Terms and s
Privacy policy
Partnerships
Ad Upgrade Details
Banner Advertising Details",Corolla,Diesel,white,Car(Liftback),https://patpat.lk/en/ad/vehicle/toyota-corolla-1991-270089
Negotiable,0,1500,Automatic,Toyota,2007,"About
                            patpat





About Us
Terms and s
Privacy policy
Partnerships
Ad Upgrade Details
Banner Advertising Details",Axio,Petrol,purple,Car(Saloon),https://patpat.lk/en/ad/vehicle/toyota-axio-2007-270057
Negotiable,"110,000",1500,Automatic,Toyota,2001,"About
                            patpat





About Us
Terms and s
Privacy policy
Partnerships
Ad Upgrade Details
Banner Advertising Details",Carina,Petrol,beige,Car(Hatchback),https://patpat.lk/en/ad/vehicle/toyota-carina-2001-269967
Negotiable,"200,000",1796,Automatic,Toyota,2004,"About
                            patpat





About Us
Terms and s
Privacy policy
Partnerships
Ad Upgrade Details
Banner Advertising Details",Allion,Petrol,red,Car(Liftback),https://patpat.lk/en/ad/vehicle/toyota-allion-2004-269968
Negotiable,"224,000",2000,Automatic,Toyota,1996,"About
                            patpat





About Us
Terms and s
Privacy policy
Partnerships
Ad Upgrade Details
Banner Advertising Details",Corolla,Diesel,white,Car(),https://patpat.lk/en/ad/vehicle/toyota-corolla-1996-270053
Negotiable,"157,000",1500,Automatic,Toyota,2001,"About
                            patpat





About Us
Terms and s
Privacy policy
Partnerships
Ad Upgrade Details
Banner Advertising Details",Allion,Petrol,black,Car(Sedan),https://patpat.lk/en/ad/vehicle/toyota-allion-2001-269841
"9,200,000","145,000",1500,Automatic,Toyota,2016,"About
                            patpat





About Us
Terms and s
Privacy policy
Partnerships
Ad Upgrade Details
Banner Advertising Details",Axio,Petrol,maroon,Car(Sedan),https://patpat.lk/en/ad/vehicle/toyota-axio-2016-269999
"14,500,000","76,000",1500,Automatic,Toyota,2018,"About
                            patpat





About Us
Terms and s
Privacy policy
Partnerships
Ad Upgrade Details
Banner Advertising Details",Premio,Petrol,silver,Car(Sedan),https://patpat.lk/en/ad/vehicle/toyota-premio-2018-269937
"10,150,000",0,1000,Automatic,Toyota,2023,"About
                            patpat





About Us
Terms and s
Privacy policy
Partnerships
Ad Upgrade Details
Banner Advertising Details",Yaris,Petrol,white,Car(Hatchback),https://patpat.lk/en/ad/vehicle/toyota-yaris-2023-269992
"10,250,000",0,1000,Automatic,Toyota,2023,"About
                            patpat





About Us
Terms and s
Privacy policy
Partnerships
Ad Upgrade Details
Banner Advertising Details",Yaris,Petrol,white,Car(Hatchback),https://patpat.lk/en/ad/vehicle/toyota-yaris-2023-269995
"6,500,000","300,100",1500,Automatic,Toyota,2008,"About
                            patpat





About Us
Terms and s
Privacy policy
Partnerships
Ad Upgrade Details
Banner Advertising Details",Prius,Hybrid,green,Car(Sedan),https://patpat.lk/en/ad/vehicle/toyota-prius-2008-269936
"9,000,000",N/A,N/A,"Automatic



Manual



Other



Tiptronic",,N/A,"About
                            patpat





About Us
Terms and s
Privacy policy
Partnerships
Ad Upgrade Details
Banner Advertising Details",,"Diesel



Electric



Hybrid



Petrol",N/A,"Bike



Bus



Car



Heavy



Land



SUV



Three wheeler



Truck



Van



Pick-up 



Multi Purpose",https://patpat.lk/en/sri-lanka/vehicle/car/toyota?page=63
Negotiable,"31,000",1200,Automatic,Toyota,2019,"About
                            patpat





About Us
Terms and s
Privacy policy
Partnerships
Ad Upgrade Details
Banner Advertising Details",Yaris Ativ,Petrol,white,Car(Sedan),https://patpat.lk/en/ad/vehicle/toyota-yaris-ativ-2019-269912
"6,000,000","1,780,000",1300,Automatic,Toyota,2007,"About
                            patpat





About Us
Terms and s
Privacy policy
Partnerships
Ad Upgrade Details
Banner Advertising Details",Yaris,Petrol,gray,Car(Hatchback),https://patpat.lk/en/ad/vehicle/toyota-yaris-2007-269859
"9,000,000","139,291",1500,Automatic,Toyota,2015,"About
                            patpat





About Us
Terms and s
Privacy policy
Partnerships
Ad Upgrade Details
Banner Advertising Details",Aqua,Hybrid,white,Car(Hatchback),https://patpat.lk/en/ad/vehicle/toyota-aqua-2015-269868
"11,900,000","143,800",496,Automatic,Toyota,2017,"About
                            patpat





About Us
Terms and s
Privacy policy
Partnerships
Ad Upgrade Details
Banner Advertising Details",Axio,Hybrid,white,Car(Saloon),https://patpat.lk/en/ad/vehicle/toyota-axio-2017-269878
Negotiable,"188,000",1798,Automatic,Toyota,2010,"About
                            patpat





About Us
Terms and s
Privacy policy
Partnerships
Ad Upgrade Details
Banner Advertising Details",Prius,Petrol,blue,Car(Sedan),https://patpat.lk/en/ad/vehicle/toyota-prius-2010-269833
"5,350,000","132,000",1000,Automatic,Toyota,2007,"About
                            patpat





About Us
Terms and s
Privacy policy
Partnerships
Ad Upgrade Details
Banner Advertising Details",Vitz,Petrol,blue,Car(Hatchback),https://patpat.lk/en/ad/vehicle/toyota-vitz-2007-269784
Negotiable,"108,500",1000,Automatic,Toyota,2018,"About
                            patpat





About Us
Terms and s
Privacy policy
Partnerships
Ad Upgrade Details
Banner Advertising Details",Vitz,Petrol,black,Car(Hatchback),https://patpat.lk/en/ad/vehicle/toyota-vitz-2018-269770
"7,450,000","160,000",1500,Automatic,Toyota,2014,"About
                            patpat





About Us
Terms and s
Privacy policy
Partnerships
Ad Upgrade Details
Banner Advertising Details",Aqua,Petrol,red,Car(Liftback),https://patpat.lk/en/ad/vehicle/toyota-aqua-2014-269844
"18,200,000","28,700",1500,Automatic,Toyota,2019,"About
                            patpat





About Us
Terms and s
Privacy policy
Partnerships
Ad Upgrade Details
Banner Advertising Details",Premio,Petrol,white,Car(),https://patpat.lk/en/ad/vehicle/toyota-premio-2019-269679
"8,350,000","56,000",1000,Automatic,Toyota,2018,"About
                            patpat





About Us
Terms and s
Privacy policy
Partnerships
Ad Upgrade Details
Banner Advertising Details",Vitz,Petrol,white,Car(),https://patpat.lk/en/ad/vehicle/toyota-vitz-2018-269672
"11,250,000",0,1000,Automatic,Toyota,2014,"About
                            patpat





About Us
Terms and s
Privacy policy
Partnerships
Ad Upgrade Details
Banner Advertising Details",Premio,Petrol,maroon,Car(Hatchback),https://patpat.lk/en/ad/vehicle/toyota-premio-2014-269670
Negotiable,"1,700",160000,Automatic,Toyota,2011,"About
                            patpat





About Us
Terms and s
Privacy policy
Partnerships
Ad Upgrade Details
Banner Advertising Details",Prius,Petrol,red,Car(Liftback),https://patpat.lk/en/ad/vehicle/toyota-prius-2011-269810
Negotiable,"97,000",1000,Automatic,Toyota,2016,"About
                            patpat





About Us
Terms and s
Privacy policy
Partnerships
Ad Upgrade Details
Banner Advertising Details",Vitz,Petrol,black,Car(Hatchback),https://patpat.lk/en/ad/vehicle/toyota-vitz-2016-269802
Negotiable,"36,200",1500,Automatic,Toyota,2019,"About
                            patpat





About Us
Terms and s
Privacy policy
Partnerships
Ad Upgrade Details
Banner Advertising Details",Vitz,Petrol,silver,Car(Hatchback),https://patpat.lk/en/ad/vehicle/toyota-vitz-2019-269823
"3,400,000","220,000",1500,Automatic,Toyota,1995,"About
                            patpat





About Us
Terms and s
Privacy policy
Partnerships
Ad Upgrade Details
Banner Advertising Details",Sprinter,Petrol,green,Car(Sedan),https://patpat.lk/en/ad/vehicle/toyota-sprinter-1995-269798
"7,450,000","180,000",1500,Automatic,Toyota,2013,"About
                            patpat





About Us
Terms and s
Privacy policy
Partnerships
Ad Upgrade Details
Banner Advertising Details",Aqua,Petrol,silver,Car(Hatchback),https://patpat.lk/en/ad/vehicle/toyota-aqua-2013-269760
Negotiable,"150,000",1300,Automatic,Toyota,2015,"About
                            patpat





About Us
Terms and s
Privacy policy
Partnerships
Ad Upgrade Details
Banner Advertising Details",Axio,Petrol,maroon,Car(Saloon),https://patpat.lk/en/ad/vehicle/toyota-axio-2015-269687
"3,250,000","97,500",1500,Automatic,Toyota,2000,"About
                            patpat





About Us
Terms and s
Privacy policy
Partnerships
Ad Upgrade Details
Banner Advertising Details",Corolla,Petrol,white,Car(Saloon),https://patpat.lk/en/ad/vehicle/toyota-corolla-2000-269696
"8,450,000",N/A,N/A,"Automatic



Manual



Other



Tiptronic",,N/A,"About
                            patpat





About Us
Terms and s
Privacy policy
Partnerships
Ad Upgrade Details
Banner Advertising Details",,"Diesel



Electric



Hybrid



Petrol",N/A,"Bike



Bus



Car



Heavy



Land



SUV



Three wheeler



Truck



Van



Pick-up 



Multi Purpose",https://patpat.lk/en/sri-lanka/vehicle/car/toyota?page=64
Negotiable,"1,670,000",1800,Automatic,Toyota,2013,"About
                            patpat





About Us
Terms and s
Privacy policy
Partnerships
Ad Upgrade Details
Banner Advertising Details",Prius,Petrol,white,Car(Hatchback),https://patpat.lk/en/ad/vehicle/toyota-prius-2013-269642
Negotiable,"98,000",1400,Automatic,Toyota,2012,"About
                            patpat





About Us
Terms and s
Privacy policy
Partnerships
Ad Upgrade Details
Banner Advertising Details",Prius,Petrol,gray,Car(Hatchback),https://patpat.lk/en/ad/vehicle/toyota-prius-2012-269569
"12,700,000","231,500",1490,Automatic,Toyota,2016,"About
                            patpat





About Us
Terms and s
Privacy policy
Partnerships
Ad Upgrade Details
Banner Advertising Details",Allion,Petrol,red,Car(),https://patpat.lk/en/ad/vehicle/toyota-allion-2016-269604
Negotiable,"180,000",1300,Automatic,Toyota,2011,"About
                            patpat





About Us
Terms and s
Privacy policy
Partnerships
Ad Upgrade Details
Banner Advertising Details",Prius,Hybrid,blue,Car(Sedan),https://patpat.lk/en/ad/vehicle/toyota-prius-2011-269555
Negotiable,0,999,Automatic,Toyota,2023,"About
                            patpat





About Us
Terms and s
Privacy policy
Partnerships
Ad Upgrade Details
Banner Advertising Details",Yaris,Petrol,white,Car(Liftback),https://patpat.lk/en/ad/vehicle/toyota-yaris-2023-269537
"6,500,000","140,000",1000,Automatic,Toyota,2008,"About
                            patpat





About Us
Terms and s
Privacy policy
Partnerships
Ad Upgrade Details
Banner Advertising Details",Yaris,Petrol,black,Car(Convertible),https://patpat.lk/en/ad/vehicle/toyota-yaris-2008-269498
"9,000,000",0,1000,Automatic,Toyota,2024,"About
                            patpat





About Us
Terms and s
Privacy policy
Partnerships
Ad Upgrade Details
Banner Advertising Details",Yaris,Petrol,white,Car(Convertible),https://patpat.lk/en/ad/vehicle/toyota-yaris-2024-269491
"7,900,000","101,000",660,Automatic,Toyota,2014,"About
                            patpat





About Us
Terms and s
Privacy policy
Partnerships
Ad Upgrade Details
Banner Advertising Details",Aqua,Petrol,silver,Car(Hatchback),https://patpat.lk/en/ad/vehicle/toyota-aqua-2014-269523
Negotiable,0,1496,Automatic,Toyota,2025,"About
                            patpat





About Us
Terms and s
Privacy policy
Partnerships
Ad Upgrade Details
Banner Advertising Details",Axio,Hybrid,silver,Car(Saloon),https://patpat.lk/en/ad/vehicle/toyota-axio-2025-269364
"7,700,000","72,000",1000,Tiptronic,Toyota,2017,"About
                            patpat





About Us
Terms and s
Privacy policy
Partnerships
Ad Upgrade Details
Banner Advertising Details",Vitz,Petrol,silver,Car(Hatchback),https://patpat.lk/en/ad/vehicle/toyota-vitz-2017-269350
"7,790,000","135,000",1500,Automatic,Toyota,2013,"About
                            patpat





About Us
Terms and s
Privacy policy
Partnerships
Ad Upgrade Details
Banner Advertising Details",Aqua,Petrol,black,Car(Hatchback),https://patpat.lk/en/ad/vehicle/toyota-aqua-2013-269361
"10,700,000",300,800,Automatic,Toyota,2025,"About
                            patpat





About Us
Terms and s
Privacy policy
Partnerships
Ad Upgrade Details
Banner Advertising Details",Yaris,Petrol,blue,Car(Hatchback),https://patpat.lk/en/ad/vehicle/toyota-yaris-2025-269343
Negotiable,"96,000",1500,Automatic,Toyota,2011,"About
                            patpat





About Us
Terms and s
Privacy policy
Partnerships
Ad Upgrade Details
Banner Advertising Details",Allion,Petrol,maroon,Car(Sedan),https://patpat.lk/en/ad/vehicle/toyota-allion-2011-269315
"8,000,000","175,000",1490,Automatic,Toyota,2014,"About
                            patpat





About Us
Terms and s
Privacy policy
Partnerships
Ad Upgrade Details
Banner Advertising Details",Aqua,Hybrid,silver,Car(Hatchback),https://patpat.lk/en/ad/vehicle/toyota-aqua-2014-269289
"6,800,000","192,000",1496,Automatic,Toyota,2007,"About
                            patpat





About Us
Terms and s
Privacy policy
Partnerships
Ad Upgrade Details
Banner Advertising Details",Axio,Petrol,silver,Car(Sedan),https://patpat.lk/en/ad/vehicle/toyota-axio-2007-269294
"7,700,000","130,000",1490,Automatic,Toyota,2013,"About
                            patpat





About Us
Terms and s
Privacy policy
Partnerships
Ad Upgrade Details
Banner Advertising Details",Aqua,Hybrid,black,Car(Hatchback),https://patpat.lk/en/ad/vehicle/toyota-aqua-2013-269301
"6,300,000","95,000",1300,Automatic,Toyota,2006,"About
                            patpat





About Us
Terms and s
Privacy policy
Partnerships
Ad Upgrade Details
Banner Advertising Details",Yaris,Petrol,black,Car(),https://patpat.lk/en/ad/vehicle/toyota-yaris-2006-269249
"7,800,000","110,000",1490,Automatic,Toyota,2015,"About
                            patpat





About Us
Terms and s
Privacy policy
Partnerships
Ad Upgrade Details
Banner Advertising Details",Aqua,Petrol,silver,Car(Liftback),https://patpat.lk/en/ad/vehicle/toyota-aqua-2015-269262
"10,600,000","141,000",1500,Automatic,Toyota,2013,"About
                            patpat





About Us
Terms and s
Privacy policy
Partnerships
Ad Upgrade Details
Banner Advertising Details",Premio,Hybrid,maroon,Car(Sedan),https://patpat.lk/en/ad/vehicle/toyota-premio-2013-269218
"8,250,000","220,000",1000,Automatic,Toyota,2018,"About
                            patpat





About Us
Terms and s
Privacy policy
Partnerships
Ad Upgrade Details
Banner Advertising Details",Vitz,Petrol,white,Car(Hatchback),https://patpat.lk/en/ad/vehicle/toyota-vitz-2018-269208
"5,600,000",N/A,N/A,"Automatic



Manual



Other



Tiptronic",,N/A,"About
                            patpat





About Us
Terms and s
Privacy policy
Partnerships
Ad Upgrade Details
Banner Advertising Details",,"Diesel



Electric



Hybrid



Petrol",N/A,"Bike



Bus



Car



Heavy



Land



SUV



Three wheeler



Truck



Van



Pick-up 



Multi Purpose",https://patpat.lk/en/sri-lanka/vehicle/car/toyota?page=65
"9,500,000","145,000",1500,Automatic,Toyota,2013,"About
                            patpat





About Us
Terms and s
Privacy policy
Partnerships
Ad Upgrade Details
Banner Advertising Details",Premio,Petrol,black,Car(Saloon),https://patpat.lk/en/ad/vehicle/toyota-premio-2013-269205
"8,800,000","160,000",1800,Automatic,Toyota,2012,"About
                            patpat





About Us
Terms and s
Privacy policy
Partnerships
Ad Upgrade Details
Banner Advertising Details",Prius,Hybrid,silver,Car(Saloon),https://patpat.lk/en/ad/vehicle/toyota-prius-2012-269224
"6,700,000","220,000",1500,Automatic,Toyota,2012,"About
                            patpat





About Us
Terms and s
Privacy policy
Partnerships
Ad Upgrade Details
Banner Advertising Details",Aqua,Petrol,black,Car(Hatchback),https://patpat.lk/en/ad/vehicle/toyota-aqua-2012-269198
Negotiable,"29,000",1000,Automatic,Toyota,2023,"About
                            patpat





About Us
Terms and s
Privacy policy
Partnerships
Ad Upgrade Details
Banner Advertising Details",Yaris,Petrol,silver,Car(Hatchback),https://patpat.lk/en/ad/vehicle/toyota-yaris-2023-269172
Negotiable,0,1000,Automatic,Toyota,2025,"About
                            patpat





About Us
Terms and s
Privacy policy
Partnerships
Ad Upgrade Details
Banner Advertising Details",Yaris,Petrol,blue,Car(Hatchback),https://patpat.lk/en/ad/vehicle/toyota-yaris-2025-269161
Negotiable,"140,000",1000,Automatic,Toyota,2013,"About
                            patpat





About Us
Terms and s
Privacy policy
Partnerships
Ad Upgrade Details
Banner Advertising Details",Aqua,Hybrid,silver,Car(Hatchback),https://patpat.lk/en/ad/vehicle/toyota-aqua-2013-269159
"8,000,000","6,600",660,Automatic,Toyota,2023,"About
                            patpat





About Us
Terms and s
Privacy policy
Partnerships
Ad Upgrade Details
Banner Advertising Details",Passo,Petrol,green,Car(Hatchback),https://patpat.lk/en/ad/vehicle/toyota-passo-2023-269115
"8,450,000","6,600",660,Automatic,Toyota,2023,"About
                            patpat





About Us
Terms and s
Privacy policy
Partnerships
Ad Upgrade Details
Banner Advertising Details",Yaris,Petrol,silver,Car(Hatchback),https://patpat.lk/en/ad/vehicle/toyota-yaris-2023-269129
Negotiable,"29,000",1000,Automatic,Toyota,2023,"About
                            patpat





About Us
Terms and s
Privacy policy
Partnerships
Ad Upgrade Details
Banner Advertising Details",Yaris,Petrol,white,Car(Hatchback),https://patpat.lk/en/ad/vehicle/toyota-yaris-2023-269126
"12,275,000","81,719",1500,Automatic,Toyota,2018,"About
                            patpat





About Us
Terms and s
Privacy policy
Partnerships
Ad Upgrade Details
Banner Advertising Details",Axio,Hybrid,red,Car(Sedan),https://patpat.lk/en/ad/vehicle/toyota-axio-2018-269090
"6,450,000","174,000",1600,Automatic,Toyota,2008,"About
                            patpat





About Us
Terms and s
Privacy policy
Partnerships
Ad Upgrade Details
Banner Advertising Details",Corolla,Petrol,gray,Car(Liftback),https://patpat.lk/en/ad/vehicle/toyota-corolla-2008-269107
Negotiable,"95,000",1000,Automatic,Toyota,2019,"About
                            patpat





About Us
Terms and s
Privacy policy
Partnerships
Ad Upgrade Details
Banner Advertising Details",Passo,Petrol,black,Car(Hatchback),https://patpat.lk/en/ad/vehicle/toyota-passo-2019-269057
"9,200,000","200,000",1500,Automatic,Toyota,2012,"About
                            patpat





About Us
Terms and s
Privacy policy
Partnerships
Ad Upgrade Details
Banner Advertising Details",Prius,Hybrid,white,Car(Hatchback),https://patpat.lk/en/ad/vehicle/toyota-prius-2012-269026
"9,500,000","145,000",1500,Automatic,Toyota,2013,"About
                            patpat





About Us
Terms and s
Privacy policy
Partnerships
Ad Upgrade Details
Banner Advertising Details",Premio,Petrol,maroon,Car(Hatchback),https://patpat.lk/en/ad/vehicle/toyota-premio-2013-269048
"9,600,000","145,000",1500,Automatic,Toyota,2016,"About
                            patpat





About Us
Terms and s
Privacy policy
Partnerships
Ad Upgrade Details
Banner Advertising Details",Axio,Petrol,maroon,Car(Sedan),https://patpat.lk/en/ad/vehicle/toyota-axio-2016-269051
Negotiable,"160,000",1300,Automatic,Toyota,2013,"About
                            patpat





About Us
Terms and s
Privacy policy
Partnerships
Ad Upgrade Details
Banner Advertising Details",Prius,Hybrid,black,Car(Sedan),https://patpat.lk/en/ad/vehicle/toyota-prius-2013-269052
"5,490,000","200,000",996,Automatic,Toyota,2008,"About
                            patpat





About Us
Terms and s
Privacy policy
Partnerships
Ad Upgrade Details
Banner Advertising Details",Passo,Petrol,red,Car(Hatchback),https://patpat.lk/en/ad/vehicle/toyota-passo-2008-269044
Negotiable,"13,000",996,Automatic,Toyota,2023,"About
                            patpat





About Us
Terms and s
Privacy policy
Partnerships
Ad Upgrade Details
Banner Advertising Details",Yaris,Petrol,black,Car(Hatchback),https://patpat.lk/en/ad/vehicle/toyota-yaris-2023-269042
"7,800,000","150,000",1500,Automatic,Toyota,2013,"About
                            patpat





About Us
Terms and s
Privacy policy
Partnerships
Ad Upgrade Details
Banner Advertising Details",Aqua,Hybrid,gray,Car(Hatchback),https://patpat.lk/en/ad/vehicle/toyota-aqua-2013-268977
"9,450,000","150,000",1500,Automatic,Toyota,2015,"About
                            patpat





About Us
Terms and s
Privacy policy
Partnerships
Ad Upgrade Details
Banner Advertising Details",Axio,Hybrid,white,Car(Sedan),https://patpat.lk/en/ad/vehicle/toyota-axio-2015-268961
"9,700,000",N/A,N/A,"Automatic



Manual



Other



Tiptronic",,N/A,"About
                            patpat





About Us
Terms and s
Privacy policy
Partnerships
Ad Upgrade Details
Banner Advertising Details",,"Diesel



Electric



Hybrid



Petrol",N/A,"Bike



Bus



Car



Heavy



Land



SUV



Three wheeler



Truck



Van



Pick-up 



Multi Purpose",https://patpat.lk/en/sri-lanka/vehicle/car/toyota?page=66
Negotiable,"76,000",1500,Automatic,Toyota,2018,"About
                            patpat





About Us
Terms and s
Privacy policy
Partnerships
Ad Upgrade Details
Banner Advertising Details",Axio,Hybrid,red,Car(Sedan),https://patpat.lk/en/ad/vehicle/toyota-axio-2018-268983
Negotiable,"135,000",1300,Automatic,Toyota,2007,"About
                            patpat





About Us
Terms and s
Privacy policy
Partnerships
Ad Upgrade Details
Banner Advertising Details",Belta,Petrol,silver,Car(Sedan),https://patpat.lk/en/ad/vehicle/toyota-belta-2007-268954
"9,775,000","264,000",1800,Automatic,Toyota,2013,"About
                            patpat





About Us
Terms and s
Privacy policy
Partnerships
Ad Upgrade Details
Banner Advertising Details",Prius,Hybrid,black,Car(Sedan),https://patpat.lk/en/ad/vehicle/toyota-prius-2013-268940
"5,590,000","126,000",1500,Automatic,Toyota,2001,"About
                            patpat





About Us
Terms and s
Privacy policy
Partnerships
Ad Upgrade Details
Banner Advertising Details",Corolla,Petrol,maroon,Car(Liftback),https://patpat.lk/en/ad/vehicle/toyota-corolla-2001-268947
Negotiable,"83,000",1400,Automatic,Toyota,2018,"About
                            patpat





About Us
Terms and s
Privacy policy
Partnerships
Ad Upgrade Details
Banner Advertising Details",Vitz,Petrol,red,Car(Hatchback),https://patpat.lk/en/ad/vehicle/toyota-vitz-2018-268896
Negotiable,"125,000",1500,Automatic,Toyota,2006,"About
                            patpat





About Us
Terms and s
Privacy policy
Partnerships
Ad Upgrade Details
Banner Advertising Details",Mark II,Petrol,black,Car(Sedan),https://patpat.lk/en/ad/vehicle/toyota-mark-ii-2006-268871
"7,350,000","175,000",1900,Automatic,Toyota,2014,"About
                            patpat





About Us
Terms and s
Privacy policy
Partnerships
Ad Upgrade Details
Banner Advertising Details",Aqua,Hybrid,yellow,Car(Liftback),https://patpat.lk/en/ad/vehicle/toyota-aqua-2014-268827
"5,600,000","118,500",1300,Automatic,Toyota,2010,"About
                            patpat





About Us
Terms and s
Privacy policy
Partnerships
Ad Upgrade Details
Banner Advertising Details",Vitz,Petrol,blue,Car(Hatchback),https://patpat.lk/en/ad/vehicle/toyota-vitz-2010-268807
Negotiable,0,1496,Automatic,Toyota,2007,"About
                            patpat





About Us
Terms and s
Privacy policy
Partnerships
Ad Upgrade Details
Banner Advertising Details",Allion,Petrol,silver,Car(Sedan),https://patpat.lk/en/ad/vehicle/toyota-allion-2007-268742
"6,950,000","195,000",1500,Automatic,Toyota,2008,"About
                            patpat





About Us
Terms and s
Privacy policy
Partnerships
Ad Upgrade Details
Banner Advertising Details",Axio,Petrol,white,Car(Saloon),https://patpat.lk/en/ad/vehicle/toyota-axio-2008-268732
"8,400,000","143,000",1500,Automatic,Toyota,2014,"About
                            patpat





About Us
Terms and s
Privacy policy
Partnerships
Ad Upgrade Details
Banner Advertising Details",Axio,Petrol,maroon,Car(Hatchback),https://patpat.lk/en/ad/vehicle/toyota-axio-2014-268602
"7,500,000","104,500",1000,Automatic,Toyota,2017,"About
                            patpat





About Us
Terms and s
Privacy policy
Partnerships
Ad Upgrade Details
Banner Advertising Details",Vitz,Petrol,black,Car(Hatchback),https://patpat.lk/en/ad/vehicle/toyota-vitz-2017-268546
"7,500,000","151,000",1000,Automatic,Toyota,2014,"About
                            patpat





About Us
Terms and s
Privacy policy
Partnerships
Ad Upgrade Details
Banner Advertising Details",Aqua,Petrol,white,Car(Hatchback),https://patpat.lk/en/ad/vehicle/toyota-aqua-2014-268550
"9,300,000","161,000",1500,Automatic,Toyota,2015,"About
                            patpat





About Us
Terms and s
Privacy policy
Partnerships
Ad Upgrade Details
Banner Advertising Details",Axio,Petrol,white,Car(Liftback),https://patpat.lk/en/ad/vehicle/toyota-axio-2015-268549
Negotiable,"150,000",1500,Automatic,Toyota,2016,"About
                            patpat





About Us
Terms and s
Privacy policy
Partnerships
Ad Upgrade Details
Banner Advertising Details",Premio,Petrol,white,Car(Saloon),https://patpat.lk/en/ad/vehicle/toyota-premio-2016-268021
Negotiable,"175,000",1300,Automatic,Toyota,2008,"About
                            patpat





About Us
Terms and s
Privacy policy
Partnerships
Ad Upgrade Details
Banner Advertising Details",Corolla,Petrol,gray,Car(Hatchback),https://patpat.lk/en/ad/vehicle/toyota-corolla-2008-268169
Negotiable,0,1000,Automatic,Toyota,2007,"About
                            patpat





About Us
Terms and s
Privacy policy
Partnerships
Ad Upgrade Details
Banner Advertising Details",Passo,Petrol,green,Car(Hatchback),https://patpat.lk/en/ad/vehicle/toyota-passo-2007-268474
"8,800,000","220,000",1500,Automatic,Toyota,2010,"About
                            patpat





About Us
Terms and s
Privacy policy
Partnerships
Ad Upgrade Details
Banner Advertising Details",Allion,Petrol,black,Car(Sedan),https://patpat.lk/en/ad/vehicle/toyota-allion-2010-268329
"9,200,000","160,000",1790,Automatic,Toyota,2012,"About
                            patpat





About Us
Terms and s
Privacy policy
Partnerships
Ad Upgrade Details
Banner Advertising Details",Prius,Petrol,white,Car(Hatchback),https://patpat.lk/en/ad/vehicle/toyota-prius-2012-268456
Negotiable,0,1300,Automatic,Toyota,2007,"About
                            patpat





About Us
Terms and s
Privacy policy
Partnerships
Ad Upgrade Details
Banner Advertising Details",Passo,Petrol,white,Car(Hatchback),https://patpat.lk/en/ad/vehicle/toyota-passo-2007-268473
Negotiable,N/A,N/A,"Automatic



Manual



Other



Tiptronic",,N/A,"About
                            patpat





About Us
Terms and s
Privacy policy
Partnerships
Ad Upgrade Details
Banner Advertising Details",,"Diesel



Electric



Hybrid



Petrol",N/A,"Bike



Bus



Car



Heavy



Land



SUV



Three wheeler



Truck



Van



Pick-up 



Multi Purpose",https://patpat.lk/en/sri-lanka/vehicle/car/toyota?page=67
"6,975,000","203,809",1500,Automatic,Toyota,2013,"About
                            patpat





About Us
Terms and s
Privacy policy
Partnerships
Ad Upgrade Details
Banner Advertising Details",Aqua,Petrol,black,Car(Hatchback),https://patpat.lk/en/ad/vehicle/toyota-aqua-2013-268468
Negotiable,"98,000",1798,Automatic,Toyota,2012,"About
                            patpat





About Us
Terms and s
Privacy policy
Partnerships
Ad Upgrade Details
Banner Advertising Details",Prius,Petrol,silver,Car(Hatchback),https://patpat.lk/en/ad/vehicle/toyota-prius-2012-268458
Negotiable,0,1500,Automatic,Toyota,2013,"About
                            patpat





About Us
Terms and s
Privacy policy
Partnerships
Ad Upgrade Details
Banner Advertising Details",Aqua,Hybrid,blue,Car(Hatchback),https://patpat.lk/en/ad/vehicle/toyota-aqua-2013-268475
"5,375,000","172,025",1800,Automatic,Toyota,1997,"About
                            patpat





About Us
Terms and s
Privacy policy
Partnerships
Ad Upgrade Details
Banner Advertising Details",Carina,Petrol,silver,Car(),https://patpat.lk/en/ad/vehicle/toyota-carina-1997-268445
Negotiable,"135,000",1500,Automatic,Toyota,2008,"About
                            patpat





About Us
Terms and s
Privacy policy
Partnerships
Ad Upgrade Details
Banner Advertising Details",Prius,Petrol,white,Car(Saloon),https://patpat.lk/en/ad/vehicle/toyota-prius-2008-268289
"14,700,000","92,000",1500,Automatic,Toyota,2018,"About
                            patpat





About Us
Terms and s
Privacy policy
Partnerships
Ad Upgrade Details
Banner Advertising Details",Premio,Petrol,white,Car(Hatchback),https://patpat.lk/en/ad/vehicle/toyota-premio-2018-268297
"9,350,000","130,000",1496,Automatic,Toyota,2016,"About
                            patpat





About Us
Terms and s
Privacy policy
Partnerships
Ad Upgrade Details
Banner Advertising Details",Axio,Petrol,white,Car(Sedan),https://patpat.lk/en/ad/vehicle/toyota-axio-2016-268418
"9,700,000",0,1500,Automatic,Toyota,2024,"About
                            patpat





About Us
Terms and s
Privacy policy
Partnerships
Ad Upgrade Details
Banner Advertising Details",Yaris,Petrol,blue,Car(Hatchback),https://patpat.lk/en/ad/vehicle/toyota-yaris-2024-268405
"9,600,000","150,000",1797,Automatic,Toyota,2012,"About
                            patpat





About Us
Terms and s
Privacy policy
Partnerships
Ad Upgrade Details
Banner Advertising Details",Prius,Hybrid,red,Car(Hatchback),https://patpat.lk/en/ad/vehicle/toyota-prius-2012-268384
"17,600,000","6,500",1496,Automatic,Toyota,2022,"About
                            patpat





About Us
Terms and s
Privacy policy
Partnerships
Ad Upgrade Details
Banner Advertising Details",Corolla,Petrol,white,Car(Saloon),https://patpat.lk/en/ad/vehicle/toyota-corolla-2022-268355
"17,600,000","7,500",1496,Automatic,Toyota,2022,"About
                            patpat





About Us
Terms and s
Privacy policy
Partnerships
Ad Upgrade Details
Banner Advertising Details",Corolla,Petrol,white,Car(Saloon),https://patpat.lk/en/ad/vehicle/toyota-corolla-2022-268336
"6,200,000","1,000",1400,Automatic,Toyota,2007,"About
                            patpat





About Us
Terms and s
Privacy policy
Partnerships
Ad Upgrade Details
Banner Advertising Details",Axio,Petrol,green,Car(Saloon),https://patpat.lk/en/ad/vehicle/toyota-axio-2007-268326
Negotiable,"135,238",1000,Automatic,Toyota,2011,"About
                            patpat





About Us
Terms and s
Privacy policy
Partnerships
Ad Upgrade Details
Banner Advertising Details",Vitz,Petrol,other,Car(Hatchback),https://patpat.lk/en/ad/vehicle/toyota-vitz-2011-268265
"13,500,000","107,000",1500,Automatic,Toyota,2018,"About
                            patpat





About Us
Terms and s
Privacy policy
Partnerships
Ad Upgrade Details
Banner Advertising Details",Axio,Hybrid,white,Car(Sedan),https://patpat.lk/en/ad/vehicle/toyota-axio-2018-268292
"6,850,000","169,000",1500,Automatic,Toyota,2013,"About
                            patpat





About Us
Terms and s
Privacy policy
Partnerships
Ad Upgrade Details
Banner Advertising Details",Aqua,Petrol,blue,Car(Hatchback),https://patpat.lk/en/ad/vehicle/toyota-aqua-2013-268282
"9,400,000",0,1500,Automatic,Toyota,2016,"About
                            patpat





About Us
Terms and s
Privacy policy
Partnerships
Ad Upgrade Details
Banner Advertising Details",Axio,Petrol,white,Car(Liftback),https://patpat.lk/en/ad/vehicle/toyota-axio-2016-268283
"11,300,000","108,000",1500,Automatic,Toyota,2016,"About
                            patpat





About Us
Terms and s
Privacy policy
Partnerships
Ad Upgrade Details
Banner Advertising Details",Axio,Petrol,maroon,Car(Saloon),https://patpat.lk/en/ad/vehicle/toyota-axio-2016-268254
Negotiable,0,1000,Automatic,Toyota,2008,"About
                            patpat





About Us
Terms and s
Privacy policy
Partnerships
Ad Upgrade Details
Banner Advertising Details",Corolla,Petrol,other,Car(Saloon),https://patpat.lk/en/ad/vehicle/toyota-corolla-2008-268162
"11,350,000","120,000",1500,Automatic,Toyota,2014,"About
                            patpat





About Us
Terms and s
Privacy policy
Partnerships
Ad Upgrade Details
Banner Advertising Details",Prius,Hybrid,white,Car(Convertible),https://patpat.lk/en/ad/vehicle/toyota-prius-2014-268250
"6,950,000","140,000",1490,Automatic,Toyota,2008,"About
                            patpat





About Us
Terms and s
Privacy policy
Partnerships
Ad Upgrade Details
Banner Advertising Details",Axio,Petrol,blue,Car(Hatchback),https://patpat.lk/en/ad/vehicle/toyota-axio-2008-268243
Negotiable,N/A,N/A,"Automatic



Manual



Other



Tiptronic",,N/A,"About
                            patpat





About Us
Terms and s
Privacy policy
Partnerships
Ad Upgrade Details
Banner Advertising Details",,"Diesel



Electric



Hybrid



Petrol",N/A,"Bike



Bus



Car



Heavy



Land



SUV



Three wheeler



Truck



Van



Pick-up 



Multi Purpose",https://patpat.lk/en/sri-lanka/vehicle/car/toyota?page=68
Negotiable,"205,000",1500,Automatic,Toyota,2010,"About
                            patpat





About Us
Terms and s
Privacy policy
Partnerships
Ad Upgrade Details
Banner Advertising Details",Premio,Petrol,maroon,Car(Sedan),https://patpat.lk/en/ad/vehicle/toyota-premio-2010-268201
Negotiable,"148,000",1500,Automatic,Toyota,2011,"About
                            patpat





About Us
Terms and s
Privacy policy
Partnerships
Ad Upgrade Details
Banner Advertising Details",Prius,Hybrid,white,Car(Hatchback),https://patpat.lk/en/ad/vehicle/toyota-prius-2011-268191
Negotiable,"132,000",1500,Automatic,Toyota,2011,"About
                            patpat





About Us
Terms and s
Privacy policy
Partnerships
Ad Upgrade Details
Banner Advertising Details",Axio,Petrol,silver,Car(Saloon),https://patpat.lk/en/ad/vehicle/toyota-axio-2011-268196
Negotiable,"152,000",1500,Automatic,Toyota,2008,"About
                            patpat





About Us
Terms and s
Privacy policy
Partnerships
Ad Upgrade Details
Banner Advertising Details",Corolla,Petrol,black,Car(Saloon),https://patpat.lk/en/ad/vehicle/toyota-corolla-2008-268186
Negotiable,"140,000",1000,Automatic,Toyota,2008,"About
                            patpat





About Us
Terms and s
Privacy policy
Partnerships
Ad Upgrade Details
Banner Advertising Details",Vitz,Petrol,red,Car(Hatchback),https://patpat.lk/en/ad/vehicle/toyota-vitz-2008-268168
Negotiable,"169,000",1000,Automatic,Toyota,2013,"About
                            patpat





About Us
Terms and s
Privacy policy
Partnerships
Ad Upgrade Details
Banner Advertising Details",Prius,Hybrid,black,Car(Saloon),https://patpat.lk/en/ad/vehicle/toyota-prius-2013-268127
Negotiable,"190,050",1000,Automatic,Toyota,2012,"About
                            patpat





About Us
Terms and s
Privacy policy
Partnerships
Ad Upgrade Details
Banner Advertising Details",Aqua,Petrol,silver,Car(Hatchback),https://patpat.lk/en/ad/vehicle/toyota-aqua-2012-268129
Negotiable,"130,000",998,Automatic,Toyota,2010,"About
                            patpat





About Us
Terms and s
Privacy policy
Partnerships
Ad Upgrade Details
Banner Advertising Details",Vitz,Petrol,black,Car(Liftback),https://patpat.lk/en/ad/vehicle/toyota-vitz-2010-268043
Negotiable,0,1200,Automatic,Toyota,2014,"About
                            patpat





About Us
Terms and s
Privacy policy
Partnerships
Ad Upgrade Details
Banner Advertising Details",Aqua,Hybrid,white,Car(Hatchback),https://patpat.lk/en/ad/vehicle/toyota-aqua-2014-268099
"7,750,000","110,000",1000,Automatic,Toyota,2015,"About
                            patpat





About Us
Terms and s
Privacy policy
Partnerships
Ad Upgrade Details
Banner Advertising Details",Vitz,Petrol,red,Car(Hatchback),https://patpat.lk/en/ad/vehicle/toyota-vitz-2015-268024
"13,450,000","139,000",1500,Automatic,Toyota,2016,"About
                            patpat





About Us
Terms and s
Privacy policy
Partnerships
Ad Upgrade Details
Banner Advertising Details",Allion,Petrol,brown,Car(Sedan),https://patpat.lk/en/ad/vehicle/toyota-allion-2016-268009
"12,275,000","81,719",1500,Automatic,Toyota,2018,"About
                            patpat





About Us
Terms and s
Privacy policy
Partnerships
Ad Upgrade Details
Banner Advertising Details",Axio,Petrol,red,Car(Sedan),https://patpat.lk/en/ad/vehicle/toyota-axio-2018-268011
"10,500,000","117,500",1500,Automatic,Toyota,2015,"About
                            patpat





About Us
Terms and s
Privacy policy
Partnerships
Ad Upgrade Details
Banner Advertising Details",Axio,Hybrid,white,Car(Saloon),https://patpat.lk/en/ad/vehicle/toyota-axio-2015-268019
"7,750,000","110,000",1000,Automatic,Toyota,2015,"About
                            patpat





About Us
Terms and s
Privacy policy
Partnerships
Ad Upgrade Details
Banner Advertising Details",Vitz,Petrol,red,Car(Hatchback),https://patpat.lk/en/ad/vehicle/toyota-vitz-2015-268022
"8,500,000",48,990,Automatic,Toyota,2018,"About
                            patpat





About Us
Terms and s
Privacy policy
Partnerships
Ad Upgrade Details
Banner Advertising Details",Vitz,Petrol,blue,Car(Hatchback),https://patpat.lk/en/ad/vehicle/toyota-vitz-2018-267991
Negotiable,"157,000",1400,Automatic,Toyota,2007,"About
                            patpat





About Us
Terms and s
Privacy policy
Partnerships
Ad Upgrade Details
Banner Advertising Details",Premio,Petrol,maroon,Car(Sedan),https://patpat.lk/en/ad/vehicle/toyota-premio-2007-267990
"8,000,000","205,000",990,Automatic,Toyota,2017,"About
                            patpat





About Us
Terms and s
Privacy policy
Partnerships
Ad Upgrade Details
Banner Advertising Details",Tank,Petrol,red,Car(Hatchback),https://patpat.lk/en/ad/vehicle/toyota-tank-2017-267982
Negotiable,0,1000,Automatic,Toyota,2026,"About
                            patpat





About Us
Terms and s
Privacy policy
Partnerships
Ad Upgrade Details
Banner Advertising Details",Yaris,Petrol,white,Car(Hatchback),https://patpat.lk/en/ad/vehicle/toyota-yaris-2026-267952
"7,400,000","132,300",1500,Automatic,Toyota,2009,"About
                            patpat





About Us
Terms and s
Privacy policy
Partnerships
Ad Upgrade Details
Banner Advertising Details",Belta,Petrol,white,Car(Sedan),https://patpat.lk/en/ad/vehicle/toyota-belta-2009-267880
"8,885,000","140,000",1800,Automatic,Toyota,2007,"About
                            patpat





About Us
Terms and s
Privacy policy
Partnerships
Ad Upgrade Details
Banner Advertising Details",Premio,Petrol,white,Car(Sedan),https://patpat.lk/en/ad/vehicle/toyota-premio-2007-267716
"8,400,000",N/A,N/A,"Automatic



Manual



Other



Tiptronic",,N/A,"About
                            patpat





About Us
Terms and s
Privacy policy
Partnerships
Ad Upgrade Details
Banner Advertising Details",,"Diesel



Electric



Hybrid



Petrol",N/A,"Bike



Bus



Car



Heavy



Land



SUV



Three wheeler



Truck



Van



Pick-up 



Multi Purpose",https://patpat.lk/en/sri-lanka/vehicle/car/toyota?page=69
"5,000,000",0,1000,Automatic,Toyota,2009,"About
                            patpat





About Us
Terms and s
Privacy policy
Partnerships
Ad Upgrade Details
Banner Advertising Details",Vitz,Petrol,blue,Car(Hatchback),https://patpat.lk/en/ad/vehicle/toyota-vitz-2009-267859
"6,850,000","152,000",1000,Automatic,Toyota,2015,"About
                            patpat





About Us
Terms and s
Privacy policy
Partnerships
Ad Upgrade Details
Banner Advertising Details",Vitz,Petrol,black,Car(Hatchback),https://patpat.lk/en/ad/vehicle/toyota-vitz-2015-267861
"1,675,000","134,000",1300,Manual,Toyota,1990,"About
                            patpat





About Us
Terms and s
Privacy policy
Partnerships
Ad Upgrade Details
Banner Advertising Details",Corolla,Petrol,green,Car(Hatchback),https://patpat.lk/en/ad/vehicle/toyota-corolla-1990-267816
"7,500,000","120,000",1490,Automatic,Toyota,2013,"About
                            patpat





About Us
Terms and s
Privacy policy
Partnerships
Ad Upgrade Details
Banner Advertising Details",Aqua,Hybrid,blue,Car(Hatchback),https://patpat.lk/en/ad/vehicle/toyota-aqua-2013-267805
"8,250,000","104,000",1490,Automatic,Toyota,2015,"About
                            patpat





About Us
Terms and s
Privacy policy
Partnerships
Ad Upgrade Details
Banner Advertising Details",Aqua,Hybrid,black,Car(Liftback),https://patpat.lk/en/ad/vehicle/toyota-aqua-2015-267807
Negotiable,"35,000",1000,Automatic,Toyota,2023,"About
                            patpat





About Us
Terms and s
Privacy policy
Partnerships
Ad Upgrade Details
Banner Advertising Details",Yaris,Petrol,white,Car(Hatchback),https://patpat.lk/en/ad/vehicle/toyota-yaris-2023-267776
Negotiable,"11,000",1000,Automatic,Toyota,2022,"About
                            patpat





About Us
Terms and s
Privacy policy
Partnerships
Ad Upgrade Details
Banner Advertising Details",Yaris,Petrol,blue,Car(Hatchback),https://patpat.lk/en/ad/vehicle/toyota-yaris-2022-267779
Negotiable,"20,000",1000,Automatic,Toyota,2023,"About
                            patpat





About Us
Terms and s
Privacy policy
Partnerships
Ad Upgrade Details
Banner Advertising Details",Yaris,Petrol,black,Car(Hatchback),https://patpat.lk/en/ad/vehicle/toyota-yaris-2023-267781
"6,200,000","242,000",1500,Automatic,Toyota,2005,"About
                            patpat





About Us
Terms and s
Privacy policy
Partnerships
Ad Upgrade Details
Banner Advertising Details",Corolla,Petrol,black,Car(Sedan),https://patpat.lk/en/ad/vehicle/toyota-corolla-2005-267771
Negotiable,0,1000,Automatic,Toyota,2019,"About
                            patpat





About Us
Terms and s
Privacy policy
Partnerships
Ad Upgrade Details
Banner Advertising Details",Premio,Petrol,white,Car(Sedan),https://patpat.lk/en/ad/vehicle/toyota-premio-2019-267754
"6,775,000",0,1500,Automatic,Toyota,2008,"About
                            patpat





About Us
Terms and s
Privacy policy
Partnerships
Ad Upgrade Details
Banner Advertising Details",Axio,Petrol,silver,Car(Sedan),https://patpat.lk/en/ad/vehicle/toyota-axio-2008-267700
Negotiable,"127,000",1500,Automatic,Toyota,2007,"About
                            patpat





About Us
Terms and s
Privacy policy
Partnerships
Ad Upgrade Details
Banner Advertising Details",Allion,Petrol,blue,Car(Sedan),https://patpat.lk/en/ad/vehicle/toyota-allion-2007-267453
Negotiable,0,1390,Automatic,Toyota,2014,"About
                            patpat





About Us
Terms and s
Privacy policy
Partnerships
Ad Upgrade Details
Banner Advertising Details",Aqua,Petrol,white,Car(Hatchback),https://patpat.lk/en/ad/vehicle/toyota-aqua-2014-267707
Negotiable,"117,000",1500,Automatic,Toyota,2013,"About
                            patpat





About Us
Terms and s
Privacy policy
Partnerships
Ad Upgrade Details
Banner Advertising Details",Aqua,Petrol,red,Car(Hatchback),https://patpat.lk/en/ad/vehicle/toyota-aqua-2013-267495
Negotiable,"340,000",1500,Automatic,Toyota,2023,"About
                            patpat





About Us
Terms and s
Privacy policy
Partnerships
Ad Upgrade Details
Banner Advertising Details",Corolla,Petrol,white,Car(Sedan),https://patpat.lk/en/ad/vehicle/toyota-corolla-2023-267490
Negotiable,0,1800,Automatic,Toyota,2013,"About
                            patpat





About Us
Terms and s
Privacy policy
Partnerships
Ad Upgrade Details
Banner Advertising Details",Prius,Petrol,white,Car(Convertible),https://patpat.lk/en/ad/vehicle/toyota-prius-2013-267482
"10,350,000",0,1000,Automatic,Toyota,2025,"About
                            patpat





About Us
Terms and s
Privacy policy
Partnerships
Ad Upgrade Details
Banner Advertising Details",Yaris,Petrol,gray,Car(Hatchback),https://patpat.lk/en/ad/vehicle/toyota-yaris-2025-267668
"8,700,000","103,000",1500,Automatic,Toyota,2015,"About
                            patpat





About Us
Terms and s
Privacy policy
Partnerships
Ad Upgrade Details
Banner Advertising Details",Aqua,Petrol,white,Car(Hatchback),https://patpat.lk/en/ad/vehicle/toyota-aqua-2015-267612
"9,500,000","136,000",1500,Automatic,Toyota,2016,"About
                            patpat





About Us
Terms and s
Privacy policy
Partnerships
Ad Upgrade Details
Banner Advertising Details",Axio,Petrol,white,Car(Sedan),https://patpat.lk/en/ad/vehicle/toyota-axio-2016-267628
"10,000,000","145,000",1500,Automatic,Toyota,2012,"About
                            patpat





About Us
Terms and s
Privacy policy
Partnerships
Ad Upgrade Details
Banner Advertising Details",Prius,Petrol,red,Car(Hatchback),https://patpat.lk/en/ad/vehicle/toyota-prius-2012-267633
"6,300,000",N/A,N/A,"Automatic



Manual



Other



Tiptronic",,N/A,"About
                            patpat





About Us
Terms and s
Privacy policy
Partnerships
Ad Upgrade Details
Banner Advertising Details",,"Diesel



Electric



Hybrid



Petrol",N/A,"Bike



Bus



Car



Heavy



Land



SUV



Three wheeler



Truck



Van



Pick-up 



Multi Purpose",https://patpat.lk/en/sri-lanka/vehicle/car/toyota?page=70
"7,600,000","71,000",1200,Manual,Toyota,2014,"About
                            patpat





About Us
Terms and s
Privacy policy
Partnerships
Ad Upgrade Details
Banner Advertising Details",Aqua,Petrol,white,Car(Hatchback),https://patpat.lk/en/ad/vehicle/toyota-aqua-2014-267542
"4,850,000","206,000",1500,Manual,Toyota,2002,"About
                            patpat





About Us
Terms and s
Privacy policy
Partnerships
Ad Upgrade Details
Banner Advertising Details",Corolla,Petrol,blue,Car(Sedan),https://patpat.lk/en/ad/vehicle/toyota-corolla-2002-267512
"9,075,000","151,700",1500,Automatic,Toyota,2012,"About
                            patpat





About Us
Terms and s
Privacy policy
Partnerships
Ad Upgrade Details
Banner Advertising Details",Prius,Petrol,red,Car(Hatchback),https://patpat.lk/en/ad/vehicle/toyota-prius-2012-267513
"9,000,000","107,000",1500,Automatic,Toyota,2014,"About
                            patpat





About Us
Terms and s
Privacy policy
Partnerships
Ad Upgrade Details
Banner Advertising Details",Axio,Petrol,white,Car(Sedan),https://patpat.lk/en/ad/vehicle/toyota-axio-2014-267520
Negotiable,"89,000",1500,Automatic,Toyota,2012,"About
                            patpat





About Us
Terms and s
Privacy policy
Partnerships
Ad Upgrade Details
Banner Advertising Details",Prius,Petrol,white,Car(Sedan),https://patpat.lk/en/ad/vehicle/toyota-prius-2012-267479
Negotiable,0,1500,Automatic,Toyota,2016,"About
                            patpat





About Us
Terms and s
Privacy policy
Partnerships
Ad Upgrade Details
Banner Advertising Details",Premio,Petrol,black,Car(Sedan),https://patpat.lk/en/ad/vehicle/toyota-premio-2016-267428
"5,000,000","6,600",660,Automatic,Toyota,2023,"About
                            patpat





About Us
Terms and s
Privacy policy
Partnerships
Ad Upgrade Details
Banner Advertising Details",Corolla,Petrol,silver,Car(Sedan),https://patpat.lk/en/ad/vehicle/toyota-corolla-2023-267398
"8,400,000","6,600",660,Automatic,Toyota,2023,"About
                            patpat





About Us
Terms and s
Privacy policy
Partnerships
Ad Upgrade Details
Banner Advertising Details",Yaris,Petrol,silver,Car(Hatchback),https://patpat.lk/en/ad/vehicle/toyota-yaris-2023-267418
"5,800,000","217,000",1200,Automatic,Toyota,2007,"About
                            patpat





About Us
Terms and s
Privacy policy
Partnerships
Ad Upgrade Details
Banner Advertising Details",Prius,Petrol,silver,Car(Hatchback),https://patpat.lk/en/ad/vehicle/toyota-prius-2007-267377
"17,000,000","172,000",2500,Automatic,Toyota,2016,"About
                            patpat





About Us
Terms and s
Privacy policy
Partnerships
Ad Upgrade Details
Banner Advertising Details",Camry,Petrol,white,Car(),https://patpat.lk/en/ad/vehicle/toyota-camry-2016-267362
"6,300,000","204,000",1600,Automatic,Toyota,2008,"About
                            patpat





About Us
Terms and s
Privacy policy
Partnerships
Ad Upgrade Details
Banner Advertising Details",Corolla,Petrol,gray,Car(Sedan),https://patpat.lk/en/ad/vehicle/toyota-corolla-2008-267257
Negotiable,0,1300,Manual,Toyota,1989,"About
                            patpat





About Us
Terms and s
Privacy policy
Partnerships
Ad Upgrade Details
Banner Advertising Details",Starlet,Petrol,white,Car(),https://patpat.lk/en/ad/vehicle/toyota-starlet-1989-267310
"7,800,000","199,000",1200,Automatic,Toyota,2008,"About
                            patpat





About Us
Terms and s
Privacy policy
Partnerships
Ad Upgrade Details
Banner Advertising Details",Allion,Petrol,green,Car(Hatchback),https://patpat.lk/en/ad/vehicle/toyota-allion-2008-267309
"6,300,000","204,000",1600,Automatic,Toyota,2008,"About
                            patpat





About Us
Terms and s
Privacy policy
Partnerships
Ad Upgrade Details
Banner Advertising Details",Corolla,Petrol,other,Car(Saloon),https://patpat.lk/en/ad/vehicle/toyota-corolla-2008-267263
"19,000,000",0,1200,Automatic,Toyota,2025,"About
                            patpat





About Us
Terms and s
Privacy policy
Partnerships
Ad Upgrade Details
Banner Advertising Details",Yaris Ativ,Petrol,red,Car(Liftback),https://patpat.lk/en/ad/vehicle/toyota-yaris-ativ-2025-267292
"7,400,000","105,000",1200,Automatic,Toyota,2014,"About
                            patpat





About Us
Terms and s
Privacy policy
Partnerships
Ad Upgrade Details
Banner Advertising Details",Aqua,Petrol,silver,Car(Hatchback),https://patpat.lk/en/ad/vehicle/toyota-aqua-2014-267293
"6,800,000","139,000",1200,Automatic,Toyota,2012,"About
                            patpat





About Us
Terms and s
Privacy policy
Partnerships
Ad Upgrade Details
Banner Advertising Details",Aqua,Petrol,red,Car(Hatchback),https://patpat.lk/en/ad/vehicle/toyota-aqua-2012-267284
"10,600,000","135,000",1200,Automatic,Toyota,2016,"About
                            patpat





About Us
Terms and s
Privacy policy
Partnerships
Ad Upgrade Details
Banner Advertising Details",Axio,Petrol,maroon,Car(Sedan),https://patpat.lk/en/ad/vehicle/toyota-axio-2016-267215
"7,500,000","105,000",1200,Automatic,Toyota,2014,"About
                            patpat





About Us
Terms and s
Privacy policy
Partnerships
Ad Upgrade Details
Banner Advertising Details",Aqua,Petrol,silver,Car(Hatchback),https://patpat.lk/en/ad/vehicle/toyota-aqua-2014-267236
Negotiable,"90,000",998,Automatic,Toyota,2015,"About
                            patpat





About Us
Terms and s
Privacy policy
Partnerships
Ad Upgrade Details
Banner Advertising Details",Aqua,Hybrid,purple,Car(Hatchback),https://patpat.lk/en/ad/vehicle/toyota-aqua-2015-267199
"6,950,000",N/A,N/A,"Automatic



Manual



Other



Tiptronic",,N/A,"About
                            patpat





About Us
Terms and s
Privacy policy
Partnerships
Ad Upgrade Details
Banner Advertising Details",,"Diesel



Electric



Hybrid



Petrol",N/A,"Bike



Bus



Car



Heavy



Land



SUV



Three wheeler



Truck



Van



Pick-up 



Multi Purpose",https://patpat.lk/en/sri-lanka/vehicle/car/toyota?page=71
Negotiable,"12,345",1234,Automatic,Toyota,2007,"About
                            patpat





About Us
Terms and s
Privacy policy
Partnerships
Ad Upgrade Details
Banner Advertising Details",Allion,Petrol,red,Car(Hatchback),https://patpat.lk/en/ad/vehicle/toyota-allion-2007-267228
Negotiable,"450,000",800,Manual,Toyota,1990,"About
                            patpat





About Us
Terms and s
Privacy policy
Partnerships
Ad Upgrade Details
Banner Advertising Details",Corolla,Diesel,green,Car(Sedan),https://patpat.lk/en/ad/vehicle/toyota-corolla-1990-267156
"8,900,000","14,805",1200,Automatic,Toyota,2025,"About
                            patpat





About Us
Terms and s
Privacy policy
Partnerships
Ad Upgrade Details
Banner Advertising Details",Yaris,Petrol,white,Car(Hatchback),https://patpat.lk/en/ad/vehicle/toyota-yaris-2025-267203
"11,850,000","128,000",1200,Automatic,Toyota,2015,"About
                            patpat





About Us
Terms and s
Privacy policy
Partnerships
Ad Upgrade Details
Banner Advertising Details",Premio,Petrol,white,Car(Hatchback),https://patpat.lk/en/ad/vehicle/toyota-premio-2015-267181
"3,500,000","167,000",1000,Manual,Toyota,2002,"About
                            patpat





About Us
Terms and s
Privacy policy
Partnerships
Ad Upgrade Details
Banner Advertising Details",Duet,Petrol,red,Car(Hatchback),https://patpat.lk/en/ad/vehicle/toyota-duet-2002-267171
"3,350,000",0,1500,Manual,Toyota,1992,"About
                            patpat





About Us
Terms and s
Privacy policy
Partnerships
Ad Upgrade Details
Banner Advertising Details",Corolla,Petrol,white,Car(Sedan),https://patpat.lk/en/ad/vehicle/toyota-corolla-1992-267143
"4,900,000",0,1300,Manual,Toyota,2003,"About
                            patpat





About Us
Terms and s
Privacy policy
Partnerships
Ad Upgrade Details
Banner Advertising Details",IST,Petrol,blue,Car(Saloon),https://patpat.lk/en/ad/vehicle/toyota-ist-2003-267145
"6,300,000","200,000",1500,Manual,Toyota,2000,"About
                            patpat





About Us
Terms and s
Privacy policy
Partnerships
Ad Upgrade Details
Banner Advertising Details",Carina,Petrol,red,Car(Sports),https://patpat.lk/en/ad/vehicle/toyota-carina-2000-267135
"8,600,000","162,000",1500,Automatic,Toyota,2008,"About
                            patpat





About Us
Terms and s
Privacy policy
Partnerships
Ad Upgrade Details
Banner Advertising Details",Allion,Petrol,black,Car(Sedan),https://patpat.lk/en/ad/vehicle/toyota-allion-2008-267047
"9,475,000","156,000",1500,Automatic,Toyota,2015,"About
                            patpat





About Us
Terms and s
Privacy policy
Partnerships
Ad Upgrade Details
Banner Advertising Details",Axio,Petrol,silver,Car(Sedan),https://patpat.lk/en/ad/vehicle/toyota-axio-2015-267080
"5,300,000","260,000",15000,Automatic,Toyota,2002,"About
                            patpat





About Us
Terms and s
Privacy policy
Partnerships
Ad Upgrade Details
Banner Advertising Details",Corolla,Diesel,white,Car(Sedan),https://patpat.lk/en/ad/vehicle/toyota-corolla-2002-267077
"7,000,000","1,700,000",12000,Automatic,Toyota,2013,"About
                            patpat





About Us
Terms and s
Privacy policy
Partnerships
Ad Upgrade Details
Banner Advertising Details",Aqua,Petrol,blue,Car(Hatchback),https://patpat.lk/en/ad/vehicle/toyota-aqua-2013-267081
"9,500,000","95,000",1500,Automatic,Toyota,2016,"About
                            patpat





About Us
Terms and s
Privacy policy
Partnerships
Ad Upgrade Details
Banner Advertising Details",Axio,Petrol,black,Car(Saloon),https://patpat.lk/en/ad/vehicle/toyota-axio-2016-267013
Negotiable,"2,000,000",1300,Automatic,Toyota,2003,"About
                            patpat





About Us
Terms and s
Privacy policy
Partnerships
Ad Upgrade Details
Banner Advertising Details",IST,Petrol,black,Car(Hatchback),https://patpat.lk/en/ad/vehicle/toyota-ist-2003-267012
Negotiable,"123,000",1500,Automatic,Toyota,2016,"About
                            patpat





About Us
Terms and s
Privacy policy
Partnerships
Ad Upgrade Details
Banner Advertising Details",Vitz,Petrol,black,Car(Hatchback),https://patpat.lk/en/ad/vehicle/toyota-vitz-2016-267040
Negotiable,"130,000",1500,Automatic,Toyota,2010,"About
                            patpat





About Us
Terms and s
Privacy policy
Partnerships
Ad Upgrade Details
Banner Advertising Details",Yaris,Petrol,blue,Car(Sedan),https://patpat.lk/en/ad/vehicle/toyota-yaris-2010-267039
Negotiable,"135,000",1400,Automatic,Toyota,2016,"About
                            patpat





About Us
Terms and s
Privacy policy
Partnerships
Ad Upgrade Details
Banner Advertising Details",Passo,Petrol,black,Car(Hatchback),https://patpat.lk/en/ad/vehicle/toyota-passo-2016-267020
"8,400,000","46,000",1000,Automatic,Toyota,2018,"About
                            patpat





About Us
Terms and s
Privacy policy
Partnerships
Ad Upgrade Details
Banner Advertising Details",Vitz,Petrol,white,Car(Hatchback),https://patpat.lk/en/ad/vehicle/toyota-vitz-2018-266978
Negotiable,"150,000",1500,Automatic,Toyota,2011,"About
                            patpat





About Us
Terms and s
Privacy policy
Partnerships
Ad Upgrade Details
Banner Advertising Details",Allion,Petrol,gray,Car(Saloon),https://patpat.lk/en/ad/vehicle/toyota-allion-2011-266992
Negotiable,"61,328",1000,Automatic,Toyota,2019,"About
                            patpat





About Us
Terms and s
Privacy policy
Partnerships
Ad Upgrade Details
Banner Advertising Details",Vitz,Petrol,white,Car(Hatchback),https://patpat.lk/en/ad/vehicle/toyota-vitz-2019-266925
"8,400,000",N/A,N/A,"Automatic



Manual



Other



Tiptronic",,N/A,"About
                            patpat





About Us
Terms and s
Privacy policy
Partnerships
Ad Upgrade Details
Banner Advertising Details",,"Diesel



Electric



Hybrid



Petrol",N/A,"Bike



Bus



Car



Heavy



Land



SUV



Three wheeler



Truck



Van



Pick-up 



Multi Purpose",https://patpat.lk/en/sri-lanka/vehicle/car/toyota?page=72
Negotiable,"150,000",1500,Automatic,Toyota,2014,"About
                            patpat





About Us
Terms and s
Privacy policy
Partnerships
Ad Upgrade Details
Banner Advertising Details",Premio,Petrol,black,Car(Sedan),https://patpat.lk/en/ad/vehicle/toyota-premio-2014-266886
Negotiable,"179,000",1500,Automatic,Toyota,2013,"About
                            patpat





About Us
Terms and s
Privacy policy
Partnerships
Ad Upgrade Details
Banner Advertising Details",Prius,Hybrid,white,Car(Hatchback),https://patpat.lk/en/ad/vehicle/toyota-prius-2013-266884
Negotiable,"166,000",1500,Automatic,Toyota,2014,"About
                            patpat





About Us
Terms and s
Privacy policy
Partnerships
Ad Upgrade Details
Banner Advertising Details",Prius,Hybrid,white,Car(Liftback),https://patpat.lk/en/ad/vehicle/toyota-prius-2014-266856
Negotiable,"180,000",1500,Manual,Toyota,1994,"About
                            patpat





About Us
Terms and s
Privacy policy
Partnerships
Ad Upgrade Details
Banner Advertising Details",Cynos,Petrol,black,Car(Hatchback),https://patpat.lk/en/ad/vehicle/toyota-cynos-1994-266854
Negotiable,"196,000",1500,Automatic,Toyota,1992,"About
                            patpat





About Us
Terms and s
Privacy policy
Partnerships
Ad Upgrade Details
Banner Advertising Details",Corona,Petrol,black,Car(Saloon),https://patpat.lk/en/ad/vehicle/toyota-corona-1992-266876
Negotiable,"118,000",1490,Automatic,Toyota,2018,"About
                            patpat





About Us
Terms and s
Privacy policy
Partnerships
Ad Upgrade Details
Banner Advertising Details",Premio,Petrol,white,Car(),https://patpat.lk/en/ad/vehicle/toyota-premio-2018-266872
"6,900,000","247,000",1490,Automatic,Toyota,2008,"About
                            patpat





About Us
Terms and s
Privacy policy
Partnerships
Ad Upgrade Details
Banner Advertising Details",Prius,Hybrid,black,Car(Hatchback),https://patpat.lk/en/ad/vehicle/toyota-prius-2008-266832
"6,950,000","208,000",15000,Automatic,Toyota,2008,"About
                            patpat





About Us
Terms and s
Privacy policy
Partnerships
Ad Upgrade Details
Banner Advertising Details",Axio,Petrol,white,Car(Sedan),https://patpat.lk/en/ad/vehicle/toyota-axio-2008-266731
"1,475,000",0,999,Manual,Toyota,1991,"About
                            patpat





About Us
Terms and s
Privacy policy
Partnerships
Ad Upgrade Details
Banner Advertising Details",Starlet,Petrol,white,Car(Sedan),https://patpat.lk/en/ad/vehicle/toyota-starlet-1991-266819
"8,500,000","6,600",660,Automatic,Toyota,2023,"About
                            patpat





About Us
Terms and s
Privacy policy
Partnerships
Ad Upgrade Details
Banner Advertising Details",Yaris,Petrol,white,Car(Hatchback),https://patpat.lk/en/ad/vehicle/toyota-yaris-2023-266797
Negotiable,"820,000",996,Automatic,Toyota,2018,"About
                            patpat





About Us
Terms and s
Privacy policy
Partnerships
Ad Upgrade Details
Banner Advertising Details",Vitz,Petrol,white,Car(Liftback),https://patpat.lk/en/ad/vehicle/toyota-vitz-2018-266759
"9,000,000","1,340,000",1490,Automatic,Toyota,2011,"About
                            patpat





About Us
Terms and s
Privacy policy
Partnerships
Ad Upgrade Details
Banner Advertising Details",Allion,Petrol,black,Car(Hatchback),https://patpat.lk/en/ad/vehicle/toyota-allion-2011-266728
Negotiable,"245,000",1000,Automatic,Toyota,2000,"About
                            patpat





About Us
Terms and s
Privacy policy
Partnerships
Ad Upgrade Details
Banner Advertising Details",Vitz,Petrol,white,Car(),https://patpat.lk/en/ad/vehicle/toyota-vitz-2000-266717
"9,500,000",0,1000,Automatic,Toyota,2023,"About
                            patpat





About Us
Terms and s
Privacy policy
Partnerships
Ad Upgrade Details
Banner Advertising Details",Yaris,Petrol,blue,Car(Sedan),https://patpat.lk/en/ad/vehicle/toyota-yaris-2023-266781
"8,500,000","266,000",1500,Automatic,Toyota,2013,"About
                            patpat





About Us
Terms and s
Privacy policy
Partnerships
Ad Upgrade Details
Banner Advertising Details",Axio,Hybrid,white,Car(Sedan),https://patpat.lk/en/ad/vehicle/toyota-axio-2013-266722
"8,500,000","215,000",1490,Automatic,Toyota,2015,"About
                            patpat





About Us
Terms and s
Privacy policy
Partnerships
Ad Upgrade Details
Banner Advertising Details",Aqua,Hybrid,white,Car(Hatchback),https://patpat.lk/en/ad/vehicle/toyota-aqua-2015-266712
"8,600,000","126,400",1780,Automatic,Toyota,2010,"About
                            patpat





About Us
Terms and s
Privacy policy
Partnerships
Ad Upgrade Details
Banner Advertising Details",Prius,Petrol,blue,Car(Hatchback),https://patpat.lk/en/ad/vehicle/toyota-prius-2010-266703
"7,300,000","110,000",1490,Automatic,Toyota,2014,"About
                            patpat





About Us
Terms and s
Privacy policy
Partnerships
Ad Upgrade Details
Banner Advertising Details",Aqua,Petrol,silver,Car(Hatchback),https://patpat.lk/en/ad/vehicle/toyota-aqua-2014-266688
"6,875,000","153,056",1800,Automatic,Toyota,2002,"About
                            patpat





About Us
Terms and s
Privacy policy
Partnerships
Ad Upgrade Details
Banner Advertising Details",Allion,Petrol,silver,Car(Saloon),https://patpat.lk/en/ad/vehicle/toyota-allion-2002-266699
"3,750,000","168,000",2000,Automatic,Toyota,1998,"About
                            patpat





About Us
Terms and s
Privacy policy
Partnerships
Ad Upgrade Details
Banner Advertising Details",Corolla,Diesel,white,Car(Hatchback),https://patpat.lk/en/ad/vehicle/toyota-corolla-1998-266654
Negotiable,N/A,N/A,"Automatic



Manual



Other



Tiptronic",,N/A,"About
                            patpat





About Us
Terms and s
Privacy policy
Partnerships
Ad Upgrade Details
Banner Advertising Details",,"Diesel



Electric



Hybrid



Petrol",N/A,"Bike



Bus



Car



Heavy



Land



SUV



Three wheeler



Truck



Van



Pick-up 



Multi Purpose",https://patpat.lk/en/sri-lanka/vehicle/car/toyota?page=73
Negotiable,0,1500,Automatic,Toyota,2014,"About
                            patpat





About Us
Terms and s
Privacy policy
Partnerships
Ad Upgrade Details
Banner Advertising Details",Aqua,Hybrid,white,Car(Liftback),https://patpat.lk/en/ad/vehicle/toyota-aqua-2014-266650
Negotiable,0,1500,Automatic,Toyota,2013,"About
                            patpat





About Us
Terms and s
Privacy policy
Partnerships
Ad Upgrade Details
Banner Advertising Details",Prius,Hybrid,black,Car(Sedan),https://patpat.lk/en/ad/vehicle/toyota-prius-2013-266648
Negotiable,"130,000",1500,Automatic,Toyota,2014,"About
                            patpat





About Us
Terms and s
Privacy policy
Partnerships
Ad Upgrade Details
Banner Advertising Details",Aqua,Petrol,yellow,Car(Liftback),https://patpat.lk/en/ad/vehicle/toyota-aqua-2014-266622
"6,500,000","175,000",1500,Automatic,Toyota,2008,"About
                            patpat





About Us
Terms and s
Privacy policy
Partnerships
Ad Upgrade Details
Banner Advertising Details",Prius,Petrol,white,Car(Hatchback),https://patpat.lk/en/ad/vehicle/toyota-prius-2008-266623
"6,350,000","170,000",1490,Automatic,Toyota,2002,"About
                            patpat





About Us
Terms and s
Privacy policy
Partnerships
Ad Upgrade Details
Banner Advertising Details",Allion,Petrol,red,Car(Hatchback),https://patpat.lk/en/ad/vehicle/toyota-allion-2002-266589
Negotiable,"187,000",1000,Automatic,Toyota,2008,"About
                            patpat





About Us
Terms and s
Privacy policy
Partnerships
Ad Upgrade Details
Banner Advertising Details",Axio,Petrol,silver,Car(Saloon),https://patpat.lk/en/ad/vehicle/toyota-axio-2008-266595
"15,400,000","80,000",1496,Manual,Toyota,2019,"About
                            patpat





About Us
Terms and s
Privacy policy
Partnerships
Ad Upgrade Details
Banner Advertising Details",Premio,Petrol,red,Car(Saloon),https://patpat.lk/en/ad/vehicle/toyota-premio-2019-266528
"8,400,000","100,000",1280,Automatic,Toyota,2014,"About
                            patpat





About Us
Terms and s
Privacy policy
Partnerships
Ad Upgrade Details
Banner Advertising Details",Axio,Hybrid,white,Car(Saloon),https://patpat.lk/en/ad/vehicle/toyota-axio-2014-266482
Negotiable,"119,000",1780,Automatic,Toyota,2014,"About
                            patpat





About Us
Terms and s
Privacy policy
Partnerships
Ad Upgrade Details
Banner Advertising Details",Prius,Hybrid,white,Car(Hatchback),https://patpat.lk/en/ad/vehicle/toyota-prius-2014-266549
Negotiable,"132,000",1780,Automatic,Toyota,2013,"About
                            patpat





About Us
Terms and s
Privacy policy
Partnerships
Ad Upgrade Details
Banner Advertising Details",Prius,Hybrid,white,Car(Hatchback),https://patpat.lk/en/ad/vehicle/toyota-prius-2013-266558
Negotiable,"169,000",1500,Automatic,Toyota,2013,"About
                            patpat





About Us
Terms and s
Privacy policy
Partnerships
Ad Upgrade Details
Banner Advertising Details",Allion,Petrol,maroon,Car(Liftback),https://patpat.lk/en/ad/vehicle/toyota-allion-2013-266525
Negotiable,"95,000",1650,Automatic,Toyota,2018,"About
                            patpat





About Us
Terms and s
Privacy policy
Partnerships
Ad Upgrade Details
Banner Advertising Details",Premio,Petrol,white,Car(Liftback),https://patpat.lk/en/ad/vehicle/toyota-premio-2018-266526
Negotiable,"151,000",1500,Automatic,Toyota,2018,"About
                            patpat





About Us
Terms and s
Privacy policy
Partnerships
Ad Upgrade Details
Banner Advertising Details",Axio,Petrol,white,Car(Liftback),https://patpat.lk/en/ad/vehicle/toyota-axio-2018-266529
Negotiable,0,0,Automatic,Toyota,2013,"About
                            patpat





About Us
Terms and s
Privacy policy
Partnerships
Ad Upgrade Details
Banner Advertising Details",Prius,Petrol,black,Car(Sports),https://patpat.lk/en/ad/vehicle/toyota-prius-2013-266523
Negotiable,"219,000",1000,Automatic,Toyota,2004,"About
                            patpat





About Us
Terms and s
Privacy policy
Partnerships
Ad Upgrade Details
Banner Advertising Details",Allion,Petrol,white,Car(Saloon),https://patpat.lk/en/ad/vehicle/toyota-allion-2004-266415
Negotiable,"109,578",1300,Automatic,Toyota,2012,"About
                            patpat





About Us
Terms and s
Privacy policy
Partnerships
Ad Upgrade Details
Banner Advertising Details",Vitz,Petrol,navy,Car(Hatchback),https://patpat.lk/en/ad/vehicle/toyota-vitz-2012-266426
Negotiable,"135,000",1300,Manual,Toyota,2004,"About
                            patpat





About Us
Terms and s
Privacy policy
Partnerships
Ad Upgrade Details
Banner Advertising Details",Corolla,Petrol,other,Car(Sedan),https://patpat.lk/en/ad/vehicle/toyota-corolla-2004-266434
"2,550,000","300,000",1300,Automatic,Toyota,1993,"About
                            patpat





About Us
Terms and s
Privacy policy
Partnerships
Ad Upgrade Details
Banner Advertising Details",Corsa,Petrol,gray,Car(Saloon),https://patpat.lk/en/ad/vehicle/toyota-corsa-1993-266441
"14,300,000","72,000",1798,Automatic,Toyota,2016,"About
                            patpat





About Us
Terms and s
Privacy policy
Partnerships
Ad Upgrade Details
Banner Advertising Details",Prius,Hybrid,white,Car(Saloon),https://patpat.lk/en/ad/vehicle/toyota-prius-2016-266396
Negotiable,"160,000",1000,Automatic,Toyota,2015,"About
                            patpat





About Us
Terms and s
Privacy policy
Partnerships
Ad Upgrade Details
Banner Advertising Details",Aqua,Hybrid,black,Car(Hatchback),https://patpat.lk/en/ad/vehicle/toyota-aqua-2015-266406
Negotiable,N/A,N/A,"Automatic



Manual



Other



Tiptronic",,N/A,"About
                            patpat





About Us
Terms and s
Privacy policy
Partnerships
Ad Upgrade Details
Banner Advertising Details",,"Diesel



Electric



Hybrid



Petrol",N/A,"Bike



Bus



Car



Heavy



Land



SUV



Three wheeler



Truck



Van



Pick-up 



Multi Purpose",https://patpat.lk/en/sri-lanka/vehicle/car/toyota?page=74
Negotiable,"149,000",1500,Automatic,Toyota,2010,"About
                            patpat





About Us
Terms and s
Privacy policy
Partnerships
Ad Upgrade Details
Banner Advertising Details",Premio,Petrol,maroon,Car(Sedan),https://patpat.lk/en/ad/vehicle/toyota-premio-2010-266409
Negotiable,0,1500,Automatic,Toyota,2009,"About
                            patpat





About Us
Terms and s
Privacy policy
Partnerships
Ad Upgrade Details
Banner Advertising Details",Axio,Petrol,white,Car(Sedan),https://patpat.lk/en/ad/vehicle/toyota-axio-2009-266370
Negotiable,"89,000",1500,Automatic,Toyota,2016,"About
                            patpat





About Us
Terms and s
Privacy policy
Partnerships
Ad Upgrade Details
Banner Advertising Details",Axio,Petrol,white,Car(Sedan),https://patpat.lk/en/ad/vehicle/toyota-axio-2016-266390
Negotiable,"160,000",1000,Automatic,Toyota,2015,"About
                            patpat





About Us
Terms and s
Privacy policy
Partnerships
Ad Upgrade Details
Banner Advertising Details",Vitz,Petrol,silver,Car(Hatchback),https://patpat.lk/en/ad/vehicle/toyota-vitz-2015-266233
"5,250,000","235,000",1500,Automatic,Toyota,2004,"About
                            patpat





About Us
Terms and s
Privacy policy
Partnerships
Ad Upgrade Details
Banner Advertising Details",Vios,Petrol,silver,Car(Saloon),https://patpat.lk/en/ad/vehicle/toyota-vios-2004-266414
Negotiable,0,0,Automatic,Toyota,2013,"About
                            patpat





About Us
Terms and s
Privacy policy
Partnerships
Ad Upgrade Details
Banner Advertising Details",Prius,Petrol,white,Car(Sports),https://patpat.lk/en/ad/vehicle/toyota-prius-2013-266366
"8,490,000","150,000",1500,Automatic,Toyota,2014,"About
                            patpat





About Us
Terms and s
Privacy policy
Partnerships
Ad Upgrade Details
Banner Advertising Details",Axio,Hybrid,maroon,Car(Hatchback),https://patpat.lk/en/ad/vehicle/toyota-axio-2014-266322
Negotiable,0,1196,Automatic,Toyota,2023,"About
                            patpat





About Us
Terms and s
Privacy policy
Partnerships
Ad Upgrade Details
Banner Advertising Details",Yaris,Petrol,white,Car(),https://patpat.lk/en/ad/vehicle/toyota-yaris-2023-266292
Negotiable,"158,000",1490,Automatic,Toyota,2013,"About
                            patpat





About Us
Terms and s
Privacy policy
Partnerships
Ad Upgrade Details
Banner Advertising Details",Premio,Petrol,red,Car(Saloon),https://patpat.lk/en/ad/vehicle/toyota-premio-2013-266315
Negotiable,"154,000",1500,Automatic,Toyota,2017,"About
                            patpat





About Us
Terms and s
Privacy policy
Partnerships
Ad Upgrade Details
Banner Advertising Details",Axio,Petrol,black,Car(Saloon),https://patpat.lk/en/ad/vehicle/toyota-axio-2017-266334
"9,500,000","152,000",1800,Automatic,Toyota,2012,"About
                            patpat





About Us
Terms and s
Privacy policy
Partnerships
Ad Upgrade Details
Banner Advertising Details",Prius,Hybrid,white,Car(Liftback),https://patpat.lk/en/ad/vehicle/toyota-prius-2012-266337
Negotiable,"130,000",1000,Automatic,Toyota,2007,"About
                            patpat





About Us
Terms and s
Privacy policy
Partnerships
Ad Upgrade Details
Banner Advertising Details",Vitz,Petrol,blue,Car(Hatchback),https://patpat.lk/en/ad/vehicle/toyota-vitz-2007-266308
Negotiable,0,1500,Automatic,Toyota,2025,"About
                            patpat





About Us
Terms and s
Privacy policy
Partnerships
Ad Upgrade Details
Banner Advertising Details",Yaris Ativ,Petrol,red,Car(Sedan),https://patpat.lk/en/ad/vehicle/toyota-yaris-ativ-2025-266314
"7,300,000","20,000",1500,Automatic,Toyota,2012,"About
                            patpat





About Us
Terms and s
Privacy policy
Partnerships
Ad Upgrade Details
Banner Advertising Details",Aqua,Petrol,white,Car(Hatchback),https://patpat.lk/en/ad/vehicle/toyota-aqua-2012-266306
Negotiable,"125,000",1500,Automatic,Toyota,1997,"About
                            patpat





About Us
Terms and s
Privacy policy
Partnerships
Ad Upgrade Details
Banner Advertising Details",Corolla,Petrol,white,Car(Saloon),https://patpat.lk/en/ad/vehicle/toyota-corolla-1997-266241
"9,850,000","150,000",1500,Automatic,Toyota,2013,"About
                            patpat





About Us
Terms and s
Privacy policy
Partnerships
Ad Upgrade Details
Banner Advertising Details",Premio,Petrol,maroon,Car(Hatchback),https://patpat.lk/en/ad/vehicle/toyota-premio-2013-266288
"7,700,000","160,000",1500,Automatic,Toyota,2014,"About
                            patpat





About Us
Terms and s
Privacy policy
Partnerships
Ad Upgrade Details
Banner Advertising Details",Aqua,Petrol,white,Car(Liftback),https://patpat.lk/en/ad/vehicle/toyota-aqua-2014-266263
Negotiable,0,0,Automatic,Toyota,2010,"About
                            patpat





About Us
Terms and s
Privacy policy
Partnerships
Ad Upgrade Details
Banner Advertising Details",Corolla,Petrol,black,Car(Saloon),https://patpat.lk/en/ad/vehicle/toyota-corolla-2010-266245
"6,500,000","196,000",2000,Manual,Toyota,2008,"About
                            patpat





About Us
Terms and s
Privacy policy
Partnerships
Ad Upgrade Details
Banner Advertising Details",Corolla,Diesel,green,Car(Saloon),https://patpat.lk/en/ad/vehicle/toyota-corolla-2008-266189
Negotiable,0,1500,Manual,Toyota,1995,"About
                            patpat





About Us
Terms and s
Privacy policy
Partnerships
Ad Upgrade Details
Banner Advertising Details",AE100,Petrol,white,Car(Saloon),https://patpat.lk/en/ad/vehicle/toyota-ae100-1995-266191
Negotiable,N/A,N/A,"Automatic



Manual



Other



Tiptronic",,N/A,"About
                            patpat





About Us
Terms and s
Privacy policy
Partnerships
Ad Upgrade Details
Banner Advertising Details",,"Diesel



Electric



Hybrid



Petrol",N/A,"Bike



Bus



Car



Heavy



Land



SUV



Three wheeler



Truck



Van



Pick-up 



Multi Purpose",https://patpat.lk/en/sri-lanka/vehicle/car/toyota?page=75
Negotiable,"35,680",1000,Automatic,Toyota,2015,"About
                            patpat





About Us
Terms and s
Privacy policy
Partnerships
Ad Upgrade Details
Banner Advertising Details",Vitz,Petrol,gray,Car(Hatchback),https://patpat.lk/en/ad/vehicle/toyota-vitz-2015-266201
Negotiable,"235,000",1500,Automatic,Toyota,2004,"About
                            patpat





About Us
Terms and s
Privacy policy
Partnerships
Ad Upgrade Details
Banner Advertising Details",Allion,Petrol,blue,Car(Saloon),https://patpat.lk/en/ad/vehicle/toyota-allion-2004-266207
"11,250,000","108,000",1320,Automatic,Toyota,2018,"About
                            patpat





About Us
Terms and s
Privacy policy
Partnerships
Ad Upgrade Details
Banner Advertising Details",Axio,Petrol,white,Car(),https://patpat.lk/en/ad/vehicle/toyota-axio-2018-266181
Negotiable,"130,000",1500,Automatic,Toyota,2009,"About
                            patpat





About Us
Terms and s
Privacy policy
Partnerships
Ad Upgrade Details
Banner Advertising Details",Axio,Petrol,silver,Car(Sedan),https://patpat.lk/en/ad/vehicle/toyota-axio-2009-266182
Negotiable,0,1290,Automatic,Toyota,2025,"About
                            patpat





About Us
Terms and s
Privacy policy
Partnerships
Ad Upgrade Details
Banner Advertising Details",Yaris,Hybrid,white,Car(Hatchback),https://patpat.lk/en/ad/vehicle/toyota-yaris-2025-266097
"6,975,000","217,000",1500,Automatic,Toyota,2011,"About
                            patpat





About Us
Terms and s
Privacy policy
Partnerships
Ad Upgrade Details
Banner Advertising Details",Axio,Petrol,blue,Car(Hatchback),https://patpat.lk/en/ad/vehicle/toyota-axio-2011-266126
"2,850,000","180,000",1330,Manual,Toyota,1996,"About
                            patpat





About Us
Terms and s
Privacy policy
Partnerships
Ad Upgrade Details
Banner Advertising Details",Corolla,Petrol,white,Car(Hatchback),https://patpat.lk/en/ad/vehicle/toyota-corolla-1996-266079
Negotiable,0,1000,Automatic,Toyota,2026,"About
                            patpat





About Us
Terms and s
Privacy policy
Partnerships
Ad Upgrade Details
Banner Advertising Details",Yaris,Petrol,blue,Car(Hatchback),https://patpat.lk/en/ad/vehicle/toyota-yaris-2026-266012
Negotiable,"210,000",1800,Automatic,Toyota,2012,"About
                            patpat





About Us
Terms and s
Privacy policy
Partnerships
Ad Upgrade Details
Banner Advertising Details",Prius,Petrol,silver,Car(Liftback),https://patpat.lk/en/ad/vehicle/toyota-prius-2012-265990
Negotiable,"98,000",1500,Automatic,Toyota,2017,"About
                            patpat





About Us
Terms and s
Privacy policy
Partnerships
Ad Upgrade Details
Banner Advertising Details",Axio,Petrol,white,Car(Liftback),https://patpat.lk/en/ad/vehicle/toyota-axio-2017-266032
"5,500,000","177,100",1790,Manual,Toyota,2001,"About
                            patpat





About Us
Terms and s
Privacy policy
Partnerships
Ad Upgrade Details
Banner Advertising Details",Corolla,Petrol,white,Car(Hatchback),https://patpat.lk/en/ad/vehicle/toyota-corolla-2001-266082
"9,600,000","136,000",1800,Automatic,Toyota,2012,"About
                            patpat





About Us
Terms and s
Privacy policy
Partnerships
Ad Upgrade Details
Banner Advertising Details",Prius,Hybrid,silver,Car(Sedan),https://patpat.lk/en/ad/vehicle/toyota-prius-2012-265985
Negotiable,"178,000",16000,Automatic,Toyota,2001,"About
                            patpat





About Us
Terms and s
Privacy policy
Partnerships
Ad Upgrade Details
Banner Advertising Details",Premio,Diesel,silver,Car(Saloon),https://patpat.lk/en/ad/vehicle/toyota-premio-2001-265856
Negotiable,"95,000",1000,Automatic,Toyota,2019,"About
                            patpat





About Us
Terms and s
Privacy policy
Partnerships
Ad Upgrade Details
Banner Advertising Details",Vitz,Petrol,white,Car(Hatchback),https://patpat.lk/en/ad/vehicle/toyota-vitz-2019-265979
Negotiable,0,1500,Automatic,Toyota,2003,"About
                            patpat





About Us
Terms and s
Privacy policy
Partnerships
Ad Upgrade Details
Banner Advertising Details",Allion,Petrol,white,Car(Saloon),https://patpat.lk/en/ad/vehicle/toyota-allion-2003-265883
Negotiable,0,990,Automatic,Toyota,2025,"About
                            patpat





About Us
Terms and s
Privacy policy
Partnerships
Ad Upgrade Details
Banner Advertising Details",Yaris,Petrol,red,Car(Hatchback),https://patpat.lk/en/ad/vehicle/toyota-yaris-2025-265918
Negotiable,"20,000",990,Automatic,Toyota,2023,"About
                            patpat





About Us
Terms and s
Privacy policy
Partnerships
Ad Upgrade Details
Banner Advertising Details",Yaris,Petrol,black,Car(Hatchback),https://patpat.lk/en/ad/vehicle/toyota-yaris-2023-265919
Negotiable,0,1496,Automatic,Toyota,2013,"About
                            patpat





About Us
Terms and s
Privacy policy
Partnerships
Ad Upgrade Details
Banner Advertising Details",Aqua,Petrol,brown,Car(),https://patpat.lk/en/ad/vehicle/toyota-aqua-2013-265708
Negotiable,"866,000",1500,Manual,Toyota,1984,"About
                            patpat





About Us
Terms and s
Privacy policy
Partnerships
Ad Upgrade Details
Banner Advertising Details",Carina,Petrol,white,Car(Sedan),https://patpat.lk/en/ad/vehicle/toyota-carina-1984-265671
Negotiable,N/A,N/A,"Automatic



Manual



Other



Tiptronic",,N/A,"About
                            patpat





About Us
Terms and s
Privacy policy
Partnerships
Ad Upgrade Details
Banner Advertising Details",,"Diesel



Electric



Hybrid



Petrol",N/A,"Bike



Bus



Car



Heavy



Land



SUV



Three wheeler



Truck



Van



Pick-up 



Multi Purpose",https://patpat.lk/en/sri-lanka/vehicle/car/toyota?page=76
Negotiable,0,1496,Automatic,Toyota,2011,"About
                            patpat





About Us
Terms and s
Privacy policy
Partnerships
Ad Upgrade Details
Banner Advertising Details",Prius,Petrol,silver,Car(),https://patpat.lk/en/ad/vehicle/toyota-prius-2011-265762
Negotiable,"135,888",1300,Manual,Toyota,1995,"About
                            patpat





About Us
Terms and s
Privacy policy
Partnerships
Ad Upgrade Details
Banner Advertising Details",Tercel,Petrol,blue,Car(Saloon),https://patpat.lk/en/ad/vehicle/toyota-tercel-1995-265801
Negotiable,"300,000",1500,Manual,Toyota,1987,"About
                            patpat





About Us
Terms and s
Privacy policy
Partnerships
Ad Upgrade Details
Banner Advertising Details",DX Wagon,Petrol,white,Car(Hatchback),https://patpat.lk/en/ad/vehicle/toyota-dx-wagon-1987-265381
Negotiable,"200,000",1500,Automatic,Toyota,2013,"About
                            patpat





About Us
Terms and s
Privacy policy
Partnerships
Ad Upgrade Details
Banner Advertising Details",Aqua,Petrol,black,Car(Hatchback),https://patpat.lk/en/ad/vehicle/toyota-aqua-2013-265405
Negotiable,"135,000",1490,Automatic,Toyota,2018,"About
                            patpat





About Us
Terms and s
Privacy policy
Partnerships
Ad Upgrade Details
Banner Advertising Details",Premio,Petrol,gray,Car(Saloon),https://patpat.lk/en/ad/vehicle/toyota-premio-2018-265413
Negotiable,"145,000",1500,Automatic,Toyota,2014,"About
                            patpat





About Us
Terms and s
Privacy policy
Partnerships
Ad Upgrade Details
Banner Advertising Details",Axio,Petrol,white,Car(Sedan),https://patpat.lk/en/ad/vehicle/toyota-axio-2014-265267
Negotiable,"173,500",1000,Automatic,Toyota,2007,"About
                            patpat





About Us
Terms and s
Privacy policy
Partnerships
Ad Upgrade Details
Banner Advertising Details",Vitz,Petrol,blue,Car(Hatchback),https://patpat.lk/en/ad/vehicle/toyota-vitz-2007-265335
Negotiable,"140,000",1300,Automatic,Toyota,2017,"About
                            patpat





About Us
Terms and s
Privacy policy
Partnerships
Ad Upgrade Details
Banner Advertising Details",Vitz,Petrol,black,Car(Hatchback),https://patpat.lk/en/ad/vehicle/toyota-vitz-2017-265340
Negotiable,"180,000",1600,Automatic,Toyota,2008,"About
                            patpat





About Us
Terms and s
Privacy policy
Partnerships
Ad Upgrade Details
Banner Advertising Details",Corolla Cross,Petrol,silver,Car(Saloon),https://patpat.lk/en/ad/vehicle/toyota-corolla-cross-2008-265834
"7,300,000","35,680",1500,Automatic,Toyota,2015,"About
                            patpat





About Us
Terms and s
Privacy policy
Partnerships
Ad Upgrade Details
Banner Advertising Details",Vitz,Petrol,gray,Car(Hatchback),https://patpat.lk/en/ad/vehicle/toyota-vitz-2015-265366
"7,200,000","235,000",1500,Automatic,Toyota,2004,"About
                            patpat





About Us
Terms and s
Privacy policy
Partnerships
Ad Upgrade Details
Banner Advertising Details",Allion,Petrol,blue,Car(Sedan),https://patpat.lk/en/ad/vehicle/toyota-allion-2004-265392
Negotiable,0,1500,Automatic,Toyota,2008,"About
                            patpat





About Us
Terms and s
Privacy policy
Partnerships
Ad Upgrade Details
Banner Advertising Details",Prius,Petrol,white,Car(Hatchback),https://patpat.lk/en/ad/vehicle/toyota-prius-2008-265490
"11,800,000","80,000",1500,Automatic,Toyota,2013,"About
                            patpat





About Us
Terms and s
Privacy policy
Partnerships
Ad Upgrade Details
Banner Advertising Details",Premio,Petrol,white,Car(Saloon),https://patpat.lk/en/ad/vehicle/toyota-premio-2013-265632
"15,850,000","81,000",1500,Automatic,Toyota,2018,"About
                            patpat





About Us
Terms and s
Privacy policy
Partnerships
Ad Upgrade Details
Banner Advertising Details",Premio,Petrol,white,Car(Sedan),https://patpat.lk/en/ad/vehicle/toyota-premio-2018-265713
Negotiable,"47,000",990,Automatic,Toyota,2018,"About
                            patpat





About Us
Terms and s
Privacy policy
Partnerships
Ad Upgrade Details
Banner Advertising Details",Vitz,Hybrid,silver,Car(Hatchback),https://patpat.lk/en/ad/vehicle/toyota-vitz-2018-265688
"16,300,000",0,1200,Tiptronic,Toyota,2025,"About
                            patpat





About Us
Terms and s
Privacy policy
Partnerships
Ad Upgrade Details
Banner Advertising Details",Yaris Ativ,Petrol,gray,Car(Saloon),https://patpat.lk/en/ad/vehicle/toyota-yaris-ativ-2025-265742
Negotiable,"152,000",1500,Automatic,Toyota,2007,"About
                            patpat





About Us
Terms and s
Privacy policy
Partnerships
Ad Upgrade Details
Banner Advertising Details",Allion,Petrol,white,Car(Sedan),https://patpat.lk/en/ad/vehicle/toyota-allion-2007-265449
Negotiable,"280,000",1500,Automatic,Toyota,2013,"About
                            patpat





About Us
Terms and s
Privacy policy
Partnerships
Ad Upgrade Details
Banner Advertising Details",Prius,Hybrid,black,Car(Hatchback),https://patpat.lk/en/ad/vehicle/toyota-prius-2013-265470
Negotiable,"143,000",1500,Automatic,Toyota,2014,"About
                            patpat





About Us
Terms and s
Privacy policy
Partnerships
Ad Upgrade Details
Banner Advertising Details",Prius,Hybrid,white,Car(Hatchback),https://patpat.lk/en/ad/vehicle/toyota-prius-2014-265477
Negotiable,"132,000",1500,Automatic,Toyota,2015,"About
                            patpat





About Us
Terms and s
Privacy policy
Partnerships
Ad Upgrade Details
Banner Advertising Details",Axio,Petrol,black,Car(Sedan),https://patpat.lk/en/ad/vehicle/toyota-axio-2015-265479
Negotiable,N/A,N/A,"Automatic



Manual



Other



Tiptronic",,N/A,"About
                            patpat





About Us
Terms and s
Privacy policy
Partnerships
Ad Upgrade Details
Banner Advertising Details",,"Diesel



Electric



Hybrid



Petrol",N/A,"Bike



Bus



Car



Heavy



Land



SUV



Three wheeler



Truck



Van



Pick-up 



Multi Purpose",https://patpat.lk/en/sri-lanka/vehicle/car/toyota?page=77
"6,490,000","180,000",1600,Automatic,Toyota,2008,"About
                            patpat





About Us
Terms and s
Privacy policy
Partnerships
Ad Upgrade Details
Banner Advertising Details",Corolla,Petrol,blue,Car(Sedan),https://patpat.lk/en/ad/vehicle/toyota-corolla-2008-265581
"6,400,000","200,000",1300,Automatic,Toyota,2008,"About
                            patpat





About Us
Terms and s
Privacy policy
Partnerships
Ad Upgrade Details
Banner Advertising Details",Belta,Petrol,red,Car(Sedan),https://patpat.lk/en/ad/vehicle/toyota-belta-2008-265347
"7,200,000","235,000",1500,Automatic,Toyota,2004,"About
                            patpat





About Us
Terms and s
Privacy policy
Partnerships
Ad Upgrade Details
Banner Advertising Details",Allion,Petrol,blue,Car(Hatchback),https://patpat.lk/en/ad/vehicle/toyota-allion-2004-265354
"7,300,000","35,680",1000,Automatic,Toyota,2015,"About
                            patpat





About Us
Terms and s
Privacy policy
Partnerships
Ad Upgrade Details
Banner Advertising Details",Vitz,Petrol,gray,Car(Hatchback),https://patpat.lk/en/ad/vehicle/toyota-vitz-2015-265359
Negotiable,"268,000",1500,Automatic,Toyota,2003,"About
                            patpat





About Us
Terms and s
Privacy policy
Partnerships
Ad Upgrade Details
Banner Advertising Details",Allion,Petrol,black,Car(Sedan),https://patpat.lk/en/ad/vehicle/toyota-allion-2003-265503
"9,000,000","363,000",1300,Automatic,Toyota,2010,"About
                            patpat





About Us
Terms and s
Privacy policy
Partnerships
Ad Upgrade Details
Banner Advertising Details",Prius,Petrol,black,Car(Liftback),https://patpat.lk/en/ad/vehicle/toyota-prius-2010-265465
Negotiable,"71,000",1000,Automatic,Toyota,2015,"About
                            patpat





About Us
Terms and s
Privacy policy
Partnerships
Ad Upgrade Details
Banner Advertising Details",Vitz,Petrol,white,Car(Hatchback),https://patpat.lk/en/ad/vehicle/toyota-vitz-2015-265316
Negotiable,"86,250",1000,Automatic,Toyota,2007,"About
                            patpat





About Us
Terms and s
Privacy policy
Partnerships
Ad Upgrade Details
Banner Advertising Details",Vitz,Petrol,white,Car(Hatchback),https://patpat.lk/en/ad/vehicle/toyota-vitz-2007-265306
Negotiable,0,1980,Automatic,Toyota,1996,"About
                            patpat





About Us
Terms and s
Privacy policy
Partnerships
Ad Upgrade Details
Banner Advertising Details",Corolla,Diesel,white,Car(Hatchback),https://patpat.lk/en/ad/vehicle/toyota-corolla-1996-265307
Negotiable,"132,000",1000,Automatic,Toyota,2015,"About
                            patpat





About Us
Terms and s
Privacy policy
Partnerships
Ad Upgrade Details
Banner Advertising Details",Axio,Petrol,other,Car(Saloon),https://patpat.lk/en/ad/vehicle/toyota-axio-2015-265209
Negotiable,"150,000",1970,Manual,Toyota,1991,"About
                            patpat





About Us
Terms and s
Privacy policy
Partnerships
Ad Upgrade Details
Banner Advertising Details",Corona,Diesel,other,Car(Saloon),https://patpat.lk/en/ad/vehicle/toyota-corona-1991-265089
Negotiable,"56,000",1000,Automatic,Toyota,2018,"About
                            patpat





About Us
Terms and s
Privacy policy
Partnerships
Ad Upgrade Details
Banner Advertising Details",Vitz,Petrol,white,Car(Hatchback),https://patpat.lk/en/ad/vehicle/toyota-vitz-2018-265100
Negotiable,"140,000",1496,Manual,Toyota,2007,"About
                            patpat





About Us
Terms and s
Privacy policy
Partnerships
Ad Upgrade Details
Banner Advertising Details",Axio,Petrol,silver,Car(Saloon),https://patpat.lk/en/ad/vehicle/toyota-axio-2007-265092
Negotiable,"198,000",1790,Automatic,Toyota,2012,"About
                            patpat





About Us
Terms and s
Privacy policy
Partnerships
Ad Upgrade Details
Banner Advertising Details",Prius,Petrol,white,Car(Hatchback),https://patpat.lk/en/ad/vehicle/toyota-prius-2012-265083
Negotiable,"172,000",1000,Automatic,Toyota,2017,"About
                            patpat





About Us
Terms and s
Privacy policy
Partnerships
Ad Upgrade Details
Banner Advertising Details",Premio,Hybrid,maroon,Car(Hatchback),https://patpat.lk/en/ad/vehicle/toyota-premio-2017-265064
"7,600,000",0,1490,Automatic,Toyota,2014,"About
                            patpat





About Us
Terms and s
Privacy policy
Partnerships
Ad Upgrade Details
Banner Advertising Details",Aqua,Hybrid,maroon,Car(Hatchback),https://patpat.lk/en/ad/vehicle/toyota-aqua-2014-265069
"2,800,000","198,756",1300,Manual,Toyota,1998,"About
                            patpat





About Us
Terms and s
Privacy policy
Partnerships
Ad Upgrade Details
Banner Advertising Details",Corolla,Petrol,white,Car(Hatchback),https://patpat.lk/en/ad/vehicle/toyota-corolla-1998-264996
"6,300,000",0,1200,Automatic,Toyota,2001,"About
                            patpat





About Us
Terms and s
Privacy policy
Partnerships
Ad Upgrade Details
Banner Advertising Details",Carina,Petrol,brown,Car(Saloon),https://patpat.lk/en/ad/vehicle/toyota-carina-2001-265042
"3,350,000",0,1000,Manual,Toyota,1992,"About
                            patpat





About Us
Terms and s
Privacy policy
Partnerships
Ad Upgrade Details
Banner Advertising Details",AE100,Petrol,white,Car(Saloon),https://patpat.lk/en/ad/vehicle/toyota-ae100-1992-265039
Negotiable,"146,000",1500,Automatic,Toyota,2016,"About
                            patpat





About Us
Terms and s
Privacy policy
Partnerships
Ad Upgrade Details
Banner Advertising Details",Axio,Petrol,white,Car(Sedan),https://patpat.lk/en/ad/vehicle/toyota-axio-2016-265019
Negotiable,N/A,N/A,"Automatic



Manual



Other



Tiptronic",,N/A,"About
                            patpat





About Us
Terms and s
Privacy policy
Partnerships
Ad Upgrade Details
Banner Advertising Details",,"Diesel



Electric



Hybrid



Petrol",N/A,"Bike



Bus



Car



Heavy



Land



SUV



Three wheeler



Truck



Van



Pick-up 



Multi Purpose",https://patpat.lk/en/sri-lanka/vehicle/car/toyota?page=78
"7,585,000","168,000",1500,Automatic,Toyota,2014,"About
                            patpat





About Us
Terms and s
Privacy policy
Partnerships
Ad Upgrade Details
Banner Advertising Details",Aqua,Petrol,black,Car(Hatchback),https://patpat.lk/en/ad/vehicle/toyota-aqua-2014-265035
Negotiable,0,0,Automatic,Toyota,2003,"About
                            patpat





About Us
Terms and s
Privacy policy
Partnerships
Ad Upgrade Details
Banner Advertising Details",IST,Petrol,blue,Car(Hatchback),https://patpat.lk/en/ad/vehicle/toyota-ist-2003-265020
Negotiable,"12,800",1500,Automatic,Toyota,2015,"About
                            patpat





About Us
Terms and s
Privacy policy
Partnerships
Ad Upgrade Details
Banner Advertising Details",Axio,Petrol,white,Car(Sedan),https://patpat.lk/en/ad/vehicle/toyota-axio-2015-265025
"2,000,000",0,1300,Manual,Toyota,1987,"About
                            patpat





About Us
Terms and s
Privacy policy
Partnerships
Ad Upgrade Details
Banner Advertising Details",DX Wagon,Petrol,white,Car(Station wagon),https://patpat.lk/en/ad/vehicle/toyota-dx-wagon-1987-265016
"10,800,000","192,000",1500,Automatic,Toyota,2013,"About
                            patpat





About Us
Terms and s
Privacy policy
Partnerships
Ad Upgrade Details
Banner Advertising Details",Allion,Petrol,white,Car(Sedan),https://patpat.lk/en/ad/vehicle/toyota-allion-2013-264998
"6,925,000","163,400",1490,Automatic,Toyota,2007,"About
                            patpat





About Us
Terms and s
Privacy policy
Partnerships
Ad Upgrade Details
Banner Advertising Details",Axio,Petrol,silver,Car(Saloon),https://patpat.lk/en/ad/vehicle/toyota-axio-2007-264940
Negotiable,"95,000",1000,Automatic,Toyota,2019,"About
                            patpat





About Us
Terms and s
Privacy policy
Partnerships
Ad Upgrade Details
Banner Advertising Details",Vitz,Petrol,white,Car(Liftback),https://patpat.lk/en/ad/vehicle/toyota-vitz-2019-264993
Negotiable,0,1000,Automatic,Toyota,2025,"About
                            patpat





About Us
Terms and s
Privacy policy
Partnerships
Ad Upgrade Details
Banner Advertising Details",Yaris,Petrol,red,Car(Liftback),https://patpat.lk/en/ad/vehicle/toyota-yaris-2025-264982
Negotiable,"3,000",1000,Automatic,Toyota,2023,"About
                            patpat





About Us
Terms and s
Privacy policy
Partnerships
Ad Upgrade Details
Banner Advertising Details",Yaris,Petrol,gray,Car(Hatchback),https://patpat.lk/en/ad/vehicle/toyota-yaris-2023-264954
"9,275,000","139,000",1500,Automatic,Toyota,2012,"About
                            patpat





About Us
Terms and s
Privacy policy
Partnerships
Ad Upgrade Details
Banner Advertising Details",Allion,Petrol,black,Car(Hatchback),https://patpat.lk/en/ad/vehicle/toyota-allion-2012-264920
Negotiable,0,1000,Manual,Toyota,1997,"About
                            patpat





About Us
Terms and s
Privacy policy
Partnerships
Ad Upgrade Details
Banner Advertising Details",Sprinter,Diesel,white,Car(Convertible),https://patpat.lk/en/ad/vehicle/toyota-sprinter-1997-264924
"7,200,000","235,000",1500,Automatic,Toyota,2004,"About
                            patpat





About Us
Terms and s
Privacy policy
Partnerships
Ad Upgrade Details
Banner Advertising Details",Allion,Petrol,blue,Car(Saloon),https://patpat.lk/en/ad/vehicle/toyota-allion-2004-264876
Negotiable,"128,000",1500,Automatic,Toyota,2016,"About
                            patpat





About Us
Terms and s
Privacy policy
Partnerships
Ad Upgrade Details
Banner Advertising Details",Premio,Petrol,white,Car(Hatchback),https://patpat.lk/en/ad/vehicle/toyota-premio-2016-264869
Negotiable,"136,000",1500,Automatic,Toyota,2014,"About
                            patpat





About Us
Terms and s
Privacy policy
Partnerships
Ad Upgrade Details
Banner Advertising Details",Prius,Hybrid,silver,Car(Sedan),https://patpat.lk/en/ad/vehicle/toyota-prius-2014-264880
"7,300,000","35,680",1000,Automatic,Toyota,2015,"About
                            patpat





About Us
Terms and s
Privacy policy
Partnerships
Ad Upgrade Details
Banner Advertising Details",Vitz,Petrol,brown,Car(Sedan),https://patpat.lk/en/ad/vehicle/toyota-vitz-2015-264870
Negotiable,"101,000",1000,Manual,Toyota,2017,"About
                            patpat





About Us
Terms and s
Privacy policy
Partnerships
Ad Upgrade Details
Banner Advertising Details",Premio,Petrol,white,Car(Saloon),https://patpat.lk/en/ad/vehicle/toyota-premio-2017-264803
"4,200,000","200,000",1500,Automatic,Toyota,1998,"About
                            patpat





About Us
Terms and s
Privacy policy
Partnerships
Ad Upgrade Details
Banner Advertising Details",Sprinter,Petrol,silver,Car(Saloon),https://patpat.lk/en/ad/vehicle/toyota-sprinter-1998-264844
"1,500,000","206,473",1500,Manual,Toyota,1985,"About
                            patpat





About Us
Terms and s
Privacy policy
Partnerships
Ad Upgrade Details
Banner Advertising Details",Corolla,Petrol,white,Car(Sedan),https://patpat.lk/en/ad/vehicle/toyota-corolla-1985-264725
Negotiable,N/A,N/A,"Automatic



Manual



Other



Tiptronic",,N/A,"About
                            patpat





About Us
Terms and s
Privacy policy
Partnerships
Ad Upgrade Details
Banner Advertising Details",,"Diesel



Electric



Hybrid



Petrol",N/A,"Bike



Bus



Car



Heavy



Land



SUV



Three wheeler



Truck



Van



Pick-up 



Multi Purpose",https://patpat.lk/en/sri-lanka/vehicle/car/toyota?page=79
"10,800,000","125,000",1790,Automatic,Toyota,2014,"About
                            patpat





About Us
Terms and s
Privacy policy
Partnerships
Ad Upgrade Details
Banner Advertising Details",Prius,Petrol,purple,Car(Saloon),https://patpat.lk/en/ad/vehicle/toyota-prius-2014-264706
"5,175,000","132,000",1500,Automatic,Toyota,2003,"About
                            patpat





About Us
Terms and s
Privacy policy
Partnerships
Ad Upgrade Details
Banner Advertising Details",Vios,Petrol,gold,Car(Saloon),https://patpat.lk/en/ad/vehicle/toyota-vios-2003-264744
Negotiable,"222,000",1500,Automatic,Toyota,2007,"About
                            patpat





About Us
Terms and s
Privacy policy
Partnerships
Ad Upgrade Details
Banner Advertising Details",Premio,Petrol,maroon,Car(Saloon),https://patpat.lk/en/ad/vehicle/toyota-premio-2007-236213
"8,450,000","222,000",15000,Automatic,Toyota,2007,"About
                            patpat





About Us
Terms and s
Privacy policy
Partnerships
Ad Upgrade Details
Banner Advertising Details",Premio,Petrol,other,Car(Saloon),https://patpat.lk/en/ad/vehicle/toyota-premio-2007-236043
Negotiable,"126,000",1000,Automatic,Toyota,2016,"About
                            patpat





About Us
Terms and s
Privacy policy
Partnerships
Ad Upgrade Details
Banner Advertising Details",Vitz,Petrol,silver,Car(Hatchback),https://patpat.lk/en/ad/vehicle/toyota-vitz-2016-264445
Negotiable,0,1496,Automatic,Toyota,2010,"About
                            patpat





About Us
Terms and s
Privacy policy
Partnerships
Ad Upgrade Details
Banner Advertising Details",Corolla,Petrol,white,Car(),https://patpat.lk/en/ad/vehicle/toyota-corolla-2010-264267
Negotiable,"134,000",1200,Automatic,Toyota,2013,"About
                            patpat





About Us
Terms and s
Privacy policy
Partnerships
Ad Upgrade Details
Banner Advertising Details",Aqua,Hybrid,black,Car(Hatchback),https://patpat.lk/en/ad/vehicle/toyota-aqua-2013-264292
"4,000,000",0,1500,Manual,Toyota,2000,"About
                            patpat





About Us
Terms and s
Privacy policy
Partnerships
Ad Upgrade Details
Banner Advertising Details",Corolla,Petrol,brown,Car(Saloon),https://patpat.lk/en/ad/vehicle/toyota-corolla-2000-264202
Negotiable,0,1500,Manual,Toyota,1993,"About
                            patpat





About Us
Terms and s
Privacy policy
Partnerships
Ad Upgrade Details
Banner Advertising Details",AE100,Diesel,white,Car(Saloon),https://patpat.lk/en/ad/vehicle/toyota-ae100-1993-264155
"7,200,000",123,1500,Automatic,Toyota,2007,"About
                            patpat





About Us
Terms and s
Privacy policy
Partnerships
Ad Upgrade Details
Banner Advertising Details",Axio,Petrol,white,Car(Sedan),https://patpat.lk/en/ad/vehicle/toyota-axio-2007-264138
"6,895,000","211,000",1500,Automatic,Toyota,2007,"About
                            patpat





About Us
Terms and s
Privacy policy
Partnerships
Ad Upgrade Details
Banner Advertising Details",Axio,Petrol,silver,Car(Saloon),https://patpat.lk/en/ad/vehicle/toyota-axio-2007-264094
"5,500,000","167,000",1000,Automatic,Toyota,2008,"About
                            patpat





About Us
Terms and s
Privacy policy
Partnerships
Ad Upgrade Details
Banner Advertising Details",Vitz,Petrol,beige,Car(Hatchback),https://patpat.lk/en/ad/vehicle/toyota-vitz-2008-264090
Negotiable,"143,000",1300,Automatic,Toyota,1997,"About
                            patpat





About Us
Terms and s
Privacy policy
Partnerships
Ad Upgrade Details
Banner Advertising Details",Corolla,Petrol,silver,Car(Sedan),https://patpat.lk/en/ad/vehicle/toyota-corolla-1997-264025
Negotiable,"170,000",1800,Automatic,Toyota,2011,"About
                            patpat





About Us
Terms and s
Privacy policy
Partnerships
Ad Upgrade Details
Banner Advertising Details",Prius,Hybrid,black,Car(Liftback),https://patpat.lk/en/ad/vehicle/toyota-prius-2011-264020
"6,475,000","178,000",1500,Automatic,Toyota,2003,"About
                            patpat





About Us
Terms and s
Privacy policy
Partnerships
Ad Upgrade Details
Banner Advertising Details",Allion,Petrol,red,Car(Sedan),https://patpat.lk/en/ad/vehicle/toyota-allion-2003-263979
Negotiable,"145,000",1400,Automatic,Toyota,1997,"About
                            patpat





About Us
Terms and s
Privacy policy
Partnerships
Ad Upgrade Details
Banner Advertising Details",Corsa,Petrol,blue,Car(Sedan),https://patpat.lk/en/ad/vehicle/toyota-corsa-1997-263971
Negotiable,"156,000",1200,Automatic,Toyota,2003,"About
                            patpat





About Us
Terms and s
Privacy policy
Partnerships
Ad Upgrade Details
Banner Advertising Details",Corolla,Petrol,maroon,Car(Sedan),https://patpat.lk/en/ad/vehicle/toyota-corolla-2003-263968
"9,500,000","152,000",1329,Automatic,Toyota,2017,"About
                            patpat





About Us
Terms and s
Privacy policy
Partnerships
Ad Upgrade Details
Banner Advertising Details",Yaris,Petrol,beige,Car(Saloon),https://patpat.lk/en/ad/vehicle/toyota-yaris-2017-263916
"10,250,000","195,000",1800,Automatic,Toyota,2012,"About
                            patpat





About Us
Terms and s
Privacy policy
Partnerships
Ad Upgrade Details
Banner Advertising Details",Prius,Petrol,white,Car(Sedan),https://patpat.lk/en/ad/vehicle/toyota-prius-2012-263962
Negotiable,0,1800,Automatic,Toyota,2024,"About
                            patpat





About Us
Terms and s
Privacy policy
Partnerships
Ad Upgrade Details
Banner Advertising Details",Corolla,Petrol,red,Car(Hatchback),https://patpat.lk/en/ad/vehicle/toyota-corolla-2024-263912
"8,200,000",N/A,N/A,"Automatic



Manual



Other



Tiptronic",,N/A,"About
                            patpat





About Us
Terms and s
Privacy policy
Partnerships
Ad Upgrade Details
Banner Advertising Details",,"Diesel



Electric



Hybrid



Petrol",N/A,"Bike



Bus



Car



Heavy



Land



SUV



Three wheeler



Truck



Van



Pick-up 



Multi Purpose",https://patpat.lk/en/sri-lanka/vehicle/car/toyota?page=80
Negotiable,"160,000",1800,Automatic,Toyota,2013,"About
                            patpat





About Us
Terms and s
Privacy policy
Partnerships
Ad Upgrade Details
Banner Advertising Details",Prius,Hybrid,black,Car(Sedan),https://patpat.lk/en/ad/vehicle/toyota-prius-2013-263896
"3,990,000","260,000",1975,Automatic,Toyota,1998,"About
                            patpat





About Us
Terms and s
Privacy policy
Partnerships
Ad Upgrade Details
Banner Advertising Details",Corolla,Diesel,silver,Car(Hatchback),https://patpat.lk/en/ad/vehicle/toyota-corolla-1998-263910
"8,950,000","12,000",1000,Automatic,Toyota,2023,"About
                            patpat





About Us
Terms and s
Privacy policy
Partnerships
Ad Upgrade Details
Banner Advertising Details",Yaris,Petrol,white,Car(Hatchback),https://patpat.lk/en/ad/vehicle/toyota-yaris-2023-263905
"9,500,000",123,1500,Automatic,Toyota,2014,"About
                            patpat





About Us
Terms and s
Privacy policy
Partnerships
Ad Upgrade Details
Banner Advertising Details",Axio,Petrol,white,Car(Saloon),https://patpat.lk/en/ad/vehicle/toyota-axio-2014-263881
Negotiable,"12,345",1234,Manual,Toyota,2005,"About
                            patpat





About Us
Terms and s
Privacy policy
Partnerships
Ad Upgrade Details
Banner Advertising Details",Corolla,Petrol,other,Car(Hatchback),https://patpat.lk/en/ad/vehicle/toyota-corolla-2005-263876
Negotiable,"178,000",1200,Manual,Toyota,1996,"About
                            patpat





About Us
Terms and s
Privacy policy
Partnerships
Ad Upgrade Details
Banner Advertising Details",Corolla,Petrol,white,Car(Sedan),https://patpat.lk/en/ad/vehicle/toyota-corolla-1996-263859
Negotiable,0,1490,Automatic,Toyota,2017,"About
                            patpat





About Us
Terms and s
Privacy policy
Partnerships
Ad Upgrade Details
Banner Advertising Details",Premio,Petrol,white,Car(Hatchback),https://patpat.lk/en/ad/vehicle/toyota-premio-2017-263857
Negotiable,"142,000",1500,Automatic,Toyota,2018,"About
                            patpat





About Us
Terms and s
Privacy policy
Partnerships
Ad Upgrade Details
Banner Advertising Details",Premio,Petrol,gray,Car(Saloon),https://patpat.lk/en/ad/vehicle/toyota-premio-2018-263854
Negotiable,0,1200,Automatic,Toyota,2023,"About
                            patpat





About Us
Terms and s
Privacy policy
Partnerships
Ad Upgrade Details
Banner Advertising Details",Yaris,Petrol,white,Car(Liftback),https://patpat.lk/en/ad/vehicle/toyota-yaris-2023-263851
Negotiable,"150,000",1200,Automatic,Toyota,1998,"About
                            patpat





About Us
Terms and s
Privacy policy
Partnerships
Ad Upgrade Details
Banner Advertising Details",Corolla,Petrol,white,Car(Sedan),https://patpat.lk/en/ad/vehicle/toyota-corolla-1998-263848
Negotiable,0,1490,Automatic,Toyota,2009,"About
                            patpat





About Us
Terms and s
Privacy policy
Partnerships
Ad Upgrade Details
Banner Advertising Details",Belta,Petrol,white,Car(Liftback),https://patpat.lk/en/ad/vehicle/toyota-belta-2009-263839
Negotiable,0,1490,Automatic,Toyota,2013,"About
                            patpat





About Us
Terms and s
Privacy policy
Partnerships
Ad Upgrade Details
Banner Advertising Details",Aqua,Petrol,black,Car(Hatchback),https://patpat.lk/en/ad/vehicle/toyota-aqua-2013-263837
Negotiable,"145,000",1000,Automatic,Toyota,2014,"About
                            patpat





About Us
Terms and s
Privacy policy
Partnerships
Ad Upgrade Details
Banner Advertising Details",Prius,Hybrid,white,Car(Sedan),https://patpat.lk/en/ad/vehicle/toyota-prius-2014-263817
"7,775,000","138,200",1000,Automatic,Toyota,2015,"About
                            patpat





About Us
Terms and s
Privacy policy
Partnerships
Ad Upgrade Details
Banner Advertising Details",Aqua,Petrol,orange,Car(Liftback),https://patpat.lk/en/ad/vehicle/toyota-aqua-2015-263785
"6,600,000","99,600",1000,Automatic,Toyota,2017,"About
                            patpat





About Us
Terms and s
Privacy policy
Partnerships
Ad Upgrade Details
Banner Advertising Details",Passo,Petrol,black,Car(Hatchback),https://patpat.lk/en/ad/vehicle/toyota-passo-2017-263784
"15,000,000","60,000",1500,Automatic,Toyota,2018,"About
                            patpat





About Us
Terms and s
Privacy policy
Partnerships
Ad Upgrade Details
Banner Advertising Details",Premio,Petrol,white,Car(Liftback),https://patpat.lk/en/ad/vehicle/toyota-premio-2018-263724
Negotiable,"146,000",1400,Automatic,Toyota,1999,"About
                            patpat





About Us
Terms and s
Privacy policy
Partnerships
Ad Upgrade Details
Banner Advertising Details",Corolla,Petrol,silver,Car(Sedan),https://patpat.lk/en/ad/vehicle/toyota-corolla-1999-263720
Negotiable,"156,000",1500,Manual,Toyota,1996,"About
                            patpat





About Us
Terms and s
Privacy policy
Partnerships
Ad Upgrade Details
Banner Advertising Details",Carina,Petrol,white,Car(Sedan),https://patpat.lk/en/ad/vehicle/toyota-carina-1996-263684
"6,890,000",N/A,N/A,"Automatic



Manual



Other



Tiptronic",,N/A,"About
                            patpat





About Us
Terms and s
Privacy policy
Partnerships
Ad Upgrade Details
Banner Advertising Details",,"Diesel



Electric



Hybrid



Petrol",N/A,"Bike



Bus



Car



Heavy



Land



SUV



Three wheeler



Truck



Van



Pick-up 



Multi Purpose",https://patpat.lk/en/sri-lanka/vehicle/car/toyota?page=81
"12,300,000","82,500",1500,Automatic,Toyota,2017,"About
                            patpat





About Us
Terms and s
Privacy policy
Partnerships
Ad Upgrade Details
Banner Advertising Details",Axio,Hybrid,white,Car(Saloon),https://patpat.lk/en/ad/vehicle/toyota-axio-2017-263654
Negotiable,0,1500,Automatic,Toyota,1997,"About
                            patpat





About Us
Terms and s
Privacy policy
Partnerships
Ad Upgrade Details
Banner Advertising Details",Corolla,Petrol,white,Car(Saloon),https://patpat.lk/en/ad/vehicle/toyota-corolla-1997-263606
"6,775,000","102,000",1496,Automatic,Toyota,2012,"About
                            patpat





About Us
Terms and s
Privacy policy
Partnerships
Ad Upgrade Details
Banner Advertising Details",Aqua,Petrol,blue,Car(Hatchback),https://patpat.lk/en/ad/vehicle/toyota-aqua-2012-263630
"9,375,000","140,000",1500,Manual,Toyota,2015,"About
                            patpat





About Us
Terms and s
Privacy policy
Partnerships
Ad Upgrade Details
Banner Advertising Details",Axio,Petrol,white,Car(Saloon),https://patpat.lk/en/ad/vehicle/toyota-axio-2015-263599
"6,950,000","165,000",1500,Automatic,Toyota,2013,"About
                            patpat





About Us
Terms and s
Privacy policy
Partnerships
Ad Upgrade Details
Banner Advertising Details",Aqua,Hybrid,black,Car(Liftback),https://patpat.lk/en/ad/vehicle/toyota-aqua-2013-263581
"8,200,000","79,000",1500,Automatic,Toyota,2015,"About
                            patpat





About Us
Terms and s
Privacy policy
Partnerships
Ad Upgrade Details
Banner Advertising Details",Aqua,Hybrid,white,Car(Liftback),https://patpat.lk/en/ad/vehicle/toyota-aqua-2015-263577
Negotiable,"170,000",1500,Automatic,Toyota,2015,"About
                            patpat





About Us
Terms and s
Privacy policy
Partnerships
Ad Upgrade Details
Banner Advertising Details",Axio,Hybrid,brown,Car(Saloon),https://patpat.lk/en/ad/vehicle/toyota-axio-2015-263572
"9,250,000","165,000",1500,Automatic,Toyota,2010,"About
                            patpat





About Us
Terms and s
Privacy policy
Partnerships
Ad Upgrade Details
Banner Advertising Details",Premio,Hybrid,maroon,Car(Saloon),https://patpat.lk/en/ad/vehicle/toyota-premio-2010-263571
Negotiable,"120,000",1800,Automatic,Toyota,1992,"About
                            patpat





About Us
Terms and s
Privacy policy
Partnerships
Ad Upgrade Details
Banner Advertising Details",Vista,Diesel,gold,Car(Saloon),https://patpat.lk/en/ad/vehicle/toyota-vista-1992-263230
Negotiable,"1,000",1000,Automatic,Toyota,2024,"About
                            patpat





About Us
Terms and s
Privacy policy
Partnerships
Ad Upgrade Details
Banner Advertising Details",Yaris,Petrol,gray,Car(Hatchback),https://patpat.lk/en/ad/vehicle/toyota-yaris-2024-263343
"6,600,000","270,000",1496,Automatic,Toyota,2006,"About
                            patpat





About Us
Terms and s
Privacy policy
Partnerships
Ad Upgrade Details
Banner Advertising Details",Allion,Petrol,beige,Car(Sedan),https://patpat.lk/en/ad/vehicle/toyota-allion-2006-263383
Negotiable,"95,000",1000,Automatic,Toyota,2017,"About
                            patpat





About Us
Terms and s
Privacy policy
Partnerships
Ad Upgrade Details
Banner Advertising Details",Wigo,Petrol,silver,Car(Hatchback),https://patpat.lk/en/ad/vehicle/toyota-wigo-2017-263411
"5,850,000","95,000",1000,Automatic,Toyota,2017,"About
                            patpat





About Us
Terms and s
Privacy policy
Partnerships
Ad Upgrade Details
Banner Advertising Details",Wigo,Petrol,silver,Car(Hatchback),https://patpat.lk/en/ad/vehicle/toyota-wigo-2017-263424
"6,700,000","220,000",1500,Manual,Toyota,2007,"About
                            patpat





About Us
Terms and s
Privacy policy
Partnerships
Ad Upgrade Details
Banner Advertising Details",Axio,Petrol,gray,Car(Liftback),https://patpat.lk/en/ad/vehicle/toyota-axio-2007-263462
"5,500,000","293,000",1800,Automatic,Toyota,1999,"About
                            patpat





About Us
Terms and s
Privacy policy
Partnerships
Ad Upgrade Details
Banner Advertising Details",Carina,Petrol,beige,Car(Hatchback),https://patpat.lk/en/ad/vehicle/toyota-carina-1999-263318
Negotiable,"130,000",1000,Automatic,Toyota,2015,"About
                            patpat





About Us
Terms and s
Privacy policy
Partnerships
Ad Upgrade Details
Banner Advertising Details",Aqua,Hybrid,silver,Car(Saloon),https://patpat.lk/en/ad/vehicle/toyota-aqua-2015-263319
"9,800,000","6,000",1000,Automatic,Toyota,2025,"About
                            patpat





About Us
Terms and s
Privacy policy
Partnerships
Ad Upgrade Details
Banner Advertising Details",Yaris,Petrol,white,Car(),https://patpat.lk/en/ad/vehicle/toyota-yaris-2025-263490
"4,375,000","193,000",1000,Automatic,Toyota,2004,"About
                            patpat





About Us
Terms and s
Privacy policy
Partnerships
Ad Upgrade Details
Banner Advertising Details",Passo,Petrol,pink,Car(Hatchback),https://patpat.lk/en/ad/vehicle/toyota-passo-2004-263156
Negotiable,N/A,N/A,"Automatic



Manual



Other



Tiptronic",,N/A,"About
                            patpat





About Us
Terms and s
Privacy policy
Partnerships
Ad Upgrade Details
Banner Advertising Details",,"Diesel



Electric



Hybrid



Petrol",N/A,"Bike



Bus



Car



Heavy



Land



SUV



Three wheeler



Truck



Van



Pick-up 



Multi Purpose",https://patpat.lk/en/sri-lanka/vehicle/car/toyota?page=82
Negotiable,"150,000",1500,Manual,Toyota,1983,"About
                            patpat





About Us
Terms and s
Privacy policy
Partnerships
Ad Upgrade Details
Banner Advertising Details",Corona,Petrol,red,Car(Sedan),https://patpat.lk/en/ad/vehicle/toyota-corona-1983-263223
"11,600,000","159,000",1500,Automatic,Toyota,2015,"About
                            patpat





About Us
Terms and s
Privacy policy
Partnerships
Ad Upgrade Details
Banner Advertising Details",Premio,Petrol,purple,Car(Sedan),https://patpat.lk/en/ad/vehicle/toyota-premio-2015-263173
"6,800,000","128,000",1000,Automatic,Toyota,2008,"About
                            patpat





About Us
Terms and s
Privacy policy
Partnerships
Ad Upgrade Details
Banner Advertising Details",Corolla,Petrol,blue,Car(Sedan),https://patpat.lk/en/ad/vehicle/toyota-corolla-2008-263184
"11,000,000","147,000",1500,Automatic,Toyota,2015,"About
                            patpat





About Us
Terms and s
Privacy policy
Partnerships
Ad Upgrade Details
Banner Advertising Details",Prius,Hybrid,white,Car(Hatchback),https://patpat.lk/en/ad/vehicle/toyota-prius-2015-263192
"15,000,000","105,000",1500,Automatic,Toyota,2017,"About
                            patpat





About Us
Terms and s
Privacy policy
Partnerships
Ad Upgrade Details
Banner Advertising Details",Premio,Petrol,white,Car(Sedan),https://patpat.lk/en/ad/vehicle/toyota-premio-2017-263211
"6,890,000",0,1490,Automatic,Toyota,2013,"About
                            patpat





About Us
Terms and s
Privacy policy
Partnerships
Ad Upgrade Details
Banner Advertising Details",Aqua,Petrol,blue,Car(Saloon),https://patpat.lk/en/ad/vehicle/toyota-aqua-2013-263134
"17,800,000","164,000",1500,Automatic,Toyota,2020,"About
                            patpat





About Us
Terms and s
Privacy policy
Partnerships
Ad Upgrade Details
Banner Advertising Details",Premio,Petrol,white,Car(Liftback),https://patpat.lk/en/ad/vehicle/toyota-premio-2020-263051
Negotiable,0,1490,Automatic,Toyota,2025,"About
                            patpat





About Us
Terms and s
Privacy policy
Partnerships
Ad Upgrade Details
Banner Advertising Details",Yaris,Petrol,white,Car(Hatchback),https://patpat.lk/en/ad/vehicle/toyota-yaris-2025-262995
"9,200,000",0,1490,Automatic,Toyota,2023,"About
                            patpat





About Us
Terms and s
Privacy policy
Partnerships
Ad Upgrade Details
Banner Advertising Details",Yaris,Petrol,black,Car(Hatchback),https://patpat.lk/en/ad/vehicle/toyota-yaris-2023-262986
"5,775,000","240,000",1500,Automatic,Toyota,2007,"About
                            patpat





About Us
Terms and s
Privacy policy
Partnerships
Ad Upgrade Details
Banner Advertising Details",Vitz,Petrol,gray,Car(Hatchback),https://patpat.lk/en/ad/vehicle/toyota-vitz-2007-262961
Negotiable,"160,000",1000,Automatic,Toyota,2016,"About
                            patpat





About Us
Terms and s
Privacy policy
Partnerships
Ad Upgrade Details
Banner Advertising Details",Vitz,Petrol,orange,Car(Hatchback),https://patpat.lk/en/ad/vehicle/toyota-vitz-2016-262903
Negotiable,"165,000",1300,Automatic,Toyota,2010,"About
                            patpat





About Us
Terms and s
Privacy policy
Partnerships
Ad Upgrade Details
Banner Advertising Details",Premio,Petrol,maroon,Car(Saloon),https://patpat.lk/en/ad/vehicle/toyota-premio-2010-262905
Negotiable,"100,000",1496,Automatic,Toyota,2013,"About
                            patpat





About Us
Terms and s
Privacy policy
Partnerships
Ad Upgrade Details
Banner Advertising Details",Aqua,Hybrid,blue,Car(Liftback),https://patpat.lk/en/ad/vehicle/toyota-aqua-2013-262804
Negotiable,"137,000",1000,Manual,Toyota,2015,"About
                            patpat





About Us
Terms and s
Privacy policy
Partnerships
Ad Upgrade Details
Banner Advertising Details",Premio,Petrol,maroon,Car(Saloon),https://patpat.lk/en/ad/vehicle/toyota-premio-2015-262777
"5,800,000","1,310,000",1000,Automatic,Toyota,2008,"About
                            patpat





About Us
Terms and s
Privacy policy
Partnerships
Ad Upgrade Details
Banner Advertising Details",Vitz,Petrol,black,Car(Hatchback),https://patpat.lk/en/ad/vehicle/toyota-vitz-2008-262620
"7,150,000","105,000",1000,Manual,Toyota,2015,"About
                            patpat





About Us
Terms and s
Privacy policy
Partnerships
Ad Upgrade Details
Banner Advertising Details",Vitz,Petrol,blue,Car(Saloon),https://patpat.lk/en/ad/vehicle/toyota-vitz-2015-262492
"5,990,000","120,000",1300,Manual,Toyota,2007,"About
                            patpat





About Us
Terms and s
Privacy policy
Partnerships
Ad Upgrade Details
Banner Advertising Details",Belta,Petrol,white,Car(Saloon),https://patpat.lk/en/ad/vehicle/toyota-belta-2007-262452
"9,850,000","180,000",1500,Manual,Toyota,2013,"About
                            patpat





About Us
Terms and s
Privacy policy
Partnerships
Ad Upgrade Details
Banner Advertising Details",Premio,Petrol,white,Car(Hatchback),https://patpat.lk/en/ad/vehicle/toyota-premio-2013-262534
"5,250,000",N/A,N/A,"Automatic



Manual



Other



Tiptronic",,N/A,"About
                            patpat





About Us
Terms and s
Privacy policy
Partnerships
Ad Upgrade Details
Banner Advertising Details",,"Diesel



Electric



Hybrid



Petrol",N/A,"Bike



Bus



Car



Heavy



Land



SUV



Three wheeler



Truck



Van



Pick-up 



Multi Purpose",https://patpat.lk/en/sri-lanka/vehicle/car/toyota?page=83
"9,100,000","117,000",1500,Automatic,Toyota,2007,"About
                            patpat





About Us
Terms and s
Privacy policy
Partnerships
Ad Upgrade Details
Banner Advertising Details",Allion,Petrol,black,Car(Sedan),https://patpat.lk/en/ad/vehicle/toyota-allion-2007-262473
Negotiable,"234,388",1970,Automatic,Toyota,1997,"About
                            patpat





About Us
Terms and s
Privacy policy
Partnerships
Ad Upgrade Details
Banner Advertising Details",Corolla,Diesel,beige,Car(Hatchback),https://patpat.lk/en/ad/vehicle/toyota-corolla-1997-262211
Negotiable,"120,000",1300,Manual,Toyota,1988,"About
                            patpat





About Us
Terms and s
Privacy policy
Partnerships
Ad Upgrade Details
Banner Advertising Details",Corolla,Petrol,silver,Car(Hatchback),https://patpat.lk/en/ad/vehicle/toyota-corolla-1988-262255
Negotiable,"159,000",1496,Automatic,Toyota,2012,"About
                            patpat





About Us
Terms and s
Privacy policy
Partnerships
Ad Upgrade Details
Banner Advertising Details",Aqua,Petrol,black,Car(Hatchback),https://patpat.lk/en/ad/vehicle/toyota-aqua-2012-262263
Negotiable,"129,193",1300,Automatic,Toyota,2009,"About
                            patpat





About Us
Terms and s
Privacy policy
Partnerships
Ad Upgrade Details
Banner Advertising Details",Vitz,Petrol,silver,Car(Hatchback),https://patpat.lk/en/ad/vehicle/toyota-vitz-2009-262312
Negotiable,0,1000,Manual,Toyota,1996,"About
                            patpat





About Us
Terms and s
Privacy policy
Partnerships
Ad Upgrade Details
Banner Advertising Details",Glanza V,Petrol,gray,Car(),https://patpat.lk/en/ad/vehicle/toyota-glanza-v-1996-262399
Negotiable,"144,000",1598,Automatic,Toyota,2001,"About
                            patpat





About Us
Terms and s
Privacy policy
Partnerships
Ad Upgrade Details
Banner Advertising Details",Corolla,Petrol,blue,Car(Saloon),https://patpat.lk/en/ad/vehicle/toyota-corolla-2001-262409
"4,500,000","65,000",1500,Automatic,Toyota,1999,"About
                            patpat





About Us
Terms and s
Privacy policy
Partnerships
Ad Upgrade Details
Banner Advertising Details",Corolla,Petrol,white,Car(Saloon),https://patpat.lk/en/ad/vehicle/toyota-corolla-1999-262316
"2,300,000",0,1500,Manual,Toyota,1987,"About
                            patpat





About Us
Terms and s
Privacy policy
Partnerships
Ad Upgrade Details
Banner Advertising Details",Sprinter,Petrol,white,Car(Hatchback),https://patpat.lk/en/ad/vehicle/toyota-sprinter-1987-262388
"14,600,000","70,000",1500,Automatic,Toyota,2017,"About
                            patpat





About Us
Terms and s
Privacy policy
Partnerships
Ad Upgrade Details
Banner Advertising Details",Premio,Petrol,brown,Car(Sedan),https://patpat.lk/en/ad/vehicle/toyota-premio-2017-262367
Negotiable,0,996,Automatic,Toyota,2023,"About
                            patpat





About Us
Terms and s
Privacy policy
Partnerships
Ad Upgrade Details
Banner Advertising Details",Yaris,Petrol,white,Car(Hatchback),https://patpat.lk/en/ad/vehicle/toyota-yaris-2023-256811
"5,550,000","147,224",1490,Automatic,Toyota,2008,"About
                            patpat





About Us
Terms and s
Privacy policy
Partnerships
Ad Upgrade Details
Banner Advertising Details",Vitz,Petrol,gray,Car(Hatchback),https://patpat.lk/en/ad/vehicle/toyota-vitz-2008-256888
"5,900,000",0,1300,Automatic,Toyota,2008,"About
                            patpat





About Us
Terms and s
Privacy policy
Partnerships
Ad Upgrade Details
Banner Advertising Details",Belta,Petrol,silver,Car(Saloon),https://patpat.lk/en/ad/vehicle/toyota-belta-2008-256828
"6,975,000","322,000",1500,Automatic,Toyota,2012,"About
                            patpat





About Us
Terms and s
Privacy policy
Partnerships
Ad Upgrade Details
Banner Advertising Details",Aqua,Hybrid,blue,Car(Hatchback),https://patpat.lk/en/ad/vehicle/toyota-aqua-2012-256651
Negotiable,"161,000",1000,Automatic,Toyota,2014,"About
                            patpat





About Us
Terms and s
Privacy policy
Partnerships
Ad Upgrade Details
Banner Advertising Details",Prius,Hybrid,white,Car(Saloon),https://patpat.lk/en/ad/vehicle/toyota-prius-2014-256764
"6,350,000","133,000",1500,Automatic,Toyota,2012,"About
                            patpat





About Us
Terms and s
Privacy policy
Partnerships
Ad Upgrade Details
Banner Advertising Details",Aqua,Petrol,blue,Car(Hatchback),https://patpat.lk/en/ad/vehicle/toyota-aqua-2012-256791
Negotiable,N/A,N/A,"Automatic



Manual



Other



Tiptronic",,N/A,"About
                            patpat





About Us
Terms and s
Privacy policy
Partnerships
Ad Upgrade Details
Banner Advertising Details",,"Diesel



Electric



Hybrid



Petrol",N/A,"Bike



Bus



Car



Heavy



Land



SUV



Three wheeler



Truck



Van



Pick-up 



Multi Purpose",https://patpat.lk/en/sri-lanka/vehicle/car/toyota?page=94
"10,200,000","132,000",1500,Automatic,Toyota,2016,"About
                            patpat





About Us
Terms and s
Privacy policy
Partnerships
Ad Upgrade Details
Banner Advertising Details",Axio,Petrol,white,Car(Hatchback),https://patpat.lk/en/ad/vehicle/toyota-axio-2016-256749
"8,400,000","148,000",1200,Automatic,Toyota,2015,"About
                            patpat





About Us
Terms and s
Privacy policy
Partnerships
Ad Upgrade Details
Banner Advertising Details",Axio,Petrol,white,Car(Hatchback),https://patpat.lk/en/ad/vehicle/toyota-axio-2015-256726
"7,550,000","129,853",1200,Manual,Toyota,2016,"About
                            patpat





About Us
Terms and s
Privacy policy
Partnerships
Ad Upgrade Details
Banner Advertising Details",Vitz,Petrol,white,Car(Hatchback),https://patpat.lk/en/ad/vehicle/toyota-vitz-2016-256734
"8,500,000","5,000",660,Automatic,Toyota,2023,"About
                            patpat





About Us
Terms and s
Privacy policy
Partnerships
Ad Upgrade Details
Banner Advertising Details",Yaris,Petrol,white,Car(Hatchback),https://patpat.lk/en/ad/vehicle/toyota-yaris-2023-256564
"4,750,000","200,000",1300,Automatic,Toyota,2003,"About
                            patpat





About Us
Terms and s
Privacy policy
Partnerships
Ad Upgrade Details
Banner Advertising Details",IST,Petrol,gray,Car(Hatchback),https://patpat.lk/en/ad/vehicle/toyota-ist-2003-256547
"5,250,000","100,000",1500,Manual,Toyota,2003,"About
                            patpat





About Us
Terms and s
Privacy policy
Partnerships
Ad Upgrade Details
Banner Advertising Details",Vios,Petrol,gold,Car(Saloon),https://patpat.lk/en/ad/vehicle/toyota-vios-2003-256592
"8,675,000","33,000",1000,Automatic,Toyota,2023,"About
                            patpat





About Us
Terms and s
Privacy policy
Partnerships
Ad Upgrade Details
Banner Advertising Details",Yaris,Petrol,white,Car(Hatchback),https://patpat.lk/en/ad/vehicle/toyota-yaris-2023-256536
"13,700,000","4,000",1496,Automatic,Toyota,2024,"About
                            patpat





About Us
Terms and s
Privacy policy
Partnerships
Ad Upgrade Details
Banner Advertising Details",Axio,Hybrid,gray,Car(Sedan),https://patpat.lk/en/ad/vehicle/toyota-axio-2024-256501
"10,200,000","158,000",1490,Automatic,Toyota,2012,"About
                            patpat





About Us
Terms and s
Privacy policy
Partnerships
Ad Upgrade Details
Banner Advertising Details",Premio,Petrol,silver,Car(Sedan),https://patpat.lk/en/ad/vehicle/toyota-premio-2012-256522
Negotiable,0,1490,Automatic,Toyota,2017,"About
                            patpat





About Us
Terms and s
Privacy policy
Partnerships
Ad Upgrade Details
Banner Advertising Details",Premio,Petrol,white,Car(Hatchback),https://patpat.lk/en/ad/vehicle/toyota-premio-2017-256400
"10,800,000","205,000",1500,Automatic,Toyota,2014,"About
                            patpat





About Us
Terms and s
Privacy policy
Partnerships
Ad Upgrade Details
Banner Advertising Details",Premio,Petrol,maroon,Car(Sedan),https://patpat.lk/en/ad/vehicle/toyota-premio-2014-256507
"7,650,000","75,000",1000,Automatic,Toyota,2017,"About
                            patpat





About Us
Terms and s
Privacy policy
Partnerships
Ad Upgrade Details
Banner Advertising Details",Vitz,Petrol,blue,Car(Hatchback),https://patpat.lk/en/ad/vehicle/toyota-vitz-2017-256488
"8,300,000","120,000",990,Automatic,Toyota,2019,"About
                            patpat





About Us
Terms and s
Privacy policy
Partnerships
Ad Upgrade Details
Banner Advertising Details",Vitz,Petrol,maroon,Car(Hatchback),https://patpat.lk/en/ad/vehicle/toyota-vitz-2019-256483
"8,000,000","260,000",1500,Automatic,Toyota,2007,"About
                            patpat





About Us
Terms and s
Privacy policy
Partnerships
Ad Upgrade Details
Banner Advertising Details",Allion,Petrol,black,Car(Saloon),https://patpat.lk/en/ad/vehicle/toyota-allion-2007-256299
Negotiable,"226,725",1500,Manual,Toyota,1989,"About
                            patpat





About Us
Terms and s
Privacy policy
Partnerships
Ad Upgrade Details
Banner Advertising Details",Corolla,Petrol,white,Car(),https://patpat.lk/en/ad/vehicle/toyota-corolla-1989-256420
"10,500,000","165,000",1800,Automatic,Toyota,2012,"About
                            patpat





About Us
Terms and s
Privacy policy
Partnerships
Ad Upgrade Details
Banner Advertising Details",Prius,Hybrid,other,Car(Hatchback),https://patpat.lk/en/ad/vehicle/toyota-prius-2012-256186
"7,950,000","4,000",996,Automatic,Toyota,2023,"About
                            patpat





About Us
Terms and s
Privacy policy
Partnerships
Ad Upgrade Details
Banner Advertising Details",Passo,Petrol,red,Car(Hatchback),https://patpat.lk/en/ad/vehicle/toyota-passo-2023-256131
"16,000,000","75,000",1800,Automatic,Toyota,2021,"About
                            patpat





About Us
Terms and s
Privacy policy
Partnerships
Ad Upgrade Details
Banner Advertising Details",Corolla,Petrol,white,Car(Sedan),https://patpat.lk/en/ad/vehicle/toyota-corolla-2021-255975
"12,800,000","30,000",1600,Automatic,Toyota,2014,"About
                            patpat





About Us
Terms and s
Privacy policy
Partnerships
Ad Upgrade Details
Banner Advertising Details",Corolla,Petrol,silver,Car(Sedan),https://patpat.lk/en/ad/vehicle/toyota-corolla-2014-255979
"2,450,000","197,000",2000,Manual,Toyota,1992,"About
                            patpat





About Us
Terms and s
Privacy policy
Partnerships
Ad Upgrade Details
Banner Advertising Details",Corolla,Diesel,black,Car(Sedan),https://patpat.lk/en/ad/vehicle/toyota-corolla-1992-255883
Negotiable,N/A,N/A,"Automatic



Manual



Other



Tiptronic",,N/A,"About
                            patpat





About Us
Terms and s
Privacy policy
Partnerships
Ad Upgrade Details
Banner Advertising Details",,"Diesel



Electric



Hybrid



Petrol",N/A,"Bike



Bus



Car



Heavy



Land



SUV



Three wheeler



Truck



Van



Pick-up 



Multi Purpose",https://patpat.lk/en/sri-lanka/vehicle/car/toyota?page=95
Negotiable,"148,000",1900,Automatic,Toyota,2015,"About
                            patpat





About Us
Terms and s
Privacy policy
Partnerships
Ad Upgrade Details
Banner Advertising Details",Axio,Petrol,white,Car(Liftback),https://patpat.lk/en/ad/vehicle/toyota-axio-2015-256036
"7,900,000","95,360",990,Automatic,Toyota,2008,"About
                            patpat





About Us
Terms and s
Privacy policy
Partnerships
Ad Upgrade Details
Banner Advertising Details",Vitz,Petrol,gray,Car(Hatchback),https://patpat.lk/en/ad/vehicle/toyota-vitz-2008-256061
Negotiable,"161,000",1500,Automatic,Toyota,2014,"About
                            patpat





About Us
Terms and s
Privacy policy
Partnerships
Ad Upgrade Details
Banner Advertising Details",Aqua,Petrol,blue,Car(Hatchback),https://patpat.lk/en/ad/vehicle/toyota-aqua-2014-256007
"15,750,000","8,500",1499,Automatic,Toyota,2019,"About
                            patpat





About Us
Terms and s
Privacy policy
Partnerships
Ad Upgrade Details
Banner Advertising Details",Premio,Petrol,maroon,Car(Liftback),https://patpat.lk/en/ad/vehicle/toyota-premio-2019-255925
Negotiable,"170,000",1500,Automatic,Toyota,2012,"About
                            patpat





About Us
Terms and s
Privacy policy
Partnerships
Ad Upgrade Details
Banner Advertising Details",Premio,Petrol,maroon,Car(Saloon),https://patpat.lk/en/ad/vehicle/toyota-premio-2012-255961
"14,500,000","9,800,000",1500,Automatic,Toyota,2019,"About
                            patpat





About Us
Terms and s
Privacy policy
Partnerships
Ad Upgrade Details
Banner Advertising Details",Premio,Petrol,white,Car(Sedan),https://patpat.lk/en/ad/vehicle/toyota-premio-2019-255959
Negotiable,"13,000",1500,Automatic,Toyota,2007,"About
                            patpat





About Us
Terms and s
Privacy policy
Partnerships
Ad Upgrade Details
Banner Advertising Details",Allion,Petrol,white,Car(Liftback),https://patpat.lk/en/ad/vehicle/toyota-allion-2007-256034
Negotiable,0,1500,Manual,Toyota,2009,"About
                            patpat





About Us
Terms and s
Privacy policy
Partnerships
Ad Upgrade Details
Banner Advertising Details",Corolla,Diesel,red,Car(Saloon),https://patpat.lk/en/ad/vehicle/toyota-corolla-2009-255856
"7,000,000","217,000",0,Automatic,Toyota,2003,"About
                            patpat





About Us
Terms and s
Privacy policy
Partnerships
Ad Upgrade Details
Banner Advertising Details",Allion,Petrol,silver,Car(Sports),https://patpat.lk/en/ad/vehicle/toyota-allion-2003-255700
"4,000,000","136,000",1500,Automatic,Toyota,1998,"About
                            patpat





About Us
Terms and s
Privacy policy
Partnerships
Ad Upgrade Details
Banner Advertising Details",Corolla,Petrol,blue,Car(Hatchback),https://patpat.lk/en/ad/vehicle/toyota-corolla-1998-255714
"4,350,000","120,000",1490,Automatic,Toyota,1996,"About
                            patpat





About Us
Terms and s
Privacy policy
Partnerships
Ad Upgrade Details
Banner Advertising Details",Carina,Petrol,red,Car(Saloon),https://patpat.lk/en/ad/vehicle/toyota-carina-1996-255720
"7,450,000","146,000",1000,Automatic,Toyota,2016,"About
                            patpat





About Us
Terms and s
Privacy policy
Partnerships
Ad Upgrade Details
Banner Advertising Details",Vitz,Petrol,silver,Car(Hatchback),https://patpat.lk/en/ad/vehicle/toyota-vitz-2016-255772
"8,800,000","181,000",1500,Automatic,Toyota,2007,"About
                            patpat





About Us
Terms and s
Privacy policy
Partnerships
Ad Upgrade Details
Banner Advertising Details",Premio,Petrol,silver,Car(Hatchback),https://patpat.lk/en/ad/vehicle/toyota-premio-2007-255730
"7,950,000","245,000",1500,Automatic,Toyota,2003,"About
                            patpat





About Us
Terms and s
Privacy policy
Partnerships
Ad Upgrade Details
Banner Advertising Details",Allion,Petrol,gray,Car(Sedan),https://patpat.lk/en/ad/vehicle/toyota-allion-2003-255481
"11,400,000","210,000",1790,Automatic,Toyota,2009,"About
                            patpat





About Us
Terms and s
Privacy policy
Partnerships
Ad Upgrade Details
Banner Advertising Details",Prius,Petrol,white,Car(Saloon),https://patpat.lk/en/ad/vehicle/toyota-prius-2009-255415
"4,860,000",0,1500,Automatic,Toyota,1998,"About
                            patpat





About Us
Terms and s
Privacy policy
Partnerships
Ad Upgrade Details
Banner Advertising Details",Carina,Petrol,silver,Car(Hatchback),https://patpat.lk/en/ad/vehicle/toyota-carina-1998-255620
Negotiable,"98,000",1000,Automatic,Toyota,2015,"About
                            patpat





About Us
Terms and s
Privacy policy
Partnerships
Ad Upgrade Details
Banner Advertising Details",Axio,Petrol,white,Car(Sedan),https://patpat.lk/en/ad/vehicle/toyota-axio-2015-255615
"10,400,000","128,000",1500,Automatic,Toyota,2013,"About
                            patpat





About Us
Terms and s
Privacy policy
Partnerships
Ad Upgrade Details
Banner Advertising Details",Premio,Petrol,maroon,Car(Sedan),https://patpat.lk/en/ad/vehicle/toyota-premio-2013-255638
Negotiable,"104,000",1000,Automatic,Toyota,2012,"About
                            patpat





About Us
Terms and s
Privacy policy
Partnerships
Ad Upgrade Details
Banner Advertising Details",Aqua,Hybrid,white,Car(Hatchback),https://patpat.lk/en/ad/vehicle/toyota-aqua-2012-255584
Negotiable,0,1300,Manual,Toyota,1994,"About
                            patpat





About Us
Terms and s
Privacy policy
Partnerships
Ad Upgrade Details
Banner Advertising Details",Marino,Petrol,blue,Car(Saloon),https://patpat.lk/en/ad/vehicle/toyota-marino-1994-255601
"6,400,000",N/A,N/A,"Automatic



Manual



Other



Tiptronic",,N/A,"About
                            patpat





About Us
Terms and s
Privacy policy
Partnerships
Ad Upgrade Details
Banner Advertising Details",,"Diesel



Electric



Hybrid



Petrol",N/A,"Bike



Bus



Car



Heavy



Land



SUV



Three wheeler



Truck



Van



Pick-up 



Multi Purpose",https://patpat.lk/en/sri-lanka/vehicle/car/toyota?page=96
Negotiable,"103,000",1500,Automatic,Toyota,2011,"About
                            patpat





About Us
Terms and s
Privacy policy
Partnerships
Ad Upgrade Details
Banner Advertising Details",Allion,Petrol,maroon,Car(Sedan),https://patpat.lk/en/ad/vehicle/toyota-allion-2011-255598
"9,500,000",0,1400,Automatic,Toyota,2011,"About
                            patpat





About Us
Terms and s
Privacy policy
Partnerships
Ad Upgrade Details
Banner Advertising Details",Allion,Petrol,maroon,Car(Sedan),https://patpat.lk/en/ad/vehicle/toyota-allion-2011-255478
"9,600,000","5,000",1800,Automatic,Toyota,2013,"About
                            patpat





About Us
Terms and s
Privacy policy
Partnerships
Ad Upgrade Details
Banner Advertising Details",Prius,Hybrid,white,Car(Saloon),https://patpat.lk/en/ad/vehicle/toyota-prius-2013-255525
Negotiable,"129,000",1500,Automatic,Toyota,2013,"About
                            patpat





About Us
Terms and s
Privacy policy
Partnerships
Ad Upgrade Details
Banner Advertising Details",Prius,Hybrid,silver,Car(Hatchback),https://patpat.lk/en/ad/vehicle/toyota-prius-2013-255536
"8,650,000","128,000",1500,Automatic,Toyota,2012,"About
                            patpat





About Us
Terms and s
Privacy policy
Partnerships
Ad Upgrade Details
Banner Advertising Details",Prius,Hybrid,silver,Car(Hatchback),https://patpat.lk/en/ad/vehicle/toyota-prius-2012-255546
"8,500,000","187,000",1500,Automatic,Toyota,2014,"About
                            patpat





About Us
Terms and s
Privacy policy
Partnerships
Ad Upgrade Details
Banner Advertising Details",Axio,Petrol,white,Car(Sedan),https://patpat.lk/en/ad/vehicle/toyota-axio-2014-255508
Negotiable,"145,000",1300,Automatic,Toyota,2007,"About
                            patpat





About Us
Terms and s
Privacy policy
Partnerships
Ad Upgrade Details
Banner Advertising Details",Belta,Hybrid,blue,Car(Hatchback),https://patpat.lk/en/ad/vehicle/toyota-belta-2007-255533
"5,800,000","240,000",1500,Automatic,Toyota,2008,"About
                            patpat





About Us
Terms and s
Privacy policy
Partnerships
Ad Upgrade Details
Banner Advertising Details",Prius,Hybrid,black,Car(Liftback),https://patpat.lk/en/ad/vehicle/toyota-prius-2008-255518
Negotiable,"125,000",1500,Automatic,Toyota,2013,"About
                            patpat





About Us
Terms and s
Privacy policy
Partnerships
Ad Upgrade Details
Banner Advertising Details",Premio,Petrol,white,Car(Saloon),https://patpat.lk/en/ad/vehicle/toyota-premio-2013-255524
"7,600,000","138,000",1490,Automatic,Toyota,2013,"About
                            patpat





About Us
Terms and s
Privacy policy
Partnerships
Ad Upgrade Details
Banner Advertising Details",Aqua,Hybrid,white,Car(Hatchback),https://patpat.lk/en/ad/vehicle/toyota-aqua-2013-255522
Negotiable,"174,000",1500,Automatic,Toyota,2015,"About
                            patpat





About Us
Terms and s
Privacy policy
Partnerships
Ad Upgrade Details
Banner Advertising Details",Premio,Petrol,maroon,Car(Saloon),https://patpat.lk/en/ad/vehicle/toyota-premio-2015-255497
"6,300,000","174,334",1500,Automatic,Toyota,2002,"About
                            patpat





About Us
Terms and s
Privacy policy
Partnerships
Ad Upgrade Details
Banner Advertising Details",Allion,Petrol,silver,Car(Convertible),https://patpat.lk/en/ad/vehicle/toyota-allion-2002-255451
"5,850,000","148,000",1290,Automatic,Toyota,2007,"About
                            patpat





About Us
Terms and s
Privacy policy
Partnerships
Ad Upgrade Details
Banner Advertising Details",IST,Petrol,silver,Car(Hatchback),https://patpat.lk/en/ad/vehicle/toyota-ist-2007-255411
"5,650,000","132,000",1290,Automatic,Toyota,2005,"About
                            patpat





About Us
Terms and s
Privacy policy
Partnerships
Ad Upgrade Details
Banner Advertising Details",IST,Petrol,blue,Car(Hatchback),https://patpat.lk/en/ad/vehicle/toyota-ist-2005-255393
"8,650,000","150,000",1000,Automatic,Toyota,2013,"About
                            patpat





About Us
Terms and s
Privacy policy
Partnerships
Ad Upgrade Details
Banner Advertising Details",Aqua,Petrol,maroon,Car(Hatchback),https://patpat.lk/en/ad/vehicle/toyota-aqua-2013-255356
Negotiable,"159,000",1200,Automatic,Toyota,2012,"About
                            patpat





About Us
Terms and s
Privacy policy
Partnerships
Ad Upgrade Details
Banner Advertising Details",Aqua,Petrol,white,Car(Hatchback),https://patpat.lk/en/ad/vehicle/toyota-aqua-2012-255340
"10,400,000","154,000",1500,Automatic,Toyota,2013,"About
                            patpat





About Us
Terms and s
Privacy policy
Partnerships
Ad Upgrade Details
Banner Advertising Details",Premio,Petrol,maroon,Car(Hatchback),https://patpat.lk/en/ad/vehicle/toyota-premio-2013-255338
"12,400,000","100,000",1500,Automatic,Toyota,2015,"About
                            patpat





About Us
Terms and s
Privacy policy
Partnerships
Ad Upgrade Details
Banner Advertising Details",Premio,Petrol,white,Car(Sedan),https://patpat.lk/en/ad/vehicle/toyota-premio-2015-255347
"8,350,000","187,000",1200,Automatic,Toyota,2014,"About
                            patpat





About Us
Terms and s
Privacy policy
Partnerships
Ad Upgrade Details
Banner Advertising Details",Axio,Petrol,white,Car(Convertible),https://patpat.lk/en/ad/vehicle/toyota-axio-2014-255342
Negotiable,0,1000,Automatic,Toyota,2025,"About
                            patpat





About Us
Terms and s
Privacy policy
Partnerships
Ad Upgrade Details
Banner Advertising Details",Yaris Ativ,Hybrid,white,Car(Saloon),https://patpat.lk/en/ad/vehicle/toyota-yaris-ativ-2025-255310
"1,120,000",N/A,N/A,"Automatic



Manual



Other



Tiptronic",,N/A,"About
                            patpat





About Us
Terms and s
Privacy policy
Partnerships
Ad Upgrade Details
Banner Advertising Details",,"Diesel



Electric



Hybrid



Petrol",N/A,"Bike



Bus



Car



Heavy



Land



SUV



Three wheeler



Truck



Van



Pick-up 



Multi Purpose",https://patpat.lk/en/sri-lanka/vehicle/car/toyota?page=97
"5,000,000","187,000",1500,Automatic,Toyota,2003,"About
                            patpat





About Us
Terms and s
Privacy policy
Partnerships
Ad Upgrade Details
Banner Advertising Details",Vios,Petrol,black,Car(Hatchback),https://patpat.lk/en/ad/vehicle/toyota-vios-2003-254984
Negotiable,0,800,Automatic,Toyota,2007,"About
                            patpat





About Us
Terms and s
Privacy policy
Partnerships
Ad Upgrade Details
Banner Advertising Details",Vitz,Petrol,silver,Car(Convertible),https://patpat.lk/en/ad/vehicle/toyota-vitz-2007-254978
"9,000,000","135,000",1490,Automatic,Toyota,2015,"About
                            patpat





About Us
Terms and s
Privacy policy
Partnerships
Ad Upgrade Details
Banner Advertising Details",Aqua,Hybrid,gray,Car(Convertible),https://patpat.lk/en/ad/vehicle/toyota-aqua-2015-255205
"8,600,000","44,100",1200,Manual,Toyota,2019,"About
                            patpat





About Us
Terms and s
Privacy policy
Partnerships
Ad Upgrade Details
Banner Advertising Details",Vitz,Petrol,white,Car(Hatchback),https://patpat.lk/en/ad/vehicle/toyota-vitz-2019-255022
"1,750,000","200,000",1300,Manual,Toyota,1992,"About
                            patpat





About Us
Terms and s
Privacy policy
Partnerships
Ad Upgrade Details
Banner Advertising Details",DX Wagon,Petrol,white,Car(Hatchback),https://patpat.lk/en/ad/vehicle/toyota-dx-wagon-1992-255125
"5,875,000","143,000",1300,Automatic,Toyota,2008,"About
                            patpat





About Us
Terms and s
Privacy policy
Partnerships
Ad Upgrade Details
Banner Advertising Details",Vitz,Petrol,red,Car(Hatchback),https://patpat.lk/en/ad/vehicle/toyota-vitz-2008-255120
"6,400,000","178,344",1500,Automatic,Toyota,2003,"About
                            patpat





About Us
Terms and s
Privacy policy
Partnerships
Ad Upgrade Details
Banner Advertising Details",Allion,Petrol,silver,Car(Hatchback),https://patpat.lk/en/ad/vehicle/toyota-allion-2003-255084
"6,050,000","295,000",1500,Automatic,Toyota,2002,"About
                            patpat





About Us
Terms and s
Privacy policy
Partnerships
Ad Upgrade Details
Banner Advertising Details",Allion,Petrol,white,Car(Hatchback),https://patpat.lk/en/ad/vehicle/toyota-allion-2002-255060
Negotiable,"120,000",1500,Automatic,Toyota,2014,"About
                            patpat





About Us
Terms and s
Privacy policy
Partnerships
Ad Upgrade Details
Banner Advertising Details",Axio,Petrol,blue,Car(Saloon),https://patpat.lk/en/ad/vehicle/toyota-axio-2014-254986
"8,750,000",0,1000,Automatic,Toyota,2023,"About
                            patpat





About Us
Terms and s
Privacy policy
Partnerships
Ad Upgrade Details
Banner Advertising Details",Yaris,Petrol,white,Car(Hatchback),https://patpat.lk/en/ad/vehicle/toyota-yaris-2023-254822
"8,600,000",0,1500,Automatic,Toyota,2014,"About
                            patpat





About Us
Terms and s
Privacy policy
Partnerships
Ad Upgrade Details
Banner Advertising Details",Axio,Hybrid,white,Car(Convertible),https://patpat.lk/en/ad/vehicle/toyota-axio-2014-254853
"2,750,000","155,000",1838,Manual,Toyota,1997,"About
                            patpat





About Us
Terms and s
Privacy policy
Partnerships
Ad Upgrade Details
Banner Advertising Details",Vista,Petrol,white,Car(Hatchback),https://patpat.lk/en/ad/vehicle/toyota-vista-1997-254854
Negotiable,"1,050,000",1000,Automatic,Toyota,2013,"About
                            patpat





About Us
Terms and s
Privacy policy
Partnerships
Ad Upgrade Details
Banner Advertising Details",Aqua,Petrol,white,Car(Liftback),https://patpat.lk/en/ad/vehicle/toyota-aqua-2013-254831
Negotiable,"145,000",1500,Automatic,Toyota,2007,"About
                            patpat





About Us
Terms and s
Privacy policy
Partnerships
Ad Upgrade Details
Banner Advertising Details",Axio,Petrol,white,Car(Saloon),https://patpat.lk/en/ad/vehicle/toyota-axio-2007-254846
Negotiable,"120,000",1200,Automatic,Toyota,2009,"About
                            patpat





About Us
Terms and s
Privacy policy
Partnerships
Ad Upgrade Details
Banner Advertising Details",Axio,Petrol,white,Car(Hatchback),https://patpat.lk/en/ad/vehicle/toyota-axio-2009-254843
Negotiable,"150,000",1500,Automatic,Toyota,2015,"About
                            patpat





About Us
Terms and s
Privacy policy
Partnerships
Ad Upgrade Details
Banner Advertising Details",Axio,Hybrid,white,Car(Sedan),https://patpat.lk/en/ad/vehicle/toyota-axio-2015-254820
"12,700,000","9,000",1500,Automatic,Toyota,2017,"About
                            patpat





About Us
Terms and s
Privacy policy
Partnerships
Ad Upgrade Details
Banner Advertising Details",Premio,Hybrid,gray,Car(Sedan),https://patpat.lk/en/ad/vehicle/toyota-premio-2017-254792
"10,800,000","14,500",1500,Automatic,Toyota,2016,"About
                            patpat





About Us
Terms and s
Privacy policy
Partnerships
Ad Upgrade Details
Banner Advertising Details",Axio,Hybrid,black,Car(Sedan),https://patpat.lk/en/ad/vehicle/toyota-axio-2016-254787
"8,300,000","1,100",1500,Automatic,Toyota,2010,"About
                            patpat





About Us
Terms and s
Privacy policy
Partnerships
Ad Upgrade Details
Banner Advertising Details",Prius,Petrol,black,Car(Hatchback),https://patpat.lk/en/ad/vehicle/toyota-prius-2010-254815
"9,500,000","204,000",1500,Automatic,Toyota,2015,"About
                            patpat





About Us
Terms and s
Privacy policy
Partnerships
Ad Upgrade Details
Banner Advertising Details",Axio,Hybrid,white,Car(Saloon),https://patpat.lk/en/ad/vehicle/toyota-axio-2015-254795
"8,450,000",N/A,N/A,"Automatic



Manual



Other



Tiptronic",,N/A,"About
                            patpat





About Us
Terms and s
Privacy policy
Partnerships
Ad Upgrade Details
Banner Advertising Details",,"Diesel



Electric



Hybrid



Petrol",N/A,"Bike



Bus



Car



Heavy



Land



SUV



Three wheeler



Truck



Van



Pick-up 



Multi Purpose",https://patpat.lk/en/sri-lanka/vehicle/car/toyota?page=98
Negotiable,"154,000",1500,Automatic,Toyota,2015,"About
                            patpat





About Us
Terms and s
Privacy policy
Partnerships
Ad Upgrade Details
Banner Advertising Details",Axio,Hybrid,white,Car(Sedan),https://patpat.lk/en/ad/vehicle/toyota-axio-2015-254810
"11,200,000","139,000",1500,Automatic,Toyota,2013,"About
                            patpat





About Us
Terms and s
Privacy policy
Partnerships
Ad Upgrade Details
Banner Advertising Details",Premio,Hybrid,white,Car(Saloon),https://patpat.lk/en/ad/vehicle/toyota-premio-2013-254803
"10,900,000","136,000",1500,Automatic,Toyota,2014,"About
                            patpat





About Us
Terms and s
Privacy policy
Partnerships
Ad Upgrade Details
Banner Advertising Details",Prius,Hybrid,white,Car(Hatchback),https://patpat.lk/en/ad/vehicle/toyota-prius-2014-254786
"8,500,000","170,000",1500,Automatic,Toyota,2014,"About
                            patpat





About Us
Terms and s
Privacy policy
Partnerships
Ad Upgrade Details
Banner Advertising Details",Axio,Hybrid,white,Car(Saloon),https://patpat.lk/en/ad/vehicle/toyota-axio-2014-254798
Negotiable,0,1000,Automatic,Toyota,2024,"About
                            patpat





About Us
Terms and s
Privacy policy
Partnerships
Ad Upgrade Details
Banner Advertising Details",Corolla,Hybrid,silver,Car(Hatchback),https://patpat.lk/en/ad/vehicle/toyota-corolla-2024-254705
Negotiable,"190,000",1500,Automatic,Toyota,2010,"About
                            patpat





About Us
Terms and s
Privacy policy
Partnerships
Ad Upgrade Details
Banner Advertising Details",Premio,Petrol,maroon,Car(Saloon),https://patpat.lk/en/ad/vehicle/toyota-premio-2010-254745
"1,120,000","118,000",1800,Automatic,Toyota,2014,"About
                            patpat





About Us
Terms and s
Privacy policy
Partnerships
Ad Upgrade Details
Banner Advertising Details",Prius,Petrol,white,Car(Convertible),https://patpat.lk/en/ad/vehicle/toyota-prius-2014-254716
Negotiable,"9,000",650,Automatic,Toyota,2024,"About
                            patpat





About Us
Terms and s
Privacy policy
Partnerships
Ad Upgrade Details
Banner Advertising Details",Pixis,Petrol,black,Car(),https://patpat.lk/en/ad/vehicle/toyota-pixis-2024-254551
Negotiable,"23,500",996,Automatic,Toyota,2023,"About
                            patpat





About Us
Terms and s
Privacy policy
Partnerships
Ad Upgrade Details
Banner Advertising Details",Yaris,Petrol,white,Car(Hatchback),https://patpat.lk/en/ad/vehicle/toyota-yaris-2023-254534
"8,350,000","125,000",1500,Automatic,Toyota,2015,"About
                            patpat





About Us
Terms and s
Privacy policy
Partnerships
Ad Upgrade Details
Banner Advertising Details",Aqua,Hybrid,white,Car(Hatchback),https://patpat.lk/en/ad/vehicle/toyota-aqua-2015-254427
"4,900,000","148,000",1000,Automatic,Toyota,2007,"About
                            patpat





About Us
Terms and s
Privacy policy
Partnerships
Ad Upgrade Details
Banner Advertising Details",Vitz,Petrol,white,Car(Hatchback),https://patpat.lk/en/ad/vehicle/toyota-vitz-2007-254433
"7,500,000","173,000",1500,Automatic,Toyota,2013,"About
                            patpat





About Us
Terms and s
Privacy policy
Partnerships
Ad Upgrade Details
Banner Advertising Details",Aqua,Hybrid,blue,Car(Hatchback),https://patpat.lk/en/ad/vehicle/toyota-aqua-2013-254436
"7,350,000","161,000",1500,Automatic,Toyota,2014,"About
                            patpat





About Us
Terms and s
Privacy policy
Partnerships
Ad Upgrade Details
Banner Advertising Details",Aqua,Hybrid,black,Car(Hatchback),https://patpat.lk/en/ad/vehicle/toyota-aqua-2014-254486
"6,850,000","2,150,000",1500,Automatic,Toyota,2008,"About
                            patpat





About Us
Terms and s
Privacy policy
Partnerships
Ad Upgrade Details
Banner Advertising Details",Prius,Hybrid,silver,Car(),https://patpat.lk/en/ad/vehicle/toyota-prius-2008-254517
Negotiable,"156,000",1500,Automatic,Toyota,2007,"About
                            patpat





About Us
Terms and s
Privacy policy
Partnerships
Ad Upgrade Details
Banner Advertising Details",Axio,Petrol,gray,Car(Hatchback),https://patpat.lk/en/ad/vehicle/toyota-axio-2007-254368
Negotiable,"115,000",1320,Automatic,Toyota,2015,"About
                            patpat





About Us
Terms and s
Privacy policy
Partnerships
Ad Upgrade Details
Banner Advertising Details",Axio,Petrol,silver,Car(Sedan),https://patpat.lk/en/ad/vehicle/toyota-axio-2015-253874
"9,800,000","105,000",1500,Automatic,Toyota,2016,"About
                            patpat





About Us
Terms and s
Privacy policy
Partnerships
Ad Upgrade Details
Banner Advertising Details",Axio,Hybrid,white,Car(Sedan),https://patpat.lk/en/ad/vehicle/toyota-axio-2016-254294
"10,400,000","174,000",12000,Automatic,Toyota,2014,"About
                            patpat





About Us
Terms and s
Privacy policy
Partnerships
Ad Upgrade Details
Banner Advertising Details",Premio,Petrol,black,Car(Hatchback),https://patpat.lk/en/ad/vehicle/toyota-premio-2014-254314
"7,250,000","93,000",1500,Automatic,Toyota,2013,"About
                            patpat





About Us
Terms and s
Privacy policy
Partnerships
Ad Upgrade Details
Banner Advertising Details",Aqua,Hybrid,silver,Car(Hatchback),https://patpat.lk/en/ad/vehicle/toyota-aqua-2013-254307
"5,300,000","160,300",1500,Automatic,Toyota,2003,"About
                            patpat





About Us
Terms and s
Privacy policy
Partnerships
Ad Upgrade Details
Banner Advertising Details",Vios,Petrol,black,Car(Hatchback),https://patpat.lk/en/ad/vehicle/toyota-vios-2003-253885
Negotiable,N/A,N/A,"Automatic



Manual



Other



Tiptronic",,N/A,"About
                            patpat





About Us
Terms and s
Privacy policy
Partnerships
Ad Upgrade Details
Banner Advertising Details",,"Diesel



Electric



Hybrid



Petrol",N/A,"Bike



Bus



Car



Heavy



Land



SUV



Three wheeler



Truck



Van



Pick-up 



Multi Purpose",https://patpat.lk/en/sri-lanka/vehicle/car/toyota?page=99
Negotiable,"165,000",1500,Automatic,Toyota,2002,"About
                            patpat





About Us
Terms and s
Privacy policy
Partnerships
Ad Upgrade Details
Banner Advertising Details",Corolla,Petrol,white,Car(Hatchback),https://patpat.lk/en/ad/vehicle/toyota-corolla-2002-253878
"980,000","185,000",1290,Manual,Toyota,1984,"About
                            patpat





About Us
Terms and s
Privacy policy
Partnerships
Ad Upgrade Details
Banner Advertising Details",Corolla,Petrol,white,Car(Saloon),https://patpat.lk/en/ad/vehicle/toyota-corolla-1984-253727
"6,750,000","100,000",1500,Automatic,Toyota,2015,"About
                            patpat





About Us
Terms and s
Privacy policy
Partnerships
Ad Upgrade Details
Banner Advertising Details",Aqua,Petrol,orange,Car(Hatchback),https://patpat.lk/en/ad/vehicle/toyota-aqua-2015-254309
"7,990,000","175,000",1500,Automatic,Toyota,2015,"About
                            patpat





About Us
Terms and s
Privacy policy
Partnerships
Ad Upgrade Details
Banner Advertising Details",Aqua,Hybrid,blue,Car(Hatchback),https://patpat.lk/en/ad/vehicle/toyota-aqua-2015-253452
"1,600,000","100,000",1200,Manual,Toyota,1990,"About
                            patpat





About Us
Terms and s
Privacy policy
Partnerships
Ad Upgrade Details
Banner Advertising Details",Corolla,Petrol,white,Car(Hatchback),https://patpat.lk/en/ad/vehicle/toyota-corolla-1990-254277
Negotiable,"80,000",1000,Automatic,Toyota,2018,"About
                            patpat





About Us
Terms and s
Privacy policy
Partnerships
Ad Upgrade Details
Banner Advertising Details",Vitz,Petrol,white,Car(Hatchback),https://patpat.lk/en/ad/vehicle/toyota-vitz-2018-254106
"8,450,000","104,000",1500,Automatic,Toyota,2013,"About
                            patpat





About Us
Terms and s
Privacy policy
Partnerships
Ad Upgrade Details
Banner Advertising Details",Axio,Petrol,silver,Car(Sedan),https://patpat.lk/en/ad/vehicle/toyota-axio-2013-253980
"15,900,000",0,1200,Automatic,Toyota,2025,"About
                            patpat





About Us
Terms and s
Privacy policy
Partnerships
Ad Upgrade Details
Banner Advertising Details",Yaris,Petrol,white,Car(Hatchback),https://patpat.lk/en/ad/vehicle/toyota-yaris-2025-253916
"14,300,000","67,000",1500,Automatic,Toyota,2018,"About
                            patpat





About Us
Terms and s
Privacy policy
Partnerships
Ad Upgrade Details
Banner Advertising Details",Premio,Petrol,silver,Car(Sedan),https://patpat.lk/en/ad/vehicle/toyota-premio-2018-253869
"5,500,000","190,000",1500,Automatic,Toyota,2000,"About
                            patpat





About Us
Terms and s
Privacy policy
Partnerships
Ad Upgrade Details
Banner Advertising Details",Carina,Petrol,white,Car(Hatchback),https://patpat.lk/en/ad/vehicle/toyota-carina-2000-253881
"6,100,000","2,020,000",1800,Automatic,Toyota,2007,"About
                            patpat





About Us
Terms and s
Privacy policy
Partnerships
Ad Upgrade Details
Banner Advertising Details",Prius,Hybrid,silver,Car(Sedan),https://patpat.lk/en/ad/vehicle/toyota-prius-2007-253863
"4,800,000","134,000",1000,Automatic,Toyota,2007,"About
                            patpat





About Us
Terms and s
Privacy policy
Partnerships
Ad Upgrade Details
Banner Advertising Details",Passo,Petrol,yellow,Car(Liftback),https://patpat.lk/en/ad/vehicle/toyota-passo-2007-253860
Negotiable,"40,000",1000,Automatic,Toyota,2023,"About
                            patpat





About Us
Terms and s
Privacy policy
Partnerships
Ad Upgrade Details
Banner Advertising Details",Yaris,Petrol,white,Car(Hatchback),https://patpat.lk/en/ad/vehicle/toyota-yaris-2023-253700
Negotiable,"116,000",1490,Automatic,Toyota,2018,"About
                            patpat





About Us
Terms and s
Privacy policy
Partnerships
Ad Upgrade Details
Banner Advertising Details",Axio,Hybrid,white,Car(Saloon),https://patpat.lk/en/ad/vehicle/toyota-axio-2018-253785
"16,500,000","2,000",1500,Automatic,Toyota,2025,"About
                            patpat





About Us
Terms and s
Privacy policy
Partnerships
Ad Upgrade Details
Banner Advertising Details",Yaris Ativ,Petrol,silver,Car(Sedan),https://patpat.lk/en/ad/vehicle/toyota-yaris-ativ-2025-253699
"7,700,000","90,000",1000,Automatic,Toyota,2017,"About
                            patpat





About Us
Terms and s
Privacy policy
Partnerships
Ad Upgrade Details
Banner Advertising Details",Vitz,Petrol,white,Car(Hatchback),https://patpat.lk/en/ad/vehicle/toyota-vitz-2017-253645
"13,500,000","135,000",1500,Automatic,Toyota,2016,"About
                            patpat





About Us
Terms and s
Privacy policy
Partnerships
Ad Upgrade Details
Banner Advertising Details",Allion,Petrol,maroon,Car(Saloon),https://patpat.lk/en/ad/vehicle/toyota-allion-2016-253704
"10,500,000","145,000",1790,Automatic,Toyota,2012,"About
                            patpat





About Us
Terms and s
Privacy policy
Partnerships
Ad Upgrade Details
Banner Advertising Details",Prius,Petrol,red,Car(Sedan),https://patpat.lk/en/ad/vehicle/toyota-prius-2012-253666
Negotiable,"175,000",1490,Automatic,Toyota,2016,"About
                            patpat





About Us
Terms and s
Privacy policy
Partnerships
Ad Upgrade Details
Banner Advertising Details",Axio,Hybrid,white,Car(Sedan),https://patpat.lk/en/ad/vehicle/toyota-axio-2016-253605
Negotiable,"134,000",1000,Automatic,Toyota,2009,"About
                            patpat





About Us
Terms and s
Privacy policy
Partnerships
Ad Upgrade Details
Banner Advertising Details",Belta,Petrol,silver,Car(Sedan),https://patpat.lk/en/ad/vehicle/toyota-belta-2009-253601
Negotiable,N/A,N/A,"Automatic



Manual



Other



Tiptronic",,N/A,"About
                            patpat





About Us
Terms and s
Privacy policy
Partnerships
Ad Upgrade Details
Banner Advertising Details",,"Diesel



Electric



Hybrid



Petrol",N/A,"Bike



Bus



Car



Heavy



Land



SUV



Three wheeler



Truck



Van



Pick-up 



Multi Purpose",https://patpat.lk/en/sri-lanka/vehicle/car/toyota?page=100
"1,500,000","175,000",1300,Manual,Toyota,1990,"About
                            patpat





About Us
Terms and s
Privacy policy
Partnerships
Ad Upgrade Details
Banner Advertising Details",Tercel,Petrol,white,Car(Station wagon),https://patpat.lk/en/ad/vehicle/toyota-tercel-1990-253229
"7,600,000","135,000",1490,Automatic,Toyota,2014,"About
                            patpat





About Us
Terms and s
Privacy policy
Partnerships
Ad Upgrade Details
Banner Advertising Details",Aqua,Petrol,white,Car(Hatchback),https://patpat.lk/en/ad/vehicle/toyota-aqua-2014-253588
"7,800,000","125,000",1000,Automatic,Toyota,2018,"About
                            patpat





About Us
Terms and s
Privacy policy
Partnerships
Ad Upgrade Details
Banner Advertising Details",Vitz,Petrol,white,Car(Hatchback),https://patpat.lk/en/ad/vehicle/toyota-vitz-2018-253594
"5,200,000","155,000",990,Automatic,Toyota,2007,"About
                            patpat





About Us
Terms and s
Privacy policy
Partnerships
Ad Upgrade Details
Banner Advertising Details",Vitz,Petrol,green,Car(Hatchback),https://patpat.lk/en/ad/vehicle/toyota-vitz-2007-253544
"16,500,000",0,1200,Automatic,Toyota,2025,"About
                            patpat





About Us
Terms and s
Privacy policy
Partnerships
Ad Upgrade Details
Banner Advertising Details",Yaris Ativ,Petrol,white,Car(Liftback),https://patpat.lk/en/ad/vehicle/toyota-yaris-ativ-2025-253113
"8,600,000","55,965",1250,Manual,Toyota,2019,"About
                            patpat





About Us
Terms and s
Privacy policy
Partnerships
Ad Upgrade Details
Banner Advertising Details",Vitz,Petrol,white,Car(Hatchback),https://patpat.lk/en/ad/vehicle/toyota-vitz-2019-253114
Negotiable,0,1800,Automatic,Toyota,2010,"About
                            patpat





About Us
Terms and s
Privacy policy
Partnerships
Ad Upgrade Details
Banner Advertising Details",Allion,Petrol,white,Car(Liftback),https://patpat.lk/en/ad/vehicle/toyota-allion-2010-253108
Negotiable,"170,000",1500,Automatic,Toyota,2011,"About
                            patpat





About Us
Terms and s
Privacy policy
Partnerships
Ad Upgrade Details
Banner Advertising Details",Allion,Petrol,silver,Car(Sedan),https://patpat.lk/en/ad/vehicle/toyota-allion-2011-253409
"6,525,000","212,000",1600,Automatic,Toyota,2008,"About
                            patpat





About Us
Terms and s
Privacy policy
Partnerships
Ad Upgrade Details
Banner Advertising Details",Corolla,Petrol,gray,Car(),https://patpat.lk/en/ad/vehicle/toyota-corolla-2008-253413
Negotiable,"150,000",1500,Automatic,Toyota,2003,"About
                            patpat





About Us
Terms and s
Privacy policy
Partnerships
Ad Upgrade Details
Banner Advertising Details",Allion,Petrol,black,Car(Saloon),https://patpat.lk/en/ad/vehicle/toyota-allion-2003-253414
"6,750,000","213,000",1500,Automatic,Toyota,2007,"About
                            patpat





About Us
Terms and s
Privacy policy
Partnerships
Ad Upgrade Details
Banner Advertising Details",Axio,Petrol,blue,Car(Sedan),https://patpat.lk/en/ad/vehicle/toyota-axio-2007-253314
"7,250,000",0,1499,Automatic,Toyota,2011,"About
                            patpat





About Us
Terms and s
Privacy policy
Partnerships
Ad Upgrade Details
Banner Advertising Details",Axio,Petrol,white,Car(Hatchback),https://patpat.lk/en/ad/vehicle/toyota-axio-2011-253184
"2,250,000","112,000",1500,Automatic,Toyota,1990,"About
                            patpat





About Us
Terms and s
Privacy policy
Partnerships
Ad Upgrade Details
Banner Advertising Details",Carina,Petrol,blue,Car(Convertible),https://patpat.lk/en/ad/vehicle/toyota-carina-1990-253043
"8,800,000","18,000",1000,Automatic,Toyota,2023,"About
                            patpat





About Us
Terms and s
Privacy policy
Partnerships
Ad Upgrade Details
Banner Advertising Details",Passo,Petrol,silver,Car(Hatchback),https://patpat.lk/en/ad/vehicle/toyota-passo-2023-253021
"8,950,000","18,000",1000,Automatic,Toyota,2023,"About
                            patpat





About Us
Terms and s
Privacy policy
Partnerships
Ad Upgrade Details
Banner Advertising Details",Yaris,Petrol,silver,Car(Hatchback),https://patpat.lk/en/ad/vehicle/toyota-yaris-2023-253011
"9,200,000","40,000",1000,Automatic,Toyota,2023,"About
                            patpat





About Us
Terms and s
Privacy policy
Partnerships
Ad Upgrade Details
Banner Advertising Details",Yaris,Petrol,white,Car(Hatchback),https://patpat.lk/en/ad/vehicle/toyota-yaris-2023-252979
"7,325,000","97,000",990,Automatic,Toyota,2015,"About
                            patpat





About Us
Terms and s
Privacy policy
Partnerships
Ad Upgrade Details
Banner Advertising Details",Vitz,Petrol,black,Car(Hatchback),https://patpat.lk/en/ad/vehicle/toyota-vitz-2015-252947
"5,200,000","160,000",1000,Automatic,Toyota,2007,"About
                            patpat





About Us
Terms and s
Privacy policy
Partnerships
Ad Upgrade Details
Banner Advertising Details",Vitz,Petrol,silver,Car(Sedan),https://patpat.lk/en/ad/vehicle/toyota-vitz-2007-252955
"9,350,000",0,1200,Automatic,Toyota,2010,"About
                            patpat





About Us
Terms and s
Privacy policy
Partnerships
Ad Upgrade Details
Banner Advertising Details",Axio,Petrol,white,Car(Hatchback),https://patpat.lk/en/ad/vehicle/toyota-axio-2010-252909
"8,600,000","43,500",990,Automatic,Toyota,2019,"About
                            patpat





About Us
Terms and s
Privacy policy
Partnerships
Ad Upgrade Details
Banner Advertising Details",Vitz,Petrol,white,Car(Hatchback),https://patpat.lk/en/ad/vehicle/toyota-vitz-2019-252771
Negotiable,N/A,N/A,"Automatic



Manual



Other



Tiptronic",,N/A,"About
                            patpat





About Us
Terms and s
Privacy policy
Partnerships
Ad Upgrade Details
Banner Advertising Details",,"Diesel



Electric



Hybrid



Petrol",N/A,"Bike



Bus



Car



Heavy



Land



SUV



Three wheeler



Truck



Van



Pick-up 



Multi Purpose",https://patpat.lk/en/sri-lanka/vehicle/car/toyota?page=101
Negotiable,"204,000",1000,Manual,Toyota,2015,"About
                            patpat





About Us
Terms and s
Privacy policy
Partnerships
Ad Upgrade Details
Banner Advertising Details",Axio,Petrol,white,Car(Hatchback),https://patpat.lk/en/ad/vehicle/toyota-axio-2015-252838
"7,000,000","95,000",1490,Automatic,Toyota,2013,"About
                            patpat





About Us
Terms and s
Privacy policy
Partnerships
Ad Upgrade Details
Banner Advertising Details",Aqua,Hybrid,blue,Car(Liftback),https://patpat.lk/en/ad/vehicle/toyota-aqua-2013-252835
"3,050,000","227,000",2000,Automatic,Toyota,1998,"About
                            patpat





About Us
Terms and s
Privacy policy
Partnerships
Ad Upgrade Details
Banner Advertising Details",Corolla,Diesel,white,Car(Saloon),https://patpat.lk/en/ad/vehicle/toyota-corolla-1998-252786
"11,200,000","199,000",1500,Automatic,Toyota,2014,"About
                            patpat





About Us
Terms and s
Privacy policy
Partnerships
Ad Upgrade Details
Banner Advertising Details",Premio,Petrol,maroon,Car(Saloon),https://patpat.lk/en/ad/vehicle/toyota-premio-2014-252775
"13,000,000",0,1500,Automatic,Toyota,2024,"About
                            patpat





About Us
Terms and s
Privacy policy
Partnerships
Ad Upgrade Details
Banner Advertising Details",Fielder,Petrol,silver,Car(Liftback),https://patpat.lk/en/ad/vehicle/toyota-fielder-2024-252828
"13,000,000",0,1500,Automatic,Toyota,2025,"About
                            patpat





About Us
Terms and s
Privacy policy
Partnerships
Ad Upgrade Details
Banner Advertising Details",Axio,Petrol,white,Car(Liftback),https://patpat.lk/en/ad/vehicle/toyota-axio-2025-252826
Negotiable,0,1500,Automatic,Toyota,2023,"About
                            patpat





About Us
Terms and s
Privacy policy
Partnerships
Ad Upgrade Details
Banner Advertising Details",Corolla,Petrol,white,Car(Saloon),https://patpat.lk/en/ad/vehicle/toyota-corolla-2023-252774
Negotiable,"18,000",1000,Automatic,Toyota,2023,"About
                            patpat





About Us
Terms and s
Privacy policy
Partnerships
Ad Upgrade Details
Banner Advertising Details",Yaris,Petrol,white,Car(Hatchback),https://patpat.lk/en/ad/vehicle/toyota-yaris-2023-252518
Negotiable,"89,000",1500,Automatic,Toyota,2017,"About
                            patpat





About Us
Terms and s
Privacy policy
Partnerships
Ad Upgrade Details
Banner Advertising Details",Premio,Petrol,white,Car(Hatchback),https://patpat.lk/en/ad/vehicle/toyota-premio-2017-252527
Negotiable,"207,399",1500,Automatic,Toyota,2013,"About
                            patpat





About Us
Terms and s
Privacy policy
Partnerships
Ad Upgrade Details
Banner Advertising Details",Aqua,Hybrid,silver,Car(Hatchback),https://patpat.lk/en/ad/vehicle/toyota-aqua-2013-252575
Negotiable,0,1500,Automatic,Toyota,2007,"About
                            patpat





About Us
Terms and s
Privacy policy
Partnerships
Ad Upgrade Details
Banner Advertising Details",Vios,Petrol,black,Car(Saloon),https://patpat.lk/en/ad/vehicle/toyota-vios-2007-252624
Negotiable,"134,000",1500,Automatic,Toyota,2016,"About
                            patpat





About Us
Terms and s
Privacy policy
Partnerships
Ad Upgrade Details
Banner Advertising Details",Axio,Hybrid,white,Car(Sedan),https://patpat.lk/en/ad/vehicle/toyota-axio-2016-252642
Negotiable,"95,000",990,Automatic,Toyota,2018,"About
                            patpat





About Us
Terms and s
Privacy policy
Partnerships
Ad Upgrade Details
Banner Advertising Details",Tank,Petrol,white,Car(Convertible),https://patpat.lk/en/ad/vehicle/toyota-tank-2018-252644
Negotiable,"126,000",1490,Automatic,Toyota,2017,"About
                            patpat





About Us
Terms and s
Privacy policy
Partnerships
Ad Upgrade Details
Banner Advertising Details",Premio,Petrol,white,Car(Convertible),https://patpat.lk/en/ad/vehicle/toyota-premio-2017-252646
Negotiable,"140,000",1490,Automatic,Toyota,2016,"About
                            patpat





About Us
Terms and s
Privacy policy
Partnerships
Ad Upgrade Details
Banner Advertising Details",Axio,Petrol,white,Car(Convertible),https://patpat.lk/en/ad/vehicle/toyota-axio-2016-252696
Negotiable,"212,000",1450,Automatic,Toyota,2008,"About
                            patpat





About Us
Terms and s
Privacy policy
Partnerships
Ad Upgrade Details
Banner Advertising Details",Axio,Petrol,white,Car(Convertible),https://patpat.lk/en/ad/vehicle/toyota-axio-2008-252701
"11,300,000","159,000",770,Other,Toyota,2014,"About
                            patpat





About Us
Terms and s
Privacy policy
Partnerships
Ad Upgrade Details
Banner Advertising Details",Prius,Petrol,white,Car(Convertible),https://patpat.lk/en/ad/vehicle/toyota-prius-2014-252732
"4,900,000","100,000",1300,Automatic,Toyota,2003,"About
                            patpat





About Us
Terms and s
Privacy policy
Partnerships
Ad Upgrade Details
Banner Advertising Details",IST,Petrol,black,Car(Hatchback),https://patpat.lk/en/ad/vehicle/toyota-ist-2003-252706
"7,300,000",N/A,N/A,"Automatic



Manual



Other



Tiptronic",,N/A,"About
                            patpat





About Us
Terms and s
Privacy policy
Partnerships
Ad Upgrade Details
Banner Advertising Details",,"Diesel



Electric



Hybrid



Petrol",N/A,"Bike



Bus



Car



Heavy



Land



SUV



Three wheeler



Truck



Van



Pick-up 



Multi Purpose",https://patpat.lk/en/sri-lanka/vehicle/car/toyota?page=102
"11,000,000","168,000",1490,Automatic,Toyota,2013,"About
                            patpat





About Us
Terms and s
Privacy policy
Partnerships
Ad Upgrade Details
Banner Advertising Details",Premio,Petrol,black,Car(Liftback),https://patpat.lk/en/ad/vehicle/toyota-premio-2013-252683
"6,500,000","110,000",1500,Automatic,Toyota,2013,"About
                            patpat





About Us
Terms and s
Privacy policy
Partnerships
Ad Upgrade Details
Banner Advertising Details",Aqua,Hybrid,yellow,Car(Hatchback),https://patpat.lk/en/ad/vehicle/toyota-aqua-2013-252588
"6,990,000","164,000",1500,Automatic,Toyota,2012,"About
                            patpat





About Us
Terms and s
Privacy policy
Partnerships
Ad Upgrade Details
Banner Advertising Details",Aqua,Hybrid,blue,Car(Hatchback),https://patpat.lk/en/ad/vehicle/toyota-aqua-2012-252594
"7,250,000","170,000",1500,Automatic,Toyota,2014,"About
                            patpat





About Us
Terms and s
Privacy policy
Partnerships
Ad Upgrade Details
Banner Advertising Details",Aqua,Hybrid,black,Car(Hatchback),https://patpat.lk/en/ad/vehicle/toyota-aqua-2014-252586
"10,000,000","80,000",1490,Automatic,Toyota,2015,"About
                            patpat





About Us
Terms and s
Privacy policy
Partnerships
Ad Upgrade Details
Banner Advertising Details",Axio,Petrol,brown,Car(Sedan),https://patpat.lk/en/ad/vehicle/toyota-axio-2015-252595
"6,275,000","90,000",1300,Automatic,Toyota,2013,"About
                            patpat





About Us
Terms and s
Privacy policy
Partnerships
Ad Upgrade Details
Banner Advertising Details",Vitz,Petrol,blue,Car(Hatchback),https://patpat.lk/en/ad/vehicle/toyota-vitz-2013-252562
Negotiable,0,1000,Automatic,Toyota,2023,"About
                            patpat





About Us
Terms and s
Privacy policy
Partnerships
Ad Upgrade Details
Banner Advertising Details",Yaris,Petrol,white,Car(Hatchback),https://patpat.lk/en/ad/vehicle/toyota-yaris-2023-252495
Negotiable,0,1200,Automatic,Toyota,2025,"About
                            patpat





About Us
Terms and s
Privacy policy
Partnerships
Ad Upgrade Details
Banner Advertising Details",Yaris Ativ,Petrol,white,Car(Sedan),https://patpat.lk/en/ad/vehicle/toyota-yaris-ativ-2025-252471
"7,400,000","150,000",1000,Automatic,Toyota,2013,"About
                            patpat





About Us
Terms and s
Privacy policy
Partnerships
Ad Upgrade Details
Banner Advertising Details",Aqua,Petrol,black,Car(Hatchback),https://patpat.lk/en/ad/vehicle/toyota-aqua-2013-252443
"6,150,000","156,000",1500,Automatic,Toyota,2013,"About
                            patpat





About Us
Terms and s
Privacy policy
Partnerships
Ad Upgrade Details
Banner Advertising Details",Aqua,Hybrid,blue,Car(Hatchback),https://patpat.lk/en/ad/vehicle/toyota-aqua-2013-252448
Negotiable,"137,000",1500,Automatic,Toyota,2013,"About
                            patpat





About Us
Terms and s
Privacy policy
Partnerships
Ad Upgrade Details
Banner Advertising Details",Premio,Petrol,white,Car(Saloon),https://patpat.lk/en/ad/vehicle/toyota-premio-2013-252259
Negotiable,"154,000",1500,Automatic,Toyota,2012,"About
                            patpat





About Us
Terms and s
Privacy policy
Partnerships
Ad Upgrade Details
Banner Advertising Details",Allion,Petrol,white,Car(Saloon),https://patpat.lk/en/ad/vehicle/toyota-allion-2012-252432
"8,925,000","121,000",1790,Automatic,Toyota,2010,"About
                            patpat





About Us
Terms and s
Privacy policy
Partnerships
Ad Upgrade Details
Banner Advertising Details",Prius,Petrol,white,Car(Hatchback),https://patpat.lk/en/ad/vehicle/toyota-prius-2010-252140
Negotiable,"100,000",1000,Automatic,Toyota,2015,"About
                            patpat





About Us
Terms and s
Privacy policy
Partnerships
Ad Upgrade Details
Banner Advertising Details",Aqua,Petrol,orange,Car(Hatchback),https://patpat.lk/en/ad/vehicle/toyota-aqua-2015-252421
"4,750,000","150,000",1500,Automatic,Toyota,2004,"About
                            patpat





About Us
Terms and s
Privacy policy
Partnerships
Ad Upgrade Details
Banner Advertising Details",Vios,Petrol,black,Car(Sedan),https://patpat.lk/en/ad/vehicle/toyota-vios-2004-252395
Negotiable,"98,000",0,Automatic,Toyota,2012,"About
                            patpat





About Us
Terms and s
Privacy policy
Partnerships
Ad Upgrade Details
Banner Advertising Details",Prius,Petrol,gray,Car(Hatchback),https://patpat.lk/en/ad/vehicle/toyota-prius-2012-252418
Negotiable,"185,000",1490,Automatic,Toyota,2012,"About
                            patpat





About Us
Terms and s
Privacy policy
Partnerships
Ad Upgrade Details
Banner Advertising Details",Axio,Petrol,blue,Car(Sedan),https://patpat.lk/en/ad/vehicle/toyota-axio-2012-252326
Negotiable,N/A,N/A,"Automatic



Manual



Other



Tiptronic",,N/A,"About
                            patpat





About Us
Terms and s
Privacy policy
Partnerships
Ad Upgrade Details
Banner Advertising Details",,"Diesel



Electric



Hybrid



Petrol",N/A,"Bike



Bus



Car



Heavy



Land



SUV



Three wheeler



Truck



Van



Pick-up 



Multi Purpose",https://patpat.lk/en/sri-lanka/vehicle/car/toyota?page=103
"12,000,000","70,000",1500,Automatic,Toyota,2018,"About
                            patpat





About Us
Terms and s
Privacy policy
Partnerships
Ad Upgrade Details
Banner Advertising Details",Axio,Petrol,red,Car(Saloon),https://patpat.lk/en/ad/vehicle/toyota-axio-2018-252325
"12,500,000","28,880",1500,Automatic,Toyota,2023,"About
                            patpat





About Us
Terms and s
Privacy policy
Partnerships
Ad Upgrade Details
Banner Advertising Details",Yaris,Hybrid,black,Car(Hatchback),https://patpat.lk/en/ad/vehicle/toyota-yaris-2023-252327
"8,375,000","182,000",1800,Automatic,Toyota,2009,"About
                            patpat





About Us
Terms and s
Privacy policy
Partnerships
Ad Upgrade Details
Banner Advertising Details",Allion,Petrol,black,Car(Saloon),https://patpat.lk/en/ad/vehicle/toyota-allion-2009-252377
"6,650,000","126,000",1000,Automatic,Toyota,2016,"About
                            patpat





About Us
Terms and s
Privacy policy
Partnerships
Ad Upgrade Details
Banner Advertising Details",Vitz,Petrol,black,Car(Hatchback),https://patpat.lk/en/ad/vehicle/toyota-vitz-2016-252383
Negotiable,0,1500,Automatic,Toyota,2025,"About
                            patpat





About Us
Terms and s
Privacy policy
Partnerships
Ad Upgrade Details
Banner Advertising Details",Yaris Ativ,Petrol,white,Car(Saloon),https://patpat.lk/en/ad/vehicle/toyota-yaris-ativ-2025-252162
Negotiable,"135,000",1500,Automatic,Toyota,2016,"About
                            patpat





About Us
Terms and s
Privacy policy
Partnerships
Ad Upgrade Details
Banner Advertising Details",Axio,Petrol,black,Car(Saloon),https://patpat.lk/en/ad/vehicle/toyota-axio-2016-252290
"7,300,000","93,000",1496,Automatic,Toyota,2011,"About
                            patpat





About Us
Terms and s
Privacy policy
Partnerships
Ad Upgrade Details
Banner Advertising Details",Aqua,Petrol,black,Car(Liftback),https://patpat.lk/en/ad/vehicle/toyota-aqua-2011-252265
"12,200,000","85,000",1500,Automatic,Toyota,2018,"About
                            patpat





About Us
Terms and s
Privacy policy
Partnerships
Ad Upgrade Details
Banner Advertising Details",Axio,Petrol,white,Car(Saloon),https://patpat.lk/en/ad/vehicle/toyota-axio-2018-252276
Negotiable,"53,000",1496,Automatic,Toyota,2017,"About
                            patpat





About Us
Terms and s
Privacy policy
Partnerships
Ad Upgrade Details
Banner Advertising Details",Axio,Petrol,white,Car(),https://patpat.lk/en/ad/vehicle/toyota-axio-2017-252273
Negotiable,"60,000",1000,Automatic,Toyota,2018,"About
                            patpat





About Us
Terms and s
Privacy policy
Partnerships
Ad Upgrade Details
Banner Advertising Details",Vitz,Petrol,white,Car(Hatchback),https://patpat.lk/en/ad/vehicle/toyota-vitz-2018-252249
Negotiable,"85,000",1500,Automatic,Toyota,2016,"About
                            patpat





About Us
Terms and s
Privacy policy
Partnerships
Ad Upgrade Details
Banner Advertising Details",Axio,Hybrid,white,Car(Saloon),https://patpat.lk/en/ad/vehicle/toyota-axio-2016-252252
"7,350,000","125,000",1330,Automatic,Toyota,2013,"About
                            patpat





About Us
Terms and s
Privacy policy
Partnerships
Ad Upgrade Details
Banner Advertising Details",Aqua,Petrol,white,Car(Hatchback),https://patpat.lk/en/ad/vehicle/toyota-aqua-2013-252000
"6,650,000","164,000",1500,Automatic,Toyota,2012,"About
                            patpat





About Us
Terms and s
Privacy policy
Partnerships
Ad Upgrade Details
Banner Advertising Details",Aqua,Hybrid,black,Car(Hatchback),https://patpat.lk/en/ad/vehicle/toyota-aqua-2012-252190
"7,450,000","105,000",1330,Automatic,Toyota,2014,"About
                            patpat





About Us
Terms and s
Privacy policy
Partnerships
Ad Upgrade Details
Banner Advertising Details",Aqua,Petrol,white,Car(Sedan),https://patpat.lk/en/ad/vehicle/toyota-aqua-2014-251998
"4,700,000","210,000",1490,Manual,Toyota,2002,"About
                            patpat





About Us
Terms and s
Privacy policy
Partnerships
Ad Upgrade Details
Banner Advertising Details",Corolla,Petrol,brown,Car(Sedan),https://patpat.lk/en/ad/vehicle/toyota-corolla-2002-251976
"8,800,000","130,000",1798,Automatic,Toyota,2011,"About
                            patpat





About Us
Terms and s
Privacy policy
Partnerships
Ad Upgrade Details
Banner Advertising Details",Allion,Petrol,black,Car(Sedan),https://patpat.lk/en/ad/vehicle/toyota-allion-2011-252141
"8,500,000","161,000",1500,Automatic,Toyota,2014,"About
                            patpat





About Us
Terms and s
Privacy policy
Partnerships
Ad Upgrade Details
Banner Advertising Details",Prius,Petrol,blue,Car(),https://patpat.lk/en/ad/vehicle/toyota-prius-2014-252129
"6,950,000","217,000",1500,Automatic,Toyota,2003,"About
                            patpat





About Us
Terms and s
Privacy policy
Partnerships
Ad Upgrade Details
Banner Advertising Details",Allion,Petrol,silver,Car(Saloon),https://patpat.lk/en/ad/vehicle/toyota-allion-2003-252022
Negotiable,"122,000",1500,Automatic,Toyota,2013,"About
                            patpat





About Us
Terms and s
Privacy policy
Partnerships
Ad Upgrade Details
Banner Advertising Details",Premio,Petrol,white,Car(Saloon),https://patpat.lk/en/ad/vehicle/toyota-premio-2013-252122
"6,350,000","170,000",1500,Automatic,Toyota,2007,"About
                            patpat





About Us
Terms and s
Privacy policy
Partnerships
Ad Upgrade Details
Banner Advertising Details",Axio,Petrol,silver,Car(Sedan),https://patpat.lk/en/ad/vehicle/toyota-axio-2007-252095
Negotiable,N/A,N/A,"Automatic



Manual



Other



Tiptronic",,N/A,"About
                            patpat





About Us
Terms and s
Privacy policy
Partnerships
Ad Upgrade Details
Banner Advertising Details",,"Diesel



Electric



Hybrid



Petrol",N/A,"Bike



Bus



Car



Heavy



Land



SUV



Three wheeler



Truck



Van



Pick-up 



Multi Purpose",https://patpat.lk/en/sri-lanka/vehicle/car/toyota?page=104
"7,800,000","200,000",1200,Automatic,Toyota,2007,"About
                            patpat





About Us
Terms and s
Privacy policy
Partnerships
Ad Upgrade Details
Banner Advertising Details",Yaris,Petrol,green,Car(Saloon),https://patpat.lk/en/ad/vehicle/toyota-yaris-2007-252123
"7,900,000","92,000",1000,Automatic,Toyota,2019,"About
                            patpat





About Us
Terms and s
Privacy policy
Partnerships
Ad Upgrade Details
Banner Advertising Details",Vitz,Petrol,red,Car(Hatchback),https://patpat.lk/en/ad/vehicle/toyota-vitz-2019-252107
"5,700,000","148,514",1000,Automatic,Toyota,2007,"About
                            patpat





About Us
Terms and s
Privacy policy
Partnerships
Ad Upgrade Details
Banner Advertising Details",Belta,Petrol,blue,Car(Sedan),https://patpat.lk/en/ad/vehicle/toyota-belta-2007-252042
"15,890,000",0,1500,Automatic,Toyota,2025,"About
                            patpat





About Us
Terms and s
Privacy policy
Partnerships
Ad Upgrade Details
Banner Advertising Details",Axio,Petrol,silver,Car(Saloon),https://patpat.lk/en/ad/vehicle/toyota-axio-2025-252063
Negotiable,0,1000,Automatic,Toyota,2023,"About
                            patpat





About Us
Terms and s
Privacy policy
Partnerships
Ad Upgrade Details
Banner Advertising Details",Passo,Petrol,beige,Car(Hatchback),https://patpat.lk/en/ad/vehicle/toyota-passo-2023-252075
Negotiable,0,1000,Automatic,Toyota,2023,"About
                            patpat





About Us
Terms and s
Privacy policy
Partnerships
Ad Upgrade Details
Banner Advertising Details",Passo,Petrol,white,Car(Hatchback),https://patpat.lk/en/ad/vehicle/toyota-passo-2023-251959
Negotiable,0,1000,Automatic,Toyota,2023,"About
                            patpat





About Us
Terms and s
Privacy policy
Partnerships
Ad Upgrade Details
Banner Advertising Details",Passo,Petrol,white,Car(Hatchback),https://patpat.lk/en/ad/vehicle/toyota-passo-2023-251948
Negotiable,"2,000",1000,Automatic,Toyota,2023,"About
                            patpat





About Us
Terms and s
Privacy policy
Partnerships
Ad Upgrade Details
Banner Advertising Details",Passo,Petrol,orange,Car(Hatchback),https://patpat.lk/en/ad/vehicle/toyota-passo-2023-251837
"735,000","86,000",1000,Automatic,Toyota,2017,"About
                            patpat





About Us
Terms and s
Privacy policy
Partnerships
Ad Upgrade Details
Banner Advertising Details",Vitz,Petrol,silver,Car(Hatchback),https://patpat.lk/en/ad/vehicle/toyota-vitz-2017-251789
"14,200,000","93,000",1500,Automatic,Toyota,2017,"About
                            patpat





About Us
Terms and s
Privacy policy
Partnerships
Ad Upgrade Details
Banner Advertising Details",Premio,Petrol,white,Car(Liftback),https://patpat.lk/en/ad/vehicle/toyota-premio-2017-251770
Negotiable,"123,000",1500,Automatic,Toyota,2004,"About
                            patpat





About Us
Terms and s
Privacy policy
Partnerships
Ad Upgrade Details
Banner Advertising Details",Mark II,Diesel,white,Car(Saloon),https://patpat.lk/en/ad/vehicle/toyota-mark-ii-2004-251621
"3,650,000",0,123456,Automatic,Toyota,1999,"About
                            patpat





About Us
Terms and s
Privacy policy
Partnerships
Ad Upgrade Details
Banner Advertising Details",Vitz,Petrol,white,Car(Hatchback),https://patpat.lk/en/ad/vehicle/toyota-vitz-1999-251764
"9,200,000",0,1200,Automatic,Toyota,2023,"About
                            patpat





About Us
Terms and s
Privacy policy
Partnerships
Ad Upgrade Details
Banner Advertising Details",Yaris,Hybrid,white,Car(Liftback),https://patpat.lk/en/ad/vehicle/toyota-yaris-2023-251619
"3,300,000","390,000",1500,Manual,Toyota,1995,"About
                            patpat





About Us
Terms and s
Privacy policy
Partnerships
Ad Upgrade Details
Banner Advertising Details",Sprinter,Petrol,white,Car(Hatchback),https://patpat.lk/en/ad/vehicle/toyota-sprinter-1995-251654
Negotiable,"18,700",1500,Automatic,Toyota,2014,"About
                            patpat





About Us
Terms and s
Privacy policy
Partnerships
Ad Upgrade Details
Banner Advertising Details",Axio,Hybrid,white,Car(Liftback),https://patpat.lk/en/ad/vehicle/toyota-axio-2014-251637
Negotiable,0,1300,Automatic,Toyota,2014,"About
                            patpat





About Us
Terms and s
Privacy policy
Partnerships
Ad Upgrade Details
Banner Advertising Details",Axio,Hybrid,beige,Car(Sedan),https://patpat.lk/en/ad/vehicle/toyota-axio-2014-251718
Negotiable,"46,000",1000,Automatic,Toyota,2019,"About
                            patpat





About Us
Terms and s
Privacy policy
Partnerships
Ad Upgrade Details
Banner Advertising Details",Vitz,Petrol,red,Car(),https://patpat.lk/en/ad/vehicle/toyota-vitz-2019-251700
"6,950,000","217,000",1490,Automatic,Toyota,2003,"About
                            patpat





About Us
Terms and s
Privacy policy
Partnerships
Ad Upgrade Details
Banner Advertising Details",Allion,Petrol,silver,Car(Sedan),https://patpat.lk/en/ad/vehicle/toyota-allion-2003-251599
"3,150,000",N/A,N/A,"Automatic



Manual



Other



Tiptronic",,N/A,"About
                            patpat





About Us
Terms and s
Privacy policy
Partnerships
Ad Upgrade Details
Banner Advertising Details",,"Diesel



Electric



Hybrid



Petrol",N/A,"Bike



Bus



Car



Heavy



Land



SUV



Three wheeler



Truck



Van



Pick-up 



Multi Purpose",https://patpat.lk/en/sri-lanka/vehicle/car/toyota?page=105
"8,300,000",123,123,Automatic,Toyota,2010,"About
                            patpat





About Us
Terms and s
Privacy policy
Partnerships
Ad Upgrade Details
Banner Advertising Details",Prius,Hybrid,black,Car(Hatchback),https://patpat.lk/en/ad/vehicle/toyota-prius-2010-251597
"7,625,000","22,000",1000,Automatic,Toyota,2018,"About
                            patpat





About Us
Terms and s
Privacy policy
Partnerships
Ad Upgrade Details
Banner Advertising Details",Passo,Petrol,red,Car(Hatchback),https://patpat.lk/en/ad/vehicle/toyota-passo-2018-251331
Negotiable,0,1200,Automatic,Toyota,2008,"About
                            patpat





About Us
Terms and s
Privacy policy
Partnerships
Ad Upgrade Details
Banner Advertising Details",Vitz,Petrol,gray,Car(Hatchback),https://patpat.lk/en/ad/vehicle/toyota-vitz-2008-251540
Negotiable,0,1490,Automatic,Toyota,1997,"About
                            patpat





About Us
Terms and s
Privacy policy
Partnerships
Ad Upgrade Details
Banner Advertising Details",Carina,Petrol,white,Car(Hatchback),https://patpat.lk/en/ad/vehicle/toyota-carina-1997-251541
"14,600,000","115,000",1500,Automatic,Toyota,2017,"About
                            patpat





About Us
Terms and s
Privacy policy
Partnerships
Ad Upgrade Details
Banner Advertising Details",Premio,Petrol,white,Car(Liftback),https://patpat.lk/en/ad/vehicle/toyota-premio-2017-251508
Negotiable,"119,000",1500,Automatic,Toyota,2013,"About
                            patpat





About Us
Terms and s
Privacy policy
Partnerships
Ad Upgrade Details
Banner Advertising Details",Prius,Hybrid,white,Car(Liftback),https://patpat.lk/en/ad/vehicle/toyota-prius-2013-251510
Negotiable,"156,000",1500,Automatic,Toyota,2013,"About
                            patpat





About Us
Terms and s
Privacy policy
Partnerships
Ad Upgrade Details
Banner Advertising Details",Premio,Petrol,white,Car(Liftback),https://patpat.lk/en/ad/vehicle/toyota-premio-2013-251517
"8,400,000","90,000",1200,Automatic,Toyota,2017,"About
                            patpat





About Us
Terms and s
Privacy policy
Partnerships
Ad Upgrade Details
Banner Advertising Details",Vitz,Petrol,red,Car(Hatchback),https://patpat.lk/en/ad/vehicle/toyota-vitz-2017-251412
"8,100,000","81,000",1200,Automatic,Toyota,2018,"About
                            patpat





About Us
Terms and s
Privacy policy
Partnerships
Ad Upgrade Details
Banner Advertising Details",Vitz,Petrol,white,Car(Sedan),https://patpat.lk/en/ad/vehicle/toyota-vitz-2018-251415
"11,700,000","110,000",1400,Automatic,Toyota,2017,"About
                            patpat





About Us
Terms and s
Privacy policy
Partnerships
Ad Upgrade Details
Banner Advertising Details",Axio,Petrol,white,Car(Saloon),https://patpat.lk/en/ad/vehicle/toyota-axio-2017-251387
"10,600,000","129,000",1000,Automatic,Toyota,2015,"About
                            patpat





About Us
Terms and s
Privacy policy
Partnerships
Ad Upgrade Details
Banner Advertising Details",Premio,Petrol,red,Car(Sedan),https://patpat.lk/en/ad/vehicle/toyota-premio-2015-251402
Negotiable,0,1500,Automatic,Toyota,2001,"About
                            patpat





About Us
Terms and s
Privacy policy
Partnerships
Ad Upgrade Details
Banner Advertising Details",Corolla,Petrol,white,Car(Hatchback),https://patpat.lk/en/ad/vehicle/toyota-corolla-2001-251358
"7,550,000","75,000",1000,Automatic,Toyota,2017,"About
                            patpat





About Us
Terms and s
Privacy policy
Partnerships
Ad Upgrade Details
Banner Advertising Details",Vitz,Petrol,blue,Car(Hatchback),https://patpat.lk/en/ad/vehicle/toyota-vitz-2017-251240
Negotiable,0,2000,Automatic,Toyota,2024,"About
                            patpat





About Us
Terms and s
Privacy policy
Partnerships
Ad Upgrade Details
Banner Advertising Details",Prius,Hybrid,black,Car(),https://patpat.lk/en/ad/vehicle/toyota-prius-2024-251233
"8,050,000","6,600",660,Automatic,Toyota,2023,"About
                            patpat





About Us
Terms and s
Privacy policy
Partnerships
Ad Upgrade Details
Banner Advertising Details",Passo,Petrol,other,Car(Hatchback),https://patpat.lk/en/ad/vehicle/toyota-passo-2023-251277
"7,500,000","128,000",1000,Automatic,Toyota,2004,"About
                            patpat





About Us
Terms and s
Privacy policy
Partnerships
Ad Upgrade Details
Banner Advertising Details",Allion,Petrol,white,Car(Saloon),https://patpat.lk/en/ad/vehicle/toyota-allion-2004-251283
Negotiable,0,660,Automatic,Toyota,2023,"About
                            patpat





About Us
Terms and s
Privacy policy
Partnerships
Ad Upgrade Details
Banner Advertising Details",Pixis,Petrol,white,Car(Hatchback),https://patpat.lk/en/ad/vehicle/toyota-pixis-2023-251299
"7,060,000","155,000",1500,Automatic,Toyota,2003,"About
                            patpat





About Us
Terms and s
Privacy policy
Partnerships
Ad Upgrade Details
Banner Advertising Details",Allion,Petrol,red,Car(Sedan),https://patpat.lk/en/ad/vehicle/toyota-allion-2003-251225
Negotiable,"130,000",1000,Automatic,Toyota,2010,"About
                            patpat





About Us
Terms and s
Privacy policy
Partnerships
Ad Upgrade Details
Banner Advertising Details",Belta,Petrol,green,Car(Hatchback),https://patpat.lk/en/ad/vehicle/toyota-belta-2010-251192
"5,900,000",N/A,N/A,"Automatic



Manual



Other



Tiptronic",,N/A,"About
                            patpat





About Us
Terms and s
Privacy policy
Partnerships
Ad Upgrade Details
Banner Advertising Details",,"Diesel



Electric



Hybrid



Petrol",N/A,"Bike



Bus



Car



Heavy



Land



SUV



Three wheeler



Truck



Van



Pick-up 



Multi Purpose",https://patpat.lk/en/sri-lanka/vehicle/car/toyota?page=106
Negotiable,0,996,Automatic,Toyota,2023,"About
                            patpat





About Us
Terms and s
Privacy policy
Partnerships
Ad Upgrade Details
Banner Advertising Details",Passo,Petrol,white,Car(Hatchback),https://patpat.lk/en/ad/vehicle/toyota-passo-2023-251166
"7,500,000","203,400",1490,Automatic,Toyota,2013,"About
                            patpat





About Us
Terms and s
Privacy policy
Partnerships
Ad Upgrade Details
Banner Advertising Details",Aqua,Hybrid,white,Car(Hatchback),https://patpat.lk/en/ad/vehicle/toyota-aqua-2013-251047
"3,200,000","120,000",1500,Automatic,Toyota,1995,"About
                            patpat





About Us
Terms and s
Privacy policy
Partnerships
Ad Upgrade Details
Banner Advertising Details",Carina,Petrol,brown,Car(Sedan),https://patpat.lk/en/ad/vehicle/toyota-carina-1995-251049
"8,975,000","152,000",1500,Automatic,Toyota,2015,"About
                            patpat





About Us
Terms and s
Privacy policy
Partnerships
Ad Upgrade Details
Banner Advertising Details",Aqua,Petrol,white,Car(Hatchback),https://patpat.lk/en/ad/vehicle/toyota-aqua-2015-251059
Negotiable,"131,000",1200,Automatic,Toyota,2017,"About
                            patpat





About Us
Terms and s
Privacy policy
Partnerships
Ad Upgrade Details
Banner Advertising Details",Vitz,Petrol,white,Car(Hatchback),https://patpat.lk/en/ad/vehicle/toyota-vitz-2017-251120
Negotiable,0,996,Automatic,Toyota,2023,"About
                            patpat





About Us
Terms and s
Privacy policy
Partnerships
Ad Upgrade Details
Banner Advertising Details",Passo,Petrol,white,Car(Hatchback),https://patpat.lk/en/ad/vehicle/toyota-passo-2023-251130
"3,150,000",0,1500,Manual,Toyota,1993,"About
                            patpat





About Us
Terms and s
Privacy policy
Partnerships
Ad Upgrade Details
Banner Advertising Details",Carina,Petrol,green,Car(Sedan),https://patpat.lk/en/ad/vehicle/toyota-carina-1993-251052
Negotiable,0,1000,Automatic,Toyota,2016,"About
                            patpat





About Us
Terms and s
Privacy policy
Partnerships
Ad Upgrade Details
Banner Advertising Details",Vitz,Petrol,white,Car(Hatchback),https://patpat.lk/en/ad/vehicle/toyota-vitz-2016-251018
"10,500,000","162,000",1800,Automatic,Toyota,2013,"About
                            patpat





About Us
Terms and s
Privacy policy
Partnerships
Ad Upgrade Details
Banner Advertising Details",Prius,Hybrid,blue,Car(Hatchback),https://patpat.lk/en/ad/vehicle/toyota-prius-2013-251010
"2,300,000",230,1300,Manual,Toyota,1989,"About
                            patpat





About Us
Terms and s
Privacy policy
Partnerships
Ad Upgrade Details
Banner Advertising Details",Carina,Petrol,white,Car(Hatchback),https://patpat.lk/en/ad/vehicle/toyota-carina-1989-250926
"5,590,000","150,000",14900,Automatic,Toyota,2006,"About
                            patpat





About Us
Terms and s
Privacy policy
Partnerships
Ad Upgrade Details
Banner Advertising Details",Yaris,Petrol,blue,Car(Hatchback),https://patpat.lk/en/ad/vehicle/toyota-yaris-2006-250953
Negotiable,"205,000",1500,Automatic,Toyota,2014,"About
                            patpat





About Us
Terms and s
Privacy policy
Partnerships
Ad Upgrade Details
Banner Advertising Details",Premio,Petrol,brown,Car(Saloon),https://patpat.lk/en/ad/vehicle/toyota-premio-2014-250943
"6,300,000","190,000",990,Automatic,Toyota,2008,"About
                            patpat





About Us
Terms and s
Privacy policy
Partnerships
Ad Upgrade Details
Banner Advertising Details",Belta,Petrol,silver,Car(Sedan),https://patpat.lk/en/ad/vehicle/toyota-belta-2008-250784
Negotiable,0,1000,Automatic,Toyota,2025,"About
                            patpat





About Us
Terms and s
Privacy policy
Partnerships
Ad Upgrade Details
Banner Advertising Details",Pixis,Petrol,black,Car(Hatchback),https://patpat.lk/en/ad/vehicle/toyota-pixis-2025-250852
"11,000,000","162,000",1500,Automatic,Toyota,2010,"About
                            patpat





About Us
Terms and s
Privacy policy
Partnerships
Ad Upgrade Details
Banner Advertising Details",Prius,Hybrid,brown,Car(Saloon),https://patpat.lk/en/ad/vehicle/toyota-prius-2010-250817
"6,800,000","152,000",1500,Automatic,Toyota,2008,"About
                            patpat





About Us
Terms and s
Privacy policy
Partnerships
Ad Upgrade Details
Banner Advertising Details",Axio,Petrol,white,Car(Saloon),https://patpat.lk/en/ad/vehicle/toyota-axio-2008-250811
"5,200,000","151,800",1000,Automatic,Toyota,2008,"About
                            patpat





About Us
Terms and s
Privacy policy
Partnerships
Ad Upgrade Details
Banner Advertising Details",Vitz,Petrol,silver,Car(Sedan),https://patpat.lk/en/ad/vehicle/toyota-vitz-2008-250743
Negotiable,0,1500,Automatic,Toyota,2008,"About
                            patpat





About Us
Terms and s
Privacy policy
Partnerships
Ad Upgrade Details
Banner Advertising Details",Prius,Petrol,white,Car(Saloon),https://patpat.lk/en/ad/vehicle/toyota-prius-2008-250652
Negotiable,"1,900,000",1000,Manual,Toyota,1994,"About
                            patpat





About Us
Terms and s
Privacy policy
Partnerships
Ad Upgrade Details
Banner Advertising Details",Starlet,Petrol,silver,Car(Hatchback),https://patpat.lk/en/ad/vehicle/toyota-starlet-1994-250698
"1,080,000","177,000",1798,Automatic,Toyota,2013,"About
                            patpat





About Us
Terms and s
Privacy policy
Partnerships
Ad Upgrade Details
Banner Advertising Details",Prius,Hybrid,black,Car(Hatchback),https://patpat.lk/en/ad/vehicle/toyota-prius-2013-250682
"9,490,000",N/A,N/A,"Automatic



Manual



Other



Tiptronic",,N/A,"About
                            patpat





About Us
Terms and s
Privacy policy
Partnerships
Ad Upgrade Details
Banner Advertising Details",,"Diesel



Electric



Hybrid



Petrol",N/A,"Bike



Bus



Car



Heavy



Land



SUV



Three wheeler



Truck



Van



Pick-up 



Multi Purpose",https://patpat.lk/en/sri-lanka/vehicle/car/toyota?page=107
Negotiable,"173,000",1000,Automatic,Toyota,2015,"About
                            patpat





About Us
Terms and s
Privacy policy
Partnerships
Ad Upgrade Details
Banner Advertising Details",Aqua,Petrol,black,Car(Hatchback),https://patpat.lk/en/ad/vehicle/toyota-aqua-2015-250565
Negotiable,"180,000",1500,Automatic,Toyota,2010,"About
                            patpat





About Us
Terms and s
Privacy policy
Partnerships
Ad Upgrade Details
Banner Advertising Details",Prius,Hybrid,silver,Car(Liftback),https://patpat.lk/en/ad/vehicle/toyota-prius-2010-250609
"4,650,000","204,000",990,Automatic,Toyota,2008,"About
                            patpat





About Us
Terms and s
Privacy policy
Partnerships
Ad Upgrade Details
Banner Advertising Details",Passo,Petrol,red,Car(Hatchback),https://patpat.lk/en/ad/vehicle/toyota-passo-2008-250614
"6,850,000","148,439",1500,Automatic,Toyota,2012,"About
                            patpat





About Us
Terms and s
Privacy policy
Partnerships
Ad Upgrade Details
Banner Advertising Details",Aqua,Petrol,black,Car(Hatchback),https://patpat.lk/en/ad/vehicle/toyota-aqua-2012-250516
"12,950,000","110,450",1496,Automatic,Toyota,2016,"About
                            patpat





About Us
Terms and s
Privacy policy
Partnerships
Ad Upgrade Details
Banner Advertising Details",Premio,Hybrid,white,Car(Sedan),https://patpat.lk/en/ad/vehicle/toyota-premio-2016-250438
"8,800,000","92,000",1490,Automatic,Toyota,2015,"About
                            patpat





About Us
Terms and s
Privacy policy
Partnerships
Ad Upgrade Details
Banner Advertising Details",Aqua,Hybrid,white,Car(Liftback),https://patpat.lk/en/ad/vehicle/toyota-aqua-2015-250458
"5,900,000",0,1196,Automatic,Toyota,2003,"About
                            patpat





About Us
Terms and s
Privacy policy
Partnerships
Ad Upgrade Details
Banner Advertising Details",Corolla,Petrol,silver,Car(),https://patpat.lk/en/ad/vehicle/toyota-corolla-2003-250444
Negotiable,"150,000",1500,Manual,Toyota,1990,"About
                            patpat





About Us
Terms and s
Privacy policy
Partnerships
Ad Upgrade Details
Banner Advertising Details",Starlet,Diesel,blue,Car(Hatchback),https://patpat.lk/en/ad/vehicle/toyota-starlet-1990-250395
"3,550,000","130,000",1300,Automatic,Toyota,1997,"About
                            patpat





About Us
Terms and s
Privacy policy
Partnerships
Ad Upgrade Details
Banner Advertising Details",Starlet,Petrol,blue,Car(Hatchback),https://patpat.lk/en/ad/vehicle/toyota-starlet-1997-250346
Negotiable,"177,000",1000,Automatic,Toyota,2008,"About
                            patpat





About Us
Terms and s
Privacy policy
Partnerships
Ad Upgrade Details
Banner Advertising Details",Axio,Petrol,silver,Car(Saloon),https://patpat.lk/en/ad/vehicle/toyota-axio-2008-250282
Negotiable,0,1800,Automatic,Toyota,2011,"About
                            patpat





About Us
Terms and s
Privacy policy
Partnerships
Ad Upgrade Details
Banner Advertising Details",Prius,Petrol,black,Car(Hatchback),https://patpat.lk/en/ad/vehicle/toyota-prius-2011-250302
"6,100,000","88,000",1000,Automatic,Toyota,2008,"About
                            patpat





About Us
Terms and s
Privacy policy
Partnerships
Ad Upgrade Details
Banner Advertising Details",Yaris,Petrol,silver,Car(Liftback),https://patpat.lk/en/ad/vehicle/toyota-yaris-2008-250196
Negotiable,"130,000",1000,Automatic,Toyota,2012,"About
                            patpat





About Us
Terms and s
Privacy policy
Partnerships
Ad Upgrade Details
Banner Advertising Details",Aqua,Hybrid,black,Car(Hatchback),https://patpat.lk/en/ad/vehicle/toyota-aqua-2012-250288
"11,250,000",0,996,Automatic,Toyota,2025,"About
                            patpat





About Us
Terms and s
Privacy policy
Partnerships
Ad Upgrade Details
Banner Advertising Details",Roomy,Petrol,white,Car(Hatchback),https://patpat.lk/en/ad/vehicle/toyota-roomy-2025-250297
"5,150,000","174,000",1490,Automatic,Toyota,2003,"About
                            patpat





About Us
Terms and s
Privacy policy
Partnerships
Ad Upgrade Details
Banner Advertising Details",Vios,Petrol,brown,Car(Sedan),https://patpat.lk/en/ad/vehicle/toyota-vios-2003-250186
"6,150,000","1,400,000",1300,Automatic,Toyota,2007,"About
                            patpat





About Us
Terms and s
Privacy policy
Partnerships
Ad Upgrade Details
Banner Advertising Details",Yaris,Petrol,blue,Car(Hatchback),https://patpat.lk/en/ad/vehicle/toyota-yaris-2007-250291
Negotiable,"177,000",1000,Automatic,Toyota,2013,"About
                            patpat





About Us
Terms and s
Privacy policy
Partnerships
Ad Upgrade Details
Banner Advertising Details",Aqua,Hybrid,black,Car(Hatchback),https://patpat.lk/en/ad/vehicle/toyota-aqua-2013-250268
"12,100,000","123,000",1500,Automatic,Toyota,2017,"About
                            patpat





About Us
Terms and s
Privacy policy
Partnerships
Ad Upgrade Details
Banner Advertising Details",Axio,Hybrid,white,Car(Saloon),https://patpat.lk/en/ad/vehicle/toyota-axio-2017-250230
Negotiable,0,1000,Automatic,Toyota,2014,"About
                            patpat





About Us
Terms and s
Privacy policy
Partnerships
Ad Upgrade Details
Banner Advertising Details",Premio,Petrol,maroon,Car(Saloon),https://patpat.lk/en/ad/vehicle/toyota-premio-2014-250270
"7,250,000",N/A,N/A,"Automatic



Manual



Other



Tiptronic",,N/A,"About
                            patpat





About Us
Terms and s
Privacy policy
Partnerships
Ad Upgrade Details
Banner Advertising Details",,"Diesel



Electric



Hybrid



Petrol",N/A,"Bike



Bus



Car



Heavy



Land



SUV



Three wheeler



Truck



Van



Pick-up 



Multi Purpose",https://patpat.lk/en/sri-lanka/vehicle/car/toyota?page=108
"8,950,000","20,000",1000,Automatic,Toyota,2019,"About
                            patpat





About Us
Terms and s
Privacy policy
Partnerships
Ad Upgrade Details
Banner Advertising Details",Vitz,Hybrid,white,Car(Sedan),https://patpat.lk/en/ad/vehicle/toyota-vitz-2019-250212
Negotiable,0,690,Automatic,Toyota,2023,"About
                            patpat





About Us
Terms and s
Privacy policy
Partnerships
Ad Upgrade Details
Banner Advertising Details",Spacio,Hybrid,white,Car(Hatchback),https://patpat.lk/en/ad/vehicle/toyota-spacio-2023-250164
"6,375,000","190,000",1490,Automatic,Toyota,2008,"About
                            patpat





About Us
Terms and s
Privacy policy
Partnerships
Ad Upgrade Details
Banner Advertising Details",Corolla,Petrol,blue,Car(Sedan),https://patpat.lk/en/ad/vehicle/toyota-corolla-2008-250156
"1,700,000","210,000",1300,Manual,Toyota,1986,"About
                            patpat





About Us
Terms and s
Privacy policy
Partnerships
Ad Upgrade Details
Banner Advertising Details",Corolla,Petrol,white,Car(Hatchback),https://patpat.lk/en/ad/vehicle/toyota-corolla-1986-249956
Negotiable,"110,000",1400,Automatic,Toyota,2008,"About
                            patpat





About Us
Terms and s
Privacy policy
Partnerships
Ad Upgrade Details
Banner Advertising Details",Corolla,Petrol,white,Car(Saloon),https://patpat.lk/en/ad/vehicle/toyota-corolla-2008-250070
Negotiable,"2,000",1000,Automatic,Toyota,2023,"About
                            patpat





About Us
Terms and s
Privacy policy
Partnerships
Ad Upgrade Details
Banner Advertising Details",Yaris,Petrol,white,Car(Hatchback),https://patpat.lk/en/ad/vehicle/toyota-yaris-2023-249998
"9,490,000","21,000",1000,Automatic,Toyota,2024,"About
                            patpat





About Us
Terms and s
Privacy policy
Partnerships
Ad Upgrade Details
Banner Advertising Details",Yaris,Petrol,white,Car(Hatchback),https://patpat.lk/en/ad/vehicle/toyota-yaris-2024-249980
"3,150,000","224,000",2000,Automatic,Toyota,1996,"About
                            patpat





About Us
Terms and s
Privacy policy
Partnerships
Ad Upgrade Details
Banner Advertising Details",Corolla,Diesel,white,Car(),https://patpat.lk/en/ad/vehicle/toyota-corolla-1996-250051
"8,400,000","155,000",1500,Automatic,Toyota,2013,"About
                            patpat





About Us
Terms and s
Privacy policy
Partnerships
Ad Upgrade Details
Banner Advertising Details",Axio,Hybrid,maroon,Car(Saloon),https://patpat.lk/en/ad/vehicle/toyota-axio-2013-250042
"7,000,000","123,500",1500,Automatic,Toyota,2012,"About
                            patpat





About Us
Terms and s
Privacy policy
Partnerships
Ad Upgrade Details
Banner Advertising Details",Aqua,Hybrid,orange,Car(Hatchback),https://patpat.lk/en/ad/vehicle/toyota-aqua-2012-249986
"8,650,000","170,000",1490,Automatic,Toyota,2007,"About
                            patpat





About Us
Terms and s
Privacy policy
Partnerships
Ad Upgrade Details
Banner Advertising Details",Premio,Petrol,silver,Car(Saloon),https://patpat.lk/en/ad/vehicle/toyota-premio-2007-250044
Negotiable,"150,000",1500,Automatic,Toyota,2013,"About
                            patpat





About Us
Terms and s
Privacy policy
Partnerships
Ad Upgrade Details
Banner Advertising Details",Premio,Petrol,white,Car(Saloon),https://patpat.lk/en/ad/vehicle/toyota-premio-2013-249818
Negotiable,0,1400,Manual,Toyota,1983,"About
                            patpat





About Us
Terms and s
Privacy policy
Partnerships
Ad Upgrade Details
Banner Advertising Details",Corolla,Petrol,red,Car(),https://patpat.lk/en/ad/vehicle/toyota-corolla-1983-249835
Negotiable,0,1400,Manual,Toyota,1990,"About
                            patpat





About Us
Terms and s
Privacy policy
Partnerships
Ad Upgrade Details
Banner Advertising Details",Carina,Petrol,white,Car(),https://patpat.lk/en/ad/vehicle/toyota-carina-1990-249903
"3,000,000","230,000",1100,Manual,Toyota,1992,"About
                            patpat





About Us
Terms and s
Privacy policy
Partnerships
Ad Upgrade Details
Banner Advertising Details",Carina,Petrol,white,Car(Sedan),https://patpat.lk/en/ad/vehicle/toyota-carina-1992-249772
"6,400,000","180,000",1780,Automatic,Toyota,2008,"About
                            patpat





About Us
Terms and s
Privacy policy
Partnerships
Ad Upgrade Details
Banner Advertising Details",Prius,Petrol,blue,Car(Hatchback),https://patpat.lk/en/ad/vehicle/toyota-prius-2008-249775
"5,800,000","239,000",1500,Automatic,Toyota,2003,"About
                            patpat





About Us
Terms and s
Privacy policy
Partnerships
Ad Upgrade Details
Banner Advertising Details",Corolla,Petrol,silver,Car(Saloon),https://patpat.lk/en/ad/vehicle/toyota-corolla-2003-249661
"6,850,000","132,000",1500,Automatic,Toyota,2007,"About
                            patpat





About Us
Terms and s
Privacy policy
Partnerships
Ad Upgrade Details
Banner Advertising Details",Corolla,Hybrid,white,Car(Convertible),https://patpat.lk/en/ad/vehicle/toyota-corolla-2007-249582
"4,650,000","139,000",1297,Automatic,Toyota,2007,"About
                            patpat





About Us
Terms and s
Privacy policy
Partnerships
Ad Upgrade Details
Banner Advertising Details",Passo,Petrol,black,Car(Hatchback),https://patpat.lk/en/ad/vehicle/toyota-passo-2007-249412
"7,700,000","215,000",1496,Automatic,Toyota,2007,"About
                            patpat





About Us
Terms and s
Privacy policy
Partnerships
Ad Upgrade Details
Banner Advertising Details",Allion,Petrol,maroon,Car(Convertible),https://patpat.lk/en/ad/vehicle/toyota-allion-2007-249381
"7,900,000",N/A,N/A,"Automatic



Manual



Other



Tiptronic",,N/A,"About
                            patpat





About Us
Terms and s
Privacy policy
Partnerships
Ad Upgrade Details
Banner Advertising Details",,"Diesel



Electric



Hybrid



Petrol",N/A,"Bike



Bus



Car



Heavy



Land



SUV



Three wheeler



Truck



Van



Pick-up 



Multi Purpose",https://patpat.lk/en/sri-lanka/vehicle/car/toyota?page=109
Negotiable,0,1500,Automatic,Toyota,2013,"About
                            patpat





About Us
Terms and s
Privacy policy
Partnerships
Ad Upgrade Details
Banner Advertising Details",Premio,Petrol,maroon,Car(Sedan),https://patpat.lk/en/ad/vehicle/toyota-premio-2013-249101
"5,500,000","170,000",1300,Automatic,Toyota,2008,"About
                            patpat





About Us
Terms and s
Privacy policy
Partnerships
Ad Upgrade Details
Banner Advertising Details",Vitz,Petrol,orange,Car(Hatchback),https://patpat.lk/en/ad/vehicle/toyota-vitz-2008-249291
Negotiable,0,1000,Automatic,Toyota,2010,"About
                            patpat





About Us
Terms and s
Privacy policy
Partnerships
Ad Upgrade Details
Banner Advertising Details",Axio,Petrol,maroon,Car(Saloon),https://patpat.lk/en/ad/vehicle/toyota-axio-2010-249236
Negotiable,"96,000",1490,Automatic,Toyota,2013,"About
                            patpat





About Us
Terms and s
Privacy policy
Partnerships
Ad Upgrade Details
Banner Advertising Details",Aqua,Hybrid,white,Car(Liftback),https://patpat.lk/en/ad/vehicle/toyota-aqua-2013-249260
Negotiable,"1,500",1490,Automatic,Toyota,2024,"About
                            patpat





About Us
Terms and s
Privacy policy
Partnerships
Ad Upgrade Details
Banner Advertising Details",Yaris,Petrol,white,Car(Hatchback),https://patpat.lk/en/ad/vehicle/toyota-yaris-2024-249256
"6,400,000","124,000",1499,Automatic,Toyota,2008,"About
                            patpat





About Us
Terms and s
Privacy policy
Partnerships
Ad Upgrade Details
Banner Advertising Details",Prius,Hybrid,silver,Car(Sedan),https://patpat.lk/en/ad/vehicle/toyota-prius-2008-249161
"7,250,000","103,000",1490,Automatic,Toyota,2014,"About
                            patpat





About Us
Terms and s
Privacy policy
Partnerships
Ad Upgrade Details
Banner Advertising Details",Aqua,Petrol,other,Car(Hatchback),https://patpat.lk/en/ad/vehicle/toyota-aqua-2014-249122
"2,925,000","165,000",1000,Manual,Toyota,1998,"About
                            patpat





About Us
Terms and s
Privacy policy
Partnerships
Ad Upgrade Details
Banner Advertising Details",AE100,Petrol,white,Car(Saloon),https://patpat.lk/en/ad/vehicle/toyota-ae100-1998-248964
Negotiable,0,1500,Automatic,Toyota,2008,"About
                            patpat





About Us
Terms and s
Privacy policy
Partnerships
Ad Upgrade Details
Banner Advertising Details",Prius,Petrol,white,Car(Saloon),https://patpat.lk/en/ad/vehicle/toyota-prius-2008-249052
"6,000,000","181,561",1300,Manual,Toyota,2006,"About
                            patpat





About Us
Terms and s
Privacy policy
Partnerships
Ad Upgrade Details
Banner Advertising Details",Corolla,Petrol,blue,Car(Saloon),https://patpat.lk/en/ad/vehicle/toyota-corolla-2006-249027
Negotiable,"155,000",1500,Automatic,Toyota,2010,"About
                            patpat





About Us
Terms and s
Privacy policy
Partnerships
Ad Upgrade Details
Banner Advertising Details",Premio,Petrol,maroon,Car(Saloon),https://patpat.lk/en/ad/vehicle/toyota-premio-2010-249011
Negotiable,"140,000",1196,Manual,Toyota,2012,"About
                            patpat





About Us
Terms and s
Privacy policy
Partnerships
Ad Upgrade Details
Banner Advertising Details",Aqua,Petrol,blue,Car(),https://patpat.lk/en/ad/vehicle/toyota-aqua-2012-248982
"5,050,000","114,000",990,Automatic,Toyota,2007,"About
                            patpat





About Us
Terms and s
Privacy policy
Partnerships
Ad Upgrade Details
Banner Advertising Details",Vitz,Petrol,blue,Car(Hatchback),https://patpat.lk/en/ad/vehicle/toyota-vitz-2007-248971
"5,250,000","141,000",1000,Automatic,Toyota,2007,"About
                            patpat





About Us
Terms and s
Privacy policy
Partnerships
Ad Upgrade Details
Banner Advertising Details",Vitz,Petrol,blue,Car(Hatchback),https://patpat.lk/en/ad/vehicle/toyota-vitz-2007-248981
"7,750,000","98,500",1000,Automatic,Toyota,2018,"About
                            patpat





About Us
Terms and s
Privacy policy
Partnerships
Ad Upgrade Details
Banner Advertising Details",Vitz,Petrol,black,Car(Hatchback),https://patpat.lk/en/ad/vehicle/toyota-vitz-2018-248874
"8,150,000","6,600",660,Automatic,Toyota,2023,"About
                            patpat





About Us
Terms and s
Privacy policy
Partnerships
Ad Upgrade Details
Banner Advertising Details",Passo,Petrol,beige,Car(Hatchback),https://patpat.lk/en/ad/vehicle/toyota-passo-2023-248935
"6,200,000","160,000",1500,Automatic,Toyota,2002,"About
                            patpat





About Us
Terms and s
Privacy policy
Partnerships
Ad Upgrade Details
Banner Advertising Details",Allion,Petrol,green,Car(Liftback),https://patpat.lk/en/ad/vehicle/toyota-allion-2002-248928
"15,900,000","12,000",1500,Automatic,Toyota,2022,"About
                            patpat





About Us
Terms and s
Privacy policy
Partnerships
Ad Upgrade Details
Banner Advertising Details",Corolla,Petrol,white,Car(Sedan),https://patpat.lk/en/ad/vehicle/toyota-corolla-2022-248850
Negotiable,"129,000",2796,Automatic,Toyota,2013,"About
                            patpat





About Us
Terms and s
Privacy policy
Partnerships
Ad Upgrade Details
Banner Advertising Details",Premio,Petrol,black,Car(),https://patpat.lk/en/ad/vehicle/toyota-premio-2013-248823
"6,250,000","170,000",1296,Manual,Toyota,2008,"About
                            patpat





About Us
Terms and s
Privacy policy
Partnerships
Ad Upgrade Details
Banner Advertising Details",Yaris,Petrol,white,Car(Hatchback),https://patpat.lk/en/ad/vehicle/toyota-yaris-2008-248785
"8,000,000",N/A,N/A,"Automatic



Manual



Other



Tiptronic",,N/A,"About
                            patpat





About Us
Terms and s
Privacy policy
Partnerships
Ad Upgrade Details
Banner Advertising Details",,"Diesel



Electric



Hybrid



Petrol",N/A,"Bike



Bus



Car



Heavy



Land



SUV



Three wheeler



Truck



Van



Pick-up 



Multi Purpose",https://patpat.lk/en/sri-lanka/vehicle/car/toyota?page=110
Negotiable,"65,399",1200,Automatic,Toyota,2010,"About
                            patpat





About Us
Terms and s
Privacy policy
Partnerships
Ad Upgrade Details
Banner Advertising Details",Prius,Petrol,black,Car(Liftback),https://patpat.lk/en/ad/vehicle/toyota-prius-2010-248636
Negotiable,"156,000",1500,Automatic,Toyota,2015,"About
                            patpat





About Us
Terms and s
Privacy policy
Partnerships
Ad Upgrade Details
Banner Advertising Details",Prius,Hybrid,black,Car(Hatchback),https://patpat.lk/en/ad/vehicle/toyota-prius-2015-248679
"7,975,000","118,000",1500,Automatic,Toyota,2008,"About
                            patpat





About Us
Terms and s
Privacy policy
Partnerships
Ad Upgrade Details
Banner Advertising Details",Allion,Petrol,maroon,Car(Sedan),https://patpat.lk/en/ad/vehicle/toyota-allion-2008-248659
"6,180,000","146,000",1000,Automatic,Toyota,2009,"About
                            patpat





About Us
Terms and s
Privacy policy
Partnerships
Ad Upgrade Details
Banner Advertising Details",Belta,Petrol,silver,Car(Sedan),https://patpat.lk/en/ad/vehicle/toyota-belta-2009-248486
"2,950,000",0,1500,Manual,Toyota,1993,"About
                            patpat





About Us
Terms and s
Privacy policy
Partnerships
Ad Upgrade Details
Banner Advertising Details",Corolla,Petrol,green,Car(Sedan),https://patpat.lk/en/ad/vehicle/toyota-corolla-1993-248592
"6,850,000","219,000",1500,Automatic,Toyota,2012,"About
                            patpat





About Us
Terms and s
Privacy policy
Partnerships
Ad Upgrade Details
Banner Advertising Details",Aqua,Hybrid,white,Car(Hatchback),https://patpat.lk/en/ad/vehicle/toyota-aqua-2012-248639
"7,900,000","113,000",1496,Automatic,Toyota,2013,"About
                            patpat





About Us
Terms and s
Privacy policy
Partnerships
Ad Upgrade Details
Banner Advertising Details",Aqua,Petrol,black,Car(Liftback),https://patpat.lk/en/ad/vehicle/toyota-aqua-2013-248623
"4,200,000",0,1490,Automatic,Toyota,1997,"About
                            patpat





About Us
Terms and s
Privacy policy
Partnerships
Ad Upgrade Details
Banner Advertising Details",Corolla,Petrol,gray,Car(Sedan),https://patpat.lk/en/ad/vehicle/toyota-corolla-1997-248602
"5,275,000","160,000",1000,Automatic,Toyota,2008,"About
                            patpat





About Us
Terms and s
Privacy policy
Partnerships
Ad Upgrade Details
Banner Advertising Details",Vitz,Petrol,silver,Car(Sedan),https://patpat.lk/en/ad/vehicle/toyota-vitz-2008-248611
"7,450,000","152,000",1500,Automatic,Toyota,2014,"About
                            patpat





About Us
Terms and s
Privacy policy
Partnerships
Ad Upgrade Details
Banner Advertising Details",Aqua,Petrol,blue,Car(Liftback),https://patpat.lk/en/ad/vehicle/toyota-aqua-2014-248596
"14,000,000","99,000",1500,Automatic,Toyota,2017,"About
                            patpat





About Us
Terms and s
Privacy policy
Partnerships
Ad Upgrade Details
Banner Advertising Details",Premio,Petrol,white,Car(),https://patpat.lk/en/ad/vehicle/toyota-premio-2017-248588
"5,780,000","156,219",1300,Automatic,Toyota,2007,"About
                            patpat





About Us
Terms and s
Privacy policy
Partnerships
Ad Upgrade Details
Banner Advertising Details",Vitz,Petrol,white,Car(Hatchback),https://patpat.lk/en/ad/vehicle/toyota-vitz-2007-248510
Negotiable,0,1296,Automatic,Toyota,2013,"About
                            patpat





About Us
Terms and s
Privacy policy
Partnerships
Ad Upgrade Details
Banner Advertising Details",Aqua,Petrol,white,Car(),https://patpat.lk/en/ad/vehicle/toyota-aqua-2013-248506
Negotiable,0,1496,Automatic,Toyota,2011,"About
                            patpat





About Us
Terms and s
Privacy policy
Partnerships
Ad Upgrade Details
Banner Advertising Details",Prius,Petrol,blue,Car(Liftback),https://patpat.lk/en/ad/vehicle/toyota-prius-2011-248452
"5,850,000","185,000",1300,Manual,Toyota,2005,"About
                            patpat





About Us
Terms and s
Privacy policy
Partnerships
Ad Upgrade Details
Banner Advertising Details",Corolla,Petrol,blue,Car(Sedan),https://patpat.lk/en/ad/vehicle/toyota-corolla-2005-248477
Negotiable,0,1000,Automatic,Toyota,2025,"About
                            patpat





About Us
Terms and s
Privacy policy
Partnerships
Ad Upgrade Details
Banner Advertising Details",Yaris,Petrol,white,Car(Hatchback),https://patpat.lk/en/ad/vehicle/toyota-yaris-2025-248547
"5,875,000","125,000",1300,Automatic,Toyota,2007,"About
                            patpat





About Us
Terms and s
Privacy policy
Partnerships
Ad Upgrade Details
Banner Advertising Details",Vitz,Petrol,green,Car(Sedan),https://patpat.lk/en/ad/vehicle/toyota-vitz-2007-248526
Negotiable,"96,000",1496,Automatic,Toyota,2014,"About
                            patpat





About Us
Terms and s
Privacy policy
Partnerships
Ad Upgrade Details
Banner Advertising Details",Aqua,Petrol,purple,Car(Liftback),https://patpat.lk/en/ad/vehicle/toyota-aqua-2014-248520
Negotiable,"153,000",1496,Automatic,Toyota,2015,"About
                            patpat





About Us
Terms and s
Privacy policy
Partnerships
Ad Upgrade Details
Banner Advertising Details",Axio,Petrol,white,Car(Hatchback),https://patpat.lk/en/ad/vehicle/toyota-axio-2015-248440
"5,100,000","226,000",1500,Automatic,Toyota,2004,"About
                            patpat





About Us
Terms and s
Privacy policy
Partnerships
Ad Upgrade Details
Banner Advertising Details",Vios,Petrol,blue,Car(Saloon),https://patpat.lk/en/ad/vehicle/toyota-vios-2004-248321
"5,200,000",N/A,N/A,"Automatic



Manual



Other



Tiptronic",,N/A,"About
                            patpat





About Us
Terms and s
Privacy policy
Partnerships
Ad Upgrade Details
Banner Advertising Details",,"Diesel



Electric



Hybrid



Petrol",N/A,"Bike



Bus



Car



Heavy



Land



SUV



Three wheeler



Truck



Van



Pick-up 



Multi Purpose",https://patpat.lk/en/sri-lanka/vehicle/car/toyota?page=111
"2,850,000","319,000",1500,Manual,Toyota,1993,"About
                            patpat





About Us
Terms and s
Privacy policy
Partnerships
Ad Upgrade Details
Banner Advertising Details",AE100,Petrol,maroon,Car(Sedan),https://patpat.lk/en/ad/vehicle/toyota-ae100-1993-248364
"2,995,000","190,000",1330,Automatic,Toyota,1994,"About
                            patpat





About Us
Terms and s
Privacy policy
Partnerships
Ad Upgrade Details
Banner Advertising Details",Corolla,Petrol,gray,Car(Saloon),https://patpat.lk/en/ad/vehicle/toyota-corolla-1994-248373
"6,895,000","81,450",1300,Automatic,Toyota,2013,"About
                            patpat





About Us
Terms and s
Privacy policy
Partnerships
Ad Upgrade Details
Banner Advertising Details",Vitz,Petrol,blue,Car(Saloon),https://patpat.lk/en/ad/vehicle/toyota-vitz-2013-248361
"4,575,000","205,200",1299,Manual,Toyota,2003,"About
                            patpat





About Us
Terms and s
Privacy policy
Partnerships
Ad Upgrade Details
Banner Advertising Details",IST,Petrol,blue,Car(Hatchback),https://patpat.lk/en/ad/vehicle/toyota-ist-2003-248269
"6,650,000","150,000",1400,Manual,Toyota,2016,"About
                            patpat





About Us
Terms and s
Privacy policy
Partnerships
Ad Upgrade Details
Banner Advertising Details",Vitz,Petrol,brown,Car(Convertible),https://patpat.lk/en/ad/vehicle/toyota-vitz-2016-248119
"8,250,000","148,000",1800,Automatic,Toyota,2010,"About
                            patpat





About Us
Terms and s
Privacy policy
Partnerships
Ad Upgrade Details
Banner Advertising Details",Prius,Hybrid,gray,Car(Hatchback),https://patpat.lk/en/ad/vehicle/toyota-prius-2010-248198
"8,000,000","82,000",1500,Automatic,Toyota,2016,"About
                            patpat





About Us
Terms and s
Privacy policy
Partnerships
Ad Upgrade Details
Banner Advertising Details",Aqua,Hybrid,blue,Car(Hatchback),https://patpat.lk/en/ad/vehicle/toyota-aqua-2016-248130
"6,650,000","150,000",1200,Automatic,Toyota,2016,"About
                            patpat





About Us
Terms and s
Privacy policy
Partnerships
Ad Upgrade Details
Banner Advertising Details",Vitz,Petrol,brown,Car(Hatchback),https://patpat.lk/en/ad/vehicle/toyota-vitz-2016-248070
"4,700,000","157,000",960,Automatic,Toyota,2007,"About
                            patpat





About Us
Terms and s
Privacy policy
Partnerships
Ad Upgrade Details
Banner Advertising Details",Passo,Petrol,white,Car(Hatchback),https://patpat.lk/en/ad/vehicle/toyota-passo-2007-247994
"13,500,000","100,000",1500,Automatic,Toyota,2014,"About
                            patpat





About Us
Terms and s
Privacy policy
Partnerships
Ad Upgrade Details
Banner Advertising Details",Premio,Petrol,white,Car(Saloon),https://patpat.lk/en/ad/vehicle/toyota-premio-2014-247977
"4,600,000","154,000",1000,Automatic,Toyota,2008,"About
                            patpat





About Us
Terms and s
Privacy policy
Partnerships
Ad Upgrade Details
Banner Advertising Details",Passo,Petrol,blue,Car(Hatchback),https://patpat.lk/en/ad/vehicle/toyota-passo-2008-247987
Negotiable,"139,000",1200,Automatic,Toyota,2014,"About
                            patpat





About Us
Terms and s
Privacy policy
Partnerships
Ad Upgrade Details
Banner Advertising Details",Prius,Petrol,white,Car(Hatchback),https://patpat.lk/en/ad/vehicle/toyota-prius-2014-247894
"8,300,000","150,000",1300,Automatic,Toyota,2018,"About
                            patpat





About Us
Terms and s
Privacy policy
Partnerships
Ad Upgrade Details
Banner Advertising Details",Vitz,Petrol,white,Car(Hatchback),https://patpat.lk/en/ad/vehicle/toyota-vitz-2018-247991
Negotiable,0,15000,Automatic,Toyota,2015,"About
                            patpat





About Us
Terms and s
Privacy policy
Partnerships
Ad Upgrade Details
Banner Advertising Details",Axio,Hybrid,other,Car(Saloon),https://patpat.lk/en/ad/vehicle/toyota-axio-2015-247898
"8,100,000","6,600",660,Automatic,Toyota,2023,"About
                            patpat





About Us
Terms and s
Privacy policy
Partnerships
Ad Upgrade Details
Banner Advertising Details",Passo,Petrol,red,Car(Hatchback),https://patpat.lk/en/ad/vehicle/toyota-passo-2023-247933
Negotiable,"190,000",1500,Automatic,Toyota,2004,"About
                            patpat





About Us
Terms and s
Privacy policy
Partnerships
Ad Upgrade Details
Banner Advertising Details",Vios,Petrol,black,Car(Saloon),https://patpat.lk/en/ad/vehicle/toyota-vios-2004-247964
"4,350,000",0,1300,Manual,Toyota,1997,"About
                            patpat





About Us
Terms and s
Privacy policy
Partnerships
Ad Upgrade Details
Banner Advertising Details",Starlet,Petrol,blue,Car(Hatchback),https://patpat.lk/en/ad/vehicle/toyota-starlet-1997-240927
Negotiable,0,1000,Manual,Toyota,2011,"About
                            patpat





About Us
Terms and s
Privacy policy
Partnerships
Ad Upgrade Details
Banner Advertising Details",Vitz,Petrol,other,Car(Saloon),https://patpat.lk/en/ad/vehicle/toyota-vitz-2011-247864
Negotiable,0,1500,Automatic,Toyota,2013,"About
                            patpat





About Us
Terms and s
Privacy policy
Partnerships
Ad Upgrade Details
Banner Advertising Details",Aqua,Petrol,blue,Car(Saloon),https://patpat.lk/en/ad/vehicle/toyota-aqua-2013-247866
Negotiable,0,1800,Automatic,Toyota,2015,"About
                            patpat





About Us
Terms and s
Privacy policy
Partnerships
Ad Upgrade Details
Banner Advertising Details",Vitz,Petrol,black,Car(Hatchback),https://patpat.lk/en/ad/vehicle/toyota-vitz-2015-247882
Negotiable,N/A,N/A,"Automatic



Manual



Other



Tiptronic",,N/A,"About
                            patpat





About Us
Terms and s
Privacy policy
Partnerships
Ad Upgrade Details
Banner Advertising Details",,"Diesel



Electric



Hybrid



Petrol",N/A,"Bike



Bus



Car



Heavy



Land



SUV



Three wheeler



Truck



Van



Pick-up 



Multi Purpose",https://patpat.lk/en/sri-lanka/vehicle/car/toyota?page=112
Negotiable,"132,000",1000,Automatic,Toyota,2013,"About
                            patpat





About Us
Terms and s
Privacy policy
Partnerships
Ad Upgrade Details
Banner Advertising Details",Aqua,Hybrid,white,Car(Hatchback),https://patpat.lk/en/ad/vehicle/toyota-aqua-2013-247832
Negotiable,"128,000",1000,Automatic,Toyota,2014,"About
                            patpat





About Us
Terms and s
Privacy policy
Partnerships
Ad Upgrade Details
Banner Advertising Details",Aqua,Hybrid,white,Car(Hatchback),https://patpat.lk/en/ad/vehicle/toyota-aqua-2014-247836
"5,975,000","135,000",1300,Automatic,Toyota,2008,"About
                            patpat





About Us
Terms and s
Privacy policy
Partnerships
Ad Upgrade Details
Banner Advertising Details",Yaris,Petrol,other,Car(Convertible),https://patpat.lk/en/ad/vehicle/toyota-yaris-2008-247912
"13,500,000","67,000",1490,Automatic,Toyota,2017,"About
                            patpat





About Us
Terms and s
Privacy policy
Partnerships
Ad Upgrade Details
Banner Advertising Details",Premio,Petrol,white,Car(Hatchback),https://patpat.lk/en/ad/vehicle/toyota-premio-2017-247846
Negotiable,"110,000",1800,Automatic,Toyota,2015,"About
                            patpat





About Us
Terms and s
Privacy policy
Partnerships
Ad Upgrade Details
Banner Advertising Details",Prius,Hybrid,purple,Car(Liftback),https://patpat.lk/en/ad/vehicle/toyota-prius-2015-247808
"6,750,000",0,1490,Manual,Toyota,2003,"About
                            patpat





About Us
Terms and s
Privacy policy
Partnerships
Ad Upgrade Details
Banner Advertising Details",Allion,Petrol,silver,Car(Liftback),https://patpat.lk/en/ad/vehicle/toyota-allion-2003-247884
"5,200,000","157,800",1000,Automatic,Toyota,2007,"About
                            patpat





About Us
Terms and s
Privacy policy
Partnerships
Ad Upgrade Details
Banner Advertising Details",Vitz,Petrol,gray,Car(Hatchback),https://patpat.lk/en/ad/vehicle/toyota-vitz-2007-247777
"8,765,000","35,000",1000,Automatic,Toyota,2024,"About
                            patpat





About Us
Terms and s
Privacy policy
Partnerships
Ad Upgrade Details
Banner Advertising Details",Yaris,Petrol,white,Car(Hatchback),https://patpat.lk/en/ad/vehicle/toyota-yaris-2024-247771
"8,795,000","32,500",1000,Automatic,Toyota,2024,"About
                            patpat





About Us
Terms and s
Privacy policy
Partnerships
Ad Upgrade Details
Banner Advertising Details",Yaris,Petrol,black,Car(Hatchback),https://patpat.lk/en/ad/vehicle/toyota-yaris-2024-247769
Negotiable,"150,000",1300,Automatic,Toyota,2007,"About
                            patpat





About Us
Terms and s
Privacy policy
Partnerships
Ad Upgrade Details
Banner Advertising Details",Vitz,Petrol,beige,Car(Hatchback),https://patpat.lk/en/ad/vehicle/toyota-vitz-2007-247762
Negotiable,"175,000",1800,Automatic,Toyota,2013,"About
                            patpat





About Us
Terms and s
Privacy policy
Partnerships
Ad Upgrade Details
Banner Advertising Details",Prius,Hybrid,white,Car(Sedan),https://patpat.lk/en/ad/vehicle/toyota-prius-2013-247727
"6,500,000","196,000",1496,Automatic,Toyota,2007,"About
                            patpat





About Us
Terms and s
Privacy policy
Partnerships
Ad Upgrade Details
Banner Advertising Details",Prius,Petrol,silver,Car(Hatchback),https://patpat.lk/en/ad/vehicle/toyota-prius-2007-247714
"7,700,000","174,000",1490,Automatic,Toyota,2008,"About
                            patpat





About Us
Terms and s
Privacy policy
Partnerships
Ad Upgrade Details
Banner Advertising Details",Allion,Petrol,blue,Car(Saloon),https://patpat.lk/en/ad/vehicle/toyota-allion-2008-247706
"9,500,000","173,000",1800,Automatic,Toyota,2013,"About
                            patpat





About Us
Terms and s
Privacy policy
Partnerships
Ad Upgrade Details
Banner Advertising Details",Prius,Hybrid,green,Car(Sedan),https://patpat.lk/en/ad/vehicle/toyota-prius-2013-247700
"8,795,000","21,000",1000,Automatic,Toyota,2024,"About
                            patpat





About Us
Terms and s
Privacy policy
Partnerships
Ad Upgrade Details
Banner Advertising Details",Yaris,Petrol,white,Car(Hatchback),https://patpat.lk/en/ad/vehicle/toyota-yaris-2024-247682
Negotiable,500,1000,Automatic,Toyota,2023,"About
                            patpat





About Us
Terms and s
Privacy policy
Partnerships
Ad Upgrade Details
Banner Advertising Details",Yaris,Petrol,white,Car(Hatchback),https://patpat.lk/en/ad/vehicle/toyota-yaris-2023-247617
"11,200,000","180,000",1500,Automatic,Toyota,2013,"About
                            patpat





About Us
Terms and s
Privacy policy
Partnerships
Ad Upgrade Details
Banner Advertising Details",Premio,Petrol,maroon,Car(Saloon),https://patpat.lk/en/ad/vehicle/toyota-premio-2013-247322
"15,600,000","98,000",1500,Automatic,Toyota,2018,"About
                            patpat





About Us
Terms and s
Privacy policy
Partnerships
Ad Upgrade Details
Banner Advertising Details",Premio,Petrol,white,Car(Saloon),https://patpat.lk/en/ad/vehicle/toyota-premio-2018-247321
Negotiable,"103,000",13000,Automatic,Toyota,2019,"About
                            patpat





About Us
Terms and s
Privacy policy
Partnerships
Ad Upgrade Details
Banner Advertising Details",Vitz,Hybrid,white,Car(Liftback),https://patpat.lk/en/ad/vehicle/toyota-vitz-2019-247318
"7,800,000","160,000",1000,Automatic,Toyota,2013,"About
                            patpat





About Us
Terms and s
Privacy policy
Partnerships
Ad Upgrade Details
Banner Advertising Details",Aqua,Petrol,blue,Car(Hatchback),https://patpat.lk/en/ad/vehicle/toyota-aqua-2013-247348
Negotiable,N/A,N/A,"Automatic



Manual



Other



Tiptronic",,N/A,"About
                            patpat





About Us
Terms and s
Privacy policy
Partnerships
Ad Upgrade Details
Banner Advertising Details",,"Diesel



Electric



Hybrid



Petrol",N/A,"Bike



Bus



Car



Heavy



Land



SUV



Three wheeler



Truck



Van



Pick-up 



Multi Purpose",https://patpat.lk/en/sri-lanka/vehicle/car/toyota?page=113
Negotiable,0,1200,Automatic,Toyota,2025,"About
                            patpat





About Us
Terms and s
Privacy policy
Partnerships
Ad Upgrade Details
Banner Advertising Details",Yaris,Hybrid,white,Car(Convertible),https://patpat.lk/en/ad/vehicle/toyota-yaris-2025-247388
Negotiable,0,996,Automatic,Toyota,2023,"About
                            patpat





About Us
Terms and s
Privacy policy
Partnerships
Ad Upgrade Details
Banner Advertising Details",Yaris,Petrol,white,Car(Hatchback),https://patpat.lk/en/ad/vehicle/toyota-yaris-2023-247466
"10,700,000","156,000",1790,Automatic,Toyota,2014,"About
                            patpat





About Us
Terms and s
Privacy policy
Partnerships
Ad Upgrade Details
Banner Advertising Details",Prius,Hybrid,black,Car(Sedan),https://patpat.lk/en/ad/vehicle/toyota-prius-2014-247530
"3,200,000","2,566,454",1330,Manual,Toyota,2003,"About
                            patpat





About Us
Terms and s
Privacy policy
Partnerships
Ad Upgrade Details
Banner Advertising Details",Starlet,Petrol,blue,Car(Sports),https://patpat.lk/en/ad/vehicle/toyota-starlet-2003-247403
"2,475,000","254,646",1500,Manual,Toyota,1993,"About
                            patpat





About Us
Terms and s
Privacy policy
Partnerships
Ad Upgrade Details
Banner Advertising Details",Corsa,Diesel,green,Car(Sports),https://patpat.lk/en/ad/vehicle/toyota-corsa-1993-247414
"16,900,000","113,000",1500,Automatic,Toyota,2019,"About
                            patpat





About Us
Terms and s
Privacy policy
Partnerships
Ad Upgrade Details
Banner Advertising Details",Premio,Petrol,white,Car(Saloon),https://patpat.lk/en/ad/vehicle/toyota-premio-2019-247057
Negotiable,"106,000",1500,Automatic,Toyota,2014,"About
                            patpat





About Us
Terms and s
Privacy policy
Partnerships
Ad Upgrade Details
Banner Advertising Details",Premio,Petrol,white,Car(Saloon),https://patpat.lk/en/ad/vehicle/toyota-premio-2014-246874
Negotiable,"207,000",1500,Automatic,Toyota,2003,"About
                            patpat





About Us
Terms and s
Privacy policy
Partnerships
Ad Upgrade Details
Banner Advertising Details",Allion,Petrol,silver,Car(Liftback),https://patpat.lk/en/ad/vehicle/toyota-allion-2003-247082
Negotiable,"119,000",1500,Automatic,Toyota,2013,"About
                            patpat





About Us
Terms and s
Privacy policy
Partnerships
Ad Upgrade Details
Banner Advertising Details",Prius,Hybrid,white,Car(Saloon),https://patpat.lk/en/ad/vehicle/toyota-prius-2013-247099
Negotiable,"108,000",1500,Automatic,Toyota,2016,"About
                            patpat





About Us
Terms and s
Privacy policy
Partnerships
Ad Upgrade Details
Banner Advertising Details",Allion,Petrol,maroon,Car(Saloon),https://patpat.lk/en/ad/vehicle/toyota-allion-2016-247301
Negotiable,"115,500",1500,Automatic,Toyota,2017,"About
                            patpat





About Us
Terms and s
Privacy policy
Partnerships
Ad Upgrade Details
Banner Advertising Details",Premio,Petrol,white,Car(Saloon),https://patpat.lk/en/ad/vehicle/toyota-premio-2017-247167
"8,250,000","81,000",1000,Automatic,Toyota,2018,"About
                            patpat





About Us
Terms and s
Privacy policy
Partnerships
Ad Upgrade Details
Banner Advertising Details",Vitz,Petrol,white,Car(Hatchback),https://patpat.lk/en/ad/vehicle/toyota-vitz-2018-247267
"7,600,000","216,000",1500,Automatic,Toyota,2005,"About
                            patpat





About Us
Terms and s
Privacy policy
Partnerships
Ad Upgrade Details
Banner Advertising Details",Premio,Petrol,silver,Car(Saloon),https://patpat.lk/en/ad/vehicle/toyota-premio-2005-247128
Negotiable,0,1200,Automatic,Toyota,2024,"About
                            patpat





About Us
Terms and s
Privacy policy
Partnerships
Ad Upgrade Details
Banner Advertising Details",Yaris,Hybrid,silver,Car(Convertible),https://patpat.lk/en/ad/vehicle/toyota-yaris-2024-247065
"7,550,000","224,477",1500,Automatic,Toyota,2010,"About
                            patpat





About Us
Terms and s
Privacy policy
Partnerships
Ad Upgrade Details
Banner Advertising Details",Axio,Petrol,gold,Car(Saloon),https://patpat.lk/en/ad/vehicle/toyota-axio-2010-247237
"12,800,000","145,000",1500,Automatic,Toyota,2018,"About
                            patpat





About Us
Terms and s
Privacy policy
Partnerships
Ad Upgrade Details
Banner Advertising Details",Axio,Hybrid,white,Car(Saloon),https://patpat.lk/en/ad/vehicle/toyota-axio-2018-247216
"7,890,000","79,000",1200,Automatic,Toyota,2018,"About
                            patpat





About Us
Terms and s
Privacy policy
Partnerships
Ad Upgrade Details
Banner Advertising Details",Vitz,Petrol,black,Car(Liftback),https://patpat.lk/en/ad/vehicle/toyota-vitz-2018-247226
"10,600,000",700,990,Automatic,Toyota,2025,"About
                            patpat





About Us
Terms and s
Privacy policy
Partnerships
Ad Upgrade Details
Banner Advertising Details",Yaris,Petrol,red,Car(Hatchback),https://patpat.lk/en/ad/vehicle/toyota-yaris-2025-247235
"9,500,000","20,000",990,Automatic,Toyota,2023,"About
                            patpat





About Us
Terms and s
Privacy policy
Partnerships
Ad Upgrade Details
Banner Advertising Details",Yaris,Petrol,black,Car(Hatchback),https://patpat.lk/en/ad/vehicle/toyota-yaris-2023-247232
"6,025,000","148,000",1490,Automatic,Toyota,2007,"About
                            patpat





About Us
Terms and s
Privacy policy
Partnerships
Ad Upgrade Details
Banner Advertising Details",IST,Petrol,silver,Car(Hatchback),https://patpat.lk/en/ad/vehicle/toyota-ist-2007-247115
"11,700,000",N/A,N/A,"Automatic



Manual



Other



Tiptronic",,N/A,"About
                            patpat





About Us
Terms and s
Privacy policy
Partnerships
Ad Upgrade Details
Banner Advertising Details",,"Diesel



Electric



Hybrid



Petrol",N/A,"Bike



Bus



Car



Heavy



Land



SUV



Three wheeler



Truck



Van



Pick-up 



Multi Purpose",https://patpat.lk/en/sri-lanka/vehicle/car/toyota?page=114
"7,400,000","146,000",1000,Automatic,Toyota,2015,"About
                            patpat





About Us
Terms and s
Privacy policy
Partnerships
Ad Upgrade Details
Banner Advertising Details",Vitz,Petrol,white,Car(Hatchback),https://patpat.lk/en/ad/vehicle/toyota-vitz-2015-247022
"6,790,000","116,000",1500,Automatic,Toyota,2015,"About
                            patpat





About Us
Terms and s
Privacy policy
Partnerships
Ad Upgrade Details
Banner Advertising Details",Vitz,Petrol,black,Car(Liftback),https://patpat.lk/en/ad/vehicle/toyota-vitz-2015-246870
"10,700,000",0,1800,Automatic,Toyota,2013,"About
                            patpat





About Us
Terms and s
Privacy policy
Partnerships
Ad Upgrade Details
Banner Advertising Details",Premio,Petrol,white,Car(Hatchback),https://patpat.lk/en/ad/vehicle/toyota-premio-2013-247012
Negotiable,0,950,Automatic,Toyota,2023,"About
                            patpat





About Us
Terms and s
Privacy policy
Partnerships
Ad Upgrade Details
Banner Advertising Details",Yaris,Petrol,white,Car(Hatchback),https://patpat.lk/en/ad/vehicle/toyota-yaris-2023-246989
Negotiable,0,650,Automatic,Toyota,2025,"About
                            patpat





About Us
Terms and s
Privacy policy
Partnerships
Ad Upgrade Details
Banner Advertising Details",Pixis,Petrol,red,Car(Hatchback),https://patpat.lk/en/ad/vehicle/toyota-pixis-2025-246893
Negotiable,0,1000,Automatic,Toyota,2025,"About
                            patpat





About Us
Terms and s
Privacy policy
Partnerships
Ad Upgrade Details
Banner Advertising Details",Yaris Ativ,Petrol,white,Car(Saloon),https://patpat.lk/en/ad/vehicle/toyota-yaris-ativ-2025-246895
Negotiable,0,960,Automatic,Toyota,2014,"About
                            patpat





About Us
Terms and s
Privacy policy
Partnerships
Ad Upgrade Details
Banner Advertising Details",Vitz,Petrol,gray,Car(Hatchback),https://patpat.lk/en/ad/vehicle/toyota-vitz-2014-246933
"8,090,000","250,000",1500,Automatic,Toyota,2010,"About
                            patpat





About Us
Terms and s
Privacy policy
Partnerships
Ad Upgrade Details
Banner Advertising Details",Axio,Petrol,white,Car(Sedan),https://patpat.lk/en/ad/vehicle/toyota-axio-2010-246718
Negotiable,"122,000",1329,Automatic,Toyota,2014,"About
                            patpat





About Us
Terms and s
Privacy policy
Partnerships
Ad Upgrade Details
Banner Advertising Details",Premio,Petrol,white,Car(Hatchback),https://patpat.lk/en/ad/vehicle/toyota-premio-2014-246626
"4,810,000","184,000",1500,Automatic,Toyota,2003,"About
                            patpat





About Us
Terms and s
Privacy policy
Partnerships
Ad Upgrade Details
Banner Advertising Details",Vios,Petrol,gold,Car(Sedan),https://patpat.lk/en/ad/vehicle/toyota-vios-2003-246845
Negotiable,"150,000",1490,Automatic,Toyota,2014,"About
                            patpat





About Us
Terms and s
Privacy policy
Partnerships
Ad Upgrade Details
Banner Advertising Details",Premio,Petrol,black,Car(Hatchback),https://patpat.lk/en/ad/vehicle/toyota-premio-2014-246646
Negotiable,0,1496,Automatic,Toyota,2011,"About
                            patpat





About Us
Terms and s
Privacy policy
Partnerships
Ad Upgrade Details
Banner Advertising Details",Allion,Petrol,gray,Car(Hatchback),https://patpat.lk/en/ad/vehicle/toyota-allion-2011-246675
"3,750,000","200,000",2000,Automatic,Toyota,1996,"About
                            patpat





About Us
Terms and s
Privacy policy
Partnerships
Ad Upgrade Details
Banner Advertising Details",Carina,Diesel,silver,Car(Hatchback),https://patpat.lk/en/ad/vehicle/toyota-carina-1996-246691
"8,975,000","18,000",1000,Automatic,Toyota,2023,"About
                            patpat





About Us
Terms and s
Privacy policy
Partnerships
Ad Upgrade Details
Banner Advertising Details",Yaris,Petrol,white,Car(Hatchback),https://patpat.lk/en/ad/vehicle/toyota-yaris-2023-246595
Negotiable,"118,000",1000,Automatic,Toyota,2007,"About
                            patpat





About Us
Terms and s
Privacy policy
Partnerships
Ad Upgrade Details
Banner Advertising Details",Vitz,Petrol,silver,Car(Hatchback),https://patpat.lk/en/ad/vehicle/toyota-vitz-2007-246463
Negotiable,"171,000",1496,Automatic,Toyota,2013,"About
                            patpat





About Us
Terms and s
Privacy policy
Partnerships
Ad Upgrade Details
Banner Advertising Details",Prius,Petrol,blue,Car(Hatchback),https://patpat.lk/en/ad/vehicle/toyota-prius-2013-246405
"9,750,000","214,000",1300,Automatic,Toyota,2012,"About
                            patpat





About Us
Terms and s
Privacy policy
Partnerships
Ad Upgrade Details
Banner Advertising Details",Premio,Petrol,white,Car(Saloon),https://patpat.lk/en/ad/vehicle/toyota-premio-2012-246411
Negotiable,"183,000",1496,Automatic,Toyota,2014,"About
                            patpat





About Us
Terms and s
Privacy policy
Partnerships
Ad Upgrade Details
Banner Advertising Details",Aqua,Petrol,black,Car(Hatchback),https://patpat.lk/en/ad/vehicle/toyota-aqua-2014-246320
Negotiable,"123,456",1500,Manual,Toyota,1988,"About
                            patpat





About Us
Terms and s
Privacy policy
Partnerships
Ad Upgrade Details
Banner Advertising Details",Corolla,Petrol,white,Car(Station wagon),https://patpat.lk/en/ad/vehicle/toyota-corolla-1988-246350
Negotiable,"113,000",1500,Automatic,Toyota,2014,"About
                            patpat





About Us
Terms and s
Privacy policy
Partnerships
Ad Upgrade Details
Banner Advertising Details",Premio,Petrol,maroon,Car(Sedan),https://patpat.lk/en/ad/vehicle/toyota-premio-2014-246375
"5,750,000",N/A,N/A,"Automatic



Manual



Other



Tiptronic",,N/A,"About
                            patpat





About Us
Terms and s
Privacy policy
Partnerships
Ad Upgrade Details
Banner Advertising Details",,"Diesel



Electric



Hybrid



Petrol",N/A,"Bike



Bus



Car



Heavy



Land



SUV



Three wheeler



Truck



Van



Pick-up 



Multi Purpose",https://patpat.lk/en/sri-lanka/vehicle/car/toyota?page=115
"5,150,000","78,000",1000,Automatic,Toyota,2008,"About
                            patpat





About Us
Terms and s
Privacy policy
Partnerships
Ad Upgrade Details
Banner Advertising Details",Vitz,Petrol,black,Car(Hatchback),https://patpat.lk/en/ad/vehicle/toyota-vitz-2008-246491
"5,450,000","128,000",1500,Automatic,Toyota,2008,"About
                            patpat





About Us
Terms and s
Privacy policy
Partnerships
Ad Upgrade Details
Banner Advertising Details",Vitz,Petrol,black,Car(Liftback),https://patpat.lk/en/ad/vehicle/toyota-vitz-2008-246474
"8,175,000","160,000",1780,Automatic,Toyota,2010,"About
                            patpat





About Us
Terms and s
Privacy policy
Partnerships
Ad Upgrade Details
Banner Advertising Details",Prius,Hybrid,silver,Car(Hatchback),https://patpat.lk/en/ad/vehicle/toyota-prius-2010-246481
"11,300,000","205,000",1500,Automatic,Toyota,2014,"About
                            patpat





About Us
Terms and s
Privacy policy
Partnerships
Ad Upgrade Details
Banner Advertising Details",Premio,Petrol,maroon,Car(Saloon),https://patpat.lk/en/ad/vehicle/toyota-premio-2014-246263
"4,800,000",0,990,Automatic,Toyota,2007,"About
                            patpat





About Us
Terms and s
Privacy policy
Partnerships
Ad Upgrade Details
Banner Advertising Details",Passo,Petrol,black,Car(Hatchback),https://patpat.lk/en/ad/vehicle/toyota-passo-2007-246315
"3,250,000","210,000",1490,Manual,Toyota,2000,"About
                            patpat





About Us
Terms and s
Privacy policy
Partnerships
Ad Upgrade Details
Banner Advertising Details",Corolla,Petrol,white,Car(Sedan),https://patpat.lk/en/ad/vehicle/toyota-corolla-2000-246292
"11,700,000","128,000",1500,Automatic,Toyota,2014,"About
                            patpat





About Us
Terms and s
Privacy policy
Partnerships
Ad Upgrade Details
Banner Advertising Details",Premio,Petrol,white,Car(Liftback),https://patpat.lk/en/ad/vehicle/toyota-premio-2014-246258
"5,700,000","200,000",1000,Automatic,Toyota,2007,"About
                            patpat





About Us
Terms and s
Privacy policy
Partnerships
Ad Upgrade Details
Banner Advertising Details",Belta,Petrol,silver,Car(Sedan),https://patpat.lk/en/ad/vehicle/toyota-belta-2007-246214
Negotiable,"134,000",1496,Automatic,Toyota,2014,"About
                            patpat





About Us
Terms and s
Privacy policy
Partnerships
Ad Upgrade Details
Banner Advertising Details",Aqua,Petrol,white,Car(Hatchback),https://patpat.lk/en/ad/vehicle/toyota-aqua-2014-246244
"9,500,000",0,1500,Automatic,Toyota,2011,"About
                            patpat





About Us
Terms and s
Privacy policy
Partnerships
Ad Upgrade Details
Banner Advertising Details",Premio,Petrol,white,Car(Saloon),https://patpat.lk/en/ad/vehicle/toyota-premio-2011-246241
Negotiable,"85,000",1496,Automatic,Toyota,2016,"About
                            patpat





About Us
Terms and s
Privacy policy
Partnerships
Ad Upgrade Details
Banner Advertising Details",Aqua,Petrol,white,Car(Hatchback),https://patpat.lk/en/ad/vehicle/toyota-aqua-2016-246210
"7,650,000","185,000",1500,Automatic,Toyota,2014,"About
                            patpat





About Us
Terms and s
Privacy policy
Partnerships
Ad Upgrade Details
Banner Advertising Details",Aqua,Hybrid,purple,Car(Liftback),https://patpat.lk/en/ad/vehicle/toyota-aqua-2014-246217
"10,400,000","167,000",1500,Automatic,Toyota,2013,"About
                            patpat





About Us
Terms and s
Privacy policy
Partnerships
Ad Upgrade Details
Banner Advertising Details",Premio,Petrol,white,Car(Liftback),https://patpat.lk/en/ad/vehicle/toyota-premio-2013-246226
"8,500,000","214,000",1800,Automatic,Toyota,2011,"About
                            patpat





About Us
Terms and s
Privacy policy
Partnerships
Ad Upgrade Details
Banner Advertising Details",Prius,Hybrid,white,Car(Liftback),https://patpat.lk/en/ad/vehicle/toyota-prius-2011-246221
Negotiable,"117,000",1496,Automatic,Toyota,2016,"About
                            patpat





About Us
Terms and s
Privacy policy
Partnerships
Ad Upgrade Details
Banner Advertising Details",Aqua,Petrol,white,Car(Hatchback),https://patpat.lk/en/ad/vehicle/toyota-aqua-2016-246194
Negotiable,"46,000",1000,Automatic,Toyota,2023,"About
                            patpat





About Us
Terms and s
Privacy policy
Partnerships
Ad Upgrade Details
Banner Advertising Details",Yaris,Petrol,white,Car(Hatchback),https://patpat.lk/en/ad/vehicle/toyota-yaris-2023-246066
Negotiable,"157,000",1496,Automatic,Toyota,2015,"About
                            patpat





About Us
Terms and s
Privacy policy
Partnerships
Ad Upgrade Details
Banner Advertising Details",Aqua,Petrol,brown,Car(Hatchback),https://patpat.lk/en/ad/vehicle/toyota-aqua-2015-246176
"2,800,000","220,000",1500,Manual,Toyota,2002,"About
                            patpat





About Us
Terms and s
Privacy policy
Partnerships
Ad Upgrade Details
Banner Advertising Details",Soluna,Petrol,silver,Car(Sedan),https://patpat.lk/en/ad/vehicle/toyota-soluna-2002-246149
"7,150,000","175,000",1490,Automatic,Toyota,2014,"About
                            patpat





About Us
Terms and s
Privacy policy
Partnerships
Ad Upgrade Details
Banner Advertising Details",Aqua,Petrol,blue,Car(Hatchback),https://patpat.lk/en/ad/vehicle/toyota-aqua-2014-246137
Negotiable,"119,000",1496,Automatic,Toyota,2015,"About
                            patpat





About Us
Terms and s
Privacy policy
Partnerships
Ad Upgrade Details
Banner Advertising Details",Axio,Petrol,white,Car(Hatchback),https://patpat.lk/en/ad/vehicle/toyota-axio-2015-245916
Negotiable,N/A,N/A,"Automatic



Manual



Other



Tiptronic",,N/A,"About
                            patpat





About Us
Terms and s
Privacy policy
Partnerships
Ad Upgrade Details
Banner Advertising Details",,"Diesel



Electric



Hybrid



Petrol",N/A,"Bike



Bus



Car



Heavy



Land



SUV



Three wheeler



Truck



Van



Pick-up 



Multi Purpose",https://patpat.lk/en/sri-lanka/vehicle/car/toyota?page=116
Negotiable,"176,500",1497,Automatic,Toyota,2004,"About
                            patpat





About Us
Terms and s
Privacy policy
Partnerships
Ad Upgrade Details
Banner Advertising Details",Vios,Petrol,silver,Car(Sedan),https://patpat.lk/en/ad/vehicle/toyota-vios-2004-246032
Negotiable,"163,000",1496,Automatic,Toyota,2015,"About
                            patpat





About Us
Terms and s
Privacy policy
Partnerships
Ad Upgrade Details
Banner Advertising Details",Axio,Petrol,maroon,Car(Hatchback),https://patpat.lk/en/ad/vehicle/toyota-axio-2015-245910
Negotiable,"160,000",1496,Automatic,Toyota,2016,"About
                            patpat





About Us
Terms and s
Privacy policy
Partnerships
Ad Upgrade Details
Banner Advertising Details",Axio,Petrol,white,Car(Hatchback),https://patpat.lk/en/ad/vehicle/toyota-axio-2016-245867
Negotiable,"150,000",1798,Automatic,Toyota,2014,"About
                            patpat





About Us
Terms and s
Privacy policy
Partnerships
Ad Upgrade Details
Banner Advertising Details",Premio,Petrol,black,Car(Hatchback),https://patpat.lk/en/ad/vehicle/toyota-premio-2014-245871
"6,400,000","170,000",1490,Automatic,Toyota,2008,"About
                            patpat





About Us
Terms and s
Privacy policy
Partnerships
Ad Upgrade Details
Banner Advertising Details",Corolla,Petrol,black,Car(Saloon),https://patpat.lk/en/ad/vehicle/toyota-corolla-2008-245872
"6,200,000","155,000",1000,Automatic,Toyota,2007,"About
                            patpat





About Us
Terms and s
Privacy policy
Partnerships
Ad Upgrade Details
Banner Advertising Details",IST,Petrol,white,Car(Liftback),https://patpat.lk/en/ad/vehicle/toyota-ist-2007-245564
"5,750,000","177,000",1300,Automatic,Toyota,2008,"About
                            patpat





About Us
Terms and s
Privacy policy
Partnerships
Ad Upgrade Details
Banner Advertising Details",Yaris,Petrol,black,Car(Hatchback),https://patpat.lk/en/ad/vehicle/toyota-yaris-2008-245728
Negotiable,"153,500",1797,Automatic,Toyota,2010,"About
                            patpat





About Us
Terms and s
Privacy policy
Partnerships
Ad Upgrade Details
Banner Advertising Details",Premio,Petrol,black,Car(Hatchback),https://patpat.lk/en/ad/vehicle/toyota-premio-2010-245752
Negotiable,"117,000",1500,Automatic,Toyota,2017,"About
                            patpat





About Us
Terms and s
Privacy policy
Partnerships
Ad Upgrade Details
Banner Advertising Details",Axio,Hybrid,white,Car(Hatchback),https://patpat.lk/en/ad/vehicle/toyota-axio-2017-245544
"7,580,000","171,890",1500,Automatic,Toyota,2013,"About
                            patpat





About Us
Terms and s
Privacy policy
Partnerships
Ad Upgrade Details
Banner Advertising Details",Aqua,Hybrid,black,Car(Hatchback),https://patpat.lk/en/ad/vehicle/toyota-aqua-2013-245523
"10,800,000","143,714",1500,Automatic,Toyota,2016,"About
                            patpat





About Us
Terms and s
Privacy policy
Partnerships
Ad Upgrade Details
Banner Advertising Details",Axio,Hybrid,white,Car(Hatchback),https://patpat.lk/en/ad/vehicle/toyota-axio-2016-245656
"7,400,000","80,000",1500,Automatic,Toyota,2014,"About
                            patpat





About Us
Terms and s
Privacy policy
Partnerships
Ad Upgrade Details
Banner Advertising Details",Aqua,Petrol,silver,Car(Saloon),https://patpat.lk/en/ad/vehicle/toyota-aqua-2014-245688
Negotiable,"9,256",1000,Automatic,Toyota,2025,"About
                            patpat





About Us
Terms and s
Privacy policy
Partnerships
Ad Upgrade Details
Banner Advertising Details",Yaris,Diesel,white,Car(Liftback),https://patpat.lk/en/ad/vehicle/toyota-yaris-2025-245682
Negotiable,0,1500,Automatic,Toyota,2008,"About
                            patpat





About Us
Terms and s
Privacy policy
Partnerships
Ad Upgrade Details
Banner Advertising Details",Premio,Petrol,silver,Car(Saloon),https://patpat.lk/en/ad/vehicle/toyota-premio-2008-241475
Negotiable,0,1490,Manual,Toyota,1997,"About
                            patpat





About Us
Terms and s
Privacy policy
Partnerships
Ad Upgrade Details
Banner Advertising Details",Carina,Petrol,white,Car(Hatchback),https://patpat.lk/en/ad/vehicle/toyota-carina-1997-245465
"8,300,000","185,000",1500,Automatic,Toyota,2007,"About
                            patpat





About Us
Terms and s
Privacy policy
Partnerships
Ad Upgrade Details
Banner Advertising Details",Allion,Petrol,white,Car(Sedan),https://patpat.lk/en/ad/vehicle/toyota-allion-2007-245529
Negotiable,0,1794,Automatic,Toyota,2008,"About
                            patpat





About Us
Terms and s
Privacy policy
Partnerships
Ad Upgrade Details
Banner Advertising Details",Corolla,Petrol,green,Car(Hatchback),https://patpat.lk/en/ad/vehicle/toyota-corolla-2008-245694
Negotiable,"90,000",1500,Automatic,Toyota,2018,"About
                            patpat





About Us
Terms and s
Privacy policy
Partnerships
Ad Upgrade Details
Banner Advertising Details",Axio,Hybrid,white,Car(Sedan),https://patpat.lk/en/ad/vehicle/toyota-axio-2018-245613
"8,990,000","20,800",1800,Automatic,Toyota,2011,"About
                            patpat





About Us
Terms and s
Privacy policy
Partnerships
Ad Upgrade Details
Banner Advertising Details",Prius,Hybrid,white,Car(),https://patpat.lk/en/ad/vehicle/toyota-prius-2011-245608
"8,200,000","175,000",1000,Automatic,Toyota,2005,"About
                            patpat





About Us
Terms and s
Privacy policy
Partnerships
Ad Upgrade Details
Banner Advertising Details",Allion,Petrol,white,Car(Saloon),https://patpat.lk/en/ad/vehicle/toyota-allion-2005-245559
"2,450,000",N/A,N/A,"Automatic



Manual



Other



Tiptronic",,N/A,"About
                            patpat





About Us
Terms and s
Privacy policy
Partnerships
Ad Upgrade Details
Banner Advertising Details",,"Diesel



Electric



Hybrid



Petrol",N/A,"Bike



Bus



Car



Heavy



Land



SUV



Three wheeler



Truck



Van



Pick-up 



Multi Purpose",https://patpat.lk/en/sri-lanka/vehicle/car/toyota?page=117
"7,950,000","125,000",1330,Automatic,Toyota,2014,"About
                            patpat





About Us
Terms and s
Privacy policy
Partnerships
Ad Upgrade Details
Banner Advertising Details",Aqua,Petrol,silver,Car(Station wagon),https://patpat.lk/en/ad/vehicle/toyota-aqua-2014-245262
Negotiable,0,1200,Automatic,Toyota,2017,"About
                            patpat





About Us
Terms and s
Privacy policy
Partnerships
Ad Upgrade Details
Banner Advertising Details",Passo,Petrol,black,Car(Convertible),https://patpat.lk/en/ad/vehicle/toyota-passo-2017-245247
"8,390,000","95,400",1500,Automatic,Toyota,2015,"About
                            patpat





About Us
Terms and s
Privacy policy
Partnerships
Ad Upgrade Details
Banner Advertising Details",Aqua,Hybrid,red,Car(Hatchback),https://patpat.lk/en/ad/vehicle/toyota-aqua-2015-245202
"8,850,000","185,000",17900,Automatic,Toyota,2010,"About
                            patpat





About Us
Terms and s
Privacy policy
Partnerships
Ad Upgrade Details
Banner Advertising Details",Prius,Hybrid,blue,Car(Sedan),https://patpat.lk/en/ad/vehicle/toyota-prius-2010-245077
"6,600,000","211,000",1590,Automatic,Toyota,2008,"About
                            patpat





About Us
Terms and s
Privacy policy
Partnerships
Ad Upgrade Details
Banner Advertising Details",Corolla,Petrol,silver,Car(Liftback),https://patpat.lk/en/ad/vehicle/toyota-corolla-2008-245256
Negotiable,0,1200,Automatic,Toyota,2013,"About
                            patpat





About Us
Terms and s
Privacy policy
Partnerships
Ad Upgrade Details
Banner Advertising Details",Fit,Petrol,blue,Car(Hatchback),https://patpat.lk/en/ad/vehicle/toyota-fit-2013-245242
Negotiable,0,1400,Automatic,Toyota,2013,"About
                            patpat





About Us
Terms and s
Privacy policy
Partnerships
Ad Upgrade Details
Banner Advertising Details",Prius,Petrol,gray,Car(Hatchback),https://patpat.lk/en/ad/vehicle/toyota-prius-2013-245233
"9,500,000","172,000",1500,Automatic,Toyota,2011,"About
                            patpat





About Us
Terms and s
Privacy policy
Partnerships
Ad Upgrade Details
Banner Advertising Details",Premio,Petrol,white,Car(Sedan),https://patpat.lk/en/ad/vehicle/toyota-premio-2011-245212
"6,000,000","340,000",1000,Automatic,Toyota,2008,"About
                            patpat





About Us
Terms and s
Privacy policy
Partnerships
Ad Upgrade Details
Banner Advertising Details",Prius,Petrol,white,Car(Hatchback),https://patpat.lk/en/ad/vehicle/toyota-prius-2008-245222
"7,400,000","91,000",1000,Automatic,Toyota,2018,"About
                            patpat





About Us
Terms and s
Privacy policy
Partnerships
Ad Upgrade Details
Banner Advertising Details",Vitz,Hybrid,gray,Car(Hatchback),https://patpat.lk/en/ad/vehicle/toyota-vitz-2018-245186
"7,800,000","72,700",1000,Automatic,Toyota,2018,"About
                            patpat





About Us
Terms and s
Privacy policy
Partnerships
Ad Upgrade Details
Banner Advertising Details",Vitz,Petrol,gray,Car(Liftback),https://patpat.lk/en/ad/vehicle/toyota-vitz-2018-245182
Negotiable,0,1008,Automatic,Toyota,2013,"About
                            patpat





About Us
Terms and s
Privacy policy
Partnerships
Ad Upgrade Details
Banner Advertising Details",Prius,Petrol,silver,Car(Hatchback),https://patpat.lk/en/ad/vehicle/toyota-prius-2013-244922
Negotiable,0,1500,Automatic,Toyota,1997,"About
                            patpat





About Us
Terms and s
Privacy policy
Partnerships
Ad Upgrade Details
Banner Advertising Details",Corolla,Petrol,gray,Car(Saloon),https://patpat.lk/en/ad/vehicle/toyota-corolla-1997-245055
Negotiable,"75,000",1500,Automatic,Toyota,2010,"About
                            patpat





About Us
Terms and s
Privacy policy
Partnerships
Ad Upgrade Details
Banner Advertising Details",Axio,Petrol,white,Car(Saloon),https://patpat.lk/en/ad/vehicle/toyota-axio-2010-245173
"6,690,000","158,000",1300,Automatic,Toyota,2011,"About
                            patpat





About Us
Terms and s
Privacy policy
Partnerships
Ad Upgrade Details
Banner Advertising Details",Yaris,Petrol,silver,Car(Saloon),https://patpat.lk/en/ad/vehicle/toyota-yaris-2011-244859
Negotiable,"125,000",1500,Automatic,Toyota,2013,"About
                            patpat





About Us
Terms and s
Privacy policy
Partnerships
Ad Upgrade Details
Banner Advertising Details",Premio,Petrol,maroon,Car(Saloon),https://patpat.lk/en/ad/vehicle/toyota-premio-2013-245096
"8,500,000","117,000",1500,Automatic,Toyota,2015,"About
                            patpat





About Us
Terms and s
Privacy policy
Partnerships
Ad Upgrade Details
Banner Advertising Details",Aqua,Hybrid,white,Car(Hatchback),https://patpat.lk/en/ad/vehicle/toyota-aqua-2015-245025
"5,300,000","110,000",1000,Automatic,Toyota,2009,"About
                            patpat





About Us
Terms and s
Privacy policy
Partnerships
Ad Upgrade Details
Banner Advertising Details",Vitz,Petrol,blue,Car(Hatchback),https://patpat.lk/en/ad/vehicle/toyota-vitz-2009-245026
"7,800,000","206,000",1500,Automatic,Toyota,2008,"About
                            patpat





About Us
Terms and s
Privacy policy
Partnerships
Ad Upgrade Details
Banner Advertising Details",Axio,Petrol,red,Car(Sedan),https://patpat.lk/en/ad/vehicle/toyota-axio-2008-244584
"7,500,000","112,000",1500,Automatic,Toyota,2013,"About
                            patpat





About Us
Terms and s
Privacy policy
Partnerships
Ad Upgrade Details
Banner Advertising Details",Aqua,Hybrid,red,Car(Hatchback),https://patpat.lk/en/ad/vehicle/toyota-aqua-2013-244599
"875,000",N/A,N/A,"Automatic



Manual



Other



Tiptronic",,N/A,"About
                            patpat





About Us
Terms and s
Privacy policy
Partnerships
Ad Upgrade Details
Banner Advertising Details",,"Diesel



Electric



Hybrid



Petrol",N/A,"Bike



Bus



Car



Heavy



Land



SUV



Three wheeler



Truck



Van



Pick-up 



Multi Purpose",https://patpat.lk/en/sri-lanka/vehicle/car/toyota?page=118
"11,690,000",N/A,N/A,"Automatic



Manual



Other



Tiptronic",,N/A,"About
                            patpat





About Us
Terms and s
Privacy policy
Partnerships
Ad Upgrade Details
Banner Advertising Details",,"Diesel



Electric



Hybrid



Petrol",N/A,"Bike



Bus



Car



Heavy



Land



SUV



Three wheeler



Truck



Van



Pick-up 



Multi Purpose",https://patpat.lk/en/sri-lanka/vehicle/car/toyota?page=119
Negotiable,"85,000",1000,Automatic,Toyota,2017,"About
                            patpat





About Us
Terms and s
Privacy policy
Partnerships
Ad Upgrade Details
Banner Advertising Details",Vitz,Petrol,black,Car(Sedan),https://patpat.lk/en/ad/vehicle/toyota-vitz-2017-244671
"5,800,000","120,000",990,Automatic,Toyota,2011,"About
                            patpat





About Us
Terms and s
Privacy policy
Partnerships
Ad Upgrade Details
Banner Advertising Details",Vitz,Petrol,white,Car(Hatchback),https://patpat.lk/en/ad/vehicle/toyota-vitz-2011-244875
Negotiable,"175,000",1000,Automatic,Toyota,2008,"About
                            patpat





About Us
Terms and s
Privacy policy
Partnerships
Ad Upgrade Details
Banner Advertising Details",Belta,Petrol,silver,Car(Sedan),https://patpat.lk/en/ad/vehicle/toyota-belta-2008-244929
"13,100,000","185,000",1500,Automatic,Toyota,2017,"About
                            patpat





About Us
Terms and s
Privacy policy
Partnerships
Ad Upgrade Details
Banner Advertising Details",Premio,Hybrid,black,Car(Sedan),https://patpat.lk/en/ad/vehicle/toyota-premio-2017-244672
"2,450,000",0,700,Manual,Toyota,2002,"About
                            patpat





About Us
Terms and s
Privacy policy
Partnerships
Ad Upgrade Details
Banner Advertising Details",Carina,Petrol,black,Car(Sedan),https://patpat.lk/en/ad/vehicle/toyota-carina-2002-244853
Negotiable,"120,000",1000,Automatic,Toyota,2010,"About
                            patpat





About Us
Terms and s
Privacy policy
Partnerships
Ad Upgrade Details
Banner Advertising Details",Vitz,Petrol,gray,Car(Hatchback),https://patpat.lk/en/ad/vehicle/toyota-vitz-2010-244675
Negotiable,0,1800,Manual,Toyota,2005,"About
                            patpat





About Us
Terms and s
Privacy policy
Partnerships
Ad Upgrade Details
Banner Advertising Details",Premio,Petrol,silver,Car(Sedan),https://patpat.lk/en/ad/vehicle/toyota-premio-2005-244808
"13,500,000","112,000",1800,Automatic,Toyota,2016,"About
                            patpat





About Us
Terms and s
Privacy policy
Partnerships
Ad Upgrade Details
Banner Advertising Details",Premio,Petrol,white,Car(Saloon),https://patpat.lk/en/ad/vehicle/toyota-premio-2016-244806
Negotiable,0,1200,Automatic,Toyota,2025,"About
                            patpat





About Us
Terms and s
Privacy policy
Partnerships
Ad Upgrade Details
Banner Advertising Details",Yaris Ativ,Petrol,gray,Car(),https://patpat.lk/en/ad/vehicle/toyota-yaris-ativ-2025-244745
Negotiable,0,1800,Manual,Toyota,1998,"About
                            patpat





About Us
Terms and s
Privacy policy
Partnerships
Ad Upgrade Details
Banner Advertising Details",Allion,Petrol,maroon,Car(Sedan),https://patpat.lk/en/ad/vehicle/toyota-allion-1998-244817
"3,850,000","187,000",1500,Automatic,Toyota,1997,"About
                            patpat





About Us
Terms and s
Privacy policy
Partnerships
Ad Upgrade Details
Banner Advertising Details",Corolla,Petrol,green,Car(Saloon),https://patpat.lk/en/ad/vehicle/toyota-corolla-1997-244779
"13,500,000","67,000",1490,Automatic,Toyota,2017,"About
                            patpat





About Us
Terms and s
Privacy policy
Partnerships
Ad Upgrade Details
Banner Advertising Details",Premio,Petrol,white,Car(Sedan),https://patpat.lk/en/ad/vehicle/toyota-premio-2017-244802
"6,350,000",0,1600,Manual,Toyota,2008,"About
                            patpat





About Us
Terms and s
Privacy policy
Partnerships
Ad Upgrade Details
Banner Advertising Details",Corolla,Petrol,black,Car(Sedan),https://patpat.lk/en/ad/vehicle/toyota-corolla-2008-244800
"2,700,000",827,1500,Manual,Toyota,1994,"About
                            patpat





About Us
Terms and s
Privacy policy
Partnerships
Ad Upgrade Details
Banner Advertising Details",Sprinter,Petrol,silver,Car(Saloon),https://patpat.lk/en/ad/vehicle/toyota-sprinter-1994-244680
"3,900,000","410,000",1500,Manual,Toyota,1996,"About
                            patpat





About Us
Terms and s
Privacy policy
Partnerships
Ad Upgrade Details
Banner Advertising Details",Carina,Diesel,white,Car(Saloon),https://patpat.lk/en/ad/vehicle/toyota-carina-1996-244304
Negotiable,0,1798,Automatic,Toyota,2011,"About
                            patpat





About Us
Terms and s
Privacy policy
Partnerships
Ad Upgrade Details
Banner Advertising Details",Prius,Petrol,black,Car(Hatchback),https://patpat.lk/en/ad/vehicle/toyota-prius-2011-244373
Negotiable,"135,000",1798,Automatic,Toyota,2016,"About
                            patpat





About Us
Terms and s
Privacy policy
Partnerships
Ad Upgrade Details
Banner Advertising Details",Prius,Hybrid,white,Car(Hatchback),https://patpat.lk/en/ad/vehicle/toyota-prius-2016-244437
"8,850,000","28,500",1330,Automatic,Toyota,2019,"About
                            patpat





About Us
Terms and s
Privacy policy
Partnerships
Ad Upgrade Details
Banner Advertising Details",Vitz,Petrol,white,Car(Sedan),https://patpat.lk/en/ad/vehicle/toyota-vitz-2019-244669
Negotiable,"56,000",1000,Automatic,Toyota,2017,"About
                            patpat





About Us
Terms and s
Privacy policy
Partnerships
Ad Upgrade Details
Banner Advertising Details",Vitz,Petrol,blue,Car(Hatchback),https://patpat.lk/en/ad/vehicle/toyota-vitz-2017-244275
"7,200,000","215,000",0,Manual,Toyota,2013,"About
                            patpat





About Us
Terms and s
Privacy policy
Partnerships
Ad Upgrade Details
Banner Advertising Details",Aqua,Petrol,black,Car(Hatchback),https://patpat.lk/en/ad/vehicle/toyota-aqua-2013-244608
"15,500,000","78,000",1490,Automatic,Toyota,2019,"About
                            patpat





About Us
Terms and s
Privacy policy
Partnerships
Ad Upgrade Details
Banner Advertising Details",Premio,Petrol,red,Car(Sedan),https://patpat.lk/en/ad/vehicle/toyota-premio-2019-244579
"7,000,000","120,000",1500,Automatic,Toyota,2013,"About
                            patpat





About Us
Terms and s
Privacy policy
Partnerships
Ad Upgrade Details
Banner Advertising Details",Aqua,Petrol,black,Car(Hatchback),https://patpat.lk/en/ad/vehicle/toyota-aqua-2013-244562
"8,500,000","143,641",1490,Automatic,Toyota,2015,"About
                            patpat





About Us
Terms and s
Privacy policy
Partnerships
Ad Upgrade Details
Banner Advertising Details",Aqua,Petrol,white,Car(Hatchback),https://patpat.lk/en/ad/vehicle/toyota-aqua-2015-244589
Negotiable,"150,000",1500,Automatic,Toyota,2012,"About
                            patpat





About Us
Terms and s
Privacy policy
Partnerships
Ad Upgrade Details
Banner Advertising Details",Premio,Hybrid,maroon,Car(Sedan),https://patpat.lk/en/ad/vehicle/toyota-premio-2012-244342
"875,000","120,000",1200,Manual,Toyota,1983,"About
                            patpat





About Us
Terms and s
Privacy policy
Partnerships
Ad Upgrade Details
Banner Advertising Details",Caldina,Petrol,white,Car(Saloon),https://patpat.lk/en/ad/vehicle/toyota-caldina-1983-244314
"6,550,000","198,000",1000,Automatic,Toyota,2012,"About
                            patpat





About Us
Terms and s
Privacy policy
Partnerships
Ad Upgrade Details
Banner Advertising Details",Aqua,Petrol,white,Car(Hatchback),https://patpat.lk/en/ad/vehicle/toyota-aqua-2012-244547
Negotiable,0,1496,Automatic,Toyota,2024,"About
                            patpat





About Us
Terms and s
Privacy policy
Partnerships
Ad Upgrade Details
Banner Advertising Details",Yaris,Petrol,white,Car(Hatchback),https://patpat.lk/en/ad/vehicle/toyota-yaris-2024-244509
"4,300,000","237,000",1500,Automatic,Toyota,1997,"About
                            patpat





About Us
Terms and s
Privacy policy
Partnerships
Ad Upgrade Details
Banner Advertising Details",Corolla,Petrol,white,Car(Hatchback),https://patpat.lk/en/ad/vehicle/toyota-corolla-1997-244415
"9,300,000","140,000",1800,Automatic,Toyota,2010,"About
                            patpat





About Us
Terms and s
Privacy policy
Partnerships
Ad Upgrade Details
Banner Advertising Details",Allion,Petrol,black,Car(Sedan),https://patpat.lk/en/ad/vehicle/toyota-allion-2010-244500
Negotiable,"136,000",1500,Automatic,Toyota,2014,"About
                            patpat





About Us
Terms and s
Privacy policy
Partnerships
Ad Upgrade Details
Banner Advertising Details",Prius,Hybrid,white,Car(Hatchback),https://patpat.lk/en/ad/vehicle/toyota-prius-2014-244510
"7,800,000","92,000",1500,Automatic,Toyota,2018,"About
                            patpat





About Us
Terms and s
Privacy policy
Partnerships
Ad Upgrade Details
Banner Advertising Details",Vitz,Petrol,white,Car(Saloon),https://patpat.lk/en/ad/vehicle/toyota-vitz-2018-244490
"7,300,000",0,1200,Automatic,Toyota,2017,"About
                            patpat





About Us
Terms and s
Privacy policy
Partnerships
Ad Upgrade Details
Banner Advertising Details",Tank,Petrol,white,Car(Hatchback),https://patpat.lk/en/ad/vehicle/toyota-tank-2017-244467
"2,590,000","300,000",2000,Manual,Toyota,1991,"About
                            patpat





About Us
Terms and s
Privacy policy
Partnerships
Ad Upgrade Details
Banner Advertising Details",Corolla,Diesel,white,Car(Hatchback),https://patpat.lk/en/ad/vehicle/toyota-corolla-1991-244486
"7,675,000","68,000",1500,Automatic,Toyota,2018,"About
                            patpat





About Us
Terms and s
Privacy policy
Partnerships
Ad Upgrade Details
Banner Advertising Details",Vitz,Petrol,black,Car(Hatchback),https://patpat.lk/en/ad/vehicle/toyota-vitz-2018-244379
Negotiable,0,1500,Automatic,Toyota,2025,"About
                            patpat





About Us
Terms and s
Privacy policy
Partnerships
Ad Upgrade Details
Banner Advertising Details",Axio,Hybrid,maroon,Car(Sedan),https://patpat.lk/en/ad/vehicle/toyota-axio-2025-244394
Negotiable,"117,000",1500,Automatic,Toyota,2017,"About
                            patpat





About Us
Terms and s
Privacy policy
Partnerships
Ad Upgrade Details
Banner Advertising Details",Axio,Hybrid,white,Car(),https://patpat.lk/en/ad/vehicle/toyota-axio-2017-244430
Negotiable,"160,000",1500,Automatic,Toyota,2013,"About
                            patpat





About Us
Terms and s
Privacy policy
Partnerships
Ad Upgrade Details
Banner Advertising Details",Prius,Hybrid,black,Car(),https://patpat.lk/en/ad/vehicle/toyota-prius-2013-244435
Negotiable,0,1500,Automatic,Toyota,2025,"About
                            patpat





About Us
Terms and s
Privacy policy
Partnerships
Ad Upgrade Details
Banner Advertising Details",Premio,Petrol,white,Car(Liftback),https://patpat.lk/en/ad/vehicle/toyota-premio-2025-244399
"10,200,000",0,1000,Automatic,Toyota,2025,"About
                            patpat





About Us
Terms and s
Privacy policy
Partnerships
Ad Upgrade Details
Banner Advertising Details",Yaris,Petrol,white,Car(),https://patpat.lk/en/ad/vehicle/toyota-yaris-2025-244238
Negotiable,"170,000",1500,Automatic,Toyota,2013,"About
                            patpat





About Us
Terms and s
Privacy policy
Partnerships
Ad Upgrade Details
Banner Advertising Details",Premio,Petrol,white,Car(Sedan),https://patpat.lk/en/ad/vehicle/toyota-premio-2013-244121
Negotiable,"230,000",1500,Automatic,Toyota,2008,"About
                            patpat





About Us
Terms and s
Privacy policy
Partnerships
Ad Upgrade Details
Banner Advertising Details",Allion,Petrol,white,Car(Sedan),https://patpat.lk/en/ad/vehicle/toyota-allion-2008-244143
Negotiable,"168,000",1500,Automatic,Toyota,2006,"About
                            patpat





About Us
Terms and s
Privacy policy
Partnerships
Ad Upgrade Details
Banner Advertising Details",Allion,Petrol,blue,Car(Sedan),https://patpat.lk/en/ad/vehicle/toyota-allion-2006-244114
"7,150,000","75,000",1000,Automatic,Toyota,2016,"About
                            patpat





About Us
Terms and s
Privacy policy
Partnerships
Ad Upgrade Details
Banner Advertising Details",Vitz,Petrol,black,Car(Hatchback),https://patpat.lk/en/ad/vehicle/toyota-vitz-2016-244288
"4,850,000","183,000",1998,Automatic,Toyota,2002,"About
                            patpat





About Us
Terms and s
Privacy policy
Partnerships
Ad Upgrade Details
Banner Advertising Details",Camry,Petrol,silver,Car(Saloon),https://patpat.lk/en/ad/vehicle/toyota-camry-2002-244290
"11,690,000","112,000",1490,Automatic,Toyota,2015,"About
                            patpat





About Us
Terms and s
Privacy policy
Partnerships
Ad Upgrade Details
Banner Advertising Details",Premio,Petrol,maroon,Car(Hatchback),https://patpat.lk/en/ad/vehicle/toyota-premio-2015-244280
"8,500,000","214,000",1800,Automatic,Toyota,2011,"About
                            patpat





About Us
Terms and s
Privacy policy
Partnerships
Ad Upgrade Details
Banner Advertising Details",Prius,Hybrid,silver,Car(Liftback),https://patpat.lk/en/ad/vehicle/toyota-prius-2011-244259
Negotiable,0,650,Automatic,Toyota,2025,"About
                            patpat





About Us
Terms and s
Privacy policy
Partnerships
Ad Upgrade Details
Banner Advertising Details",Roomy,Petrol,white,Car(Hatchback),https://patpat.lk/en/ad/vehicle/toyota-roomy-2025-244251
"10,400,000","16,700,000",1500,Automatic,Toyota,2013,"About
                            patpat





About Us
Terms and s
Privacy policy
Partnerships
Ad Upgrade Details
Banner Advertising Details",Premio,Petrol,white,Car(Saloon),https://patpat.lk/en/ad/vehicle/toyota-premio-2013-244249
"7,300,000","210,000",1500,Automatic,Toyota,2008,"About
                            patpat





About Us
Terms and s
Privacy policy
Partnerships
Ad Upgrade Details
Banner Advertising Details",Axio,Petrol,silver,Car(Hatchback),https://patpat.lk/en/ad/vehicle/toyota-axio-2008-244263
"5,300,000","128,000",1000,Automatic,Toyota,2008,"About
                            patpat





About Us
Terms and s
Privacy policy
Partnerships
Ad Upgrade Details
Banner Advertising Details",Vitz,Petrol,white,Car(Liftback),https://patpat.lk/en/ad/vehicle/toyota-vitz-2008-244172
"7,500,000","125,000",1000,Automatic,Toyota,2012,"About
                            patpat





About Us
Terms and s
Privacy policy
Partnerships
Ad Upgrade Details
Banner Advertising Details",Aqua,Petrol,white,Car(Sedan),https://patpat.lk/en/ad/vehicle/toyota-aqua-2012-244169
Negotiable,0,1000,Automatic,Toyota,2023,"About
                            patpat





About Us
Terms and s
Privacy policy
Partnerships
Ad Upgrade Details
Banner Advertising Details",Passo,Petrol,maroon,Car(Hatchback),https://patpat.lk/en/ad/vehicle/toyota-passo-2023-244045
"7,400,000","168,000",1500,Automatic,Toyota,2008,"About
                            patpat





About Us
Terms and s
Privacy policy
Partnerships
Ad Upgrade Details
Banner Advertising Details",Allion,Petrol,silver,Car(Hatchback),https://patpat.lk/en/ad/vehicle/toyota-allion-2008-244015
"8,000,000","6,600",660,Automatic,Toyota,2023,"About
                            patpat





About Us
Terms and s
Privacy policy
Partnerships
Ad Upgrade Details
Banner Advertising Details",Passo,Petrol,red,Car(Hatchback),https://patpat.lk/en/ad/vehicle/toyota-passo-2023-244024
"5,850,000","111,370",990,Automatic,Toyota,2009,"About
                            patpat





About Us
Terms and s
Privacy policy
Partnerships
Ad Upgrade Details
Banner Advertising Details",Vitz,Petrol,pink,Car(Hatchback),https://patpat.lk/en/ad/vehicle/toyota-vitz-2009-244127
Negotiable,"205,000",1500,Automatic,Toyota,2012,"About
                            patpat





About Us
Terms and s
Privacy policy
Partnerships
Ad Upgrade Details
Banner Advertising Details",Aqua,Petrol,red,Car(Hatchback),https://patpat.lk/en/ad/vehicle/toyota-aqua-2012-244090
"9,800,000",123,1000,Automatic,Toyota,2023,"About
                            patpat





About Us
Terms and s
Privacy policy
Partnerships
Ad Upgrade Details
Banner Advertising Details",Yaris,Hybrid,red,Car(Hatchback),https://patpat.lk/en/ad/vehicle/toyota-yaris-2023-244073
"16,700,000",0,1800,Automatic,Toyota,2023,"About
                            patpat





About Us
Terms and s
Privacy policy
Partnerships
Ad Upgrade Details
Banner Advertising Details",Prius,Hybrid,white,Car(Saloon),https://patpat.lk/en/ad/vehicle/toyota-prius-2023-244063
"7,500,000","110,000",1000,Automatic,Toyota,2013,"About
                            patpat





About Us
Terms and s
Privacy policy
Partnerships
Ad Upgrade Details
Banner Advertising Details",Aqua,Hybrid,black,Car(Hatchback),https://patpat.lk/en/ad/vehicle/toyota-aqua-2013-243870
Negotiable,"84,000",1000,Automatic,Toyota,2019,"About
                            patpat





About Us
Terms and s
Privacy policy
Partnerships
Ad Upgrade Details
Banner Advertising Details",Vitz,Petrol,white,Car(Hatchback),https://patpat.lk/en/ad/vehicle/toyota-vitz-2019-243848
"11,450,000","102,500",1500,Automatic,Toyota,2016,"About
                            patpat





About Us
Terms and s
Privacy policy
Partnerships
Ad Upgrade Details
Banner Advertising Details",Axio,Hybrid,purple,Car(Hatchback),https://patpat.lk/en/ad/vehicle/toyota-axio-2016-243718
"14,800,000","94,000",1200,Automatic,Toyota,2018,"About
                            patpat





About Us
Terms and s
Privacy policy
Partnerships
Ad Upgrade Details
Banner Advertising Details",Premio,Petrol,white,Car(Hatchback),https://patpat.lk/en/ad/vehicle/toyota-premio-2018-243692
"7,150,000",0,1700,Manual,Toyota,2010,"About
                            patpat





About Us
Terms and s
Privacy policy
Partnerships
Ad Upgrade Details
Banner Advertising Details",Allion,Petrol,white,Car(Liftback),https://patpat.lk/en/ad/vehicle/toyota-allion-2010-243713
"8,500,000","81,000",1000,Automatic,Toyota,2016,"About
                            patpat





About Us
Terms and s
Privacy policy
Partnerships
Ad Upgrade Details
Banner Advertising Details",Vitz,Petrol,red,Car(Hatchback),https://patpat.lk/en/ad/vehicle/toyota-vitz-2016-243704
"15,500,000","130,000",1500,Automatic,Toyota,2017,"About
                            patpat





About Us
Terms and s
Privacy policy
Partnerships
Ad Upgrade Details
Banner Advertising Details",Premio,Petrol,brown,Car(),https://patpat.lk/en/ad/vehicle/toyota-premio-2017-243768
"9,690,000","18,500",996,Automatic,Toyota,2023,"About
                            patpat





About Us
Terms and s
Privacy policy
Partnerships
Ad Upgrade Details
Banner Advertising Details",Yaris,Petrol,white,Car(Hatchback),https://patpat.lk/en/ad/vehicle/toyota-yaris-2023-243650
Negotiable,0,1500,Automatic,Toyota,2025,"About
                            patpat





About Us
Terms and s
Privacy policy
Partnerships
Ad Upgrade Details
Banner Advertising Details",Yaris,Petrol,red,Car(Hatchback),https://patpat.lk/en/ad/vehicle/toyota-yaris-2025-243441
"15,500,000","29,000",1800,Manual,Toyota,2018,"About
                            patpat





About Us
Terms and s
Privacy policy
Partnerships
Ad Upgrade Details
Banner Advertising Details",Premio,Petrol,white,Car(Hatchback),https://patpat.lk/en/ad/vehicle/toyota-premio-2018-243610
Negotiable,"165,000",1500,Automatic,Toyota,1997,"About
                            patpat





About Us
Terms and s
Privacy policy
Partnerships
Ad Upgrade Details
Banner Advertising Details",Carina,Petrol,white,Car(Liftback),https://patpat.lk/en/ad/vehicle/toyota-carina-1997-243536
Negotiable,"109,000",1000,Automatic,Toyota,2017,"About
                            patpat





About Us
Terms and s
Privacy policy
Partnerships
Ad Upgrade Details
Banner Advertising Details",Tank,Petrol,gold,Car(Station wagon),https://patpat.lk/en/ad/vehicle/toyota-tank-2017-243550
"8,900,000","200,000",1800,Automatic,Toyota,2011,"About
                            patpat





About Us
Terms and s
Privacy policy
Partnerships
Ad Upgrade Details
Banner Advertising Details",Prius,Hybrid,silver,Car(Saloon),https://patpat.lk/en/ad/vehicle/toyota-prius-2011-243516
"6,750,000","178,000",1500,Automatic,Toyota,2008,"About
                            patpat





About Us
Terms and s
Privacy policy
Partnerships
Ad Upgrade Details
Banner Advertising Details",Prius,Hybrid,silver,Car(Hatchback),https://patpat.lk/en/ad/vehicle/toyota-prius-2008-243414
"9,800,000","7,000",1000,Automatic,Toyota,2024,"About
                            patpat





About Us
Terms and s
Privacy policy
Partnerships
Ad Upgrade Details
Banner Advertising Details",Yaris,Petrol,white,Car(Hatchback),https://patpat.lk/en/ad/vehicle/toyota-yaris-2024-243407
"9,600,000","1,340,000",1800,Automatic,Toyota,2012,"About
                            patpat





About Us
Terms and s
Privacy policy
Partnerships
Ad Upgrade Details
Banner Advertising Details",Prius,Petrol,white,Car(Saloon),https://patpat.lk/en/ad/vehicle/toyota-prius-2012-243385
"2,875,000","200,000",1450,Automatic,Toyota,1998,"About
                            patpat





About Us
Terms and s
Privacy policy
Partnerships
Ad Upgrade Details
Banner Advertising Details",Starlet,Diesel,white,Car(Hatchback),https://patpat.lk/en/ad/vehicle/toyota-starlet-1998-243289
"12,150,000","77,421",1400,Automatic,Toyota,2014,"About
                            patpat





About Us
Terms and s
Privacy policy
Partnerships
Ad Upgrade Details
Banner Advertising Details",Premio,Petrol,maroon,Car(Sedan),https://patpat.lk/en/ad/vehicle/toyota-premio-2014-243288
"2,500,000","185,000",1330,Automatic,Toyota,1997,"About
                            patpat





About Us
Terms and s
Privacy policy
Partnerships
Ad Upgrade Details
Banner Advertising Details",Corolla,Petrol,white,Car(Saloon),https://patpat.lk/en/ad/vehicle/toyota-corolla-1997-243232
"9,200,000","2,500",690,Automatic,Toyota,2023,"About
                            patpat





About Us
Terms and s
Privacy policy
Partnerships
Ad Upgrade Details
Banner Advertising Details",Yaris,Hybrid,black,Car(Hatchback),https://patpat.lk/en/ad/vehicle/toyota-yaris-2023-243269
"7,000,000",0,990,Automatic,Toyota,2015,"About
                            patpat





About Us
Terms and s
Privacy policy
Partnerships
Ad Upgrade Details
Banner Advertising Details",Vitz,Petrol,blue,Car(Hatchback),https://patpat.lk/en/ad/vehicle/toyota-vitz-2015-243278
"8,100,000","140,000",1300,Automatic,Toyota,2013,"About
                            patpat





About Us
Terms and s
Privacy policy
Partnerships
Ad Upgrade Details
Banner Advertising Details",Prius,Petrol,black,Car(Liftback),https://patpat.lk/en/ad/vehicle/toyota-prius-2013-243267
"7,200,000","88,000",1320,Automatic,Toyota,2016,"About
                            patpat





About Us
Terms and s
Privacy policy
Partnerships
Ad Upgrade Details
Banner Advertising Details",Vitz,Petrol,white,Car(Hatchback),https://patpat.lk/en/ad/vehicle/toyota-vitz-2016-243063
Negotiable,"123,000",1500,Automatic,Toyota,2008,"About
                            patpat





About Us
Terms and s
Privacy policy
Partnerships
Ad Upgrade Details
Banner Advertising Details",Premio,Petrol,silver,Car(Sedan),https://patpat.lk/en/ad/vehicle/toyota-premio-2008-242932
Negotiable,"134,000",1500,Automatic,Toyota,2003,"About
                            patpat





About Us
Terms and s
Privacy policy
Partnerships
Ad Upgrade Details
Banner Advertising Details",Corolla,Petrol,maroon,Car(Sports),https://patpat.lk/en/ad/vehicle/toyota-corolla-2003-242934
Negotiable,"142,000",1500,Automatic,Toyota,2002,"About
                            patpat





About Us
Terms and s
Privacy policy
Partnerships
Ad Upgrade Details
Banner Advertising Details",Premio,Petrol,black,Car(Sedan),https://patpat.lk/en/ad/vehicle/toyota-premio-2002-242935
Negotiable,"138,000",1480,Automatic,Toyota,2001,"About
                            patpat





About Us
Terms and s
Privacy policy
Partnerships
Ad Upgrade Details
Banner Advertising Details",Corolla,Petrol,black,Car(Sedan),https://patpat.lk/en/ad/vehicle/toyota-corolla-2001-242936
Negotiable,"167,000",1600,Automatic,Toyota,2008,"About
                            patpat





About Us
Terms and s
Privacy policy
Partnerships
Ad Upgrade Details
Banner Advertising Details",Corolla,Petrol,blue,Car(Hatchback),https://patpat.lk/en/ad/vehicle/toyota-corolla-2008-242951
Negotiable,"170,000",1196,Automatic,Toyota,2015,"About
                            patpat





About Us
Terms and s
Privacy policy
Partnerships
Ad Upgrade Details
Banner Advertising Details",Vitz,Petrol,black,Car(),https://patpat.lk/en/ad/vehicle/toyota-vitz-2015-242956
Negotiable,"134,000",1600,Automatic,Toyota,2008,"About
                            patpat





About Us
Terms and s
Privacy policy
Partnerships
Ad Upgrade Details
Banner Advertising Details",Corolla,Petrol,black,Car(Sedan),https://patpat.lk/en/ad/vehicle/toyota-corolla-2008-242985
Negotiable,"113,000",1500,Manual,Toyota,2017,"About
                            patpat





About Us
Terms and s
Privacy policy
Partnerships
Ad Upgrade Details
Banner Advertising Details",Axio,Petrol,white,Car(Saloon),https://patpat.lk/en/ad/vehicle/toyota-axio-2017-243024
Negotiable,"148,000",1200,Automatic,Toyota,2014,"About
                            patpat





About Us
Terms and s
Privacy policy
Partnerships
Ad Upgrade Details
Banner Advertising Details",Aqua,Petrol,black,Car(Hatchback),https://patpat.lk/en/ad/vehicle/toyota-aqua-2014-243030
"9,500,000","132,000",1200,Automatic,Toyota,2014,"About
                            patpat





About Us
Terms and s
Privacy policy
Partnerships
Ad Upgrade Details
Banner Advertising Details",Prius,Petrol,silver,Car(Hatchback),https://patpat.lk/en/ad/vehicle/toyota-prius-2014-243033
"8,300,000","49,000",1200,Automatic,Toyota,2019,"About
                            patpat





About Us
Terms and s
Privacy policy
Partnerships
Ad Upgrade Details
Banner Advertising Details",Vitz,Petrol,white,Car(Hatchback),https://patpat.lk/en/ad/vehicle/toyota-vitz-2019-243036
Negotiable,"148,000",1200,Automatic,Toyota,2014,"About
                            patpat





About Us
Terms and s
Privacy policy
Partnerships
Ad Upgrade Details
Banner Advertising Details",Aqua,Petrol,white,Car(Hatchback),https://patpat.lk/en/ad/vehicle/toyota-aqua-2014-243047
Negotiable,0,1500,Manual,Toyota,2001,"About
                            patpat





About Us
Terms and s
Privacy policy
Partnerships
Ad Upgrade Details
Banner Advertising Details",Corolla,Petrol,blue,Car(Saloon),https://patpat.lk/en/ad/vehicle/toyota-corolla-2001-243052
"6,200,000","153,000",1490,Automatic,Toyota,2012,"About
                            patpat





About Us
Terms and s
Privacy policy
Partnerships
Ad Upgrade Details
Banner Advertising Details",Aqua,Petrol,black,Car(Liftback),https://patpat.lk/en/ad/vehicle/toyota-aqua-2012-243151
"7,800,000","260,000",1500,Automatic,Toyota,2007,"About
                            patpat





About Us
Terms and s
Privacy policy
Partnerships
Ad Upgrade Details
Banner Advertising Details",Allion,Petrol,red,Car(Sedan),https://patpat.lk/en/ad/vehicle/toyota-allion-2007-243184
Negotiable,"125,000",1000,Automatic,Toyota,2015,"About
                            patpat





About Us
Terms and s
Privacy policy
Partnerships
Ad Upgrade Details
Banner Advertising Details",Aqua,Petrol,black,Car(Hatchback),https://patpat.lk/en/ad/vehicle/toyota-aqua-2015-242801
"8,300,000","105,000",1000,Automatic,Toyota,2015,"About
                            patpat





About Us
Terms and s
Privacy policy
Partnerships
Ad Upgrade Details
Banner Advertising Details",Aqua,Petrol,black,Car(Hatchback),https://patpat.lk/en/ad/vehicle/toyota-aqua-2015-242797
Negotiable,"146,000",1500,Automatic,Toyota,2001,"About
                            patpat





About Us
Terms and s
Privacy policy
Partnerships
Ad Upgrade Details
Banner Advertising Details",Corolla,Petrol,white,Car(Sedan),https://patpat.lk/en/ad/vehicle/toyota-corolla-2001-242771
Negotiable,0,1800,Automatic,Toyota,2012,"About
                            patpat





About Us
Terms and s
Privacy policy
Partnerships
Ad Upgrade Details
Banner Advertising Details",Prius,Hybrid,white,Car(Saloon),https://patpat.lk/en/ad/vehicle/toyota-prius-2012-242735
"5,375,000","150,000",1000,Automatic,Toyota,2007,"About
                            patpat





About Us
Terms and s
Privacy policy
Partnerships
Ad Upgrade Details
Banner Advertising Details",Vitz,Petrol,white,Car(Liftback),https://patpat.lk/en/ad/vehicle/toyota-vitz-2007-242854
Negotiable,"92,000",1490,Automatic,Toyota,2007,"About
                            patpat





About Us
Terms and s
Privacy policy
Partnerships
Ad Upgrade Details
Banner Advertising Details",Premio,Petrol,silver,Car(Saloon),https://patpat.lk/en/ad/vehicle/toyota-premio-2007-242692
"4,975,000","200,000",1000,Automatic,Toyota,2010,"About
                            patpat





About Us
Terms and s
Privacy policy
Partnerships
Ad Upgrade Details
Banner Advertising Details",Passo,Petrol,black,Car(Hatchback),https://patpat.lk/en/ad/vehicle/toyota-passo-2010-242618
Negotiable,0,1200,Manual,Toyota,2003,"About
                            patpat





About Us
Terms and s
Privacy policy
Partnerships
Ad Upgrade Details
Banner Advertising Details",Vios,Petrol,beige,Car(Sedan),https://patpat.lk/en/ad/vehicle/toyota-vios-2003-242655
"6,000,000","190,000",1300,Automatic,Toyota,2006,"About
                            patpat





About Us
Terms and s
Privacy policy
Partnerships
Ad Upgrade Details
Banner Advertising Details",Yaris,Petrol,red,Car(Saloon),https://patpat.lk/en/ad/vehicle/toyota-yaris-2006-242653
Negotiable,"135,000",1560,Automatic,Toyota,2004,"About
                            patpat





About Us
Terms and s
Privacy policy
Partnerships
Ad Upgrade Details
Banner Advertising Details",Vios,Petrol,black,Car(Sedan),https://patpat.lk/en/ad/vehicle/toyota-vios-2004-242632
Negotiable,0,1000,Automatic,Toyota,2024,"About
                            patpat





About Us
Terms and s
Privacy policy
Partnerships
Ad Upgrade Details
Banner Advertising Details",Yaris,Petrol,white,Car(Saloon),https://patpat.lk/en/ad/vehicle/toyota-yaris-2024-242538
Negotiable,"115,000",1500,Automatic,Toyota,2013,"About
                            patpat





About Us
Terms and s
Privacy policy
Partnerships
Ad Upgrade Details
Banner Advertising Details",Premio,Petrol,white,Car(Sedan),https://patpat.lk/en/ad/vehicle/toyota-premio-2013-242552
Negotiable,70,1500,Manual,Toyota,2004,"About
                            patpat





About Us
Terms and s
Privacy policy
Partnerships
Ad Upgrade Details
Banner Advertising Details",Vios,Petrol,silver,Car(Saloon),https://patpat.lk/en/ad/vehicle/toyota-vios-2004-242501
"7,800,000","124,000",1500,Automatic,Toyota,2015,"About
                            patpat





About Us
Terms and s
Privacy policy
Partnerships
Ad Upgrade Details
Banner Advertising Details",Aqua,Hybrid,purple,Car(Saloon),https://patpat.lk/en/ad/vehicle/toyota-aqua-2015-242482
Negotiable,"172,000",1500,Automatic,Toyota,2007,"About
                            patpat





About Us
Terms and s
Privacy policy
Partnerships
Ad Upgrade Details
Banner Advertising Details",Allion,Petrol,red,Car(),https://patpat.lk/en/ad/vehicle/toyota-allion-2007-242469
"10,250,000","137,000",1500,Automatic,Toyota,2015,"About
                            patpat





About Us
Terms and s
Privacy policy
Partnerships
Ad Upgrade Details
Banner Advertising Details",Axio,Petrol,white,Car(Convertible),https://patpat.lk/en/ad/vehicle/toyota-axio-2015-242460
"8,500,000","128,000",1500,Automatic,Toyota,2008,"About
                            patpat





About Us
Terms and s
Privacy policy
Partnerships
Ad Upgrade Details
Banner Advertising Details",Premio,Petrol,red,Car(Saloon),https://patpat.lk/en/ad/vehicle/toyota-premio-2008-242457
"7,250,000","160,000",1500,Automatic,Toyota,2007,"About
                            patpat





About Us
Terms and s
Privacy policy
Partnerships
Ad Upgrade Details
Banner Advertising Details",Axio,Petrol,silver,Car(Sedan),https://patpat.lk/en/ad/vehicle/toyota-axio-2007-242449
Negotiable,0,1750,Automatic,Toyota,2013,"About
                            patpat





About Us
Terms and s
Privacy policy
Partnerships
Ad Upgrade Details
Banner Advertising Details",Prius,Hybrid,silver,Car(Liftback),https://patpat.lk/en/ad/vehicle/toyota-prius-2013-242419
Negotiable,0,1200,Automatic,Toyota,2024,"About
                            patpat





About Us
Terms and s
Privacy policy
Partnerships
Ad Upgrade Details
Banner Advertising Details",Corolla,Petrol,red,Car(Hatchback),https://patpat.lk/en/ad/vehicle/toyota-corolla-2024-242430
Negotiable,0,1200,Automatic,Toyota,2017,"About
                            patpat





About Us
Terms and s
Privacy policy
Partnerships
Ad Upgrade Details
Banner Advertising Details",Passo,Petrol,black,Car(Liftback),https://patpat.lk/en/ad/vehicle/toyota-passo-2017-242402
"11,750,000","121,000",1500,Automatic,Toyota,2017,"About
                            patpat





About Us
Terms and s
Privacy policy
Partnerships
Ad Upgrade Details
Banner Advertising Details",Axio,Hybrid,other,Car(Saloon),https://patpat.lk/en/ad/vehicle/toyota-axio-2017-242351
