URL,Title,Price,Location,Year,Mileage,Make,Model,Gear,Fuel Type,Engine (cc),Condition,Ad Date,Options,Start Type
https://riyasewana.com/buy/toyota-axio-sale-dehiwala-mount-lavinia-11636846,Toyota Axio 2012 Car (Used),Negotiable,Dehiwala-Mount-Lavinia,2012,"150,000 km",Toyota,Axio,Automatic,Petrol,1500,Registered (Used),"2026 May 14, 9:53 pm","['AIR CONDITION', 'POWER STEERING', 'POWER MIRROR', 'POWER WINDOW']",
https://riyasewana.com/buy/mitsubishi-montero-sale-gampaha-11590921,Mitsubishi Montero 2007 SUV (Used),"Rs. 12,700,000",Gampaha,2007,"210,000 km",Mitsubishi,Montero,Automatic,Petrol,3500,Registered (Used),"2026 May 06, 11:07 am","['AIR CONDITION', 'POWER STEERING', 'POWER MIRROR', 'POWER WINDOW']",
https://riyasewana.com/buy/toyota-premio-g-sale-colombo-11612353,Toyota Premio G SUPERIOR 2018 Car (Used),Negotiable,Colombo,2018,"130,000 km",Toyota,Premio G SUPERIOR,Automatic,Petrol,150,Registered (Used),"2026 May 10, 8:06 am","['AIR CONDITION', 'POWER STEERING', 'POWER MIRROR', 'POWER WINDOW']",
https://riyasewana.com/buy/mahindra-kuv-100-sale-mirigama-11628692,Mahindra KUV 100 2022 SUV (Used),"Rs. 5,500,000",Mirigama,2022,"41,000 km",Mahindra,KUV 100,Manual,Petrol,1000,Registered (Used),"2026 May 13, 10:33 am","['AIR CONDITION', 'POWER STEERING', 'POWER MIRROR', 'POWER WINDOW']",
https://riyasewana.com/buy/tvs-streak-sale-avissawella-11648568,TVS Scooty Streak 2011 Motorbike (Used),"Rs. 145,000",Avissawella,2011,15 km,TVS,Scooty Streak,,,90,Registered (Used),"2026 May 16, 11:50 pm",[],Kick / Electric
https://riyasewana.com/buy/toyota-axio-limited-sale-katunayake-11648567,Toyota Axio Limited 2009 Car (Used),Negotiable,Katunayake,2009,"138,011 km",Toyota,Axio Limited,Automatic,Petrol,1500,Registered (Used),"2026 May 16, 11:50 pm","['AIR CONDITION', 'POWER STEERING', 'POWER MIRROR', 'POWER WINDOW']",
https://riyasewana.com/buy/suzuki-suzuki-sale-kandy-11648566,Suzuki Suzuki 2005 Car (Used),"Rs. 1,595,000",Kandy,2005,-,Suzuki,Suzuki,Manual,Petrol,800,Registered (Used),"2026 May 16, 11:49 pm",['AIR CONDITION'],
https://riyasewana.com/buy/tvs-ntorq-sale-malabe-11629725,TVS Ntorq 2024 Motorbike (Used),Negotiable,Malabe,2024,"22,000 km",TVS,Ntorq,,,125,Registered (Used),"2026 May 16, 11:49 pm",[],Kick / Electric
https://riyasewana.com/buy/jmc-jmc-sale-kurunegala-11648565,JMC Crewe Cab 2018 Crew Cab (Used),"Rs. 4,900,000",Kurunegala,2018,"140,000 km",JMC,Crewe Cab,Manual,Diesel,2800,Registered (Used),"2026 May 16, 11:49 pm","['AIR CONDITION', 'POWER STEERING']",
https://riyasewana.com/buy/toyota-passo-xl-sale-kottawa-11611601,Toyota PASSO XL 2023 Car Unregistered (Recondition),"Rs. 8,250,000",Kottawa,2023,"41,500 km",Toyota,PASSO XL,Automatic,Petrol,1000,Unregistered (Recondition),"2026 May 16, 11:49 pm","['AIR CONDITION', 'POWER STEERING', 'POWER MIRROR', 'POWER WINDOW']",
https://riyasewana.com/buy/bajaj-re-sale-kurunegala-11648562,Bajaj Re 2011 Three Wheel (Used),"Rs. 1,250,000",Kurunegala,2011,"65,000 km",Bajaj,Re,Manual,Petrol,205,Registered (Used),"2026 May 16, 11:43 pm",[],
https://riyasewana.com/buy/bajaj-re-sale-kegalle-11648561,Bajaj RE 1993 Three Wheel Unregistered (Recondition),Negotiable,Kegalle,1993,"12,345 km",Bajaj,RE,Manual,Petrol,150,Unregistered (Recondition),"2026 May 16, 11:43 pm",[],
https://riyasewana.com/buy/chery-qq-sale-colombo-11648560,Chery QQ 2010 Car (Used),"Rs. 1,625,000",Colombo,2010,"86,000 km",Chery,QQ,Manual,Petrol,800,Registered (Used),"2026 May 16, 11:43 pm","['AIR CONDITION', 'POWER STEERING', 'POWER MIRROR', 'POWER WINDOW']",
https://riyasewana.com/buy/mazda-rx-8ed-sale-dehiwala-mount-lavinia-11648559,Mazda RX-8ed 2008 Car (Used),"Rs. 7,900,000",Dehiwala-Mount-Lavinia,2008,"69,000 km",Mazda,RX-8ed,Automatic,Petrol,1300,Registered (Used),"2026 May 16, 11:42 pm","['AIR CONDITION', 'POWER STEERING', 'POWER MIRROR', 'POWER WINDOW']",
https://riyasewana.com/buy/bajaj-pulsar-150-sale-matale-11648558,Bajaj Pulsar 150 2016 Motorbike (Used),"Rs. 520,000",Matale,2016,"79,000 km",Bajaj,Pulsar 150,,,650,Registered (Used),"2026 May 16, 11:41 pm",[],Kick / Electric
https://riyasewana.com/buy/toyota-allion-sale-hambantota-11648557,Toyota Allion 2010 Car (Used),"Rs. 8,950,000",Hambantota,2010,"168,000 km",Toyota,Allion,Automatic,Petrol,1500,Registered (Used),"2026 May 16, 11:41 pm","['AIR CONDITION', 'POWER STEERING', 'POWER MIRROR', 'POWER WINDOW']",
https://riyasewana.com/buy/suzuki-wagon-r-sale-colombo-11648555,Suzuki Wagon R Stingray 2018 Car (Used),Negotiable,Colombo,2018,"4,360 km",Suzuki,Wagon R Stingray,Automatic,Hybrid,-,Registered (Used),"2026 May 16, 11:40 pm",[],
https://riyasewana.com/buy/yadea-e8s-sale-galle-11648554,Yadea E8s 2024 Motorbike (Used),"Rs. 385,000",Galle,2024,"28,000 km",Yadea,E8s,,,2,Registered (Used),"2026 May 16, 11:39 pm",[],Electric
https://riyasewana.com/buy/suzuki-alto-sale-kandy-11648553,Suzuki Alto 2012 Car (Used),"Rs. 3,285,000",Kandy,2012,150 km,Suzuki,Alto,Manual,Petrol,800,Registered (Used),"2026 May 16, 11:36 pm","['AIR CONDITION', 'POWER STEERING']",
https://riyasewana.com/buy/nissan-sunny-b211-sale-mawanella-11648550,Nissan Sunny B211 1981 Car (Used),"Rs. 875,000",Mawanella,1981,"10,000 km",Nissan,Sunny B211,Manual,Petrol,1200,Registered (Used),"2026 May 16, 11:34 pm",['POWER STEERING'],
https://riyasewana.com/buy/tvs-center-sale-kandy-11648549,TVS Center 2006 Motorbike (Used),"Rs. 125,000",Kandy,2006,"36,588 km",TVS,Center,,,100,Registered (Used),"2026 May 16, 11:34 pm",[],Kick
https://riyasewana.com/buy/jac-crewcab-sale-kurunegala-11648548,JAC CrewCab 2018 Crew Cab (Used),"Rs. 4,875,000",Kurunegala,2018,"150,000 km",JAC,CrewCab,Manual,Diesel,2800,Registered (Used),"2026 May 16, 11:32 pm","['AIR CONDITION', 'POWER STEERING']",
https://riyasewana.com/buy/honda-hornet-sale-embilipitiya-11648547,Honda Hornet 2017 Motorbike (Used),Negotiable,Embilipitiya,2017,1 km,Honda,Hornet,,,250,Registered (Used),"2026 May 16, 11:32 pm",[],Electric
https://riyasewana.com/buy/toyota-dolphin-lh113-sale-puttalam-11648546,Toyota DOLPHIN LH113 SUPER GL 2000 Van (Used),Negotiable,Puttalam,2000,"257,000 km",Toyota,DOLPHIN LH113 SUPER GL,Automatic,Diesel,2770,Registered (Used),"2026 May 16, 11:31 pm","['AIR CONDITION', 'POWER STEERING', 'POWER MIRROR', 'POWER WINDOW']",
https://riyasewana.com/buy/suzuki-swift-sale-katunayake-11648545,Suzuki Swift 2003 Car (Used),"Rs. 4,350,000",Katunayake,2003,"147,000 km",Suzuki,Swift,Automatic,Petrol,1300,Registered (Used),"2026 May 16, 11:31 pm","['AIR CONDITION', 'POWER STEERING', 'POWER WINDOW']",
https://riyasewana.com/buy/kia-sorento-turbo-sale-panadura-11648544,Kia Sorento Turbo 2012 SUV (Used),"Rs. 12,700,000",Panadura,2012,"149,000 km",Kia,Sorento Turbo,Automatic,Diesel,-,Registered (Used),"2026 May 16, 11:25 pm",[],
https://riyasewana.com/buy/toyota-kdh-dark-sale-embilipitiya-11648543,Toyota KDH Dark Prime Super GL 2015 Van (Used),Negotiable,Embilipitiya,2015,"75,900 km",Toyota,KDH Dark Prime Super GL,Automatic,Diesel,3000,Registered (Used),"2026 May 16, 11:22 pm","['AIR CONDITION', 'POWER STEERING', 'POWER MIRROR', 'POWER WINDOW']",
https://riyasewana.com/buy/toyota-raize-z-sale-kurunegala-11616035,Toyota Raize Z Grade 1 2cc 2023 SUV Unregistered (Recondition),"Rs. 12,925,000",Kurunegala,2023,"4,346 km",Toyota,Raize Z Grade 1 2cc,Automatic,Petrol,1200,Unregistered (Recondition),"2026 May 16, 11:21 pm",[],
https://riyasewana.com/buy/suzuki-wagon-r-sale-maharagama-11648542,Suzuki Wagon R 2019 Car (Used),"Rs. 6,950,000",Maharagama,2019,"70,000 km",Suzuki,Wagon R,Automatic,Hybrid,660,Registered (Used),"2026 May 16, 11:20 pm","['AIR CONDITION', 'POWER STEERING', 'POWER MIRROR', 'POWER WINDOW']",
https://riyasewana.com/buy/mitsubishi-canter-sale-chilaw-11648541,Mitsubishi Canter 1986 Lorry (Used),"Rs. 3,450,000",Chilaw,1986,"327,277 km",Mitsubishi,Canter,Manual,Diesel,3490,Registered (Used),"2026 May 16, 11:19 pm","['POWER STEERING', 'POWER WINDOW']",
https://riyasewana.com/buy/toyota-premio-sale-kalmunai-11648540,Toyota Premio 2013 Car (Used),"Rs. 12,300,000",Kalmunai,2013,"134,000 km",Toyota,Premio,Automatic,Petrol,1500,Registered (Used),"2026 May 16, 11:19 pm","['AIR CONDITION', 'POWER STEERING', 'POWER MIRROR', 'POWER WINDOW']",
https://riyasewana.com/buy/nissan-fb14-sale-nittambuwa-11648539,Nissan FB14 1998 Car (Used),"Rs. 3,250,000",Nittambuwa,1998,"210,000 km",Nissan,FB14,Manual,Petrol,1500,Registered (Used),"2026 May 16, 11:18 pm","['AIR CONDITION', 'POWER STEERING', 'POWER WINDOW']",
https://riyasewana.com/buy/bajaj-discover-125-sale-gampola-11648538,Bajaj Discover 125 2012 Motorbike (Used),"Rs. 285,000",Gampola,2012,"93,000 km",Bajaj,Discover 125,,,125,Registered (Used),"2026 May 16, 11:17 pm",[],Kick / Electric
https://riyasewana.com/buy/micro-rexton-sale-malabe-11648537,Micro Rexton 2015 SUV (Used),"Rs. 10,700,000",Malabe,2015,"137,500 km",Micro,Rexton,Automatic,Diesel,-,Registered (Used),"2026 May 16, 11:16 pm",[],
https://riyasewana.com/buy/bajaj-discover-sale-kalutara-11648536,Bajaj Discover 2014 Motorbike (Used),"Rs. 315,000",Kalutara,2014,"39,000 km",Bajaj,Discover,,,125,Registered (Used),"2026 May 16, 11:15 pm",[],Kick / Electric
https://riyasewana.com/buy/bajaj-pulsar-135-sale-kandy-11648534,Bajaj Pulsar 135 LS 2011 Motorbike (Used),"Rs. 235,000",Kandy,2011,"1,856 km",Bajaj,Pulsar 135 LS,,,135,Registered (Used),"2026 May 16, 11:14 pm",[],Kick / Electric
https://riyasewana.com/buy/ford-focus-titanium-sale-anuradapura-11648533,Ford Focus Titanium Plus 2014 Car (Used),Negotiable,Anuradapura,2014,"86,000 km",Ford,Focus Titanium Plus,Automatic,Petrol,1600,Registered (Used),"2026 May 16, 11:12 pm","['AIR CONDITION', 'POWER STEERING', 'POWER MIRROR', 'POWER WINDOW']",
https://riyasewana.com/buy/suzuki-swift-sale-colombo-11648532,Suzuki Swift 2008 Car (Used),"Rs. 5,100,000",Colombo,2008,"135,000 km",Suzuki,Swift,Automatic,Petrol,-,Registered (Used),"2026 May 16, 11:10 pm",[],
https://riyasewana.com/buy/bajaj-discover-135-sale-dankotuwa-11648530,Bajaj Discover 135 2009 Motorbike (Used),"Rs. 420,000",Dankotuwa,2009,"75,548 km",Bajaj,Discover 135,,,135,Registered (Used),"2026 May 16, 11:09 pm",[],Kick / Electric
https://riyasewana.com/buy/toyota-hiace-gdh223b-sale-mannar-11648529,Toyota HIACE GDH223B 2025 Van (Used),"Rs. 28,500,000",Mannar,2025,"5,000 km",Toyota,HIACE GDH223B,Automatic,Diesel,2750,Registered (Used),"2026 May 16, 11:09 pm",[],
https://riyasewana.com/buy/suzuki-wagon-r-sale-nugegoda-11648528,Suzuki Wagon R 2017 Car (Used),"Rs. 6,450,000",Nugegoda,2017,"87,000 km",Suzuki,Wagon R,Automatic,Hybrid,650,Registered (Used),"2026 May 16, 11:07 pm","['AIR CONDITION', 'POWER STEERING', 'POWER MIRROR', 'POWER WINDOW']",
https://riyasewana.com/buy/suzuki-wagon-r-sale-kegalle-11648527,Suzuki Wagon R Stingray 2018 Car (Used),"Rs. 7,200,000",Kegalle,2018,"82,500 km",Suzuki,Wagon R Stingray,Automatic,Petrol,-,Registered (Used),"2026 May 16, 11:06 pm",[],
https://riyasewana.com/buy/toyota-land-cruiser-sale-balangoda-11646534,Toyota Land Cruiser 2024 SUV (Used),"Rs. 58,000,000",Balangoda,2024,"14,000 km",Toyota,Land Cruiser,Automatic,Petrol,2700,Registered (Used),"2026 May 16, 3:04 pm","['AIR CONDITION', 'POWER STEERING', 'POWER MIRROR', 'POWER WINDOW']",
https://riyasewana.com/buy/suzuki-spacia-hybrid-sale-colombo-11565088,Suzuki Spacia HYBRID X 2024 Car (Used),"Rs. 7,900,000",Colombo,2024,"11,500 km",Suzuki,Spacia HYBRID X,Automatic,Hybrid,660,Registered (Used),"2026 May 01, 12:33 pm","['AIR CONDITION', 'POWER STEERING', 'POWER MIRROR', 'POWER WINDOW']",
https://riyasewana.com/buy/suzuki-swift-sale-kandana-11628229,Suzuki Swift 2010 Car (Used),"Rs. 4,250,000",Kandana,2010,"180,000 km",Suzuki,Swift,Manual,Petrol,1300,Registered (Used),"2026 May 13, 9:29 am","['AIR CONDITION', 'POWER STEERING', 'POWER MIRROR', 'POWER WINDOW']",
https://riyasewana.com/buy/toyota-premio-g-sale-colombo-11621837,Toyota Premio G Superior 2013 Car (Used),"Rs. 10,750,000",Colombo,2013,"143,800 km",Toyota,Premio G Superior,Automatic,Petrol,1500,Registered (Used),"2026 May 11, 10:18 pm","['AIR CONDITION', 'POWER STEERING', 'POWER MIRROR', 'POWER WINDOW']",
https://riyasewana.com/buy/chery-qq-sale-kelaniya-11648526,Chery QQ 2009 Car (Used),"Rs. 1,585,000",Kelaniya,2009,"79,000 km",Chery,QQ,Manual,Petrol,800,Registered (Used),"2026 May 16, 11:05 pm","['AIR CONDITION', 'POWER STEERING', 'POWER MIRROR', 'POWER WINDOW']",
https://riyasewana.com/buy/honda-civic-ex-sale-dehiwala-mount-lavinia-11648525,Honda Civic Ex Tech Pack 2017 Car (Used),"Rs. 12,400,000",Dehiwala-Mount-Lavinia,2017,"100,000 km",Honda,Civic Ex Tech Pack,Automatic,Petrol,-,Registered (Used),"2026 May 16, 11:04 pm",[],
https://riyasewana.com/buy/honda-civic-ex-sale-dehiwala-mount-lavinia-11648524,Honda Civic Ex Tech Pack 2018 Car (Used),"Rs. 12,600,000",Dehiwala-Mount-Lavinia,2018,"67,000 km",Honda,Civic Ex Tech Pack,Automatic,Petrol,-,Registered (Used),"2026 May 16, 11:02 pm",[],
https://riyasewana.com/buy/lexus-rx300-sale-colombo-11648523,Lexus RX300 2003 SUV (Used),"Rs. 7,500,000",Colombo,2003,"178,000 km",Lexus,RX300,Automatic,Petrol,2300,Registered (Used),"2026 May 16, 11:02 pm","['AIR CONDITION', 'POWER STEERING', 'POWER MIRROR', 'POWER WINDOW']",
https://riyasewana.com/buy/suzuki-alto-sale-kalutara-11648521,Suzuki Alto 2015 Car (Used),Negotiable,Kalutara,2015,"112,000 km",Suzuki,Alto,Manual,Petrol,800,Registered (Used),"2026 May 16, 10:57 pm",[],
https://riyasewana.com/buy/toyota-townace-sale-kegalle-11648520,Toyota TownAce 1997 Van (Used),"Rs. 6,050,000",Kegalle,1997,-,Toyota,TownAce,Automatic,Diesel,-,Registered (Used),"2026 May 16, 10:56 pm",[],
https://riyasewana.com/buy/suzuki-alto-sale-colombo-11648519,Suzuki Alto 2015 Car (Used),"Rs. 4,050,000",Colombo,2015,"93,000 km",Suzuki,Alto,Manual,Petrol,800,Registered (Used),"2026 May 16, 10:56 pm","['AIR CONDITION', 'POWER WINDOW']",
https://riyasewana.com/buy/toyota-prius-s-sale-kalutara-11648518,Toyota Prius S Tuaring 2014 Car (Used),Negotiable,Kalutara,2014,"122,000 km",Toyota,Prius S Tuaring,Automatic,Hybrid,1800,Registered (Used),"2026 May 16, 10:55 pm","['AIR CONDITION', 'POWER STEERING', 'POWER MIRROR', 'POWER WINDOW']",
https://riyasewana.com/buy/toyota-land-cruiser-sale-colombo-11648516,Toyota Land Cruiser Prado 2018 SUV (Used),Negotiable,Colombo,2018,"16,000 km",Toyota,Land Cruiser Prado,Automatic,Diesel,2800,Registered (Used),"2026 May 16, 10:55 pm","['AIR CONDITION', 'POWER STEERING', 'POWER MIRROR', 'POWER WINDOW']",
https://riyasewana.com/buy/toyota-dolphin-super-sale-kegalle-11648515,Toyota Dolphin Super GL 1994 Van (Used),"Rs. 8,600,000",Kegalle,1994,-,Toyota,Dolphin Super GL,Automatic,Diesel,-,Registered (Used),"2026 May 16, 10:54 pm",[],
https://riyasewana.com/buy/tvs-jupiter-sale-kalutara-11648514,TVS Jupiter 2014 Motorbike (Used),"Rs. 270,000",Kalutara,2014,"44,000 km",TVS,Jupiter,,,110,Registered (Used),"2026 May 16, 10:54 pm",[],Kick / Electric
https://riyasewana.com/buy/bmw-523i-m-sale-embilipitiya-11648512,BMW 523i M Kit 2010 Car (Used),"Rs. 14,700,000",Embilipitiya,2010,"120,000 km",BMW,523i M Kit,Automatic,Petrol,-,Registered (Used),"2026 May 16, 10:52 pm",[],
https://riyasewana.com/buy/suzuki-alto-sale-kalutara-11648511,Suzuki Alto 2015 Car (Used),Negotiable,Kalutara,2015,"98,000 km",Suzuki,Alto,Manual,Petrol,800,Registered (Used),"2026 May 16, 10:52 pm","['AIR CONDITION', 'POWER STEERING']",
https://riyasewana.com/buy/daihatsu-charade-sale-kurunegala-11648510,Daihatsu Charade 1987 Car (Used),"Rs. 1,375,000",Kurunegala,1987,"123,456 km",Daihatsu,Charade,Manual,Diesel,990,Registered (Used),"2026 May 16, 10:52 pm",['POWER STEERING'],
https://riyasewana.com/buy/toyota-axio-sale-kottawa-11648509,Toyota Axio 2011 Car (Used),"Rs. 7,900,000",Kottawa,2011,"200,000 km",Toyota,Axio,Automatic,Petrol,1500,Registered (Used),"2026 May 16, 10:52 pm","['AIR CONDITION', 'POWER STEERING', 'POWER MIRROR', 'POWER WINDOW']",
https://riyasewana.com/buy/mahindra-575dl-sale-batticaloa-11648508,Mahindra 575DL 2007 Tractor (Used),"Rs. 1,700,000",Batticaloa,2007,"12,345 km",Mahindra,575DL,Manual,Diesel,575,Registered (Used),"2026 May 16, 10:51 pm",['POWER WINDOW'],
https://riyasewana.com/buy/toyota-allion-240-sale-malabe-11648507,Toyota Allion 240 2006 Car (Used),"Rs. 7,350,000",Malabe,2006,"206,000 km",Toyota,Allion 240,Automatic,Petrol,1500,Registered (Used),"2026 May 16, 10:51 pm","['AIR CONDITION', 'POWER STEERING', 'POWER MIRROR', 'POWER WINDOW']",
https://riyasewana.com/buy/tata-dimo-lokka-sale-dankotuwa-11648506,Tata Dimo Lokka 2020 Lorry (Used),Negotiable,Dankotuwa,2020,1 km,Tata,Dimo Lokka,Manual,Diesel,1500,Registered (Used),"2026 May 16, 10:50 pm","['AIR CONDITION', 'POWER STEERING', 'POWER MIRROR', 'POWER WINDOW']",
https://riyasewana.com/buy/honda-civic-ex-sale-gampaha-11648505,Honda Civic Ex Vtec Turbo 2018 Car (Used),"Rs. 12,700,000",Gampaha,2018,"92,000 km",Honda,Civic Ex Vtec Turbo,Automatic,Petrol,-,Registered (Used),"2026 May 16, 10:50 pm",[],
https://riyasewana.com/buy/nissan-navara-sale-kaduwela-11648504,Nissan Navara 2017 Pickup (Used),"Rs. 12,850,000",Kaduwela,2017,"152,000 km",Nissan,Navara,Manual,Diesel,3000,Registered (Used),"2026 May 16, 10:49 pm","['AIR CONDITION', 'POWER STEERING', 'POWER MIRROR', 'POWER WINDOW']",
https://riyasewana.com/buy/honda-dio-dx-sale-wennappuwa-11648503,Honda Dio DX 2020 Motorbike (Used),"Rs. 655,000",Wennappuwa,2020,"8,000 km",Honda,Dio DX,,,110,Registered (Used),"2026 May 16, 10:48 pm",[],Kick / Electric
https://riyasewana.com/buy/range-rover-evoque-sale-mannar-11648502,Range-Rover Evoque 2013 SUV (Used),"Rs. 16,500,000",Mannar,2013,"156,000 km",Range-Rover,Evoque,Automatic,Diesel,-,Registered (Used),"2026 May 16, 10:48 pm",[],
https://riyasewana.com/buy/nissan-caravan-sale-polonnaruwa-11648498,Nissan Caravan 1997 Van (Used),"Rs. 6,800,000",Polonnaruwa,1997,-,Nissan,Caravan,Automatic,Diesel,-,Registered (Used),"2026 May 16, 10:46 pm",[],
https://riyasewana.com/buy/volkswagen-tiguan-sale-colombo-11648495,Volkswagen Tiguan 2011 Car (Used),"Rs. 10,980,000",Colombo,2011,"127,000 km",Volkswagen,Tiguan,Automatic,Petrol,2000,Registered (Used),"2026 May 16, 10:45 pm","['AIR CONDITION', 'POWER STEERING', 'POWER MIRROR', 'POWER WINDOW']",
https://riyasewana.com/buy/demak-skyborn-sale-mawanella-11648493,Demak Skyborn 2017 Motorbike (Used),"Rs. 115,000",Mawanella,2017,"32,000 km",Demak,Skyborn,,,150,Registered (Used),"2026 May 16, 10:45 pm",[],Kick / Electric
https://riyasewana.com/buy/toyota-verossa-sale-piliyandala-11648492,Toyota Verossa 2001 Car (Used),"Rs. 5,800,000",Piliyandala,2001,"178,000 km",Toyota,Verossa,Automatic,Petrol,2000,Registered (Used),"2026 May 16, 10:43 pm","['AIR CONDITION', 'POWER STEERING', 'POWER MIRROR', 'POWER WINDOW']",
https://riyasewana.com/buy/atco-tipper-sale-kegalle-11648491,Atco Tipper 2005 Lorry (Used),"Rs. 1,600,000",Kegalle,2005,"1,234 km",Atco,Tipper,Manual,Diesel,2800,Registered (Used),"2026 May 16, 10:43 pm",['POWER STEERING'],
https://riyasewana.com/buy/mahindra-rodeo-sale-hambantota-11648489,Mahindra Rodeo 2015 Motorbike (Used),"Rs. 225,000",Hambantota,2015,"50,000 km",Mahindra,Rodeo,,,110,Registered (Used),"2026 May 16, 10:40 pm",[],Kick / Electric
https://riyasewana.com/buy/hero-honda-hunk-sale-kadawatha-11648487,Hero-Honda Hunk 2015 Motorbike (Used),Negotiable,Kadawatha,2015,"88,621 km",Hero-Honda,Hunk,,,150,Registered (Used),"2026 May 16, 10:40 pm",[],Kick / Electric
https://riyasewana.com/buy/bajaj-pulsar-sale-veyangoda-11648486,Bajaj Pulsar 2025 Motorbike (Used),Negotiable,Veyangoda,2025,"2,800 km",Bajaj,Pulsar,,,160,Registered (Used),"2026 May 16, 10:39 pm",[],Kick / Electric
https://riyasewana.com/buy/honda-benly-cd-sale-negombo-11648485,Honda Benly Cd 125 1998 Motorbike (Used),Negotiable,Negombo,1998,1 km,Honda,Benly Cd 125,,,125,Registered (Used),"2026 May 16, 10:39 pm",[],Kick / Electric
https://riyasewana.com/buy/suzuki-wagon-r-sale-moratuwa-11648484,Suzuki Wagon R FX 2025 Car (Used),"Rs. 8,500,000",Moratuwa,2025,"1,000 km",Suzuki,Wagon R FX,Automatic,Petrol,660,Registered (Used),"2026 May 16, 10:38 pm","['AIR CONDITION', 'POWER STEERING', 'POWER MIRROR', 'POWER WINDOW']",
https://riyasewana.com/buy/honda-cd125-benly-sale-kandana-11648482,Honda CD125 Benly 2003 Motorbike (Used),Negotiable,Kandana,2003,0 km,Honda,CD125 Benly,,,125,Registered (Used),"2026 May 16, 10:36 pm",[],Kick / Electric
https://riyasewana.com/buy/nissan-vanette-sale-puttalam-11648481,Nissan Vanette 1982 Van (Used),"Rs. 1,900,000",Puttalam,1982,"160,000 km",Nissan,Vanette,Manual,Diesel,1950,Registered (Used),"2026 May 16, 10:35 pm",['POWER STEERING'],
https://riyasewana.com/buy/honda-hornet-sale-gampaha-11648480,Honda Hornet 2012 Motorbike (Used),"Rs. 1,890,000",Gampaha,2012,"73,000 km",Honda,Hornet,,,250,Registered (Used),"2026 May 16, 10:35 pm",[],Electric
https://riyasewana.com/buy/honda-dio-sale-negombo-11648479,Honda Dio 2014 Motorbike (Used),Negotiable,Negombo,2014,"65,000 km",Honda,Dio,,,110,Registered (Used),"2026 May 16, 10:35 pm",[],Kick / Electric
https://riyasewana.com/buy/yamaha-fz-version-sale-kegalle-11648478,Yamaha FZ Version 2.0 2019 Motorbike (Used),"Rs. 895,000",Kegalle,2019,"26,000 km",Yamaha,FZ Version 2.0,,,150,Registered (Used),"2026 May 16, 10:34 pm",[],Electric
https://riyasewana.com/buy/bajaj-pulsar-sale-mawanella-11648477,Bajaj Pulsar 2012 Motorbike (Used),Negotiable,Mawanella,2012,"55,000 km",Bajaj,Pulsar,,,150,Registered (Used),"2026 May 16, 10:34 pm",[],Kick / Electric
https://riyasewana.com/buy/tvs-scooty-streak-sale-kandy-11648476,TVS Scooty Streak 2013 Motorbike (Used),"Rs. 198,000",Kandy,2013,"31,780 km",TVS,Scooty Streak,,,Automatic,Registered (Used),"2026 May 16, 10:33 pm",[],Petrol
https://riyasewana.com/buy/suzuki-wagon-r-sale-dehiwala-mount-lavinia-11648475,Suzuki Wagon R Stingray 2018 Car (Used),"Rs. 7,995,000",Dehiwala-Mount-Lavinia,2018,"43,600 km",Suzuki,Wagon R Stingray,Automatic,Hybrid,660,Registered (Used),"2026 May 16, 10:33 pm","['AIR CONDITION', 'POWER STEERING', 'POWER MIRROR', 'POWER WINDOW']",
https://riyasewana.com/buy/nissan-juke-sale-negombo-11634529,Nissan Juke 2020 SUV (Used),Negotiable,Negombo,2020,"30,000 km",Nissan,Juke,Automatic,Petrol,1000,Registered (Used),"2026 May 14, 12:17 pm","['AIR CONDITION', 'POWER STEERING', 'POWER MIRROR', 'POWER WINDOW']",
https://riyasewana.com/buy/suzuki-spacia-sale-kurunegala-11619260,Suzuki Spacia 2024 Car Unregistered (Recondition),"Rs. 10,200,000",Kurunegala,2024,"15,000 km",Suzuki,Spacia,Automatic,Hybrid,660,Unregistered (Recondition),"2026 May 11, 12:11 pm","['AIR CONDITION', 'POWER STEERING', 'POWER MIRROR', 'POWER WINDOW']",
https://riyasewana.com/buy/honda-crv-sale-colombo-11645585,Honda CRV 2018 SUV (Used),"Rs. 15,500,000",Colombo,2018,"119,000 km",Honda,CRV,Automatic,Petrol,1500,Registered (Used),"2026 May 16, 12:15 pm","['AIR CONDITION', 'POWER STEERING', 'POWER MIRROR', 'POWER WINDOW']",
https://riyasewana.com/buy/toyota-premio-sale-nuwara-eliya-11622975,Toyota Premio 2018 Car (Used),"Rs. 16,900,000",Nuwara-Eliya,2018,"68,000 km",Toyota,Premio,Automatic,Petrol,1500,Registered (Used),"2026 May 12, 8:58 am",[],
https://riyasewana.com/buy/honda-dio-sale-piliyandala-11648474,Honda Dio 2018 Motorbike (Used),"Rs. 535,000",Piliyandala,2018,"58,783 km",Honda,Dio,,,110,Registered (Used),"2026 May 16, 10:33 pm",[],Kick
https://riyasewana.com/buy/bajaj-re-sale-matugama-11648470,Bajaj RE 2012 Three Wheel (Used),"Rs. 1,130,000",Matugama,2012,"50,000 km",Bajaj,RE,Manual,Petrol,205,Registered (Used),"2026 May 16, 10:31 pm",[],
https://riyasewana.com/buy/tafe-45di-sale-tangalle-11648468,TAFE 45DI 2013 Tractor (Used),"Rs. 2,675,000",Tangalle,2013,1 km,TAFE,45DI,Manual,Diesel,2500,Registered (Used),"2026 May 16, 10:31 pm",[],
https://riyasewana.com/buy/honda-hornet-sale-ambalangoda-11648467,Honda Hornet 2019 Motorbike (Used),"Rs. 665,000",Ambalangoda,2019,"56,000 km",Honda,Hornet,,,160,Registered (Used),"2026 May 16, 10:31 pm",[],Kick / Electric
https://riyasewana.com/buy/nissan-caravan-sale-kurunegala-11648466,Nissan Caravan 1993 Van (Used),"Rs. 7,500,000",Kurunegala,1993,"98,000 km",Nissan,Caravan,Manual,Diesel,2770,Registered (Used),"2026 May 16, 10:31 pm","['AIR CONDITION', 'POWER STEERING', 'POWER WINDOW']",
https://riyasewana.com/buy/hero-pleasure-sale-ratnapura-11648465,Hero Pleasure 2011 Motorbike (Used),"Rs. 235,000",Ratnapura,2011,"35,000 km",Hero,Pleasure,,,100,Registered (Used),"2026 May 16, 10:31 pm",[],Kick / Electric
https://riyasewana.com/buy/bajaj-pulsar-135-sale-mirigama-11648464,Bajaj Pulsar 135 2012 Motorbike (Used),"Rs. 270,000",Mirigama,2012,0 km,Bajaj,Pulsar 135,,,135,Registered (Used),"2026 May 16, 10:30 pm",[],Kick / Electric
https://riyasewana.com/buy/toyota-vitz-sale-moratuwa-11648461,Toyota Vitz 2018 Car (Used),"Rs. 8,050,000",Moratuwa,2018,"112,050 km",Toyota,Vitz,Automatic,Petrol,1000,Registered (Used),"2026 May 16, 10:29 pm","['AIR CONDITION', 'POWER STEERING', 'POWER MIRROR', 'POWER WINDOW']",
https://riyasewana.com/buy/bajaj-ct-100-sale-colombo-11648460,Bajaj CT-100 2006 Motorbike (Used),"Rs. 235,000",Colombo,2006,"1,758 km",Bajaj,CT-100,,,100,Registered (Used),"2026 May 16, 10:28 pm",[],Kick
https://riyasewana.com/buy/volkswagen-passat-sale-colombo-11494933,Volkswagen Passat 2002 Car (Used),"Rs. 4,950,000",Colombo,2002,"217,000 km",Volkswagen,Passat,Automatic,Petrol,1800,Registered (Used),"2026 May 16, 10:28 pm","['AIR CONDITION', 'POWER STEERING', 'POWER MIRROR', 'POWER WINDOW']",
https://riyasewana.com/buy/kubota-rk80-sale-dambulla-11648458,Kubota Rk80 1998 Tractor (Used),"Rs. 455,000",Dambulla,1998,11 km,Kubota,Rk80,Manual,Diesel,-,Registered (Used),"2026 May 16, 10:27 pm",[],
https://riyasewana.com/buy/tafe-45di-sale-tangalle-11648455,TAFE 45DI 2026 Tractor (Used),"Rs. 325,000",Tangalle,2026,1 km,TAFE,45DI,Manual,Diesel,1111,Registered (Used),"2026 May 16, 10:27 pm",[],
https://riyasewana.com/buy/toyota-axio-sale-matara-11648454,Toyota Axio 2019 Car (Used),"Rs. 1,350,000",Matara,2019,"145,000 km",Toyota,Axio,Automatic,Petrol,1800,Registered (Used),"2026 May 16, 10:26 pm","['AIR CONDITION', 'POWER STEERING', 'POWER MIRROR', 'POWER WINDOW']",
https://riyasewana.com/buy/toyota-townace-sale-mawanella-11648452,Toyota TownAce 1991 Van (Used),Rs. 3,Mawanella,1991,"1,235 km",Toyota,TownAce,Manual,Diesel,2480,Registered (Used),"2026 May 16, 10:26 pm","['AIR CONDITION', 'POWER STEERING']",
https://riyasewana.com/buy/mitsubishi-asx-sale-nawala-11520823,Mitsubishi ASX 2014 SUV (Used),"Rs. 11,500,000",Nawala,2014,"155,000 km",Mitsubishi,ASX,Automatic,Petrol,2000,Registered (Used),"2026 May 16, 10:25 pm","['AIR CONDITION', 'POWER STEERING', 'POWER MIRROR', 'POWER WINDOW']",
https://riyasewana.com/buy/suzuki-wagon-r-sale-gampaha-11648451,Suzuki Wagon R FX Safety 2025 Car (Used),"Rs. 7,500,000",Gampaha,2025,"1,200 km",Suzuki,Wagon R FX Safety,Automatic,Petrol,668,Registered (Used),"2026 May 16, 10:24 pm","['AIR CONDITION', 'POWER STEERING', 'POWER MIRROR', 'POWER WINDOW']",
https://riyasewana.com/buy/daihatsu-terios-sale-nugegoda-11648448,Daihatsu Terios 2007 SUV (Used),"Rs. 6,200,000",Nugegoda,2007,"187,000 km",Daihatsu,Terios,Automatic,Petrol,1500,Registered (Used),"2026 May 16, 10:23 pm","['AIR CONDITION', 'POWER STEERING', 'POWER MIRROR', 'POWER WINDOW']",
https://riyasewana.com/buy/yamaha-fz-s-sale-colombo-11648447,Yamaha FZ-S 2019 Motorbike (Used),"Rs. 868,000",Colombo,2019,"56,950 km",Yamaha,FZ-S,,,149,Registered (Used),"2026 May 16, 10:23 pm",[],Electric
https://riyasewana.com/buy/honda-vezel-sale-tangalle-11648446,Honda Vezel 2014 SUV (Used),"Rs. 9,250,000",Tangalle,2014,"120,000 km",Honda,Vezel,Automatic,Hybrid,1500,Registered (Used),"2026 May 16, 10:23 pm","['AIR CONDITION', 'POWER STEERING', 'POWER MIRROR', 'POWER WINDOW']",
https://riyasewana.com/buy/bajaj-2-stroke-sale-matara-11648445,Bajaj 2 Stroke 2004 Three Wheel (Used),"Rs. 850,000",Matara,2004,"12,000 km",Bajaj,2 Stroke,Manual,Petrol,145,Registered (Used),"2026 May 16, 10:22 pm",[],
https://riyasewana.com/buy/kubota-k-700-sale-tangalle-11648444,Kubota K-700 2006 Tractor (Used),"Rs. 360,000",Tangalle,2006,"125,000 km",Kubota,K-700,Manual,Diesel,1000,Registered (Used),"2026 May 16, 10:22 pm",[],
https://riyasewana.com/buy/massey-ferguson-240-sale-tangalle-11648442,Massey-Ferguson 240 2026 Tractor (Used),"Rs. 325,000",Tangalle,2026,1 km,Massey-Ferguson,240,Manual,Diesel,1111,Registered (Used),"2026 May 16, 10:21 pm",[],
https://riyasewana.com/buy/nissan-leaf-sale-battaramulla-11648441,Nissan Leaf 2013 Car (Used),"Rs. 5,100,000",Battaramulla,2013,"130,000 km",Nissan,Leaf,Automatic,Electric,80,Registered (Used),"2026 May 16, 10:21 pm","['AIR CONDITION', 'POWER STEERING', 'POWER MIRROR', 'POWER WINDOW']",
https://riyasewana.com/buy/chery-yoyo-sale-moratuwa-11648439,Chery Yoyo 2016 Van (Used),"Rs. 3,800,000",Moratuwa,2016,"45,000 km",Chery,Yoyo,Manual,Petrol,1100,Registered (Used),"2026 May 16, 10:21 pm","['AIR CONDITION', 'POWER STEERING', 'POWER MIRROR', 'POWER WINDOW']",
https://riyasewana.com/buy/nissan-clipper-sale-moratuwa-11648438,Nissan Clipper 2015 Van (Used),"Rs. 6,285,000",Moratuwa,2015,"85,632 km",Nissan,Clipper,Automatic,Petrol,650,Registered (Used),"2026 May 16, 10:20 pm","['AIR CONDITION', 'POWER STEERING', 'POWER MIRROR', 'POWER WINDOW']",
https://riyasewana.com/buy/honda-dio-sale-ambalangoda-11648436,Honda Dio 2016 Motorbike (Used),"Rs. 485,000",Ambalangoda,2016,"56,000 km",Honda,Dio,,,110,Registered (Used),"2026 May 16, 10:19 pm",[],Kick / Electric
https://riyasewana.com/buy/honda-fit-gp5-sale-tangalle-11648435,Honda Fit GP5 2015 Car (Used),"Rs. 8,800,000",Tangalle,2015,"145,000 km",Honda,Fit GP5,Automatic,Hybrid,1500,Registered (Used),"2026 May 16, 10:19 pm",[],
https://riyasewana.com/buy/tvs-iqube-sale-minuwangoda-11648434,TVS IQube 2025 Motorbike (Used),"Rs. 575,000",Minuwangoda,2025,"1,068 km",TVS,IQube,,,3,Registered (Used),"2026 May 16, 10:18 pm",[],Electric
https://riyasewana.com/buy/bajaj-platina-100-sale-matugama-11648432,Bajaj Platina 100 2007 Motorbike (Used),"Rs. 215,000",Matugama,2007,"37,500 km",Bajaj,Platina 100,,,100,Registered (Used),"2026 May 16, 10:18 pm",[],Kick
https://riyasewana.com/buy/toyota-fortuner-sale-kottawa-11648430,Toyota Fortuner 2007 SUV (Used),Rs. 142,Kottawa,2007,"245,000 km",Toyota,Fortuner,Automatic,Diesel,3000,Registered (Used),"2026 May 16, 10:18 pm","['AIR CONDITION', 'POWER STEERING', 'POWER MIRROR', 'POWER WINDOW']",
https://riyasewana.com/buy/suzuki-swift-sale-moratuwa-11648428,Suzuki Swift 2004 Car (Used),"Rs. 4,550,000",Moratuwa,2004,"233,727 km",Suzuki,Swift,Automatic,Petrol,1320,Registered (Used),"2026 May 16, 10:17 pm","['AIR CONDITION', 'POWER STEERING', 'POWER MIRROR', 'POWER WINDOW']",
https://riyasewana.com/buy/toyota-coaster-sale-matara-11648426,Toyota Coaster 1987 Bus (Used),Negotiable,Matara,1987,-,Toyota,Coaster,Manual,Diesel,3990,Registered (Used),"2026 May 16, 10:16 pm",['POWER STEERING'],
https://riyasewana.com/buy/perodua-axia-sale-moratuwa-11648425,Perodua Axia 2016 Car (Used),"Rs. 5,785,000",Moratuwa,2016,"89,223 km",Perodua,Axia,Automatic,Petrol,1000,Registered (Used),"2026 May 16, 10:15 pm","['AIR CONDITION', 'POWER STEERING', 'POWER MIRROR', 'POWER WINDOW']",
https://riyasewana.com/buy/tafe-45di-sale-tangalle-11648423,TAFE 45DI 2013 Tractor (Used),"Rs. 3,200,000",Tangalle,2013,1 km,TAFE,45DI,Manual,Diesel,2500,Registered (Used),"2026 May 16, 10:14 pm",[],
https://riyasewana.com/buy/bajaj-2-stroke-sale-anuradapura-11648422,Bajaj 2 stroke 2004 Three Wheel (Used),Rs. 865,Anuradapura,2004,"50,000 km",Bajaj,2 stroke,Manual,Petrol,150,Registered (Used),"2026 May 16, 10:14 pm",[],
https://riyasewana.com/buy/bajaj-ct-100-sale-homagama-11648421,Bajaj CT-100 2018 Motorbike (Used),"Rs. 440,000",Homagama,2018,"52,500 km",Bajaj,CT-100,,,100,Registered (Used),"2026 May 16, 10:14 pm",[],Kick
https://riyasewana.com/buy/bajaj-pulsar-180-sale-panadura-11648419,Bajaj Pulsar 180 2007 Motorbike (Used),"Rs. 275,000",Panadura,2007,"36,700 km",Bajaj,Pulsar 180,,,180,Registered (Used),"2026 May 16, 10:14 pm",[],Kick / Electric
https://riyasewana.com/buy/nissan-b211-sale-ambalangoda-11648418,Nissan B211 1980 Car (Used),"Rs. 600,000",Ambalangoda,1980,"65,222 km",Nissan,B211,Manual,Petrol,1400,Registered (Used),"2026 May 16, 10:13 pm",[],
https://riyasewana.com/buy/toyota-l-hdolphin-sale-kandy-11648416,Toyota L HDolphin 113 1990 Van (Used),"Rs. 6,950,000",Kandy,1990,1 km,Toyota,L HDolphin 113,Manual,Diesel,-,Registered (Used),"2026 May 16, 10:13 pm",[],
https://riyasewana.com/buy/hero-dash-sale-hambantota-11648415,Hero Dash 2016 Motorbike (Used),"Rs. 240,000",Hambantota,2016,"80,000 km",Hero,Dash,,,110,Registered (Used),"2026 May 16, 10:13 pm",[],Kick / Electric
https://riyasewana.com/buy/honda-crv-australian-sale-dehiwala-mount-lavinia-11623658,Honda CRV Australian Spec 2025 SUV Brand New,"Rs. 32,500,000",Dehiwala-Mount-Lavinia,2025,-,Honda,CRV Australian Spec,Automatic,Petrol,1500,Brand New,"2026 May 12, 10:30 am","['AIR CONDITION', 'POWER STEERING', 'POWER MIRROR', 'POWER WINDOW']",
https://riyasewana.com/buy/honda-civic-fd1-sale-avissawella-11622043,Honda Civic FD1 Type S 2008 Car (Used),"Rs. 7,850,000",Avissawella,2008,"185,000 km",Honda,Civic FD1 Type S,Automatic,Petrol,1800,Registered (Used),"2026 May 12, 5:15 am","['AIR CONDITION', 'POWER STEERING', 'POWER MIRROR', 'POWER WINDOW']",
https://riyasewana.com/buy/nissan-dayz-highway-sale-kadawatha-11646267,Nissan Dayz Highway Star Prpilot 2025 Car Brand New,"Rs. 8,675,000",Kadawatha,2025,1 km,Nissan,Dayz Highway Star Prpilot,Automatic,Hybrid,660,Brand New,"2026 May 16, 2:08 pm","['AIR CONDITION', 'POWER STEERING', 'POWER MIRROR', 'POWER WINDOW']",
https://riyasewana.com/buy/suzuki-wagon-r-sale-moratuwa-11648414,Suzuki Wagon R FX 2017 Car (Used),"Rs. 6,385,000",Moratuwa,2017,"120,963 km",Suzuki,Wagon R FX,Automatic,Petrol,650,Registered (Used),"2026 May 16, 10:11 pm","['AIR CONDITION', 'POWER STEERING', 'POWER MIRROR', 'POWER WINDOW']",
https://riyasewana.com/buy/bajaj-4-stroke-sale-galle-11648413,Bajaj 4 Stroke 2015 Three Wheel (Used),"Rs. 1,395,000",Galle,2015,"16,958 km",Bajaj,4 Stroke,Manual,Petrol,198,Registered (Used),"2026 May 16, 10:11 pm",[],
https://riyasewana.com/buy/mazda-3-sale-homagama-11648412,Mazda 3 2008 Car (Used),"Rs. 6,350,000",Homagama,2008,"217,000 km",Mazda,3,Manual,Petrol,1450,Registered (Used),"2026 May 16, 10:10 pm","['AIR CONDITION', 'POWER STEERING', 'POWER MIRROR', 'POWER WINDOW']",
https://riyasewana.com/buy/bajaj-re-sale-kandy-11648411,Bajaj RE 2011 Three Wheel (Used),"Rs. 1,235,000",Kandy,2011,1 km,Bajaj,RE,Manual,Petrol,-,Registered (Used),"2026 May 16, 10:09 pm",[],
https://riyasewana.com/buy/piaggio-apel-sale-eheliyagoda-11648410,Piaggio Apel 2016 Three Wheel (Used),"Rs. 1,250,000",Eheliyagoda,2016,"63,000 km",Piaggio,Apel,Manual,Diesel,395,Registered (Used),"2026 May 16, 10:09 pm",[],
https://riyasewana.com/buy/nissan-x-trail-premiere-sale-colombo-11648409,Nissan X-Trail Premiere 2016 SUV (Used),Negotiable,Colombo,2016,"122,000 km",Nissan,X-Trail Premiere,Automatic,Hybrid,2000,Registered (Used),"2026 May 16, 10:09 pm","['AIR CONDITION', 'POWER STEERING', 'POWER MIRROR', 'POWER WINDOW']",
https://riyasewana.com/buy/honda-vezel-z-sale-moratuwa-11648408,Honda Vezel Z Grade Orange Pack 2014 SUV (Used),"Rs. 9,250,000",Moratuwa,2014,"139,562 km",Honda,Vezel Z Grade Orange Pack,Automatic,Petrol,1500,Registered (Used),"2026 May 16, 10:08 pm","['AIR CONDITION', 'POWER STEERING', 'POWER MIRROR', 'POWER WINDOW']",
https://riyasewana.com/buy/toyota-axio-sale-kandy-11648407,Toyota Axio 2008 Car (Used),"Rs. 7,100,000",Kandy,2008,"170,000 km",Toyota,Axio,Automatic,Petrol,1,Registered (Used),"2026 May 16, 10:07 pm","['AIR CONDITION', 'POWER STEERING', 'POWER MIRROR']",
https://riyasewana.com/buy/bajaj-pulsar-150-sale-ratnapura-11648406,Bajaj Pulsar 150 2009 Motorbike (Used),"Rs. 315,000",Ratnapura,2009,"65,000 km",Bajaj,Pulsar 150,,,150,Registered (Used),"2026 May 16, 10:07 pm",[],Kick / Electric
https://riyasewana.com/buy/bajaj-re-sale-gampola-11648405,Bajaj RE 2009 Three Wheel (Used),Negotiable,Gampola,2009,"63,400 km",Bajaj,RE,Manual,Petrol,175,Registered (Used),"2026 May 16, 10:07 pm",[],
https://riyasewana.com/buy/toyota-premio-sale-piliyandala-11642287,Toyota Premio 2007 Car (Used),"Rs. 9,200,000",Piliyandala,2007,"138,000 km",Toyota,Premio,Automatic,Petrol,1800,Registered (Used),"2026 May 16, 10:07 pm","['AIR CONDITION', 'POWER STEERING', 'POWER MIRROR', 'POWER WINDOW']",
https://riyasewana.com/buy/mitsubishi-galant-sale-bandaragama-11648404,Mitsubishi Galant 2000 Car (Used),"Rs. 4,250,000",Bandaragama,2000,"15,700 km",Mitsubishi,Galant,Manual,Diesel,2000,Registered (Used),"2026 May 16, 10:06 pm","['POWER STEERING', 'POWER MIRROR', 'POWER WINDOW']",
https://riyasewana.com/buy/bajaj-ct-100-sale-anuradapura-11648403,Bajaj CT-100 2019 Motorbike (Used),"Rs. 460,000",Anuradapura,2019,"123,456 km",Bajaj,CT-100,,,100,Registered (Used),"2026 May 16, 10:06 pm",[],Kick / Electric
https://riyasewana.com/buy/suzuki-alto-800-sale-matugama-11648399,Suzuki Alto 800 2018 Car (Used),"Rs. 4,645,000",Matugama,2018,"68,700 km",Suzuki,Alto 800,Manual,Petrol,800,Registered (Used),"2026 May 16, 10:05 pm","['AIR CONDITION', 'POWER STEERING', 'POWER WINDOW']",
https://riyasewana.com/buy/land-rover-defender-sale-negombo-11648398,Land-Rover Defender 1988 SUV (Used),"Rs. 12,999,999",Negombo,1988,"50,000 km",Land-Rover,Defender,Manual,Diesel,24999,Registered (Used),"2026 May 16, 10:05 pm","['AIR CONDITION', 'POWER STEERING', 'POWER MIRROR', 'POWER WINDOW']",
https://riyasewana.com/buy/hero-ismart-sale-kegalle-11648397,Hero Ismart 2015 Motorbike (Used),"Rs. 330,000",Kegalle,2015,"21,323 km",Hero,Ismart,,,100,Registered (Used),"2026 May 16, 10:04 pm",[],Kick / Electric
https://riyasewana.com/buy/hero-pleasure-sale-mirigama-11648396,Hero Pleasure 2012 Motorbike (Used),"Rs. 205,000",Mirigama,2012,"47,852 km",Hero,Pleasure,,,100,Registered (Used),"2026 May 16, 10:04 pm",[],Kick / Electric
https://riyasewana.com/buy/bajaj-4-stroke-sale-kurunegala-11648395,Bajaj 4 Stroke 2013 Three Wheel (Used),"Rs. 1,300,000",Kurunegala,2013,"68,000 km",Bajaj,4 Stroke,Manual,Petrol,205,Antique,"2026 May 16, 10:02 pm","['AIR CONDITION', 'POWER STEERING', 'POWER MIRROR', 'POWER WINDOW']",
https://riyasewana.com/buy/suzuki-swift-sale-gampaha-11648392,Suzuki Swift 2007 Car (Used),"Rs. 5,100,000",Gampaha,2007,"190,000 km",Suzuki,Swift,Manual,Petrol,1300,Registered (Used),"2026 May 16, 10:01 pm","['AIR CONDITION', 'POWER STEERING', 'POWER MIRROR', 'POWER WINDOW']",
https://riyasewana.com/buy/honda-dio-sale-mawanella-11648391,Honda Dio 2012 Motorbike (Used),Negotiable,Mawanella,2012,"13,565 km",Honda,Dio,,,110,Registered (Used),"2026 May 16, 10:00 pm",[],Kick / Electric
https://riyasewana.com/buy/daihatsu-hijet-sale-nittambuwa-11648390,Daihatsu Hijet 1999 Van (Used),Negotiable,Nittambuwa,1999,"185,000 km",Daihatsu,Hijet,Automatic,Petrol,650,Registered (Used),"2026 May 16, 9:59 pm","['AIR CONDITION', 'POWER STEERING', 'POWER MIRROR', 'POWER WINDOW']",
https://riyasewana.com/buy/honda-dio-110-sale-kurunegala-11648389,Honda Dio 110 2018 Motorbike (Used),"Rs. 548,000",Kurunegala,2018,1 km,Honda,Dio 110,,,110,Registered (Used),"2026 May 16, 9:58 pm",[],Electric
https://riyasewana.com/buy/toyota-liteace-sale-colombo-11648388,Toyota LiteAce 1985 Van (Used),"Rs. 1,000,000",Colombo,1985,"13,800 km",Toyota,LiteAce,Manual,Petrol,1300,Registered (Used),"2026 May 16, 9:58 pm",[],
https://riyasewana.com/buy/mitsubishi-minicab-sale-kurunegala-11648387,Mitsubishi MiniCab 2002 Lorry (Used),"Rs. 2,450,000",Kurunegala,2002,1 km,Mitsubishi,MiniCab,Manual,Petrol,650,Registered (Used),"2026 May 16, 9:57 pm","['AIR CONDITION', 'POWER STEERING']",
https://riyasewana.com/buy/mercedes-benz-glc2504matic-sale-pannipitiya-11648386,Mercedes-Benz GLC2504MATIC 2018 SUV (Used),"Rs. 22,000,000",Pannipitiya,2018,"170,000 km",Mercedes-Benz,GLC2504MATIC,Automatic,Petrol,1991,Registered (Used),"2026 May 16, 9:57 pm","['AIR CONDITION', 'POWER STEERING', 'POWER MIRROR', 'POWER WINDOW']",
https://riyasewana.com/buy/toyota-axio-sale-bandaragama-11648385,Toyota Axio 2014 Car (Used),"Rs. 8,900,000",Bandaragama,2014,"190,000 km",Toyota,Axio,Automatic,Hybrid,-,Registered (Used),"2026 May 16, 9:57 pm","['AIR CONDITION', 'POWER STEERING', 'POWER MIRROR', 'POWER WINDOW']",
https://riyasewana.com/buy/yamaha-fz-s-v-sale-eheliyagoda-11648384,Yamaha FZ-S V 2.0 2019 Motorbike (Used),"Rs. 855,000",Eheliyagoda,2019,"49,000 km",Yamaha,FZ-S V 2.0,,,150,Registered (Used),"2026 May 16, 9:56 pm",[],Electric
https://riyasewana.com/buy/land-rover-discovery-sale-kuliyapitiya-11636808,Land-Rover Discovery 2007 SUV (Used),"Rs. 18,400,000",Kuliyapitiya,2007,-,Land-Rover,Discovery,Automatic,Diesel,2700,Registered (Used),"2026 May 16, 9:56 pm","['AIR CONDITION', 'POWER STEERING', 'POWER MIRROR', 'POWER WINDOW']",
https://riyasewana.com/buy/daihatsu-tanto-custom-sale-gampaha-11648383,Daihatsu Tanto Custom 2019 Car (Used),Negotiable,Gampaha,2019,"34,500 km",Daihatsu,Tanto Custom,Automatic,Petrol,650,Registered (Used),"2026 May 16, 9:55 pm","['AIR CONDITION', 'POWER STEERING', 'POWER MIRROR', 'POWER WINDOW']",
https://riyasewana.com/buy/toyota-axio-sale-colombo-11648382,Toyota Axio 2015 Car (Used),"Rs. 10,800,000",Colombo,2015,"105,000 km",Toyota,Axio,Automatic,Hybrid,1500,Registered (Used),"2026 May 16, 9:55 pm","['AIR CONDITION', 'POWER STEERING', 'POWER MIRROR', 'POWER WINDOW']",
https://riyasewana.com/buy/bajaj-discover-135-sale-mawanella-11648379,Bajaj Discover 135 2008 Motorbike (Used),Negotiable,Mawanella,2008,"1,546 km",Bajaj,Discover 135,,,135,Registered (Used),"2026 May 16, 9:54 pm",[],Kick / Electric
https://riyasewana.com/buy/tvs-scooty-streak-sale-kegalle-11648377,TVS Scooty Streak 2015 Motorbike (Used),"Rs. 255,000",Kegalle,2015,"20,698 km",TVS,Scooty Streak,,,90,Registered (Used),"2026 May 16, 9:52 pm",[],Kick / Electric
https://riyasewana.com/buy/toyota-yaris-g-sale-gampaha-11648376,Toyota Yaris G Graed 2025 Car (Used),"Rs. 11,000,000",Gampaha,2025,866 km,Toyota,Yaris G Graed,Automatic,Petrol,1000,Registered (Used),"2026 May 16, 9:51 pm","['AIR CONDITION', 'POWER STEERING', 'POWER MIRROR', 'POWER WINDOW']",
https://riyasewana.com/buy/nissan-vanette-sale-gampaha-11648375,Nissan Vanette 1986 Van (Used),"Rs. 2,450,000",Gampaha,1986,"12,345 km",Nissan,Vanette,Manual,Petrol,1200,Registered (Used),"2026 May 16, 9:51 pm","['AIR CONDITION', 'POWER STEERING']",
https://riyasewana.com/buy/nissan-pulsar-wagon-sale-negombo-11648374,Nissan Pulsar Wagon 1997 Car (Used),"Rs. 2,800,000",Negombo,1997,"287,370 km",Nissan,Pulsar Wagon,Automatic,Petrol,1500,Registered (Used),"2026 May 16, 9:51 pm","['AIR CONDITION', 'POWER STEERING', 'POWER MIRROR', 'POWER WINDOW']",
https://riyasewana.com/buy/honda-fit-aria-sale-anuradapura-11648373,Honda Fit Aria GD8 2008 Car (Used),"Rs. 5,280,000",Anuradapura,2008,"180,021 km",Honda,Fit Aria GD8,Automatic,Petrol,1500,Registered (Used),"2026 May 16, 9:51 pm","['AIR CONDITION', 'POWER STEERING', 'POWER MIRROR', 'POWER WINDOW']",
https://riyasewana.com/buy/isuzu-full-body-sale-kurunegala-11648371,Isuzu Full Body 2016 Lorry (Used),"Rs. 9,450,000",Kurunegala,2016,"320,000 km",Isuzu,Full Body,Manual,Diesel,2900,Registered (Used),"2026 May 16, 9:50 pm","['AIR CONDITION', 'POWER STEERING', 'POWER WINDOW']",
https://riyasewana.com/buy/nissan-pulsar-sale-matugama-11648370,Nissan Pulsar 1997 Car (Used),"Rs. 3,325,000",Matugama,1997,"200,000 km",Nissan,Pulsar,Automatic,Diesel,2000,Registered (Used),"2026 May 16, 9:49 pm","['AIR CONDITION', 'POWER STEERING', 'POWER MIRROR', 'POWER WINDOW']",
https://riyasewana.com/buy/daihatsu-hijet-sale-polonnaruwa-11648369,Daihatsu Hijet 1999 Van (Used),"Rs. 2,870,000",Polonnaruwa,1999,0 km,Daihatsu,Hijet,Manual,Petrol,650,Registered (Used),"2026 May 16, 9:49 pm","['AIR CONDITION', 'POWER STEERING', 'POWER MIRROR', 'POWER WINDOW']",
https://riyasewana.com/buy/suzuki-burgman-sale-galle-11648367,Suzuki Burgman 2019 Motorbike (Used),"Rs. 735,000",Galle,2019,"61,000 km",Suzuki,Burgman,,,125,Registered (Used),"2026 May 16, 9:48 pm",[],Kick / Electric
https://riyasewana.com/buy/honda-vezel-rv5-sale-colombo-11590612,Honda Vezel RV5 X Pearl 2023 SUV Unregistered (Recondition),"Rs. 15,300,000",Colombo,2023,"25,000 km",Honda,Vezel RV5 X Pearl,Automatic,Hybrid,1500,Unregistered (Recondition),"2026 May 06, 10:25 am","['AIR CONDITION', 'POWER STEERING', 'POWER WINDOW']",
https://riyasewana.com/buy/toyota-roomy-sale-colombo-11647121,Toyota Roomy 2023 Car Unregistered (Recondition),"Rs. 8,950,000",Colombo,2023,"20,000 km",Toyota,Roomy,Automatic,Petrol,1000,Unregistered (Recondition),"2026 May 16, 5:14 pm",[],
https://riyasewana.com/buy/honda-civic-fk6-sale-dehiwala-mount-lavinia-11636531,Honda Civic FK6 Tech Pack 2018 Car (Used),"Rs. 13,575,000",Dehiwala-Mount-Lavinia,2018,"71,000 km",Honda,Civic FK6 Tech Pack,Automatic,Petrol,1000,Registered (Used),"2026 May 14, 8:16 pm","['AIR CONDITION', 'POWER STEERING', 'POWER MIRROR', 'POWER WINDOW']",
https://riyasewana.com/buy/daihatsu-jumbo-extra-sale-nittambuwa-11648366,Daihatsu JUMBO EXTRA 4WD 2025 Lorry (Used),"Rs. 6,750,000",Nittambuwa,2025,450 km,Daihatsu,JUMBO EXTRA 4WD,Automatic,Petrol,660,Registered (Used),"2026 May 16, 9:48 pm","['AIR CONDITION', 'POWER STEERING', 'POWER MIRROR', 'POWER WINDOW']",
https://riyasewana.com/buy/mazda-familia-sale-divulapitiya-11648365,Mazda Familia 1986 Car (Used),"Rs. 1,650,000",Divulapitiya,1986,"111,111 km",Mazda,Familia,Manual,Petrol,1500,Registered (Used),"2026 May 16, 9:47 pm","['AIR CONDITION', 'POWER STEERING', 'POWER MIRROR']",
https://riyasewana.com/buy/nissan-clipper-sale-malabe-11648364,Nissan Clipper 2013 Van (Used),"Rs. 4,850,000",Malabe,2013,"137,000 km",Nissan,Clipper,Automatic,Petrol,650,Registered (Used),"2026 May 16, 9:46 pm",[],
https://riyasewana.com/buy/suzuki-alto-sale-embilipitiya-11648363,Suzuki Alto 2007 Car (Used),Negotiable,Embilipitiya,2007,"160,000 km",Suzuki,Alto,Manual,Petrol,800,Registered (Used),"2026 May 16, 9:46 pm",['POWER STEERING'],
https://riyasewana.com/buy/suzuki-maruti-sale-matara-11648362,Suzuki Maruti 2001 Car (Used),Negotiable,Matara,2001,1 km,Suzuki,Maruti,Manual,Petrol,800,Registered (Used),"2026 May 16, 9:45 pm",[],
https://riyasewana.com/buy/toyota-vitz-safety-sale-colombo-11604946,Toyota Vitz Safety Edition 2019 Car (Used),"Rs. 8,600,000",Colombo,2019,"94,000 km",Toyota,Vitz Safety Edition,Automatic,Petrol,996,Registered (Used),"2026 May 16, 9:44 pm","['AIR CONDITION', 'POWER STEERING', 'POWER MIRROR', 'POWER WINDOW']",
https://riyasewana.com/buy/suzuki-wagon-r-sale-malabe-11648361,Suzuki Wagon R Stingray 2015 Car (Used),"Rs. 5,900,000",Malabe,2015,"102,000 km",Suzuki,Wagon R Stingray,Automatic,Hybrid,650,Registered (Used),"2026 May 16, 9:44 pm",[],
https://riyasewana.com/buy/honda-dio-sale-galle-11648359,Honda Dio 2016 Motorbike (Used),Negotiable,Galle,2016,1 km,Honda,Dio,,,110,Registered (Used),"2026 May 16, 9:43 pm",[],Kick / Electric
https://riyasewana.com/buy/nissan-carrier-sale-divulapitiya-11648358,Nissan Carrier 1992 Lorry (Used),"Rs. 5,750,000",Divulapitiya,1992,"58,000 km",Nissan,Carrier,Manual,Diesel,4000,Registered (Used),"2026 May 16, 9:41 pm","['AIR CONDITION', 'POWER STEERING', 'POWER MIRROR', 'POWER WINDOW']",
https://riyasewana.com/buy/bajaj-discover-sale-colombo-11648356,Bajaj Discover 2009 Motorbike (Used),"Rs. 330,000",Colombo,2009,"111,111,111 km",Bajaj,Discover,,,135,Registered (Used),"2026 May 16, 9:41 pm",[],Kick / Electric
https://riyasewana.com/buy/bajaj-2-stroke-sale-gampaha-11648351,Bajaj 2 Stroke 1995 Three Wheel (Used),Negotiable,Gampaha,1995,1 km,Bajaj,2 Stroke,Manual,Petrol,-,Registered (Used),"2026 May 16, 9:41 pm",[],
https://riyasewana.com/buy/bajaj-ct-100-sale-kurunegala-11648350,Bajaj CT-100 2010 Motorbike (Used),"Rs. 310,000",Kurunegala,2010,"75,000 km",Bajaj,CT-100,,,100,Registered (Used),"2026 May 16, 9:40 pm",[],Kick
https://riyasewana.com/buy/mitsubishi-l300-sale-kurunegala-11648349,Mitsubishi L300 1983 Van (Used),"Rs. 1,000,000",Kurunegala,1983,-,Mitsubishi,L300,Manual,Petrol,-,Registered (Used),"2026 May 16, 9:40 pm",[],
https://riyasewana.com/buy/honda-hornet-sale-chilaw-11648348,Honda Hornet 2024 Motorbike (Used),"Rs. 2,650,000",Chilaw,2024,"32,060 km",Honda,Hornet,,,250,Registered (Used),"2026 May 16, 9:38 pm",[],Electric
https://riyasewana.com/buy/dfsk-glory-580-sale-kadawatha-11648347,DFSK Glory 580 2024 SUV (Used),"Rs. 7,995,000",Kadawatha,2024,"9,000 km",DFSK,Glory 580,Automatic,Petrol,1500,Registered (Used),"2026 May 16, 9:38 pm","['AIR CONDITION', 'POWER STEERING', 'POWER MIRROR', 'POWER WINDOW']",
https://riyasewana.com/buy/toyota-prius-sale-kalutara-11648345,Toyota Prius 2012 Car (Used),"Rs. 11,300,000",Kalutara,2012,"160,000 km",Toyota,Prius,Automatic,Hybrid,1800,Registered (Used),"2026 May 16, 9:37 pm","['AIR CONDITION', 'POWER STEERING', 'POWER MIRROR', 'POWER WINDOW']",
https://riyasewana.com/buy/honda-cbr-sale-ratnapura-11648343,Honda CBR 2009 Motorbike (Used),"Rs. 1,690,000",Ratnapura,2009,1 km,Honda,CBR,,,250,Registered (Used),"2026 May 16, 9:37 pm",[],Electric
https://riyasewana.com/buy/honda-civic-fd-sale-kurunegala-11648342,Honda Civic FD 1s 2006 Car (Used),"Rs. 7,250,000",Kurunegala,2006,"180,000 km",Honda,Civic FD 1s,Automatic,Petrol,1800,Registered (Used),"2026 May 16, 9:37 pm","['AIR CONDITION', 'POWER STEERING', 'POWER MIRROR', 'POWER WINDOW']",
https://riyasewana.com/buy/bajaj-pulsar-150-sale-veyangoda-11648341,Bajaj Pulsar 150 2015 Motorbike (Used),Negotiable,Veyangoda,2015,110 km,Bajaj,Pulsar 150,,,150,Registered (Used),"2026 May 16, 9:36 pm",[],Kick / Electric
https://riyasewana.com/buy/toyota-corolla-ae110-sale-nawalapitiya-11648340,Toyota Corolla Ae110 1997 Car (Used),"Rs. 3,450,000",Nawalapitiya,1997,"100,000 km",Toyota,Corolla Ae110,Automatic,Petrol,1500,Registered (Used),"2026 May 16, 9:35 pm","['AIR CONDITION', 'POWER STEERING', 'POWER MIRROR', 'POWER WINDOW']",
https://riyasewana.com/buy/hero-pleasure-sale-kurunegala-11648339,Hero Pleasure 2014 Motorbike (Used),"Rs. 268,000",Kurunegala,2014,"34,649 km",Hero,Pleasure,,,110,Registered (Used),"2026 May 16, 9:35 pm",[],Kick / Electric
https://riyasewana.com/buy/toyota-raize-z-sale-gampaha-11609933,Toyota Raize Z Hybrid 2026 SUV Brand New,Negotiable,Gampaha,2026,250 km,Toyota,Raize Z Hybrid,Automatic,Hybrid,1200,Brand New,"2026 May 16, 9:35 pm","['AIR CONDITION', 'POWER STEERING', 'POWER MIRROR', 'POWER WINDOW']",
https://riyasewana.com/buy/jeep-cherokee-sale-elpitiya-11596208,Jeep Cherokee 2004 SUV (Used),"Rs. 5,750,000",Elpitiya,2004,"186,000 km",Jeep,Cherokee,Automatic,Petrol,3700,Registered (Used),"2026 May 16, 9:35 pm","['AIR CONDITION', 'POWER STEERING', 'POWER WINDOW']",
https://riyasewana.com/buy/nissan-e25-sale-gampaha-11648338,Nissan E25 2007 Van (Used),Negotiable,Gampaha,2007,"25,685 km",Nissan,E25,Manual,Diesel,32,Registered (Used),"2026 May 16, 9:34 pm","['AIR CONDITION', 'POWER STEERING', 'POWER MIRROR', 'POWER WINDOW']",
https://riyasewana.com/buy/mitsubishi-lunzar-flat-sale-minuwangoda-11648337,Mitsubishi Lunzar Flat Lights 1980 Car (Used),Negotiable,Minuwangoda,1980,1 km,Mitsubishi,Lunzar Flat Lights,Manual,Petrol,1400,Registered (Used),"2026 May 16, 9:34 pm",[],
https://riyasewana.com/buy/suzuki-maruti-zen-sale-divulapitiya-11648335,Suzuki Maruti Zen 2001 Car (Used),"Rs. 1,800,000",Divulapitiya,2001,"89,000 km",Suzuki,Maruti Zen,Manual,Petrol,1000,Registered (Used),"2026 May 16, 9:32 pm","['AIR CONDITION', 'POWER WINDOW']",
https://riyasewana.com/buy/bajaj-discover-sale-bandaragama-11648332,Bajaj Discover 2011 Motorbike (Used),Negotiable,Bandaragama,2011,1 km,Bajaj,Discover,,,90,Registered (Used),"2026 May 16, 9:31 pm",[],Kick / Electric
https://riyasewana.com/buy/toyota-premio-g-sale-homagama-11583458,Toyota Premio G SUPERIOR 2016 Car (Used),"Rs. 14,700,000",Homagama,2016,"100,800 km",Toyota,Premio G SUPERIOR,Automatic,Petrol,1500,Registered (Used),"2026 May 16, 9:31 pm","['AIR CONDITION', 'POWER STEERING', 'POWER MIRROR', 'POWER WINDOW']",
https://riyasewana.com/buy/bajaj-re-sale-nittambuwa-11648331,Bajaj Re 2026 Three Wheel Brand New,"Rs. 500,000",Nittambuwa,2026,1 km,Bajaj,Re,Manual,Petrol,236,Brand New,"2026 May 16, 9:30 pm",[],
https://riyasewana.com/buy/honda-crv-sale-anuradapura-11648330,Honda CRV 2018 SUV (Used),"Rs. 17,950,000",Anuradapura,2018,"137,000 km",Honda,CRV,Automatic,Petrol,1490,Registered (Used),"2026 May 16, 9:30 pm","['POWER STEERING', 'POWER MIRROR', 'POWER WINDOW']",
https://riyasewana.com/buy/toyota-kdh-201-sale-galle-11449491,Toyota KDH 201 GL 2011 Van (Used),"Rs. 18,800,000",Galle,2011,"250,000 km",Toyota,KDH 201 GL,Automatic,Diesel,2980,Registered (Used),"2026 May 16, 9:30 pm","['AIR CONDITION', 'POWER STEERING', 'POWER MIRROR']",
https://riyasewana.com/buy/honda-dio-sale-matugama-11648329,Honda Dio 2016 Motorbike (Used),Negotiable,Matugama,2016,"45,000 km",Honda,Dio,,,110,Registered (Used),"2026 May 16, 9:29 pm",[],Kick / Electric
https://riyasewana.com/buy/nissan-magnite-sale-kiribathgoda-11648328,Nissan Magnite 2026 SUV (Used),"Rs. 500,000",Kiribathgoda,2026,150 km,Nissan,Magnite,Automatic,Petrol,1000,Registered (Used),"2026 May 16, 9:29 pm","['AIR CONDITION', 'POWER STEERING', 'POWER MIRROR', 'POWER WINDOW']",
https://riyasewana.com/buy/honda-grace-ex-sale-anuradapura-11648327,Honda Grace EX 2017 Car (Used),"Rs. 9,100,000",Anuradapura,2017,"201,000 km",Honda,Grace EX,Automatic,Hybrid,1500,Registered (Used),"2026 May 16, 9:29 pm","['AIR CONDITION', 'POWER STEERING', 'POWER MIRROR', 'POWER WINDOW']",
https://riyasewana.com/buy/bajaj-pulsar-sale-kandy-11648326,Bajaj Pulsar 2013 Motorbike (Used),Negotiable,Kandy,2013,"65,000 km",Bajaj,Pulsar,,,135,Registered (Used),"2026 May 16, 9:29 pm",[],Kick / Electric
https://riyasewana.com/buy/ranomoto-dream-sale-badulla-11648325,Ranomoto Dream 2019 Motorbike (Used),"Rs. 185,000",Badulla,2019,"13,500 km",Ranomoto,Dream,,,125,Registered (Used),"2026 May 16, 9:28 pm",[],Kick / Electric
https://riyasewana.com/buy/suzuki-alto-sale-kandy-11648324,Suzuki ALTO 2011 Car (Used),"Rs. 3,225,000",Kandy,2011,"145,200 km",Suzuki,ALTO,Manual,Petrol,800,Registered (Used),"2026 May 16, 9:28 pm","['AIR CONDITION', 'POWER STEERING', 'POWER MIRROR', 'POWER WINDOW']",
https://riyasewana.com/buy/yamaha-fz-s-sale-kandy-11648321,Yamaha FZ-S 2017 Motorbike (Used),Negotiable,Kandy,2017,"65,000 km",Yamaha,FZ-S,,,150,Registered (Used),"2026 May 16, 9:27 pm",[],Electric
https://riyasewana.com/buy/honda-civic-ek3-sale-colombo-11648320,Honda Civic EK3 1998 Car (Used),"Rs. 4,775,000",Colombo,1998,"250,000 km",Honda,Civic EK3,Automatic,Petrol,1500,Registered (Used),"2026 May 16, 9:26 pm","['AIR CONDITION', 'POWER STEERING', 'POWER MIRROR', 'POWER WINDOW']",
https://riyasewana.com/buy/bajaj-discover-150-sale-bandaragama-11648318,Bajaj Discover 150 2011 Motorbike (Used),Negotiable,Bandaragama,2011,1 km,Bajaj,Discover 150,,,150,Registered (Used),"2026 May 16, 9:26 pm",[],Kick / Electric
https://riyasewana.com/buy/mercedes-benz-slk-250-sale-panadura-11644364,Mercedes-Benz SLK 250 2014 Car (Used),"Rs. 19,850,000",Panadura,2014,"55,000 km",Mercedes-Benz,SLK 250,Automatic,Diesel,2200,Registered (Used),"2026 May 16, 9:37 am","['AIR CONDITION', 'POWER STEERING', 'POWER WINDOW']",
https://riyasewana.com/buy/micro-kinglong-sale-colombo-11602002,Micro Kinglong 2016 Bus (Used),Negotiable,Colombo,2016,"220,000 km",Micro,Kinglong,Manual,Diesel,6000,Registered (Used),"2026 May 08, 12:44 pm","['AIR CONDITION', 'POWER STEERING', 'POWER MIRROR']",
https://riyasewana.com/buy/chevrolet-aveo-lt-sale-moratuwa-11619736,Chevrolet Aveo LT 2008 Car (Used),"Rs. 4,000,000",Moratuwa,2008,"172,000 km",Chevrolet,Aveo LT,Manual,Petrol,1600,Registered (Used),"2026 May 11, 1:50 pm","['AIR CONDITION', 'POWER STEERING', 'POWER MIRROR', 'POWER WINDOW']",
https://riyasewana.com/buy/bmw-x5-sale-kottawa-11635761,BMW X5 2015 SUV (Used),"Rs. 21,000,000",Kottawa,2015,"91,000 km",BMW,X5,Automatic,Hybrid,2000,Registered (Used),"2026 May 14, 5:04 pm","['AIR CONDITION', 'POWER STEERING', 'POWER MIRROR', 'POWER WINDOW']",
https://riyasewana.com/buy/bajaj-pulsar-180-sale-gampaha-11648317,Bajaj Pulsar 180 2016 Motorbike (Used),Negotiable,Gampaha,2016,"42,000 km",Bajaj,Pulsar 180,,,178,Registered (Used),"2026 May 16, 9:26 pm",[],Kick / Electric
https://riyasewana.com/buy/mahindra-yovo-575di-sale-negombo-11648316,Mahindra YOVO 575DI 4WD 2018 Tractor (Used),"Rs. 2,950,000",Negombo,2018,"2,268 km",Mahindra,YOVO 575DI 4WD,Manual,Diesel,-,Registered (Used),"2026 May 16, 9:25 pm",['POWER STEERING'],
https://riyasewana.com/buy/yamaha-ray-zr-sale-kandy-11648315,Yamaha Ray ZR 2019 Motorbike (Used),Negotiable,Kandy,2019,"34,000 km",Yamaha,Ray ZR,,,110,Registered (Used),"2026 May 16, 9:25 pm",[],Kick / Electric
https://riyasewana.com/buy/bajaj-2-stroke-sale-kurunegala-11648312,Bajaj 2 Stroke 2001 Three Wheel (Used),"Rs. 695,000",Kurunegala,2001,"98,744 km",Bajaj,2 Stroke,Manual,Petrol,150,Registered (Used),"2026 May 16, 9:24 pm",[],
https://riyasewana.com/buy/honda-activa-i-sale-mirigama-11648311,Honda Activa I 2014 Motorbike (Used),"Rs. 280,000",Mirigama,2014,"10,545 km",Honda,Activa I,,,110,Registered (Used),"2026 May 16, 9:24 pm",[],Kick / Electric
https://riyasewana.com/buy/bajaj-pulsar-150-sale-matale-11648310,Bajaj Pulsar 150 2013 Motorbike (Used),Negotiable,Matale,2013,"52,800 km",Bajaj,Pulsar 150,,,150,Registered (Used),"2026 May 16, 9:24 pm",[],Kick / Electric
https://riyasewana.com/buy/bajaj-ct-100-sale-haputale-11648309,Bajaj CT-100 2004 Motorbike (Used),Negotiable,Haputale,2004,"44,000 km",Bajaj,CT-100,,,0,Registered (Used),"2026 May 16, 9:24 pm",[],Kick
https://riyasewana.com/buy/suzuki-wagon-r-sale-colombo-11648308,Suzuki Wagon R FX 2024 Car (Used),"Rs. 8,400,000",Colombo,2024,"1,000 km",Suzuki,Wagon R FX,Automatic,Petrol,660,Registered (Used),"2026 May 16, 9:24 pm","['AIR CONDITION', 'POWER STEERING', 'POWER MIRROR', 'POWER WINDOW']",
https://riyasewana.com/buy/bajaj-re-4-sale-panadura-11648307,Bajaj RE 4 Stroke 2019 Three Wheel (Used),Negotiable,Panadura,2019,"75,000 km",Bajaj,RE 4 Stroke,Automatic,Petrol,200,Registered (Used),"2026 May 16, 9:23 pm",[],
https://riyasewana.com/buy/bajaj-pulsar-ns-sale-kegalle-11648306,Bajaj Pulsar Ns 160 2017 Motorbike (Used),"Rs. 595,000",Kegalle,2017,-,Bajaj,Pulsar Ns 160,,,160,Registered (Used),"2026 May 16, 9:23 pm",[],Kick / Electric
https://riyasewana.com/buy/suzuki-swift-sale-kurunegala-11648305,Suzuki Swift 2011 Car (Used),Negotiable,Kurunegala,2011,"134,000 km",Suzuki,Swift,Automatic,Petrol,1240,Registered (Used),"2026 May 16, 9:23 pm","['AIR CONDITION', 'POWER STEERING', 'POWER MIRROR', 'POWER WINDOW']",
https://riyasewana.com/buy/honda-n-wgn-sale-warakapola-11648304,Honda N WGN 2018 Car (Used),"Rs. 6,600,000",Warakapola,2018,"129,000 km",Honda,N WGN,Automatic,Petrol,-,Registered (Used),"2026 May 16, 9:22 pm",[],
https://riyasewana.com/buy/bajaj-2-stroke-sale-kurunegala-11648303,Bajaj 2 Stroke 1998 Three Wheel (Used),"Rs. 375,000",Kurunegala,1998,"89,632 km",Bajaj,2 Stroke,Manual,Petrol,150,Registered (Used),"2026 May 16, 9:21 pm",[],
https://riyasewana.com/buy/bajaj-discover-125-sale-pannala-11648302,Bajaj Discover 125 2013 Motorbike (Used),"Rs. 315,000",Pannala,2013,1 km,Bajaj,Discover 125,,,125,Registered (Used),"2026 May 16, 9:21 pm",[],Kick / Electric
https://riyasewana.com/buy/tvs-scooty-pep-sale-bandaragama-11648301,TVS Scooty Pep 2011 Motorbike (Used),Negotiable,Bandaragama,2011,1 km,TVS,Scooty Pep,,,90,Registered (Used),"2026 May 16, 9:21 pm",[],Kick / Electric
https://riyasewana.com/buy/yanmar-b-27-sale-matara-11648300,Yanmar B 27 2026 Heavy-Duty (Used),"Rs. 2,975,000",Matara,2026,900 km,Yanmar,B 27,Automatic,Diesel,1234,Registered (Used),"2026 May 16, 9:20 pm",['POWER MIRROR'],
https://riyasewana.com/buy/toyota-vitz-sale-balangoda-11648299,Toyota Vitz 2008 Car (Used),Negotiable,Balangoda,2008,"131,000 km",Toyota,Vitz,Automatic,Petrol,1000,Registered (Used),"2026 May 16, 9:20 pm","['AIR CONDITION', 'POWER STEERING', 'POWER MIRROR', 'POWER WINDOW']",
https://riyasewana.com/buy/suzuki-wagon-r-sale-colombo-11648298,Suzuki Wagon R FX 2024 Car (Used),"Rs. 7,890,000",Colombo,2024,"10,000 km",Suzuki,Wagon R FX,Automatic,Petrol,660,Registered (Used),"2026 May 16, 9:19 pm","['AIR CONDITION', 'POWER STEERING', 'POWER MIRROR', 'POWER WINDOW']",
https://riyasewana.com/buy/honda-vezel-sale-polonnaruwa-11648297,Honda Vezel 2015 SUV (Used),Negotiable,Polonnaruwa,2015,"71,000 km",Honda,Vezel,Automatic,Hybrid,1496,Registered (Used),"2026 May 16, 9:19 pm","['AIR CONDITION', 'POWER STEERING', 'POWER MIRROR', 'POWER WINDOW']",
https://riyasewana.com/buy/suzuki-alto-japan-sale-kurunegala-11648296,Suzuki Alto Japan 2007 Car (Used),Negotiable,Kurunegala,2007,"143,000 km",Suzuki,Alto Japan,Automatic,Petrol,660,Registered (Used),"2026 May 16, 9:19 pm","['AIR CONDITION', 'POWER STEERING', 'POWER WINDOW']",
https://riyasewana.com/buy/honda-vesel-z-sale-kotte-11648295,Honda Vesel Z Premium 2025 SUV Unregistered (Recondition),"Rs. 19,650,000",Kotte,2025,800 km,Honda,Vesel Z Premium,Automatic,Hybrid,1490,Unregistered (Recondition),"2026 May 16, 9:19 pm","['AIR CONDITION', 'POWER STEERING', 'POWER MIRROR', 'POWER WINDOW']",
https://riyasewana.com/buy/toyota-at150-sale-veyangoda-11648294,Toyota At150 1986 Car (Used),"Rs. 1,450,000",Veyangoda,1986,"190,000 km",Toyota,At150,Manual,Petrol,1500,Registered (Used),"2026 May 16, 9:19 pm","['AIR CONDITION', 'POWER STEERING', 'POWER MIRROR', 'POWER WINDOW']",
https://riyasewana.com/buy/bajaj-re-2-sale-gampaha-11648293,Bajaj RE 2 Stroke 2006 Three Wheel (Used),"Rs. 1,055,000",Gampaha,2006,-,Bajaj,RE 2 Stroke,Manual,Petrol,-,Registered (Used),"2026 May 16, 9:18 pm",[],
https://riyasewana.com/buy/suzuki-alto-sale-kandy-11648291,Suzuki Alto 2015 Car (Used),Negotiable,Kandy,2015,"104,000 km",Suzuki,Alto,Manual,Petrol,800,Registered (Used),"2026 May 16, 9:18 pm","['AIR CONDITION', 'POWER STEERING']",
https://riyasewana.com/buy/renault-kwid-sale-trincomalee-11648290,Renault Kwid 2016 Car (Used),"Rs. 3,729,000",Trincomalee,2016,"74,162 km",Renault,Kwid,Manual,Petrol,797,Registered (Used),"2026 May 16, 9:17 pm","['AIR CONDITION', 'POWER STEERING', 'POWER WINDOW']",
https://riyasewana.com/buy/hero-pleasure-sale-kegalle-11648289,Hero Pleasure 2014 Motorbike (Used),"Rs. 285,000",Kegalle,2014,"35,500 km",Hero,Pleasure,,,100,Registered (Used),"2026 May 16, 9:16 pm",[],Kick / Electric
https://riyasewana.com/buy/jetour-xc70-sale-colombo-11648288,Jetour Xc70 2025 SUV (Used),"Rs. 16,800,000",Colombo,2025,"14,000 km",Jetour,Xc70,Automatic,Petrol,1500,Registered (Used),"2026 May 16, 9:16 pm","['AIR CONDITION', 'POWER STEERING', 'POWER MIRROR', 'POWER WINDOW']",
https://riyasewana.com/buy/honda-md-90-sale-kandy-11648286,Honda Md 90 2004 Motorbike (Used),"Rs. 225,000",Kandy,2004,100 km,Honda,Md 90,,,90,Registered (Used),"2026 May 16, 9:15 pm",[],Kick
https://riyasewana.com/buy/toyota-prius-sale-kurunegala-11648285,Toyota Prius 2012 Car (Used),"Rs. 9,850,000",Kurunegala,2012,"168,019 km",Toyota,Prius,Automatic,Hybrid,1790,Registered (Used),"2026 May 16, 9:15 pm","['AIR CONDITION', 'POWER STEERING', 'POWER MIRROR', 'POWER WINDOW']",
https://riyasewana.com/buy/mercedes-benz-c200-sale-colombo-11642142,Mercedes-Benz C200 2024 Car Unregistered (Recondition),"Rs. 41,200,000",Colombo,2024,"5,000 km",Mercedes-Benz,C200,Automatic,Petrol,1500,Unregistered (Recondition),"2026 May 16, 9:14 pm","['AIR CONDITION', 'POWER STEERING', 'POWER MIRROR', 'POWER WINDOW']",
https://riyasewana.com/buy/honda-dio-sale-hambantota-11648283,Honda Dio 2017 Motorbike (Used),"Rs. 495,000",Hambantota,2017,"38,000 km",Honda,Dio,,,110,Registered (Used),"2026 May 16, 9:13 pm",[],Kick / Electric
https://riyasewana.com/buy/nissan-dayz-highway-sale-colombo-11648281,Nissan Dayz Highway Star 2018 Car (Used),"Rs. 6,250,000",Colombo,2018,"118,000 km",Nissan,Dayz Highway Star,Automatic,Petrol,650,Registered (Used),"2026 May 16, 9:11 pm","['AIR CONDITION', 'POWER STEERING', 'POWER MIRROR', 'POWER WINDOW']",
https://riyasewana.com/buy/honda-ax-1-sale-chilaw-11648280,Honda AX-1 2015 Motorbike (Used),"Rs. 1,250,000",Chilaw,2015,"45,000 km",Honda,AX-1,,,250,Registered (Used),"2026 May 16, 9:11 pm",[],Electric
https://riyasewana.com/buy/bajaj-re-4-sale-mawanella-11648279,Bajaj RE 4 Stroke 2015 Three Wheel (Used),"Rs. 1,600,000",Mawanella,2015,1 km,Bajaj,RE 4 Stroke,Manual,Petrol,205,Registered (Used),"2026 May 16, 9:11 pm",[],
https://riyasewana.com/buy/kia-picanto-sale-kiribathgoda-11648275,Kia Picanto 2016 Car (Used),"Rs. 5,700,000",Kiribathgoda,2016,"61,100 km",Kia,Picanto,Automatic,Petrol,1000,Registered (Used),"2026 May 16, 9:10 pm","['AIR CONDITION', 'POWER STEERING', 'POWER MIRROR', 'POWER WINDOW']",
https://riyasewana.com/buy/bajaj-re-sale-kandy-11648274,Bajaj RE 2006 Three Wheel (Used),Negotiable,Kandy,2006,1 km,Bajaj,RE,Manual,Petrol,150,Registered (Used),"2026 May 16, 9:10 pm",['POWER STEERING'],
https://riyasewana.com/buy/suzuki-wagon-r-sale-ragama-11648271,Suzuki Wagon R FX hybrid 2024 Car Unregistered (Recondition),"Rs. 8,175,000",Ragama,2024,"10,600 km",Suzuki,Wagon R FX hybrid,Automatic,Petrol,660,Unregistered (Recondition),"2026 May 16, 9:10 pm","['AIR CONDITION', 'POWER STEERING', 'POWER MIRROR', 'POWER WINDOW']",
https://riyasewana.com/buy/bajaj-discover-sale-kadawatha-11648270,Bajaj Discover 2011 Motorbike (Used),"Rs. 250,000",Kadawatha,2011,"123,464 km",Bajaj,Discover,,,100,Registered (Used),"2026 May 16, 9:09 pm",[],Kick / Electric
https://riyasewana.com/buy/mitsubishi-lancer-box-sale-middeniya-11648269,Mitsubishi Lancer Box 1985 Car (Used),"Rs. 1,300,000",Middeniya,1985,"100,000 km",Mitsubishi,Lancer Box,Manual,Petrol,1500,Registered (Used),"2026 May 16, 9:09 pm",[],
https://riyasewana.com/buy/audi-a6-sale-colombo-11648268,Audi A6 2011 Car (Used),"Rs. 16,000,000",Colombo,2011,"180,000 km",Audi,A6,Automatic,Petrol,2000,Registered (Used),"2026 May 16, 9:09 pm","['AIR CONDITION', 'POWER STEERING', 'POWER MIRROR', 'POWER WINDOW']",
https://riyasewana.com/buy/suzuki-every-sale-gampaha-11616328,Suzuki Every 2025 Van Unregistered (Recondition),"Rs. 7,160,000",Gampaha,2025,"3,849 km",Suzuki,Every,Automatic,Petrol,658,Unregistered (Recondition),"2026 May 10, 6:47 pm","['AIR CONDITION', 'POWER STEERING', 'POWER WINDOW']",
https://riyasewana.com/buy/toyota-vitz-sale-marawila-11644283,Toyota Vitz 2009 Car (Used),"Rs. 6,250,000",Marawila,2009,"187,000 km",Toyota,Vitz,Automatic,Petrol,1300,Registered (Used),"2026 May 16, 9:29 am","['AIR CONDITION', 'POWER STEERING', 'POWER MIRROR', 'POWER WINDOW']",
https://riyasewana.com/buy/bajaj-ct-100-sale-galle-11648267,Bajaj CT-100 2005 Motorbike (Used),Negotiable,Galle,2005,"58,632 km",Bajaj,CT-100,,,100,Registered (Used),"2026 May 16, 9:09 pm",[],Kick
https://riyasewana.com/buy/toyota-premio-g-sale-kandy-11648266,Toyota Premio G Superior 2007 Car (Used),"Rs. 7,450,000",Kandy,2007,"1,151,000 km",Toyota,Premio G Superior,Automatic,Petrol,1500,Registered (Used),"2026 May 16, 9:08 pm","['AIR CONDITION', 'POWER STEERING', 'POWER MIRROR', 'POWER WINDOW']",
https://riyasewana.com/buy/bajaj-platina-sale-elpitiya-11648264,Bajaj Platina 2012 Motorbike (Used),"Rs. 280,000",Elpitiya,2012,"51,000 km",Bajaj,Platina,,,100,Registered (Used),"2026 May 16, 9:08 pm",[],Kick
https://riyasewana.com/buy/honda-dio-sale-bandaragama-11648263,Honda Dio 2020 Motorbike (Used),"Rs. 610,000",Bandaragama,2020,"31,254 km",Honda,Dio,,,110,Registered (Used),"2026 May 16, 9:08 pm",[],Kick / Electric
https://riyasewana.com/buy/mazda-titan-sale-matale-11648262,Mazda Titan 1999 Lorry (Used),"Rs. 1,500,000",Matale,1999,-,Mazda,Titan,Manual,Diesel,3600,Registered (Used),"2026 May 16, 9:08 pm","['POWER STEERING', 'POWER MIRROR', 'POWER WINDOW']",
https://riyasewana.com/buy/honda-dio-sale-matugama-11648261,Honda Dio 2017 Motorbike (Used),"Rs. 510,000",Matugama,2017,"55,000 km",Honda,Dio,,,110,Registered (Used),"2026 May 16, 9:08 pm",[],Kick / Electric
https://riyasewana.com/buy/suzuki-maruti-sale-kandy-11648260,Suzuki Maruti 2006 Car (Used),"Rs. 2,325,000",Kandy,2006,"117,000 km",Suzuki,Maruti,Manual,Petrol,800,Registered (Used),"2026 May 16, 9:07 pm",['AIR CONDITION'],
https://riyasewana.com/buy/toyota-starlet-sale-kurunegala-11648259,Toyota Starlet 1991 Car (Used),"Rs. 900,000",Kurunegala,1991,"145,000 km",Toyota,Starlet,Manual,Diesel,1450,Registered (Used),"2026 May 16, 9:07 pm",[],
https://riyasewana.com/buy/mazda-bongo-sale-matugama-11648257,Mazda Bongo 1997 Van (Used),Rs. 56,Matugama,1997,"1,111,111 km",Mazda,Bongo,Manual,Diesel,2950,Registered (Used),"2026 May 16, 9:07 pm","['POWER STEERING', 'POWER WINDOW']",
https://riyasewana.com/buy/nissan-sunny-fb15-sale-colombo-11648256,Nissan Sunny FB15 2004 Car (Used),"Rs. 4,750,000",Colombo,2004,"149,852 km",Nissan,Sunny FB15,Automatic,Petrol,1500,Registered (Used),"2026 May 16, 9:06 pm","['AIR CONDITION', 'POWER STEERING', 'POWER MIRROR', 'POWER WINDOW']",
https://riyasewana.com/buy/toyota-dolphin-sale-hambantota-11648255,Toyota Dolphin 1996 Van (Used),"Rs. 10,200,000",Hambantota,1996,"185,000 km",Toyota,Dolphin,Manual,Diesel,2850,Registered (Used),"2026 May 16, 9:06 pm","['AIR CONDITION', 'POWER STEERING']",
https://riyasewana.com/buy/bajaj-4-stroke-sale-katunayake-11648254,Bajaj 4 Stroke 2015 Three Wheel (Used),"Rs. 1,435,000",Katunayake,2015,"45,000 km",Bajaj,4 Stroke,Manual,Petrol,205,Registered (Used),"2026 May 16, 9:06 pm",[],
https://riyasewana.com/buy/suzuki-every-sale-matara-11648253,Suzuki Every 2016 Van (Used),"Rs. 6,275,000",Matara,2016,"131,000 km",Suzuki,Every,Automatic,Petrol,650,Registered (Used),"2026 May 16, 9:06 pm","['AIR CONDITION', 'POWER STEERING', 'POWER MIRROR', 'POWER WINDOW']",
https://riyasewana.com/buy/bajaj-pulsar-180-sale-middeniya-11648251,Bajaj Pulsar 180 2007 Motorbike (Used),"Rs. 210,000",Middeniya,2007,"56,000 km",Bajaj,Pulsar 180,,,180,Registered (Used),"2026 May 16, 9:05 pm",[],Kick / Electric
https://riyasewana.com/buy/tata-dimo-lokka-sale-negombo-11648250,Tata Dimo Lokka 2016 Lorry (Used),Negotiable,Negombo,2016,-,Tata,Dimo Lokka,Manual,Diesel,-,Registered (Used),"2026 May 16, 9:05 pm",[],
https://riyasewana.com/buy/toyota-hilux-ln145-sale-kandy-11648249,Toyota Hilux LN145 1998 Pickup (Used),Negotiable,Kandy,1998,"280,000 km",Toyota,Hilux LN145,Manual,Diesel,2500,Registered (Used),"2026 May 16, 9:05 pm","['AIR CONDITION', 'POWER STEERING']",
https://riyasewana.com/buy/toyota-hilux-ln65-sale-puttalam-11648248,Toyota Hilux Ln65 1985 Pickup (Used),"Rs. 3,500,000",Puttalam,1985,"123,456 km",Toyota,Hilux Ln65,Manual,Diesel,2500,Registered (Used),"2026 May 16, 9:04 pm","['POWER STEERING', 'POWER WINDOW']",
https://riyasewana.com/buy/bajaj-ct-100-sale-kurunegala-11648246,Bajaj CT-100 2008 Motorbike (Used),Negotiable,Kurunegala,2008,"1,234 km",Bajaj,CT-100,,,100,Registered (Used),"2026 May 16, 9:04 pm",[],Kick
https://riyasewana.com/buy/proton-wira-sale-maharagama-11648245,Proton Wira 2004 Car (Used),"Rs. 2,250,000",Maharagama,2004,"172,839 km",Proton,Wira,Manual,Petrol,1300,Registered (Used),"2026 May 16, 9:03 pm","['AIR CONDITION', 'POWER STEERING', 'POWER WINDOW']",
https://riyasewana.com/buy/daihatsu-f50-sale-gampaha-11648244,Daihatsu F50 1982 SUV (Used),"Rs. 2,000,000",Gampaha,1982,"100,000 km",Daihatsu,F50,Manual,Diesel,2500,Registered (Used),"2026 May 16, 9:03 pm",['POWER STEERING'],
https://riyasewana.com/buy/mitsubishi-lancer-box-sale-eheliyagoda-11648242,Mitsubishi Lancer Box 1983 Car (Used),"Rs. 1,095,000",Eheliyagoda,1983,"1,000 km",Mitsubishi,Lancer Box,Manual,Petrol,1400,Registered (Used),"2026 May 16, 9:03 pm",[],
https://riyasewana.com/buy/hyundai-santro-sale-maharagama-11648241,Hyundai Santro 2002 Car (Used),Negotiable,Maharagama,2002,"164,000 km",Hyundai,Santro,Automatic,Petrol,990,Registered (Used),"2026 May 16, 9:02 pm","['AIR CONDITION', 'POWER STEERING', 'POWER WINDOW']",
https://riyasewana.com/buy/bajaj-4-stroke-sale-kelaniya-11648240,Bajaj 4 stroke 2013 Three Wheel (Used),Negotiable,Kelaniya,2013,1 km,Bajaj,4 stroke,Manual,Petrol,205,Registered (Used),"2026 May 16, 9:02 pm",[],
https://riyasewana.com/buy/toyota-vista-turbo-sale-gampaha-11648239,Toyota Vista Turbo 1994 Car (Used),"Rs. 2,050,000",Gampaha,1994,"10,000 km",Toyota,Vista Turbo,Automatic,Diesel,2000,Registered (Used),"2026 May 16, 9:01 pm","['AIR CONDITION', 'POWER STEERING', 'POWER MIRROR', 'POWER WINDOW']",
https://riyasewana.com/buy/land-rover-range-rover-sale-colombo-11648238,Land-Rover Range Rover Sport 2018 SUV (Used),"Rs. 45,000,000",Colombo,2018,"77,000 km",Land-Rover,Range Rover Sport,Automatic,Diesel,2000,Registered (Used),"2026 May 16, 9:01 pm","['AIR CONDITION', 'POWER STEERING', 'POWER MIRROR', 'POWER WINDOW']",
https://riyasewana.com/buy/mitsubishi-lancer-wagon-sale-kandy-11648237,Mitsubishi Lancer Wagon GL 1978 Car (Used),"Rs. 1,075,000",Kandy,1978,"150,000 km",Mitsubishi,Lancer Wagon GL,Manual,Petrol,1500,Registered (Used),"2026 May 16, 9:01 pm",['AIR CONDITION'],
https://riyasewana.com/buy/bajaj-platina-sale-trincomalee-11648236,Bajaj Platina 2015 Motorbike (Used),"Rs. 298,000",Trincomalee,2015,"45,000 km",Bajaj,Platina,,,100,Registered (Used),"2026 May 16, 9:01 pm",[],Kick / Electric
https://riyasewana.com/buy/bajaj-caliber-sale-gampaha-11648235,Bajaj Caliber 2004 Motorbike (Used),"Rs. 172,000",Gampaha,2004,"123,456 km",Bajaj,Caliber,,,115,Registered (Used),"2026 May 16, 9:00 pm",[],Kick
https://riyasewana.com/buy/bajaj-re-205-sale-kandy-11648234,Bajaj RE 205 2011 Three Wheel (Used),"Rs. 1,310,000",Kandy,2011,0 km,Bajaj,RE 205,Manual,Petrol,205,Registered (Used),"2026 May 16, 9:00 pm",[],
https://riyasewana.com/buy/mitsubishi-montero-v76-sale-gampaha-11648232,Mitsubishi MONTERO V76 2006 SUV (Used),Negotiable,Gampaha,2006,"166,000 km",Mitsubishi,MONTERO V76,Automatic,Diesel,2810,Registered (Used),"2026 May 16, 9:00 pm","['AIR CONDITION', 'POWER STEERING', 'POWER MIRROR', 'POWER WINDOW']",
https://riyasewana.com/buy/land-rover-range-rover-sale-colombo-11648231,Land-Rover Range Rover Sport 2018 Car (Used),"Rs. 45,000,000",Colombo,2018,"58,724 km",Land-Rover,Range Rover Sport,Automatic,Diesel,-,Registered (Used),"2026 May 16, 8:59 pm","['AIR CONDITION', 'POWER STEERING', 'POWER MIRROR', 'POWER WINDOW']",
https://riyasewana.com/buy/mazda-familia-sale-kurunegala-11648230,Mazda Familia 1990 Car (Used),"Rs. 1,600,000",Kurunegala,1990,111 km,Mazda,Familia,Manual,Petrol,1320,Registered (Used),"2026 May 16, 8:57 pm","['AIR CONDITION', 'POWER STEERING', 'POWER MIRROR', 'POWER WINDOW']",
https://riyasewana.com/buy/suzuki-gn-250-sale-kandy-11648229,Suzuki Gn 250 1998 Motorbike (Used),"Rs. 630,000",Kandy,1998,"200,000 km",Suzuki,Gn 250,,,250,Registered (Used),"2026 May 16, 8:57 pm",[],Electric
https://riyasewana.com/buy/toyota-raize-hybrid-sale-colombo-11648228,Toyota Raize Hybrid 2026 SUV Brand New,Negotiable,Colombo,2026,254 km,Toyota,Raize Hybrid,Automatic,Hybrid,1200,Brand New,"2026 May 16, 8:57 pm","['AIR CONDITION', 'POWER STEERING', 'POWER MIRROR']",
https://riyasewana.com/buy/bajaj-4-stroke-sale-kelaniya-11648227,Bajaj 4 stroke 2015 Three Wheel (Used),Negotiable,Kelaniya,2015,1 km,Bajaj,4 stroke,Manual,Petrol,205,Registered (Used),"2026 May 16, 8:57 pm",[],
https://riyasewana.com/buy/tvs-ntorq-sale-mawanella-11648226,TVS Ntorq 2019 Motorbike (Used),Negotiable,Mawanella,2019,"52,000 km",TVS,Ntorq,,,125,Registered (Used),"2026 May 16, 8:57 pm",[],Kick / Electric
https://riyasewana.com/buy/toyota-noah-kr42-sale-gampaha-11648223,Toyota Noah KR42 2000 Van (Used),"Rs. 6,600,000",Gampaha,2000,2 km,Toyota,Noah KR42,Automatic,Diesel,2180,Registered (Used),"2026 May 16, 8:56 pm","['AIR CONDITION', 'POWER STEERING', 'POWER MIRROR', 'POWER WINDOW']",
https://riyasewana.com/buy/toyota-premio-sale-nuwara-eliya-11544934,Toyota Premio 2017 Car (Used),"Rs. 15,800,000",Nuwara-Eliya,2017,"130,000 km",Toyota,Premio,Automatic,Petrol,1490,Registered (Used),"2026 May 16, 8:56 pm",[],
https://riyasewana.com/buy/toyota-dolphin-high-sale-moratuwa-11531888,Toyota Dolphin High Roof 125 1992 Van Unregistered (Recondition),"Rs. 7,850,000",Moratuwa,1992,"517,500 km",Toyota,Dolphin High Roof 125,Manual,Diesel,3,Unregistered (Recondition),"2026 May 16, 8:56 pm","['AIR CONDITION', 'POWER STEERING', 'POWER WINDOW']",
https://riyasewana.com/buy/isuzu-nmr85-sale-mawanella-11488169,Isuzu NMR85 2007 Lorry (Used),"Rs. 6,875,000",Mawanella,2007,"287,444 km",Isuzu,NMR85,Manual,Diesel,3000,Registered (Used),"2026 May 16, 8:56 pm","['AIR CONDITION', 'POWER STEERING', 'POWER MIRROR', 'POWER WINDOW']",
https://riyasewana.com/buy/ford-laser-sale-ambalangoda-11636944,Ford Laser 2000 Car (Used),"Rs. 3,250,000",Ambalangoda,2000,"100,000 km",Ford,Laser,Automatic,Petrol,1599,Registered (Used),"2026 May 14, 10:38 pm","['AIR CONDITION', 'POWER STEERING', 'POWER MIRROR', 'POWER WINDOW']",
https://riyasewana.com/buy/kia-sorento-sale-colombo-11614074,Kia Sorento 2012 SUV (Used),"Rs. 10,500,000",Colombo,2012,"197,000 km",Kia,Sorento,Automatic,Diesel,2200,Registered (Used),"2026 May 10, 11:24 am","['AIR CONDITION', 'POWER STEERING', 'POWER MIRROR', 'POWER WINDOW']",
https://riyasewana.com/buy/bajaj-platina-sale-kandy-11642028,Bajaj Platina 2013 Motorbike (Used),"Rs. 273,000",Kandy,2013,"45,237 km",Bajaj,Platina,,,125,Registered (Used),"2026 May 15, 8:27 pm",[],Kick / Electric
https://riyasewana.com/buy/zotye-z100-sale-colombo-11648221,Zotye Z100 2016 Car (Used),"Rs. 3,350,000",Colombo,2016,"14,000 km",Zotye,Z100,Manual,Petrol,1000,Registered (Used),"2026 May 16, 8:55 pm",[],
https://riyasewana.com/buy/bajaj-pulsar-sale-beruwala-11648219,Bajaj Pulsar 2013 Motorbike (Used),Negotiable,Beruwala,2013,"45,000 km",Bajaj,Pulsar,,,150,Registered (Used),"2026 May 16, 8:55 pm",[],Kick / Electric
https://riyasewana.com/buy/bajaj-2-stroke-sale-kandy-11648218,Bajaj 2 Stroke 2005 Three Wheel (Used),"Rs. 900,000",Kandy,2005,20 km,Bajaj,2 Stroke,Manual,Petrol,1,Registered (Used),"2026 May 16, 8:55 pm",[],
https://riyasewana.com/buy/tvs-ntorq-sale-mawanella-11648217,TVS Ntorq 2020 Motorbike (Used),Negotiable,Mawanella,2020,"39,000 km",TVS,Ntorq,,,125,Registered (Used),"2026 May 16, 8:55 pm",[],Kick / Electric
https://riyasewana.com/buy/nissan-vanette-lion-sale-kuliyapitiya-11648214,Nissan Vanette Lion Face 2001 Van (Used),"Rs. 5,200,000",Kuliyapitiya,2001,3 km,Nissan,Vanette Lion Face,Manual,Petrol,1769,Registered (Used),"2026 May 16, 8:54 pm","['AIR CONDITION', 'POWER STEERING', 'POWER MIRROR', 'POWER WINDOW']",
https://riyasewana.com/buy/toyota-corolla-141-sale-dehiwala-mount-lavinia-11648213,Toyota Corolla 141 Lx 2008 Car (Used),"Rs. 6,300,000",Dehiwala-Mount-Lavinia,2008,"180,000 km",Toyota,Corolla 141 Lx,Automatic,Petrol,1600,Registered (Used),"2026 May 16, 8:54 pm","['AIR CONDITION', 'POWER STEERING', 'POWER MIRROR', 'POWER WINDOW']",
https://riyasewana.com/buy/suzuki-alto-sale-galle-11648212,Suzuki Alto 2015 Car (Used),"Rs. 3,720,000",Galle,2015,"95,000 km",Suzuki,Alto,Manual,Petrol,800,Registered (Used),"2026 May 16, 8:54 pm","['AIR CONDITION', 'POWER STEERING', 'POWER MIRROR', 'POWER WINDOW']",
https://riyasewana.com/buy/bajaj-4-stroke-sale-chilaw-11648211,Bajaj 4 Stroke 2016 Three Wheel (Used),"Rs. 1,695,000",Chilaw,2016,"61,000 km",Bajaj,4 Stroke,Manual,Petrol,205,Registered (Used),"2026 May 16, 8:54 pm",[],
https://riyasewana.com/buy/toyota-kdh-200-sale-anuradapura-11648210,Toyota KDH 200 GL 2006 Van (Used),"Rs. 16,675,000",Anuradapura,2006,"195,400 km",Toyota,KDH 200 GL,Automatic,Diesel,2500,Registered (Used),"2026 May 16, 8:53 pm","['AIR CONDITION', 'POWER STEERING', 'POWER MIRROR', 'POWER WINDOW']",
https://riyasewana.com/buy/tvs-ntorq-sale-mawanella-11648209,TVS Ntorq 2020 Motorbike (Used),Negotiable,Mawanella,2020,"40,000 km",TVS,Ntorq,,,125,Registered (Used),"2026 May 16, 8:53 pm",[],Kick / Electric
https://riyasewana.com/buy/suzuki-every-sale-mirigama-11648207,Suzuki Every 2006 Van (Used),"Rs. 3,450,000",Mirigama,2006,"124,600 km",Suzuki,Every,Manual,Petrol,650,Registered (Used),"2026 May 16, 8:53 pm","['AIR CONDITION', 'POWER STEERING']",
https://riyasewana.com/buy/bajaj-2-stroke-sale-gampaha-11648206,Bajaj 2 Stroke 2005 Three Wheel (Used),"Rs. 650,000",Gampaha,2005,1 km,Bajaj,2 Stroke,Manual,Petrol,150,Registered (Used),"2026 May 16, 8:53 pm",[],
https://riyasewana.com/buy/nissan-x-trail-t-sale-gampaha-11648205,Nissan X-TRAIL T 30 2000 SUV (Used),"Rs. 5,700,000",Gampaha,2000,2 km,Nissan,X-TRAIL T 30,Automatic,Petrol,1990,Registered (Used),"2026 May 16, 8:52 pm","['AIR CONDITION', 'POWER STEERING', 'POWER MIRROR', 'POWER WINDOW']",
https://riyasewana.com/buy/hyundai-h100-sale-kesbewa-11648204,Hyundai H100 2000 Van (Used),"Rs. 3,800,000",Kesbewa,2000,"75,000 km",Hyundai,H100,Manual,Diesel,2500,Registered (Used),"2026 May 16, 8:52 pm","['AIR CONDITION', 'POWER STEERING', 'POWER MIRROR', 'POWER WINDOW']",
https://riyasewana.com/buy/hero-pleasure-sale-kalutara-11648203,Hero Pleasure 2012 Motorbike (Used),"Rs. 253,000",Kalutara,2012,"50,000 km",Hero,Pleasure,,,100,Registered (Used),"2026 May 16, 8:52 pm",[],Kick / Electric
https://riyasewana.com/buy/bajaj-discover-sale-matara-11648202,Bajaj Discover 2019 Motorbike (Used),"Rs. 430,000",Matara,2019,"48,000 km",Bajaj,Discover,,,110,Registered (Used),"2026 May 16, 8:52 pm",[],Electric
https://riyasewana.com/buy/bajaj-re-sale-colombo-11648199,Bajaj RE 2000 Three Wheel (Used),"Rs. 598,000",Colombo,2000,646 km,Bajaj,RE,Manual,Petrol,150,Registered (Used),"2026 May 16, 8:51 pm","['AIR CONDITION', 'POWER MIRROR']",
https://riyasewana.com/buy/kubota-sifang-sale-kurunegala-11648198,Kubota Sifang 2005 Tractor (Used),Negotiable,Kurunegala,2005,-,Kubota,Sifang,Manual,Diesel,-,Registered (Used),"2026 May 16, 8:50 pm",[],
https://riyasewana.com/buy/mitsubishi-eclipse-cross-sale-kuliyapitiya-11648197,Mitsubishi Eclipse Cross 2018 SUV (Used),"Rs. 13,500,000",Kuliyapitiya,2018,"90,000 km",Mitsubishi,Eclipse Cross,Automatic,Petrol,1500,Registered (Used),"2026 May 16, 8:50 pm","['AIR CONDITION', 'POWER STEERING', 'POWER MIRROR', 'POWER WINDOW']",
https://riyasewana.com/buy/honda-pcx-125-sale-chilaw-11648196,Honda PCX 125 Anniversary 2018 Motorbike (Used),"Rs. 1,198,000",Chilaw,2018,"58,000 km",Honda,PCX 125 Anniversary,,,125,Registered (Used),"2026 May 16, 8:50 pm",[],Electric
https://riyasewana.com/buy/mazda-familia-sale-kalutara-11648194,Mazda Familia 1999 Car (Used),"Rs. 3,150,000",Kalutara,1999,1 km,Mazda,Familia,Automatic,Petrol,1500,Registered (Used),"2026 May 16, 8:49 pm","['AIR CONDITION', 'POWER STEERING', 'POWER MIRROR', 'POWER WINDOW']",
https://riyasewana.com/buy/suzuki-alto-sale-kandy-11648193,Suzuki Alto 2004 Car (Used),"Rs. 4,175,000",Kandy,2004,"160,000 km",Suzuki,Alto,Automatic,Petrol,650,Registered (Used),"2026 May 16, 8:49 pm","['AIR CONDITION', 'POWER STEERING']",
https://riyasewana.com/buy/bajaj-discover-135-sale-negombo-11648192,Bajaj Discover 135 2010 Motorbike (Used),Negotiable,Negombo,2010,"80,000 km",Bajaj,Discover 135,,,135,Registered (Used),"2026 May 16, 8:49 pm",[],Kick / Electric
https://riyasewana.com/buy/honda-fit-shuttle-sale-dehiwala-mount-lavinia-11648189,Honda Fit Shuttle 2015 Car (Used),"Rs. 9,500,000",Dehiwala-Mount-Lavinia,2015,"145,000 km",Honda,Fit Shuttle,Automatic,Petrol,1330,Registered (Used),"2026 May 16, 8:49 pm","['AIR CONDITION', 'POWER STEERING', 'POWER MIRROR', 'POWER WINDOW']",
https://riyasewana.com/buy/honda-fit-aria-sale-kiribathgoda-11556784,Honda Fit Aria 2008 Car (Used),"Rs. 5,450,000",Kiribathgoda,2008,"194,500 km",Honda,Fit Aria,Automatic,Petrol,1500,Registered (Used),"2026 May 16, 8:49 pm","['AIR CONDITION', 'POWER STEERING', 'POWER MIRROR', 'POWER WINDOW']",
https://riyasewana.com/buy/isuzu-nkr-elf-sale-nittambuwa-11552205,Isuzu NKR ELF 2006 Lorry (Used),"Rs. 8,350,000",Nittambuwa,2006,"172,355 km",Isuzu,NKR ELF,Manual,Diesel,4330,Registered (Used),"2026 May 16, 8:49 pm",['POWER STEERING'],
https://riyasewana.com/buy/honda-dio-sale-maharagama-11648188,Honda Dio 2018 Motorbike (Used),Negotiable,Maharagama,2018,"43,700 km",Honda,Dio,,,110,Registered (Used),"2026 May 16, 8:48 pm",[],Kick / Electric
https://riyasewana.com/buy/perodua-viva-elite-sale-horana-11648187,Perodua Viva Elite 2003 Car (Used),"Rs. 2,150,000",Horana,2003,1 km,Perodua,Viva Elite,Manual,Petrol,850,Registered (Used),"2026 May 16, 8:48 pm",['AIR CONDITION'],
https://riyasewana.com/buy/toyota-vitz-sale-kottawa-11648186,Toyota Vitz 2018 Car (Used),"Rs. 8,550,000",Kottawa,2018,"44,200 km",Toyota,Vitz,Automatic,Petrol,1000,Registered (Used),"2026 May 16, 8:48 pm","['AIR CONDITION', 'POWER STEERING', 'POWER MIRROR', 'POWER WINDOW']",
https://riyasewana.com/buy/yamaha-zr-sale-mawanella-11648184,Yamaha ZR 2020 Motorbike (Used),"Rs. 525,000",Mawanella,2020,"30,000 km",Yamaha,ZR,,,113,Registered (Used),"2026 May 16, 8:48 pm",[],Kick / Electric
https://riyasewana.com/buy/toyota-vitz-sale-kiribathgoda-11257606,Toyota Vitz 2010 Car (Used),"Rs. 6,400,000",Kiribathgoda,2010,"129,000 km",Toyota,Vitz,Automatic,Petrol,1300,Registered (Used),"2026 May 16, 8:47 pm","['AIR CONDITION', 'POWER STEERING', 'POWER MIRROR', 'POWER WINDOW']",
https://riyasewana.com/buy/yanmar-harvester-machine-sale-elpitiya-11648183,Yanmar Harvester Machine 2016 Heavy-Duty (Used),Negotiable,Elpitiya,2016,1 km,Yanmar,Harvester Machine,Manual,Diesel,-,Registered (Used),"2026 May 16, 8:47 pm",[],
https://riyasewana.com/buy/honda-hornet-sale-ganemulla-11648182,Honda Hornet 2012 Motorbike (Used),"Rs. 1,760,000",Ganemulla,2012,-,Honda,Hornet,,,250,Registered (Used),"2026 May 16, 8:47 pm",[],Electric
https://riyasewana.com/buy/suzuki-alto-sale-galle-11648181,Suzuki Alto 2015 Car (Used),"Rs. 3,870,000",Galle,2015,"120,000 km",Suzuki,Alto,Manual,Petrol,800,Registered (Used),"2026 May 16, 8:46 pm","['AIR CONDITION', 'POWER STEERING', 'POWER MIRROR', 'POWER WINDOW']",
https://riyasewana.com/buy/tata-dimo-batta-sale-kuliyapitiya-11648180,Tata Dimo Batta 2009 Lorry (Used),"Rs. 1,355,000",Kuliyapitiya,2009,"153,000 km",Tata,Dimo Batta,Manual,Diesel,702,Registered (Used),"2026 May 16, 8:46 pm",[],
https://riyasewana.com/buy/honda-dio-110-sale-chilaw-11648179,Honda Dio 110 Deluxe BKL 2025 Motorbike (Used),"Rs. 769,000",Chilaw,2025,"3,000 km",Honda,Dio 110 Deluxe BKL,,,110,Registered (Used),"2026 May 16, 8:46 pm",[],Kick / Electric
https://riyasewana.com/buy/honda-dio-sale-mawanella-11648178,Honda Dio 2018 Motorbike (Used),"Rs. 565,000",Mawanella,2018,"38,000 km",Honda,Dio,,,110,Registered (Used),"2026 May 16, 8:46 pm",[],Kick / Electric
https://riyasewana.com/buy/tvs-victor-glx-sale-piliyandala-11648177,TVS Victor Glx 2007 Motorbike (Used),"Rs. 125,000",Piliyandala,2007,-,TVS,Victor Glx,,,125,Registered (Used),"2026 May 16, 8:44 pm",[],Kick / Electric
https://riyasewana.com/buy/micro-kyron-sale-gampaha-11648176,Micro Kyron 2008 SUV (Used),"Rs. 4,950,000",Gampaha,2008,"1,234 km",Micro,Kyron,Automatic,Diesel,2000,Registered (Used),"2026 May 16, 8:44 pm","['AIR CONDITION', 'POWER STEERING', 'POWER MIRROR', 'POWER WINDOW']",
https://riyasewana.com/buy/toyota-carina-sale-colombo-11607920,Toyota Carina 1992 Car (Used),"Rs. 2,650,000",Colombo,1992,"290,000 km",Toyota,Carina,Automatic,Diesel,2000,Registered (Used),"2026 May 16, 10:50 am","['AIR CONDITION', 'POWER STEERING', 'POWER MIRROR', 'POWER WINDOW']",
https://riyasewana.com/buy/yamaha-ray-zr-sale-ja-ela-11644985,Yamaha Ray ZR 2019 Motorbike (Used),"Rs. 510,000",Ja-Ela,2019,"45,600 km",Yamaha,Ray ZR,,,125,Registered (Used),"2026 May 16, 10:50 am",[],Kick / Electric
https://riyasewana.com/buy/toyota-rav4-4wd-sale-dehiwala-mount-lavinia-11644983,Toyota RAV4 4WD 2007 SUV (Used),"Rs. 7,475,000",Dehiwala-Mount-Lavinia,2007,"216,500 km",Toyota,RAV4 4WD,Automatic,Petrol,2400,Registered (Used),"2026 May 16, 10:50 am","['AIR CONDITION', 'POWER STEERING', 'POWER MIRROR', 'POWER WINDOW']",
https://riyasewana.com/buy/bajaj-2-stroke-sale-galle-11644982,Bajaj 2 stroke 1995 Three Wheel (Used),"Rs. 400,000",Galle,1995,20 km,Bajaj,2 stroke,Automatic,Petrol,150,Registered (Used),"2026 May 16, 10:50 am",[],
https://riyasewana.com/buy/bajaj-platina-100-sale-kurunegala-11644981,Bajaj PLATINA 100 ES 2017 Motorbike (Used),Negotiable,Kurunegala,2017,11 km,Bajaj,PLATINA 100 ES,,,99,Registered (Used),"2026 May 16, 10:50 am",[],Kick / Electric
https://riyasewana.com/buy/nissan-vrg-sale-kurunegala-11644980,Nissan VRG 1982 Van (Used),"Rs. 1,550,000",Kurunegala,1982,"225,000 km",Nissan,VRG,Manual,Diesel,2500,Registered (Used),"2026 May 16, 10:50 am",['POWER STEERING'],
https://riyasewana.com/buy/micro-trend-sale-kalutara-11644979,Micro Trend 2009 Car (Used),"Rs. 1,825,000",Kalutara,2009,1 km,Micro,Trend,Manual,Petrol,1000,Registered (Used),"2026 May 16, 10:50 am","['AIR CONDITION', 'POWER STEERING', 'POWER MIRROR', 'POWER WINDOW']",
https://riyasewana.com/buy/suzuki-alto-800-sale-colombo-11644978,Suzuki Alto 800 LXI 2016 Car (Used),"Rs. 4,590,000",Colombo,2016,"82,000 km",Suzuki,Alto 800 LXI,Manual,Petrol,800,Registered (Used),"2026 May 16, 10:50 am","['AIR CONDITION', 'POWER STEERING', 'POWER MIRROR', 'POWER WINDOW']",
https://riyasewana.com/buy/toyota-duet-sale-gampaha-11644977,Toyota Duet 2000 Car (Used),"Rs. 3,250,000",Gampaha,2000,"222,354 km",Toyota,Duet,Automatic,Petrol,1000,Registered (Used),"2026 May 16, 10:50 am","['AIR CONDITION', 'POWER STEERING', 'POWER MIRROR', 'POWER WINDOW']",
https://riyasewana.com/buy/hero-pleasure-sale-kandy-11644976,Hero Pleasure 2014 Motorbike (Used),Negotiable,Kandy,2014,"30,000 km",Hero,Pleasure,,,110,Registered (Used),"2026 May 16, 10:50 am",[],Kick / Electric
https://riyasewana.com/buy/nissan-sunny-n17-sale-matara-11644975,Nissan Sunny N17 2004 Car (Used),"Rs. 3,985,000",Matara,2004,"16,500 km",Nissan,Sunny N17,Manual,Petrol,1570,Registered (Used),"2026 May 16, 10:50 am","['AIR CONDITION', 'POWER STEERING', 'POWER MIRROR', 'POWER WINDOW']",
https://riyasewana.com/buy/bajaj-pulsar-150-sale-homagama-11644972,Bajaj Pulsar 150 2015 Motorbike (Used),"Rs. 550,000",Homagama,2015,"51,084 km",Bajaj,Pulsar 150,,,150,Registered (Used),"2026 May 16, 10:49 am",[],Kick / Electric
https://riyasewana.com/buy/isuzu-cariyer-sale-gampaha-11644971,Isuzu Cariyer 1992 Lorry (Used),"Rs. 6,300,000",Gampaha,1992,"250,000 km",Isuzu,Cariyer,Manual,Diesel,9856,Registered (Used),"2026 May 16, 10:49 am",[],
https://riyasewana.com/buy/bajaj-platina-125-sale-anuradapura-11644970,Bajaj Platina 125 2013 Motorbike (Used),"Rs. 285,000",Anuradapura,2013,"521,874 km",Bajaj,Platina 125,,,128,Registered (Used),"2026 May 16, 10:49 am",[],Kick / Electric
https://riyasewana.com/buy/suzuki-carry-sale-puttalam-11644968,Suzuki CARRY 2011 Lorry (Used),"Rs. 3,675,000",Puttalam,2011,"66,800 km",Suzuki,CARRY,Automatic,Petrol,650,Registered (Used),"2026 May 16, 10:49 am","['AIR CONDITION', 'POWER STEERING']",
https://riyasewana.com/buy/tata-407-sale-dompe-11644967,Tata 407 2012 Lorry (Used),Negotiable,Dompe,2012,1 km,Tata,407,Manual,Diesel,2899,Registered (Used),"2026 May 16, 10:49 am",['POWER STEERING'],
https://riyasewana.com/buy/komatsu-pc-30-5-sale-kottawa-11644966,Komatsu PC 30-5 2012 Heavy-Duty (Used),"Rs. 1,350,000",Kottawa,2012,222 km,Komatsu,PC 30-5,Manual,Diesel,1500,Registered (Used),"2026 May 16, 10:49 am",[],
https://riyasewana.com/buy/hero-passion-sale-kiribathgoda-11644965,Hero Passion 2014 Motorbike (Used),"Rs. 250,000",Kiribathgoda,2014,"42,500 km",Hero,Passion,,,110,Registered (Used),"2026 May 16, 10:48 am",[],Kick / Electric
https://riyasewana.com/buy/suzuki-alto-sale-katunayake-11644963,Suzuki Alto 2011 Car (Used),"Rs. 3,100,000",Katunayake,2011,"200,000 km",Suzuki,Alto,Manual,Petrol,800,Registered (Used),"2026 May 16, 10:48 am","['AIR CONDITION', 'POWER STEERING']",
https://riyasewana.com/buy/suzuki-wagon-r-sale-kandy-11644962,Suzuki Wagon R 2016 Car (Used),"Rs. 5,800,000",Kandy,2016,-,Suzuki,Wagon R,Automatic,Hybrid,650,Registered (Used),"2026 May 16, 10:48 am","['AIR CONDITION', 'POWER STEERING', 'POWER MIRROR', 'POWER WINDOW']",
https://riyasewana.com/buy/bajaj-discover-150-sale-minuwangoda-11644960,Bajaj Discover 150 2011 Motorbike (Used),"Rs. 238,000",Minuwangoda,2011,1 km,Bajaj,Discover 150,,,150,Registered (Used),"2026 May 16, 10:48 am",[],Kick / Electric
https://riyasewana.com/buy/toyota-dx-wagon-sale-negombo-11644957,Toyota Dx Wagon 1987 Car (Used),"Rs. 1,295,000",Negombo,1987,"256,000 km",Toyota,Dx Wagon,Manual,Petrol,1500,Registered (Used),"2026 May 16, 10:47 am",['AIR CONDITION'],
https://riyasewana.com/buy/yamaha-fz-sale-kandy-11644955,Yamaha Fz 0 Motorbike (Used),"Rs. 192,000",Kandy,0,"14,000 km",Yamaha,Fz,,,153,Antique,"2026 May 16, 10:47 am",[],Kick / Electric
https://riyasewana.com/buy/bajaj-ct-100-sale-kurunegala-11644954,Bajaj CT-100 2014 Motorbike (Used),"Rs. 370,000",Kurunegala,2014,"933,398 km",Bajaj,CT-100,,,100,Registered (Used),"2026 May 16, 10:47 am",[],Kick
https://riyasewana.com/buy/tvs-apache-sale-colombo-11644953,TVS Apache 2017 Motorbike (Used),Negotiable,Colombo,2017,"60,000 km",TVS,Apache,,,200,Registered (Used),"2026 May 16, 10:47 am",[],Kick / Electric
https://riyasewana.com/buy/toyota-starlet-ep91-sale-mirigama-11644952,Toyota Starlet EP91 1998 Car (Used),"Rs. 4,200,000",Mirigama,1998,"170,000 km",Toyota,Starlet EP91,Automatic,Petrol,1300,Registered (Used),"2026 May 16, 10:47 am","['AIR CONDITION', 'POWER STEERING', 'POWER MIRROR', 'POWER WINDOW']",
https://riyasewana.com/buy/yamaha-fz16-sale-kurunegala-11644950,Yamaha FZ16 2010 Motorbike (Used),Negotiable,Kurunegala,2010,1 km,Yamaha,FZ16,,,11,Registered (Used),"2026 May 16, 10:47 am",[],Kick / Electric
https://riyasewana.com/buy/mazda-bongo-sale-nuwara-eliya-11644949,Mazda Bongo 1995 Van (Used),"Rs. 4,300,000",Nuwara-Eliya,1995,-,Mazda,Bongo,Manual,Diesel,-,Registered (Used),"2026 May 16, 10:46 am",[],
https://riyasewana.com/buy/hero-hunk-sale-colombo-11644948,Hero HUNK 2013 Motorbike (Used),Rs. 365,Colombo,2013,"30,000 km",Hero,HUNK,,,150,Registered (Used),"2026 May 16, 10:46 am",[],Kick / Electric
https://riyasewana.com/buy/toyota-hilux-ln109-sale-colombo-11644947,Toyota Hilux LN109 SSRX 1997 Pickup (Used),Rs. 82,Colombo,1997,"267,000 km",Toyota,Hilux LN109 SSRX,Manual,Diesel,2800,Registered (Used),"2026 May 16, 10:46 am","['AIR CONDITION', 'POWER STEERING', 'POWER MIRROR', 'POWER WINDOW']",
https://riyasewana.com/buy/honda-dio-sale-embilipitiya-11644945,Honda Dio 2018 Motorbike (Used),"Rs. 575,000",Embilipitiya,2018,700 km,Honda,Dio,,,110,Registered (Used),"2026 May 16, 10:46 am",[],Kick / Electric
https://riyasewana.com/buy/bajaj-pulsar-135-sale-minuwangoda-11644943,Bajaj Pulsar 135 2012 Motorbike (Used),"Rs. 238,000",Minuwangoda,2012,1 km,Bajaj,Pulsar 135,,,135,Registered (Used),"2026 May 16, 10:45 am",[],Kick / Electric
https://riyasewana.com/buy/yamaha-ray-zr-sale-kadawatha-11644942,Yamaha Ray ZR 2017 Motorbike (Used),Negotiable,Kadawatha,2017,"52,000 km",Yamaha,Ray ZR,,,113,Registered (Used),"2026 May 16, 10:45 am",[],Kick / Electric
https://riyasewana.com/buy/bajaj-re-sale-gampaha-11644939,Bajaj RE 2014 Three Wheel (Used),Negotiable,Gampaha,2014,"95,888 km",Bajaj,RE,Manual,Diesel,395,Registered (Used),"2026 May 16, 10:45 am",[],
https://riyasewana.com/buy/bajaj-4-stroke-sale-kottawa-11644937,Bajaj 4 Stroke 2007 Three Wheel (Used),Negotiable,Kottawa,2007,"22,222 km",Bajaj,4 Stroke,Manual,Petrol,175,Registered (Used),"2026 May 16, 10:44 am",[],
https://riyasewana.com/buy/toyota-vitz-sale-maharagama-11644936,Toyota Vitz 2008 Car (Used),"Rs. 5,300,000",Maharagama,2008,"160,000 km",Toyota,Vitz,Automatic,Petrol,1000,Registered (Used),"2026 May 16, 10:44 am","['AIR CONDITION', 'POWER STEERING', 'POWER MIRROR', 'POWER WINDOW']",
https://riyasewana.com/buy/ford-ranger-sale-malabe-11644934,Ford Ranger 2016 Pickup (Used),Rs. 162,Malabe,2016,"147,000 km",Ford,Ranger,Manual,Diesel,2300,Registered (Used),"2026 May 16, 10:44 am","['AIR CONDITION', 'POWER STEERING', 'POWER MIRROR', 'POWER WINDOW']",
https://riyasewana.com/buy/toyota-land-cruiser-sale-kottawa-11644933,Toyota Land Cruiser 2023 SUV (Used),Negotiable,Kottawa,2023,"16,000 km",Toyota,Land Cruiser,Automatic,Diesel,2750,Registered (Used),"2026 May 16, 10:44 am","['AIR CONDITION', 'POWER STEERING', 'POWER MIRROR', 'POWER WINDOW']",
https://riyasewana.com/buy/honda-today-sale-kuliyapitiya-11644932,Honda Today 2022 Motorbike (Used),"Rs. 225,000",Kuliyapitiya,2022,"8,499 km",Honda,Today,,,49,Registered (Used),"2026 May 16, 10:44 am",[],Kick / Electric
https://riyasewana.com/buy/nissan-qashqai-tekna-sale-puttalam-11644929,Nissan QASHQAI TEKNA PLUSH 2019 SUV (Used),"Rs. 14,800,000",Puttalam,2019,"57,000 km",Nissan,QASHQAI TEKNA PLUSH,Automatic,Petrol,1300,Registered (Used),"2026 May 16, 10:44 am","['AIR CONDITION', 'POWER STEERING', 'POWER MIRROR', 'POWER WINDOW']",
https://riyasewana.com/buy/yamaha-fz-version-sale-trincomalee-11644927,Yamaha FZ Version 2 2025 Motorbike (Used),"Rs. 1,055,000",Trincomalee,2025,"4,000 km",Yamaha,FZ Version 2,,,150,Registered (Used),"2026 May 16, 10:43 am",[],Electric
https://riyasewana.com/buy/mitsubishi-lancer-cs2-sale-colombo-11644926,Mitsubishi Lancer CS2 Anniversary 2008 Car (Used),Negotiable,Colombo,2008,"210,000 km",Mitsubishi,Lancer CS2 Anniversary,Automatic,Petrol,1500,Registered (Used),"2026 May 16, 10:43 am","['AIR CONDITION', 'POWER STEERING', 'POWER MIRROR', 'POWER WINDOW']",
https://riyasewana.com/buy/bajaj-platina-125-sale-kadawatha-11644925,Bajaj Platina 125 2010 Motorbike (Used),"Rs. 225,000",Kadawatha,2010,"123,456 km",Bajaj,Platina 125,,,125,Registered (Used),"2026 May 16, 10:43 am",[],Kick / Electric
https://riyasewana.com/buy/bajaj-discover-sale-kiribathgoda-11644924,Bajaj Discover 2010 Motorbike (Used),"Rs. 215,000",Kiribathgoda,2010,"42,000 km",Bajaj,Discover,,,110,Registered (Used),"2026 May 16, 10:43 am",[],Kick / Electric
https://riyasewana.com/buy/honda-grazia-sale-kurunegala-11644923,Honda GRAZIA 2019 Motorbike (Used),Negotiable,Kurunegala,2019,11 km,Honda,GRAZIA,,,11,Registered (Used),"2026 May 16, 10:43 am",[],Kick / Electric
https://riyasewana.com/buy/honda-fit-gp2-sale-weligama-11644920,Honda Fit GP2 2013 Car (Used),"Rs. 8,250,000",Weligama,2013,"240,000 km",Honda,Fit GP2,Automatic,Hybrid,1300,Registered (Used),"2026 May 16, 10:43 am","['AIR CONDITION', 'POWER STEERING', 'POWER MIRROR', 'POWER WINDOW']",
https://riyasewana.com/buy/suzuki-da64-sale-kandy-11644918,Suzuki DA64 2005 Van (Used),"Rs. 4,490,000",Kandy,2005,172 km,Suzuki,DA64,Automatic,Petrol,660,Registered (Used),"2026 May 16, 10:42 am","['AIR CONDITION', 'POWER STEERING']",
https://riyasewana.com/buy/suzuki-swift-rs-sale-matara-11644917,Suzuki Swift RS Turbo 2018 Car (Used),"Rs. 7,750,000",Matara,2018,117 km,Suzuki,Swift RS Turbo,Automatic,Petrol,1000,Registered (Used),"2026 May 16, 10:42 am","['AIR CONDITION', 'POWER STEERING', 'POWER MIRROR', 'POWER WINDOW']",
https://riyasewana.com/buy/hyundai-tucson-sale-maharagama-11644916,Hyundai Tucson 2013 SUV (Used),"Rs. 7,800,000",Maharagama,2013,"157,000 km",Hyundai,Tucson,Automatic,Diesel,2000,Registered (Used),"2026 May 16, 10:42 am","['AIR CONDITION', 'POWER STEERING', 'POWER MIRROR', 'POWER WINDOW']",
https://riyasewana.com/buy/yamaha-ray-zr-sale-kadawatha-11644915,Yamaha Ray ZR 2017 Motorbike (Used),Negotiable,Kadawatha,2017,"52,000 km",Yamaha,Ray ZR,,,113,Registered (Used),"2026 May 16, 10:42 am",[],Kick / Electric
https://riyasewana.com/buy/hyundai-matrix-sale-nugegoda-11644914,Hyundai Matrix 2001 Car (Used),"Rs. 3,050,000",Nugegoda,2001,"180,000 km",Hyundai,Matrix,Automatic,Petrol,1600,Registered (Used),"2026 May 16, 10:42 am","['AIR CONDITION', 'POWER STEERING', 'POWER MIRROR', 'POWER WINDOW']",
https://riyasewana.com/buy/hero-honda-splendor-sale-gampaha-11644913,Hero-Honda Splendor 2012 Motorbike Unregistered (Recondition),"Rs. 219,000",Gampaha,2012,"35,000 km",Hero-Honda,Splendor,,,100,Unregistered (Recondition),"2026 May 16, 10:42 am",[],Kick / Electric
https://riyasewana.com/buy/bajaj-pulsar-135-sale-wattala-11644912,Bajaj Pulsar 135 2016 Motorbike (Used),Negotiable,Wattala,2016,"90,000 km",Bajaj,Pulsar 135,,,135,Registered (Used),"2026 May 16, 10:41 am",[],Kick / Electric
https://riyasewana.com/buy/tvs-king-sale-kandy-11644911,TVS King 2018 Three Wheel (Used),Negotiable,Kandy,2018,"42,500 km",TVS,King,Manual,Petrol,200,Registered (Used),"2026 May 16, 10:41 am",[],
https://riyasewana.com/buy/nissan-n16-sale-kandana-11637295,Nissan N16 2004 Car (Used),"Rs. 4,150,000",Kandana,2004,"247,000 km",Nissan,N16,Automatic,Petrol,1600,Registered (Used),"2026 May 15, 7:03 am","['AIR CONDITION', 'POWER STEERING', 'POWER WINDOW']",
https://riyasewana.com/buy/mercedes-benz-c180-limousine-sale-minuwangoda-11644910,Mercedes-Benz C180 Limousine Edition 2016 Car (Used),Negotiable,Minuwangoda,2016,"78,000 km",Mercedes-Benz,C180 Limousine Edition,Automatic,Petrol,1600,Registered (Used),"2026 May 16, 10:41 am","['AIR CONDITION', 'POWER STEERING', 'POWER MIRROR', 'POWER WINDOW']",
https://riyasewana.com/buy/bajaj-re-sale-kurunegala-11644908,Bajaj RE 2007 Three Wheel (Used),"Rs. 1,025,000",Kurunegala,2007,"49,555 km",Bajaj,RE,Manual,Petrol,175,Registered (Used),"2026 May 16, 10:41 am",[],
https://riyasewana.com/buy/bajaj-2-stroke-sale-galle-11644907,Bajaj 2 Stroke 1997 Three Wheel (Used),"Rs. 485,000",Galle,1997,"45,000 km",Bajaj,2 Stroke,Manual,Petrol,150,Registered (Used),"2026 May 16, 10:41 am",[],
https://riyasewana.com/buy/bajaj-discover-sale-kurunegala-11644901,Bajaj Discover 2016 Motorbike (Used),Negotiable,Kurunegala,2016,"6,000 km",Bajaj,Discover,,,125,Registered (Used),"2026 May 16, 10:40 am",[],Kick / Electric
https://riyasewana.com/buy/yamaha-ray-zr-sale-kadawatha-11644900,Yamaha Ray ZR 2018 Motorbike (Used),Negotiable,Kadawatha,2018,"44,998 km",Yamaha,Ray ZR,,,113,Registered (Used),"2026 May 16, 10:40 am",[],Kick / Electric
https://riyasewana.com/buy/mitsubishi-lancer-cb3a-sale-colombo-11644899,Mitsubishi Lancer Cb3a 1995 Car (Used),"Rs. 2,650,000",Colombo,1995,"1,254,123 km",Mitsubishi,Lancer Cb3a,Automatic,Petrol,1500,Registered (Used),"2026 May 16, 10:40 am","['AIR CONDITION', 'POWER STEERING']",
https://riyasewana.com/buy/toyota-belta-sale-dankotuwa-11644898,Toyota Belta 2008 Car (Used),Negotiable,Dankotuwa,2008,"210,000 km",Toyota,Belta,Automatic,Petrol,1300,Registered (Used),"2026 May 16, 10:40 am","['AIR CONDITION', 'POWER STEERING', 'POWER MIRROR', 'POWER WINDOW']",
https://riyasewana.com/buy/nissan-march-k11-sale-kiribathgoda-11644895,Nissan March K11 2001 Car (Used),"Rs. 3,660,000",Kiribathgoda,2001,-,Nissan,March K11,Automatic,Petrol,1000,Registered (Used),"2026 May 16, 10:40 am","['AIR CONDITION', 'POWER STEERING', 'POWER MIRROR', 'POWER WINDOW']",
https://riyasewana.com/buy/mitsubishi-montero-sale-minuwangoda-11644894,Mitsubishi Montero 2006 SUV (Used),"Rs. 14,800,000",Minuwangoda,2006,"226,000 km",Mitsubishi,Montero,Automatic,Diesel,2800,Registered (Used),"2026 May 16, 10:39 am","['AIR CONDITION', 'POWER STEERING', 'POWER MIRROR', 'POWER WINDOW']",
https://riyasewana.com/buy/mitsubishi-canter-sale-pannala-11644892,Mitsubishi Canter 1985 Lorry (Used),"Rs. 3,350,000",Pannala,1985,1 km,Mitsubishi,Canter,Manual,Diesel,3290,Registered (Used),"2026 May 16, 10:39 am","['AIR CONDITION', 'POWER STEERING', 'POWER WINDOW']",
https://riyasewana.com/buy/micro-trend-sale-kalawana-11644891,Micro Trend 2009 Car (Used),"Rs. 1,825,000",Kalawana,2009,"100,000 km",Micro,Trend,Manual,Petrol,1075,Registered (Used),"2026 May 16, 10:39 am","['AIR CONDITION', 'POWER STEERING', 'POWER WINDOW']",
https://riyasewana.com/buy/nissan-march-ak12-sale-nugegoda-11644890,Nissan March AK12 2002 Car (Used),"Rs. 3,550,000",Nugegoda,2002,"150,000 km",Nissan,March AK12,Automatic,Petrol,1249,Registered (Used),"2026 May 16, 10:39 am","['AIR CONDITION', 'POWER STEERING', 'POWER MIRROR', 'POWER WINDOW']",
https://riyasewana.com/buy/nissan-march-sale-colombo-11644889,Nissan March 2003 Car (Used),"Rs. 3,950,000",Colombo,2003,"196,216 km",Nissan,March,Automatic,Petrol,1290,Registered (Used),"2026 May 16, 10:39 am","['AIR CONDITION', 'POWER STEERING', 'POWER MIRROR', 'POWER WINDOW']",
https://riyasewana.com/buy/toyota-allion-gplus-sale-kiribathgoda-11644888,Toyota Allion Gplus 2016 Car (Used),"Rs. 12,650,000",Kiribathgoda,2016,"119,500 km",Toyota,Allion Gplus,Automatic,Petrol,1500,Registered (Used),"2026 May 16, 10:39 am","['AIR CONDITION', 'POWER STEERING', 'POWER MIRROR', 'POWER WINDOW']",
https://riyasewana.com/buy/honda-dio-sale-piliyandala-11644887,Honda Dio 2014 Motorbike (Used),"Rs. 410,000",Piliyandala,2014,"19,000 km",Honda,Dio,,,110,Registered (Used),"2026 May 16, 10:39 am",[],Kick / Electric
https://riyasewana.com/buy/bajaj-discover-125-sale-horana-11644886,Bajaj Discover 125 2007 Motorbike (Used),"Rs. 225,000",Horana,2007,"65,000 km",Bajaj,Discover 125,,,125,Registered (Used),"2026 May 16, 10:39 am",[],Kick / Electric
https://riyasewana.com/buy/toyota-dolphin-sale-kottawa-11644885,Toyota Dolphin 1994 Van (Used),Negotiable,Kottawa,1994,"1,111 km",Toyota,Dolphin,Manual,Diesel,2440,Registered (Used),"2026 May 16, 10:39 am","['AIR CONDITION', 'POWER STEERING', 'POWER MIRROR', 'POWER WINDOW']",
https://riyasewana.com/buy/bajaj-platina-sale-colombo-11644884,Bajaj Platina 2014 Motorbike (Used),"Rs. 340,000",Colombo,2014,"23,500 km",Bajaj,Platina,,,100,Registered (Used),"2026 May 16, 10:39 am",[],Kick
https://riyasewana.com/buy/tvs-star-sport-sale-mawanella-11644883,TVS Star Sport 2007 motorcycle (Used),"Rs. 148,000",Mawanella,2007,"19,287 km",TVS,Star Sport,Manual,Petrol,125,Registered (Used),"2026 May 16, 10:38 am",[],
https://riyasewana.com/buy/hero-maestro-edge-sale-matugama-11644882,Hero Maestro Edge 2017 Motorbike (Used),"Rs. 325,000",Matugama,2017,"45,000 km",Hero,Maestro Edge,,,110,Registered (Used),"2026 May 16, 10:38 am",[],Kick / Electric
https://riyasewana.com/buy/suzuki-spacia-custom-sale-mirigama-11643986,Suzuki Spacia Custom Turbo 2025 Car Brand New,Negotiable,Mirigama,2025,-,Suzuki,Spacia Custom Turbo,Automatic,Hybrid,650,Brand New,"2026 May 16, 10:38 am",[],
https://riyasewana.com/buy/yamaha-fz-s-version-sale-kadawatha-11644876,Yamaha FZ-S Version 2.0 2017 Motorbike (Used),Negotiable,Kadawatha,2017,"48,000 km",Yamaha,FZ-S Version 2.0,,,150,Registered (Used),"2026 May 16, 10:38 am",[],Electric
https://riyasewana.com/buy/toyota-land-cruiser-sale-kottawa-11644874,Toyota Land Cruiser V8 ZX 2016 SUV (Used),Rs. 100,Kottawa,2016,150 km,Toyota,Land Cruiser V8 ZX,Automatic,Petrol,4600,Registered (Used),"2026 May 16, 10:37 am","['AIR CONDITION', 'POWER STEERING', 'POWER MIRROR', 'POWER WINDOW']",
https://riyasewana.com/buy/bajaj-2-stroke-sale-matara-11644872,Bajaj 2 Stroke 1995 Three Wheel (Used),"Rs. 458,000",Matara,1995,"2,500 km",Bajaj,2 Stroke,Manual,Petrol,150,Registered (Used),"2026 May 16, 10:37 am",[],
https://riyasewana.com/buy/toyota-prius-s-sale-kurunegala-11644871,Toyota Prius S Touring 2009 Car (Used),"Rs. 9,000,000",Kurunegala,2009,"209,000 km",Toyota,Prius S Touring,Automatic,Hybrid,1790,Registered (Used),"2026 May 16, 10:37 am","['AIR CONDITION', 'POWER STEERING', 'POWER MIRROR', 'POWER WINDOW']",
https://riyasewana.com/buy/tvs-metro-sale-ganemulla-11644870,TVS Metro 2017 Motorbike (Used),"Rs. 280,000",Ganemulla,2017,"58,000 km",TVS,Metro,,,100,Registered (Used),"2026 May 16, 10:37 am",[],Kick / Electric
https://riyasewana.com/buy/bajaj-discover-sale-gampaha-11644869,Bajaj Discover 2009 Motorbike Unregistered (Recondition),"Rs. 347,000",Gampaha,2009,"33,000 km",Bajaj,Discover,,,135,Unregistered (Recondition),"2026 May 16, 10:37 am",[],Kick / Electric
https://riyasewana.com/buy/bajaj-re-sale-polonnaruwa-11644868,Bajaj RE 2012 Three Wheel (Used),"Rs. 1,290,000",Polonnaruwa,2012,"54,000 km",Bajaj,RE,Manual,Petrol,205,Registered (Used),"2026 May 16, 10:37 am",[],
https://riyasewana.com/buy/bajaj-pulsar-180-sale-gampaha-11644865,Bajaj Pulsar 180 2011 Motorbike (Used),"Rs. 245,000",Gampaha,2011,"55,000 km",Bajaj,Pulsar 180,,,180,Registered (Used),"2026 May 16, 10:36 am",[],Electric
https://riyasewana.com/buy/bajaj-discover-125-sale-gampola-11644863,Bajaj Discover 125 2006 Motorbike (Used),Negotiable,Gampola,2006,"10,000 km",Bajaj,Discover 125,,,125,Registered (Used),"2026 May 16, 10:36 am",[],Kick / Electric
https://riyasewana.com/buy/suzuki-spacia-sale-kadawatha-11644862,Suzuki Spacia 2017 Car (Used),"Rs. 5,975,000",Kadawatha,2017,"65,554 km",Suzuki,Spacia,Automatic,Petrol,650,Registered (Used),"2026 May 16, 10:36 am","['AIR CONDITION', 'POWER STEERING', 'POWER MIRROR', 'POWER WINDOW']",
https://riyasewana.com/buy/mitsubishi-tipper-sale-kalutara-11644861,Mitsubishi Tipper 2007 Lorry (Used),"Rs. 9,950,000",Kalutara,2007,"1,111 km",Mitsubishi,Tipper,Manual,Diesel,111,Registered (Used),"2026 May 16, 10:36 am","['AIR CONDITION', 'POWER STEERING']",
https://riyasewana.com/buy/demak-dtm-150-sale-galle-11644860,Demak DTM 150 2019 Motorbike (Used),"Rs. 360,000",Galle,2019,"17,000 km",Demak,DTM 150,,,150,Registered (Used),"2026 May 16, 10:36 am",[],Kick / Electric
https://riyasewana.com/buy/toyota-vitz-sale-jaffna-11644859,Toyota Vitz 2019 Car (Used),"Rs. 8,300,000",Jaffna,2019,"142,000 km",Toyota,Vitz,Automatic,Hybrid,990,Registered (Used),"2026 May 16, 10:36 am","['AIR CONDITION', 'POWER STEERING', 'POWER MIRROR', 'POWER WINDOW']",
https://riyasewana.com/buy/nissan-fb14-sale-kandy-11644857,Nissan FB14 1999 Car (Used),"Rs. 2,920,000",Kandy,1999,"190,000 km",Nissan,FB14,Automatic,Petrol,1500,Registered (Used),"2026 May 16, 10:36 am","['AIR CONDITION', 'POWER STEERING', 'POWER MIRROR', 'POWER WINDOW']",
https://riyasewana.com/buy/toyota-prado-150-sale-kottawa-11644856,Toyota Prado 150 2011 SUV (Used),Negotiable,Kottawa,2011,"1,111 km",Toyota,Prado 150,Automatic,Petrol,3800,Registered (Used),"2026 May 16, 10:36 am","['AIR CONDITION', 'POWER STEERING', 'POWER MIRROR', 'POWER WINDOW']",
https://riyasewana.com/buy/tvs-ntorq-sale-galle-11644855,TVS Ntorq 2025 Motorbike (Used),"Rs. 680,000",Galle,2025,"16,300 km",TVS,Ntorq,,,125,Registered (Used),"2026 May 16, 10:36 am",[],Kick / Electric
https://riyasewana.com/buy/toyota-allion-260-sale-kurunegala-11644854,Toyota Allion 260 2007 Car (Used),Negotiable,Kurunegala,2007,"155,000 km",Toyota,Allion 260,Automatic,Petrol,1500,Registered (Used),"2026 May 16, 10:36 am","['AIR CONDITION', 'POWER STEERING', 'POWER MIRROR', 'POWER WINDOW']",
https://riyasewana.com/buy/bajaj-ct-100-sale-matugama-11644853,Bajaj CT-100 2006 Motorbike (Used),"Rs. 210,000",Matugama,2006,"65,000 km",Bajaj,CT-100,,,100,Registered (Used),"2026 May 16, 10:36 am",[],Kick
https://riyasewana.com/buy/toyota-kdh-sale-anuradapura-11644852,Toyota KDH 2014 Van (Used),Negotiable,Anuradapura,2014,"140,000 km",Toyota,KDH,Automatic,Diesel,2980,Registered (Used),"2026 May 16, 10:36 am","['AIR CONDITION', 'POWER STEERING', 'POWER MIRROR', 'POWER WINDOW']",
https://riyasewana.com/buy/toyota-townace-sale-kandy-11644851,Toyota TownAce 1990 Van (Used),"Rs. 3,475,000",Kandy,1990,-,Toyota,TownAce,Manual,Diesel,1970,Registered (Used),"2026 May 16, 10:36 am",[],
https://riyasewana.com/buy/micro-rexton-w-sale-nugegoda-11644850,Micro Rexton W 2014 Van (Used),"Rs. 10,950,000",Nugegoda,2014,"174,000 km",Micro,Rexton W,Automatic,Diesel,2700,Registered (Used),"2026 May 16, 10:35 am","['AIR CONDITION', 'POWER STEERING', 'POWER MIRROR', 'POWER WINDOW']",
https://riyasewana.com/buy/mitsubishi-pajero-intercooler-sale-malabe-11644848,Mitsubishi Pajero Intercooler 1993 SUV (Used),"Rs. 7,850,000",Malabe,1993,"172,000 km",Mitsubishi,Pajero Intercooler,Manual,Diesel,2800,Registered (Used),"2026 May 16, 10:35 am","['AIR CONDITION', 'POWER STEERING', 'POWER MIRROR', 'POWER WINDOW']",
https://riyasewana.com/buy/toyota-aqua-sale-minuwangoda-11644847,Toyota Aqua 2013 Car (Used),Negotiable,Minuwangoda,2013,"126,000 km",Toyota,Aqua,Automatic,Hybrid,1500,Registered (Used),"2026 May 16, 10:35 am","['AIR CONDITION', 'POWER STEERING', 'POWER MIRROR', 'POWER WINDOW']",
https://riyasewana.com/buy/suzuki-maruti-sale-kurunegala-11644846,Suzuki Maruti 2011 Car (Used),"Rs. 2,350,000",Kurunegala,2011,"95,000 km",Suzuki,Maruti,Manual,Petrol,800,Registered (Used),"2026 May 16, 10:35 am",['AIR CONDITION'],
https://riyasewana.com/buy/kubota-3408-sale-kurunegala-11644845,Kubota 3408 2025 Tractor (Used),Rs. 49,Kurunegala,2025,750 km,Kubota,3408,Manual,Diesel,1647,Registered (Used),"2026 May 16, 10:35 am",[],
https://riyasewana.com/buy/suzuki-alto-sale-homagama-11644844,Suzuki Alto 2015 Car (Used),"Rs. 3,880,000",Homagama,2015,"103,000 km",Suzuki,Alto,Manual,Petrol,800,Registered (Used),"2026 May 16, 10:35 am","['AIR CONDITION', 'POWER STEERING', 'POWER MIRROR', 'POWER WINDOW']",
https://riyasewana.com/buy/honda-dio-sale-polonnaruwa-11624049,Honda Dio 2016 Motorbike (Used),"Rs. 495,000",Polonnaruwa,2016,"35,000 km",Honda,Dio,,,110,Registered (Used),"2026 May 16, 10:35 am",[],Electric
https://riyasewana.com/buy/honda-vezel-sensing-sale-pannipitiya-11606799,Honda Vezel Sensing 2023 SUV Unregistered (Recondition),"Rs. 17,150,000",Pannipitiya,2023,"13,100 km",Honda,Vezel Sensing,Automatic,Hybrid,1500,Unregistered (Recondition),"2026 May 16, 10:35 am","['AIR CONDITION', 'POWER STEERING', 'POWER MIRROR', 'POWER WINDOW']",
https://riyasewana.com/buy/massey-ferguson-240-sale-kadawatha-11553486,Massey-Ferguson 240 2014 Tractor (Used),"Rs. 2,550,000",Kadawatha,2014,1 km,Massey-Ferguson,240,Manual,Diesel,2500,Registered (Used),"2026 May 16, 10:35 am",[],
https://riyasewana.com/buy/honda-crv-sale-colombo-11644842,Honda CRV 2002 SUV (Used),"Rs. 5,850,000",Colombo,2002,"188,000 km",Honda,CRV,Automatic,Petrol,1990,Registered (Used),"2026 May 16, 10:34 am","['AIR CONDITION', 'POWER STEERING', 'POWER MIRROR', 'POWER WINDOW']",
https://riyasewana.com/buy/bajaj-pulsar-180-sale-gampaha-11644841,Bajaj Pulsar 180 2006 Motorbike (Used),"Rs. 240,000",Gampaha,2006,"1,222 km",Bajaj,Pulsar 180,,,180,Registered (Used),"2026 May 16, 10:34 am",[],Kick / Electric
https://riyasewana.com/buy/toyota-yaris-sale-matara-11644838,Toyota Yaris 2008 Car (Used),"Rs. 5,975,000",Matara,2008,"154,000 km",Toyota,Yaris,Automatic,Petrol,1300,Registered (Used),"2026 May 16, 10:34 am","['AIR CONDITION', 'POWER STEERING', 'POWER MIRROR', 'POWER WINDOW']",
https://riyasewana.com/buy/tata-1510-sale-kuliyapitiya-11644837,Tata 1510 2005 Bus (Used),"Rs. 6,000,000",Kuliyapitiya,2005,"200,000 km",Tata,1510,Manual,Diesel,4800,Registered (Used),"2026 May 16, 10:34 am",['POWER STEERING'],
https://riyasewana.com/buy/eicher-skyline-sale-kalutara-11644835,Eicher Skyline 2011 Bus (Used),"Rs. 2,650,000",Kalutara,2011,"2,000,000 km",Eicher,Skyline,Manual,Diesel,-,Registered (Used),"2026 May 16, 10:34 am",['POWER STEERING'],
https://riyasewana.com/buy/mitsubishi-montero-sport-sale-minuwangoda-11644834,Mitsubishi Montero Sport 2011 SUV (Used),Negotiable,Minuwangoda,2011,"196,000 km",Mitsubishi,Montero Sport,Automatic,Diesel,2500,Registered (Used),"2026 May 16, 10:34 am","['AIR CONDITION', 'POWER STEERING', 'POWER MIRROR', 'POWER WINDOW']",
https://riyasewana.com/buy/isuzu-elf-14-5-sale-kandy-11644833,Isuzu Elf 14.5 Feet 1992 Lorry (Used),Negotiable,Kandy,1992,"186,325 km",Isuzu,Elf 14.5 Feet,Manual,Diesel,4330,Registered (Used),"2026 May 16, 10:34 am","['AIR CONDITION', 'POWER STEERING', 'POWER MIRROR', 'POWER WINDOW']",
https://riyasewana.com/buy/dfsk-glory-i-auto-sale-nugegoda-11644832,DFSK Glory I-Auto 2024 SUV (Used),Negotiable,Nugegoda,2024,"68,000 km",DFSK,Glory I-Auto,Automatic,Petrol,1500,Registered (Used),"2026 May 16, 10:34 am","['AIR CONDITION', 'POWER STEERING', 'POWER MIRROR', 'POWER WINDOW']",
https://riyasewana.com/buy/bajaj-platina-sale-matugama-11644831,Bajaj Platina 2017 Motorbike (Used),"Rs. 380,000",Matugama,2017,"45,000 km",Bajaj,Platina,,,100,Registered (Used),"2026 May 16, 10:33 am",[],Kick / Electric
https://riyasewana.com/buy/bajaj-2-stroke-sale-minuwangoda-11644830,Bajaj 2 Stroke 2006 Three Wheel (Used),"Rs. 1,000,000",Minuwangoda,2006,1 km,Bajaj,2 Stroke,Manual,Petrol,-,Registered (Used),"2026 May 16, 10:33 am",[],
https://riyasewana.com/buy/nissan-fb15-sale-pannala-11644829,Nissan FB15 2000 Car (Used),"Rs. 3,900,000",Pannala,2000,"220,000 km",Nissan,FB15,Automatic,Petrol,1500,Registered (Used),"2026 May 16, 10:33 am","['AIR CONDITION', 'POWER STEERING', 'POWER MIRROR', 'POWER WINDOW']",
https://riyasewana.com/buy/tvs-ntorq-sale-galle-11644827,TVS Ntorq 2025 Motorbike (Used),"Rs. 680,000",Galle,2025,"16,300 km",TVS,Ntorq,,,125,Registered (Used),"2026 May 16, 10:33 am",[],Kick / Electric
https://riyasewana.com/buy/suzuki-wagon-r-sale-panadura-11644826,Suzuki Wagon R 2017 Car (Used),"Rs. 6,500,000",Panadura,2017,"71,000 km",Suzuki,Wagon R,Automatic,Petrol,650,Registered (Used),"2026 May 16, 10:33 am","['AIR CONDITION', 'POWER STEERING', 'POWER MIRROR', 'POWER WINDOW']",
https://riyasewana.com/buy/mitsubishi-lancer-box-sale-colombo-11644825,Mitsubishi Lancer Box 1983 Car (Used),"Rs. 1,060,000",Colombo,1983,"100,000 km",Mitsubishi,Lancer Box,Manual,Petrol,-,Registered (Used),"2026 May 16, 10:32 am",[],
https://riyasewana.com/buy/tata-indica-sale-kuliyapitiya-11644823,Tata Indica 2017 Car (Used),"Rs. 3,400,000",Kuliyapitiya,2017,"125,000 km",Tata,Indica,Manual,Petrol,1300,Registered (Used),"2026 May 16, 10:32 am","['AIR CONDITION', 'POWER STEERING', 'POWER MIRROR', 'POWER WINDOW']",
https://riyasewana.com/buy/hero-pleasure-sale-minuwangoda-11644822,Hero Pleasure 2010 Motorbike (Used),"Rs. 208,000",Minuwangoda,2010,"15,450 km",Hero,Pleasure,,,100,Registered (Used),"2026 May 16, 10:32 am",[],Kick / Electric
https://riyasewana.com/buy/daihatsu-move-g-sale-boralesgamuwa-11644821,Daihatsu MOVE G Gred 2025 Car Unregistered (Recondition),"Rs. 7,950,000",Boralesgamuwa,2025,"1,000 km",Daihatsu,MOVE G Gred,Automatic,Petrol,650,Unregistered (Recondition),"2026 May 16, 10:32 am","['AIR CONDITION', 'POWER STEERING', 'POWER MIRROR', 'POWER WINDOW']",
https://riyasewana.com/buy/toyota-passo-kgc30-sale-katunayake-11644820,Toyota Passo KGC30 2013 Car (Used),"Rs. 5,890,000",Katunayake,2013,"144,000 km",Toyota,Passo KGC30,Automatic,Petrol,1000,Registered (Used),"2026 May 16, 10:32 am","['AIR CONDITION', 'POWER STEERING', 'POWER MIRROR', 'POWER WINDOW']",
https://riyasewana.com/buy/hero-dash-sale-matugama-11644819,Hero Dash 2016 Motorbike (Used),"Rs. 295,000",Matugama,2016,"35,000 km",Hero,Dash,,,110,Registered (Used),"2026 May 16, 10:32 am",[],Kick / Electric
https://riyasewana.com/buy/bajaj-pulsar-sale-kandy-11644817,Bajaj Pulsar 2012 Motorbike (Used),Negotiable,Kandy,2012,"86,000 km",Bajaj,Pulsar,,,150,Registered (Used),"2026 May 16, 10:32 am",[],Kick / Electric
https://riyasewana.com/buy/nissan-sunny-n17-sale-kottawa-11644812,Nissan Sunny N17 2008 Car (Used),"Rs. 4,700,000",Kottawa,2008,"169,000 km",Nissan,Sunny N17,Manual,Petrol,1300,Registered (Used),"2026 May 16, 10:31 am","['AIR CONDITION', 'POWER STEERING', 'POWER WINDOW']",
https://riyasewana.com/buy/mitsubishi-tipper-sale-kurunegala-11644808,Mitsubishi Tipper 1990 Lorry (Used),"Rs. 3,650,000",Kurunegala,1990,"100,000 km",Mitsubishi,Tipper,Manual,Diesel,4210,Registered (Used),"2026 May 16, 10:30 am","['AIR CONDITION', 'POWER STEERING', 'POWER MIRROR', 'POWER WINDOW']",
https://riyasewana.com/buy/tvs-wego-sale-bandarawela-11644807,TVS Wego 2011 Motorbike Unregistered (Recondition),"Rs. 285,000",Bandarawela,2011,"35,480 km",TVS,Wego,,,110,Unregistered (Recondition),"2026 May 16, 10:30 am",[],Kick / Electric
https://riyasewana.com/buy/toyota-aqua-g-sale-nugegoda-11644806,Toyota Aqua G Grade 2013 Car (Used),"Rs. 7,790,000",Nugegoda,2013,"103,000 km",Toyota,Aqua G Grade,Automatic,Hybrid,1500,Registered (Used),"2026 May 16, 10:30 am","['AIR CONDITION', 'POWER STEERING', 'POWER MIRROR', 'POWER WINDOW']",
https://riyasewana.com/buy/audi-q2-sale-colombo-11644805,Audi Q2 2018 SUV (Used),"Rs. 11,750,000",Colombo,2018,"93,999 km",Audi,Q2,Automatic,Petrol,1000,Registered (Used),"2026 May 16, 10:30 am",[],
https://riyasewana.com/buy/yamaha-fz-sale-kandy-11644803,Yamaha Fz 2014 Motorbike (Used),"Rs. 600,000",Kandy,2014,"80,000 km",Yamaha,Fz,,,155,Registered (Used),"2026 May 16, 10:30 am",[],Kick / Electric
https://riyasewana.com/buy/toyota-land-cruiser-sale-colombo-11644800,Toyota Land Cruiser Prado 2011 SUV (Used),Negotiable,Colombo,2011,"185,000 km",Toyota,Land Cruiser Prado,Automatic,Diesel,3000,Registered (Used),"2026 May 16, 10:29 am",[],
https://riyasewana.com/buy/toyota-vitz-sale-bandaragama-11644798,Toyota Vitz 2015 Car (Used),Negotiable,Bandaragama,2015,"125,452 km",Toyota,Vitz,Automatic,Petrol,1000,Registered (Used),"2026 May 16, 10:29 am","['AIR CONDITION', 'POWER STEERING', 'POWER MIRROR', 'POWER WINDOW']",
https://riyasewana.com/buy/bajaj-re-4-sale-pannipitiya-11644796,Bajaj Re 4 Stroke 2015 Three Wheel (Used),Negotiable,Pannipitiya,2015,10 km,Bajaj,Re 4 Stroke,Manual,Petrol,205,Registered (Used),"2026 May 16, 10:29 am",[],
https://riyasewana.com/buy/daihatsu-rocky-sale-padukka-11644794,Daihatsu Rocky 2023 Car Unregistered (Recondition),"Rs. 11,975,000",Padukka,2023,"24,000 km",Daihatsu,Rocky,Automatic,Petrol,1200,Unregistered (Recondition),"2026 May 16, 10:29 am","['AIR CONDITION', 'POWER STEERING', 'POWER MIRROR', 'POWER WINDOW']",
https://riyasewana.com/buy/toyota-lh102-sale-trincomalee-11644793,Toyota LH102 1990 Van (Used),Negotiable,Trincomalee,1990,-,Toyota,LH102,Automatic,Diesel,2400,Registered (Used),"2026 May 16, 10:29 am","['AIR CONDITION', 'POWER STEERING', 'POWER MIRROR', 'POWER WINDOW']",
https://riyasewana.com/buy/suzuki-swift-sale-mahiyanganaya-11644791,Suzuki Swift 2009 Car (Used),Negotiable,Mahiyanganaya,2009,"128,500 km",Suzuki,Swift,Manual,Petrol,1300,Registered (Used),"2026 May 16, 10:29 am","['AIR CONDITION', 'POWER STEERING', 'POWER MIRROR', 'POWER WINDOW']",
https://riyasewana.com/buy/nissan-caravan-sale-kadawatha-11644790,Nissan Caravan 1994 Van (Used),"Rs. 5,975,000",Kadawatha,1994,"24,536 km",Nissan,Caravan,Automatic,Diesel,2700,Registered (Used),"2026 May 16, 10:28 am","['AIR CONDITION', 'POWER STEERING', 'POWER MIRROR', 'POWER WINDOW']",
https://riyasewana.com/buy/suzuki-alto-sale-panadura-11644787,Suzuki Alto 2024 Car (Used),"Rs. 6,500,000",Panadura,2024,"5,130 km",Suzuki,Alto,Automatic,Petrol,650,Registered (Used),"2026 May 16, 10:28 am","['AIR CONDITION', 'POWER STEERING', 'POWER MIRROR', 'POWER WINDOW']",
https://riyasewana.com/buy/bajaj-pulsar-sale-kaduwela-11644785,Bajaj Pulsar 2015 Motorbike (Used),"Rs. 490,000",Kaduwela,2015,45 km,Bajaj,Pulsar,,,150,Registered (Used),"2026 May 16, 10:28 am",[],Kick / Electric
https://riyasewana.com/buy/tafe--sale-polonnaruwa-11644783,TAFE  2012 Tractor (Used),"Rs. 2,190,000",Polonnaruwa,2012,1 km,TAFE,,Manual,Diesel,-,Registered (Used),"2026 May 16, 10:28 am",[],
https://riyasewana.com/buy/bajaj-discover-135-sale-matugama-11644782,Bajaj Discover 135 2009 Motorbike (Used),"Rs. 385,000",Matugama,2009,"65,000 km",Bajaj,Discover 135,,,135,Registered (Used),"2026 May 16, 10:28 am",[],Kick / Electric
https://riyasewana.com/buy/mercedes-benz-c200-d-sale-wattala-11606877,Mercedes-Benz C200 D 2018 Car (Used),Negotiable,Wattala,2018,"36,000 km",Mercedes-Benz,C200 D,Automatic,Diesel,1600,Registered (Used),"2026 May 16, 10:28 am","['AIR CONDITION', 'POWER STEERING', 'POWER MIRROR', 'POWER WINDOW']",
https://riyasewana.com/buy/honda-pcx-sale-kurunegala-11644781,Honda Pcx 2024 Motorbike (Used),"Rs. 1,760,000",Kurunegala,2024,"7,500 km",Honda,Pcx,,,160,Registered (Used),"2026 May 16, 10:27 am",[],Electric
https://riyasewana.com/buy/kia-sorento-sale-colombo-11517424,Kia Sorento 2012 SUV (Used),"Rs. 13,600,000",Colombo,2012,"145,000 km",Kia,Sorento,Automatic,Diesel,1990,Registered (Used),"2026 May 16, 10:27 am","['AIR CONDITION', 'POWER STEERING', 'POWER MIRROR', 'POWER WINDOW']",
https://riyasewana.com/buy/hero-maestro-edge-sale-gampola-11644780,Hero Maestro Edge 2017 Motorbike (Used),"Rs. 315,000",Gampola,2017,-,Hero,Maestro Edge,,,0,Registered (Used),"2026 May 16, 10:27 am",[],Kick / Electric
https://riyasewana.com/buy/honda-vezel-sale-matale-11644777,Honda Vezel 2014 SUV (Used),Negotiable,Matale,2014,"90,000 km",Honda,Vezel,Automatic,Hybrid,1500,Registered (Used),"2026 May 16, 10:27 am","['AIR CONDITION', 'POWER STEERING', 'POWER MIRROR', 'POWER WINDOW']",
https://riyasewana.com/buy/toyota-aqua-x-sale-jaffna-11644775,Toyota Aqua X Urban 2016 Car (Used),"Rs. 8,850,000",Jaffna,2016,"126,000 km",Toyota,Aqua X Urban,Automatic,Hybrid,1490,Registered (Used),"2026 May 16, 10:27 am","['AIR CONDITION', 'POWER STEERING', 'POWER MIRROR', 'POWER WINDOW']",
https://riyasewana.com/buy/ather-trailer-sale-ampara-11644774,ATHER Trailer 2015 Tractor (Used),"Rs. 800,000",Ampara,2015,"5,000 km",ATHER,Trailer,Manual,Diesel,3000,Registered (Used),"2026 May 16, 10:27 am",['POWER STEERING'],
https://riyasewana.com/buy/bajaj-pulsar-150-sale-trincomalee-11644773,Bajaj Pulsar 150 2015 Motorbike (Used),"Rs. 500,000",Trincomalee,2015,"49,000 km",Bajaj,Pulsar 150,,,149,Registered (Used),"2026 May 16, 10:27 am",[],Electric
https://riyasewana.com/buy/dyno-vortex-black-sale-colombo-11644769,Dyno Vortex Black 2026 Motorbike Brand New,"Rs. 1,090,000",Colombo,2026,-,Dyno,Vortex Black,,,125,Brand New,"2026 May 16, 10:26 am",[],Kick / Electric
https://riyasewana.com/buy/bajaj-2-stroke-sale-gampaha-11644768,Bajaj 2 Stroke 2006 Three Wheel (Used),"Rs. 850,000",Gampaha,2006,"60,000 km",Bajaj,2 Stroke,Manual,Petrol,100,Registered (Used),"2026 May 16, 10:26 am",[],
https://riyasewana.com/buy/bajaj-re-2-sale-kurunegala-11644767,Bajaj RE 2 Stroke 2000 Three Wheel (Used),Negotiable,Kurunegala,2000,"18,484 km",Bajaj,RE 2 Stroke,Manual,Petrol,150,Registered (Used),"2026 May 16, 10:26 am",[],
https://riyasewana.com/buy/tata-xenon-sale-bandaragama-11644766,Tata Xenon 2015 Pickup (Used),Negotiable,Bandaragama,2015,"157,000 km",Tata,Xenon,Manual,Diesel,3000,Registered (Used),"2026 May 16, 10:26 am",[],
https://riyasewana.com/buy/mitsubishi-lancer-cs1-sale-kegalle-11644765,Mitsubishi Lancer CS1 GLX 2008 Car (Used),Negotiable,Kegalle,2008,"172,000 km",Mitsubishi,Lancer CS1 GLX,Automatic,Petrol,1300,Registered (Used),"2026 May 16, 10:26 am","['AIR CONDITION', 'POWER STEERING', 'POWER MIRROR', 'POWER WINDOW']",
https://riyasewana.com/buy/tata-dimo-lokka-sale-divulapitiya-11644763,Tata Dimo Lokka 2013 Lorry (Used),Negotiable,Divulapitiya,2013,"12,345 km",Tata,Dimo Lokka,Manual,Diesel,2000,Registered (Used),"2026 May 16, 10:26 am",['POWER STEERING'],
https://riyasewana.com/buy/isuzu-npr-sale-kurunegala-11644761,Isuzu NPR 1991 Lorry (Used),"Rs. 3,300,000",Kurunegala,1991,"100,000 km",Isuzu,NPR,Manual,Diesel,3860,Registered (Used),"2026 May 16, 10:26 am","['AIR CONDITION', 'POWER STEERING', 'POWER MIRROR', 'POWER WINDOW']",
https://riyasewana.com/buy/nissan-sunny-sale-battaramulla-11644760,Nissan Sunny 2002 Car (Used),"Rs. 3,590,000",Battaramulla,2002,"137,000 km",Nissan,Sunny,Automatic,Petrol,1500,Registered (Used),"2026 May 16, 10:25 am","['AIR CONDITION', 'POWER STEERING', 'POWER MIRROR', 'POWER WINDOW']",
https://riyasewana.com/buy/bajaj-platina-100-sale-dehiwala-mount-lavinia-11644758,Bajaj Platina 100 2017 Motorbike (Used),"Rs. 420,000",Dehiwala-Mount-Lavinia,2017,-,Bajaj,Platina 100,,,100,Registered (Used),"2026 May 16, 10:25 am",[],Kick / Electric
https://riyasewana.com/buy/mitsubishi-l200-sale-nittambuwa-11644757,Mitsubishi L200 1998 Pickup (Used),Negotiable,Nittambuwa,1998,"285,000 km",Mitsubishi,L200,Manual,Diesel,2500,Registered (Used),"2026 May 16, 10:25 am","['AIR CONDITION', 'POWER STEERING', 'POWER WINDOW']",
https://riyasewana.com/buy/suzuki-every-pc-sale-matale-11644753,Suzuki Every PC Limited 2025 Van Unregistered (Recondition),"Rs. 8,250,000",Matale,2025,"15,500 km",Suzuki,Every PC Limited,Automatic,Petrol,660,Unregistered (Recondition),"2026 May 16, 10:25 am","['AIR CONDITION', 'POWER STEERING', 'POWER MIRROR', 'POWER WINDOW']",
https://riyasewana.com/buy/tvs-scooty-pep-sale-horana-11644754,TVS Scooty Pep 2010 Motorbike (Used),"Rs. 145,000",Horana,2010,"10,000 km",TVS,Scooty Pep,,,90,Registered (Used),"2026 May 16, 10:25 am",[],Kick / Electric
https://riyasewana.com/buy/toyota-hilux-sale-colombo-11595927,Toyota Hilux 2019 Pickup (Used),Negotiable,Colombo,2019,"86,000 km",Toyota,Hilux,Automatic,Diesel,2800,Registered (Used),"2026 May 16, 10:24 am","['AIR CONDITION', 'POWER STEERING', 'POWER MIRROR', 'POWER WINDOW']",
https://riyasewana.com/buy/toyota-axio-g-sale-ja-ela-11644751,Toyota Axio G Grade 2015 Car (Used),Negotiable,Ja-Ela,2015,"150,000 km",Toyota,Axio G Grade,Automatic,Hybrid,1500,Registered (Used),"2026 May 16, 10:24 am","['AIR CONDITION', 'POWER STEERING', 'POWER MIRROR', 'POWER WINDOW']",
https://riyasewana.com/buy/piaggio-ape-sale-colombo-11644750,Piaggio Ape 2011 Three Wheel (Used),"Rs. 1,190,000",Colombo,2011,"55,000 km",Piaggio,Ape,Manual,Diesel,400,Registered (Used),"2026 May 16, 10:24 am",[],
https://riyasewana.com/buy/nissan-dayz-roox-sale-gampaha-11644749,Nissan Dayz Roox 2020 Car (Used),"Rs. 6,250,000",Gampaha,2020,"85,450 km",Nissan,Dayz Roox,Automatic,Petrol,650,Registered (Used),"2026 May 16, 10:24 am","['AIR CONDITION', 'POWER STEERING', 'POWER MIRROR', 'POWER WINDOW']",
https://riyasewana.com/buy/honda-cb-hornet-sale-dehiwala-mount-lavinia-11644746,Honda CB Hornet Special Edition 2019 Motorbike (Used),"Rs. 225,000",Dehiwala-Mount-Lavinia,2019,-,Honda,CB Hornet Special Edition,,,160,Registered (Used),"2026 May 16, 10:24 am",[],Kick / Electric
https://riyasewana.com/buy/tvs-scooty-streak-sale-polgahawela-11644745,TVS Scooty Streak 2011 Motorbike (Used),"Rs. 135,000",Polgahawela,2011,"11,258 km",TVS,Scooty Streak,,,100,Registered (Used),"2026 May 16, 10:24 am",[],Kick / Electric
https://riyasewana.com/buy/nissan-n16-sale-battaramulla-11644744,Nissan N16 2011 Car (Used),"Rs. 5,375,000",Battaramulla,2011,"125,000 km",Nissan,N16,Manual,Petrol,1300,Registered (Used),"2026 May 16, 10:23 am","['AIR CONDITION', 'POWER STEERING', 'POWER WINDOW']",
https://riyasewana.com/buy/nissan-b14-sale-gampaha-11644742,Nissan B14 1995 Car (Used),"Rs. 2,790,000",Gampaha,1995,220 km,Nissan,B14,Automatic,Petrol,1300,Registered (Used),"2026 May 16, 10:23 am","['AIR CONDITION', 'POWER STEERING', 'POWER MIRROR', 'POWER WINDOW']",
https://riyasewana.com/buy/audi-q5-quattro-sale-colombo-11598440,Audi Q5 Quattro 2011 SUV (Used),"Rs. 13,800,000",Colombo,2011,"154,000 km",Audi,Q5 Quattro,Automatic,Petrol,1990,Registered (Used),"2026 May 16, 10:23 am","['AIR CONDITION', 'POWER STEERING', 'POWER MIRROR', 'POWER WINDOW']",
https://riyasewana.com/buy/toyota-land-cruiser-sale-piliyandala-11644741,Toyota Land Cruiser 2016 SUV (Used),"Rs. 44,000,000",Piliyandala,2016,"90,000 km",Toyota,Land Cruiser,Automatic,Diesel,2800,Registered (Used),"2026 May 16, 10:23 am","['AIR CONDITION', 'POWER STEERING', 'POWER MIRROR', 'POWER WINDOW']",
https://riyasewana.com/buy/tata-rs207-sale-tangalle-11644739,Tata RS207 2016 Pickup (Used),"Rs. 4,250,000",Tangalle,2016,"48,725 km",Tata,RS207,Manual,Diesel,3000,Registered (Used),"2026 May 16, 10:23 am",['POWER STEERING'],
https://riyasewana.com/buy/honda-vezel-z-sale-panadura-11644738,Honda Vezel Z Grade 2015 SUV (Used),"Rs. 10,350,000",Panadura,2015,"89,000 km",Honda,Vezel Z Grade,Automatic,Hybrid,1500,Registered (Used),"2026 May 16, 10:23 am","['AIR CONDITION', 'POWER STEERING', 'POWER MIRROR', 'POWER WINDOW']",
https://riyasewana.com/buy/bajaj-discover-sale-homagama-11644737,Bajaj Discover 2016 Motorbike (Used),"Rs. 435,000",Homagama,2016,"71,000 km",Bajaj,Discover,,,125,Registered (Used),"2026 May 16, 10:23 am",[],Kick / Electric
https://riyasewana.com/buy/toyota-hiace-sale-kegalle-11644733,Toyota HIACE 1999 Van (Used),"Rs. 4,250,000",Kegalle,1999,"100,000 km",Toyota,HIACE,Manual,Diesel,2500,Registered (Used),"2026 May 16, 10:22 am",['POWER STEERING'],
https://riyasewana.com/buy/tvs-ntorq-sale-kuliyapitiya-11644732,TVS Ntorq 2019 Motorbike (Used),"Rs. 530,000",Kuliyapitiya,2019,"56,000 km",TVS,Ntorq,,,125,Registered (Used),"2026 May 16, 10:22 am",[],Kick / Electric
https://riyasewana.com/buy/bajaj-ct-100-sale-kurunegala-11644731,Bajaj CT-100 2016 Motorbike (Used),Negotiable,Kurunegala,2016,"35,000 km",Bajaj,CT-100,,,100,Registered (Used),"2026 May 16, 10:22 am",[],Kick
https://riyasewana.com/buy/bajaj-2-stroke-sale-beruwala-11644730,Bajaj 2 Stroke 2005 Three Wheel (Used),"Rs. 990,000",Beruwala,2005,"1,234 km",Bajaj,2 Stroke,Manual,Petrol,175,Registered (Used),"2026 May 16, 10:22 am",[],
https://riyasewana.com/buy/mitsubishi-outlander-sale-homagama-11644728,Mitsubishi Outlander 2014 SUV (Used),"Rs. 13,000,000",Homagama,2014,"163,000 km",Mitsubishi,Outlander,Automatic,Hybrid,2000,Registered (Used),"2026 May 16, 10:22 am","['AIR CONDITION', 'POWER STEERING', 'POWER MIRROR', 'POWER WINDOW']",
https://riyasewana.com/buy/toyota-belta-sale-kurunegala-11644726,Toyota Belta 2007 Car (Used),"Rs. 6,350,000",Kurunegala,2007,"191,000 km",Toyota,Belta,Automatic,Petrol,1300,Registered (Used),"2026 May 16, 10:22 am","['AIR CONDITION', 'POWER STEERING', 'POWER MIRROR', 'POWER WINDOW']",
https://riyasewana.com/buy/honda-vezel-rs-sale-colombo-11644723,Honda Vezel RS Sensing 2018 SUV (Used),"Rs. 12,250,000",Colombo,2018,"97,100 km",Honda,Vezel RS Sensing,Automatic,Hybrid,1500,Registered (Used),"2026 May 16, 10:21 am","['AIR CONDITION', 'POWER STEERING', 'POWER MIRROR', 'POWER WINDOW']",
https://riyasewana.com/buy/dyno-drv-blue-sale-colombo-11644721,Dyno Drv Blue 2026 Motorbike Brand New,"Rs. 695,000",Colombo,2026,-,Dyno,Drv Blue,,,125,Brand New,"2026 May 16, 10:21 am",[],Kick / Electric
https://riyasewana.com/buy/honda-cd125-sale-tangalle-11644720,Honda CD125 1987 Motorbike (Used),"Rs. 285,000",Tangalle,1987,1 km,Honda,CD125,,,125,Registered (Used),"2026 May 16, 10:21 am",[],Kick / Electric
https://riyasewana.com/buy/bajaj-4-stroke-sale-tangalle-11644718,Bajaj 4 Stroke 2007 Three Wheel (Used),"Rs. 975,000",Tangalle,2007,"1,230 km",Bajaj,4 Stroke,Manual,Petrol,175,Registered (Used),"2026 May 16, 10:21 am",[],
https://riyasewana.com/buy/suzuki-intruder-sale-galle-11644717,Suzuki Intruder 2018 Motorbike (Used),"Rs. 540,000",Galle,2018,"36,000 km",Suzuki,Intruder,,,160,Registered (Used),"2026 May 16, 10:21 am",[],Electric
https://riyasewana.com/buy/hero-honda-hunk-sale-colombo-11644716,Hero-Honda Hunk 2011 Motorbike (Used),"Rs. 315,000",Colombo,2011,"90,000 km",Hero-Honda,Hunk,,,150,Registered (Used),"2026 May 16, 10:21 am",[],Electric
https://riyasewana.com/buy/bajaj-ct-100-sale-kurunegala-11644712,Bajaj CT-100 2016 Motorbike (Used),Negotiable,Kurunegala,2016,"38,000 km",Bajaj,CT-100,,,100,Registered (Used),"2026 May 16, 10:20 am",[],Kick
https://riyasewana.com/buy/tata-dimo-batta-sale-divulapitiya-11644711,Tata Dimo Batta 2009 Lorry (Used),"Rs. 1,240,000",Divulapitiya,2009,"111,111 km",Tata,Dimo Batta,Manual,Diesel,702,Registered (Used),"2026 May 16, 10:20 am",[],
https://riyasewana.com/buy/mahindra-maxximo-plus-sale-piliyandala-11644709,Mahindra Maxximo Plus 2016 Lorry (Used),"Rs. 2,050,000",Piliyandala,2016,"92,000 km",Mahindra,Maxximo Plus,Manual,Diesel,900,Registered (Used),"2026 May 16, 10:20 am",[],
https://riyasewana.com/buy/mitsubishi-lancer-box-sale-gampaha-11644708,Mitsubishi Lancer Box 1981 Car (Used),"Rs. 1,400,000",Gampaha,1981,"12,345 km",Mitsubishi,Lancer Box,Manual,Petrol,1500,Registered (Used),"2026 May 16, 10:20 am",[],
https://riyasewana.com/buy/honda-dio-sale-matara-11644706,Honda Dio 2014 Motorbike (Used),"Rs. 425,000",Matara,2014,"35,000 km",Honda,Dio,,,100,Registered (Used),"2026 May 16, 10:20 am",[],Electric
https://riyasewana.com/buy/yamaha-fz16-sale-moneragala-11644705,Yamaha Fz16 2010 Motorbike (Used),"Rs. 500,000",Moneragala,2010,"66,300 km",Yamaha,Fz16,,,150,Registered (Used),"2026 May 16, 10:20 am",[],Electric
https://riyasewana.com/buy/toyota-carina-ti-sale-kurunegala-11644704,Toyota Carina Ti 1997 Car (Used),Negotiable,Kurunegala,1997,"111,111 km",Toyota,Carina Ti,Automatic,Diesel,1970,Registered (Used),"2026 May 16, 10:20 am","['AIR CONDITION', 'POWER STEERING', 'POWER MIRROR', 'POWER WINDOW']",
https://riyasewana.com/buy/honda-dio-sale-colombo-11644703,Honda Dio 2012 Motorbike (Used),"Rs. 360,000",Colombo,2012,"28,500 km",Honda,Dio,,,110,Registered (Used),"2026 May 16, 10:20 am",[],Kick / Electric
https://riyasewana.com/buy/honda-vezel-z-sale-pannipitiya-11644701,Honda Vezel Z Grade 2016 SUV (Used),"Rs. 10,750,000",Pannipitiya,2016,"111,500 km",Honda,Vezel Z Grade,Automatic,Hybrid,1500,Registered (Used),"2026 May 16, 10:20 am","['AIR CONDITION', 'POWER STEERING', 'POWER MIRROR', 'POWER WINDOW']",
https://riyasewana.com/buy/toyota-aqua-urban-sale-kegalle-11644700,Toyota AQUA URBAN 2015 Car (Used),"Rs. 8,475,000",Kegalle,2015,"118,000 km",Toyota,AQUA URBAN,Automatic,Hybrid,1500,Registered (Used),"2026 May 16, 10:20 am","['AIR CONDITION', 'POWER STEERING', 'POWER MIRROR', 'POWER WINDOW']",
https://riyasewana.com/buy/yamaha-ray-zr-sale-minuwangoda-11644698,Yamaha Ray ZR 2018 Motorbike (Used),Negotiable,Minuwangoda,2018,"39,254 km",Yamaha,Ray ZR,,,110,Registered (Used),"2026 May 16, 10:19 am",[],Kick / Electric
https://riyasewana.com/buy/honda-vezel-z-sale-battaramulla-11608381,Honda Vezel Z Grade 2014 SUV (Used),"Rs. 8,590,000",Battaramulla,2014,"148,000 km",Honda,Vezel Z Grade,Automatic,Hybrid,1500,Registered (Used),"2026 May 16, 10:19 am","['AIR CONDITION', 'POWER STEERING', 'POWER MIRROR', 'POWER WINDOW']",
https://riyasewana.com/buy/toyota-dyna-sale-kaduwela-11644697,Toyota Dyna 2000 Lorry (Used),"Rs. 5,300,000",Kaduwela,2000,"10,000 km",Toyota,Dyna,Manual,Diesel,4899,Registered (Used),"2026 May 16, 10:19 am","['AIR CONDITION', 'POWER STEERING', 'POWER WINDOW']",
https://riyasewana.com/buy/bajaj-discover-sale-kegalle-11644695,Bajaj Discover 2012 Motorbike (Used),"Rs. 258,000",Kegalle,2012,"46,565 km",Bajaj,Discover,,,150,Registered (Used),"2026 May 16, 10:19 am",[],Kick / Electric
https://riyasewana.com/buy/bajaj-re-sale-kaduwela-11644694,Bajaj Re 2000 Three Wheel (Used),"Rs. 600,000",Kaduwela,2000,111 km,Bajaj,Re,Manual,Petrol,150,Registered (Used),"2026 May 16, 10:19 am",[],
https://riyasewana.com/buy/bajaj-pulsar-200-sale-gampaha-11644693,Bajaj Pulsar 200 2009 Motorbike (Used),"Rs. 345,000",Gampaha,2009,"470,000 km",Bajaj,Pulsar 200,,,200,Registered (Used),"2026 May 16, 10:19 am",[],Electric
https://riyasewana.com/buy/bajaj-discover-100-sale-kurunegala-11644692,Bajaj Discover 100 2011 Motorbike (Used),Negotiable,Kurunegala,2011,1 km,Bajaj,Discover 100,,,100,Registered (Used),"2026 May 16, 10:18 am",[],Kick / Electric
https://riyasewana.com/buy/mercedes-benz-cla-180-sale-embilipitiya-11644691,Mercedes-Benz CLA 180 2002 Car Unregistered (Recondition),"Rs. 6,500,000",Embilipitiya,2002,"197,000 km",Mercedes-Benz,CLA 180,Automatic,Petrol,1890,Unregistered (Recondition),"2026 May 16, 10:18 am","['AIR CONDITION', 'POWER STEERING', 'POWER MIRROR', 'POWER WINDOW']",
https://riyasewana.com/buy/honda-cb-hornet-sale-dehiwala-mount-lavinia-11644689,Honda CB Hornet Special Edition 2018 Motorbike (Used),"Rs. 210,000",Dehiwala-Mount-Lavinia,2018,-,Honda,CB Hornet Special Edition,,,160,Registered (Used),"2026 May 16, 10:18 am",[],Kick / Electric
https://riyasewana.com/buy/toyota-vitz-ksp130-sale-mawanella-11644688,Toyota Vitz KSP130 2015 Car (Used),Negotiable,Mawanella,2015,"136,000 km",Toyota,Vitz KSP130,Automatic,Petrol,1000,Registered (Used),"2026 May 16, 10:18 am","['AIR CONDITION', 'POWER STEERING', 'POWER MIRROR', 'POWER WINDOW']",
https://riyasewana.com/buy/honda-crv-sale-pannipitiya-11644685,Honda CRV 2020 SUV (Used),"Rs. 18,650,000",Pannipitiya,2020,"46,000 km",Honda,CRV,Automatic,Petrol,1500,Registered (Used),"2026 May 16, 10:18 am","['AIR CONDITION', 'POWER STEERING', 'POWER MIRROR', 'POWER WINDOW']",
https://riyasewana.com/buy/bajaj-ct-100-sale-anuradapura-11644683,Bajaj CT-100 2013 Motorbike (Used),Negotiable,Anuradapura,2013,"1,111 km",Bajaj,CT-100,,,100,Registered (Used),"2026 May 16, 10:18 am",[],Kick
https://riyasewana.com/buy/toyota-cm-51-sale-kottawa-11644682,Toyota CM 51 1997 Lorry (Used),"Rs. 2,950,000",Kottawa,1997,"200,000 km",Toyota,CM 51,Manual,Diesel,1970,Registered (Used),"2026 May 16, 10:18 am","['AIR CONDITION', 'POWER STEERING']",
https://riyasewana.com/buy/bajaj-4-stroke-sale-kandy-11644681,Bajaj 4 stroke 2013 Three Wheel (Used),"Rs. 350,000",Kandy,2013,-,Bajaj,4 stroke,Manual,Petrol,205,Registered (Used),"2026 May 16, 10:17 am",[],
https://riyasewana.com/buy/honda-xlr-rfvc-sale-ratnapura-11644680,Honda XLR RFVC BAJA 1994 motorcycle (Used),"Rs. 770,000",Ratnapura,1994,"13,000 km",Honda,XLR RFVC BAJA,Manual,Petrol,250,Registered (Used),"2026 May 16, 10:17 am",[],
https://riyasewana.com/buy/toyota-land-cruiser-sale-nugegoda-11644679,Toyota Land Cruiser Prado Frontier 2017 SUV (Used),"Rs. 39,000,000",Nugegoda,2017,"66,000 km",Toyota,Land Cruiser Prado Frontier,Automatic,Petrol,2700,Registered (Used),"2026 May 16, 10:17 am","['AIR CONDITION', 'POWER STEERING', 'POWER MIRROR', 'POWER WINDOW']",
https://riyasewana.com/buy/dyno-drv-sale-colombo-11644677,Dyno Drv 2026 Motorbike Brand New,"Rs. 695,000",Colombo,2026,-,Dyno,Drv,,,125,Brand New,"2026 May 16, 10:17 am",[],Kick / Electric
https://riyasewana.com/buy/suzuki-wagon-r-sale-battaramulla-11633305,Suzuki Wagon R Custom ZX 2026 Car Unregistered (Recondition),Negotiable,Battaramulla,2026,0 km,Suzuki,Wagon R Custom ZX,Automatic,Hybrid,660,Unregistered (Recondition),"2026 May 16, 10:17 am","['AIR CONDITION', 'POWER STEERING', 'POWER MIRROR', 'POWER WINDOW']",
https://riyasewana.com/buy/mitsubishi-tipper-sale-gampaha-11644675,Mitsubishi Tipper 1994 Lorry (Used),Negotiable,Gampaha,1994,"150,000 km",Mitsubishi,Tipper,Manual,Diesel,4210,Registered (Used),"2026 May 16, 10:17 am","['AIR CONDITION', 'POWER STEERING', 'POWER MIRROR', 'POWER WINDOW']",
https://riyasewana.com/buy/renault-kwid-sale-pannipitiya-11644670,Renault Kwid 2018 Car (Used),"Rs. 3,850,000",Pannipitiya,2018,"92,100 km",Renault,Kwid,Manual,Petrol,800,Registered (Used),"2026 May 16, 10:16 am","['AIR CONDITION', 'POWER STEERING', 'POWER MIRROR', 'POWER WINDOW']",
https://riyasewana.com/buy/suzuki-every-da17v-sale-kandy-11644668,Suzuki EVERY DA17V JOIN 2017 Van (Used),"Rs. 6,125,000",Kandy,2017,"92,500 km",Suzuki,EVERY DA17V JOIN,Automatic,Petrol,650,Registered (Used),"2026 May 16, 10:16 am","['AIR CONDITION', 'POWER STEERING', 'POWER MIRROR']",
https://riyasewana.com/buy/toyota-land-cruiser-sale-nugegoda-11644667,Toyota Land Cruiser Prado 120 2007 SUV (Used),"Rs. 16,850,000",Nugegoda,2007,"221,000 km",Toyota,Land Cruiser Prado 120,Automatic,Petrol,3998,Registered (Used),"2026 May 16, 10:16 am","['AIR CONDITION', 'POWER STEERING', 'POWER MIRROR', 'POWER WINDOW']",
https://riyasewana.com/buy/toyota-prius-s-sale-kuliyapitiya-11644666,Toyota Prius S Touring 2011 Car (Used),"Rs. 9,450,000",Kuliyapitiya,2011,"204,000 km",Toyota,Prius S Touring,Automatic,Hybrid,1790,Registered (Used),"2026 May 16, 10:16 am","['AIR CONDITION', 'POWER STEERING', 'POWER MIRROR', 'POWER WINDOW']",
https://riyasewana.com/buy/honda-dio-sale-hambantota-11644665,Honda Dio 2014 Motorbike (Used),"Rs. 425,000",Hambantota,2014,"35,000 km",Honda,Dio,,,100,Registered (Used),"2026 May 16, 10:16 am",[],Kick / Electric
https://riyasewana.com/buy/suzuki-alto-sale-jaffna-11644664,Suzuki Alto 2012 Car (Used),"Rs. 3,450,000",Jaffna,2012,"80,000 km",Suzuki,Alto,Manual,Petrol,800,Registered (Used),"2026 May 16, 10:16 am","['AIR CONDITION', 'POWER STEERING']",
https://riyasewana.com/buy/toyota-kdh-sale-galle-11644663,Toyota KDH 2008 Van (Used),Negotiable,Galle,2008,"208,200 km",Toyota,KDH,Automatic,Diesel,3000,Registered (Used),"2026 May 16, 10:15 am","['AIR CONDITION', 'POWER STEERING', 'POWER MIRROR', 'POWER WINDOW']",
https://riyasewana.com/buy/kia-cerato-sale-nugegoda-11644662,Kia Cerato 2010 Car (Used),"Rs. 5,890,000",Nugegoda,2010,"131,000 km",Kia,Cerato,Automatic,Petrol,1600,Registered (Used),"2026 May 16, 10:15 am","['AIR CONDITION', 'POWER STEERING', 'POWER MIRROR', 'POWER WINDOW']",
https://riyasewana.com/buy/tafe-45-dl-sale-kuliyapitiya-11644660,TAFE 45 Dl 2008 Tractor (Used),"Rs. 1,750,000",Kuliyapitiya,2008,"35,000 km",TAFE,45 Dl,Manual,Diesel,2500,Registered (Used),"2026 May 16, 10:14 am",[],
https://riyasewana.com/buy/honda-dio-sale-minuwangoda-11644659,Honda Dio 2018 Motorbike (Used),Negotiable,Minuwangoda,2018,"38,956 km",Honda,Dio,,,110,Registered (Used),"2026 May 16, 10:14 am",[],Kick / Electric
https://riyasewana.com/buy/mitsubishi-fuso-sale-galle-11644658,Mitsubishi Fuso 1999 Lorry (Used),"Rs. 5,600,000",Galle,1999,-,Mitsubishi,Fuso,Manual,Diesel,2800,Registered (Used),"2026 May 16, 10:14 am","['AIR CONDITION', 'POWER STEERING', 'POWER MIRROR', 'POWER WINDOW']",
https://riyasewana.com/buy/toyota-axio-sale-pannipitiya-11644657,Toyota Axio 2020 Car (Used),"Rs. 12,450,000",Pannipitiya,2020,"108,500 km",Toyota,Axio,Automatic,Petrol,1500,Registered (Used),"2026 May 16, 10:14 am","['AIR CONDITION', 'POWER STEERING', 'POWER MIRROR', 'POWER WINDOW']",
https://riyasewana.com/buy/nissan-fb13-sale-ratnapura-11644654,Nissan FB13 1992 Car (Used),Negotiable,Ratnapura,1992,"285,000 km",Nissan,FB13,Manual,Petrol,1500,Registered (Used),"2026 May 16, 10:14 am","['AIR CONDITION', 'POWER STEERING', 'POWER MIRROR', 'POWER WINDOW']",
https://riyasewana.com/buy/bajaj-ct-100-sale-kegalle-11607131,Bajaj CT-100 2026 Motorbike Brand New,"Rs. 577,950",Kegalle,2026,-,Bajaj,CT-100,,,100,Brand New,"2026 May 16, 10:14 am",[],Kick / Electric
https://riyasewana.com/buy/toyota-kdh-sale-kandana-11245548,Toyota KDH 2008 Van (Used),"Rs. 16,500,000",Kandana,2008,"122,000 km",Toyota,KDH,Automatic,Petrol,-,Registered (Used),"2026 May 16, 10:14 am","['AIR CONDITION', 'POWER STEERING', 'POWER MIRROR', 'POWER WINDOW']",
https://riyasewana.com/buy/bajaj-re-2-sale-panadura-11644652,Bajaj RE 2 Stroke 2006 Three Wheel (Used),"Rs. 885,000",Panadura,2006,"55,000 km",Bajaj,RE 2 Stroke,Manual,Petrol,150,Registered (Used),"2026 May 16, 10:13 am",[],
https://riyasewana.com/buy/honda-dio-sale-embilipitiya-11644651,Honda Dio 2014 Motorbike (Used),"Rs. 425,000",Embilipitiya,2014,"35,000 km",Honda,Dio,,,100,Registered (Used),"2026 May 16, 10:13 am",[],Kick / Electric
https://riyasewana.com/buy/bajaj-ct-100-sale-colombo-11644650,Bajaj CT-100 2025 Motorbike (Used),"Rs. 520,000",Colombo,2025,"3,260 km",Bajaj,CT-100,,,100,Registered (Used),"2026 May 16, 10:13 am",[],Kick / Electric
https://riyasewana.com/buy/tvs-wego-sale-matara-11644647,TVS Wego 2016 Motorbike (Used),Negotiable,Matara,2016,"46,500 km",TVS,Wego,,,110,Registered (Used),"2026 May 16, 10:13 am",[],Kick / Electric
https://riyasewana.com/buy/tvs-ntorq-sale-piliyandala-11644646,TVS Ntorq 2024 Motorbike (Used),"Rs. 655,000",Piliyandala,2024,"6,500 km",TVS,Ntorq,,,125,Registered (Used),"2026 May 16, 10:13 am",[],Kick / Electric
https://riyasewana.com/buy/nissan-atlas-sale-matugama-11644645,Nissan Atlas 1997 Lorry (Used),"Rs. 4,275,000",Matugama,1997,-,Nissan,Atlas,Manual,Diesel,2700,Registered (Used),"2026 May 16, 10:13 am","['AIR CONDITION', 'POWER STEERING']",
https://riyasewana.com/buy/honda-civic-sale-malabe-11644644,Honda Civic 2003 Car (Used),"Rs. 5,295,000",Malabe,2003,"156,268 km",Honda,Civic,Manual,Petrol,1500,Registered (Used),"2026 May 16, 10:13 am","['AIR CONDITION', 'POWER STEERING', 'POWER MIRROR', 'POWER WINDOW']",
https://riyasewana.com/buy/toyota-axio-sale-pannipitiya-11644643,Toyota Axio 2017 Car (Used),"Rs. 11,250,000",Pannipitiya,2017,"98,200 km",Toyota,Axio,Automatic,Hybrid,1500,Registered (Used),"2026 May 16, 10:13 am","['AIR CONDITION', 'POWER STEERING', 'POWER MIRROR', 'POWER WINDOW']",
https://riyasewana.com/buy/bajaj-re-205-sale-matugama-11644640,Bajaj RE 205 2011 Three Wheel (Used),"Rs. 1,295,000",Matugama,2011,"98,000 km",Bajaj,RE 205,Manual,Petrol,205,Registered (Used),"2026 May 16, 10:12 am",[],
https://riyasewana.com/buy/toyota-carina-sale-wennappuwa-11644638,Toyota Carina 1997 Car (Used),"Rs. 4,450,000",Wennappuwa,1997,"198,000 km",Toyota,Carina,Automatic,Petrol,1500,Registered (Used),"2026 May 16, 10:11 am","['AIR CONDITION', 'POWER STEERING', 'POWER MIRROR', 'POWER WINDOW']",
https://riyasewana.com/buy/kia-sportage-sale-dankotuwa-11644637,Kia Sportage 2012 SUV (Used),"Rs. 8,700,000",Dankotuwa,2012,"127,000 km",Kia,Sportage,Automatic,Diesel,2000,Registered (Used),"2026 May 16, 10:11 am","['AIR CONDITION', 'POWER STEERING', 'POWER WINDOW']",
https://riyasewana.com/buy/daihatsu-mira-sale-matara-11644636,Daihatsu Mira 2000 Car (Used),"Rs. 3,150,000",Matara,2000,"220,000 km",Daihatsu,Mira,Automatic,Petrol,650,Registered (Used),"2026 May 16, 10:11 am","['AIR CONDITION', 'POWER STEERING', 'POWER MIRROR', 'POWER WINDOW']",
https://riyasewana.com/buy/toyota-cynos-sale-nugegoda-11644635,Toyota Cynos 1993 Car (Used),"Rs. 3,490,000",Nugegoda,1993,"146,000 km",Toyota,Cynos,Automatic,Petrol,1500,Registered (Used),"2026 May 16, 10:11 am","['AIR CONDITION', 'POWER STEERING', 'POWER MIRROR', 'POWER WINDOW']",
https://riyasewana.com/buy/isuzu-kb-2wd-sale-nugegoda-11644634,Isuzu KB 2WD 1980 Crew Cab (Used),"Rs. 2,490,000",Nugegoda,1980,"250,000 km",Isuzu,KB 2WD,Manual,Diesel,2500,Registered (Used),"2026 May 16, 10:11 am","['AIR CONDITION', 'POWER STEERING', 'POWER MIRROR', 'POWER WINDOW']",
https://riyasewana.com/buy/nissan-vanette-sale-mirigama-11644633,Nissan Vanette 1997 Van (Used),"Rs. 4,750,000",Mirigama,1997,"220,000 km",Nissan,Vanette,Manual,Diesel,2160,Registered (Used),"2026 May 16, 10:11 am","['AIR CONDITION', 'POWER STEERING', 'POWER MIRROR', 'POWER WINDOW']",
https://riyasewana.com/buy/jac-jac-sale-avissawella-11644631,JAC Jac 2006 Lorry (Used),"Rs. 1,495,000",Avissawella,2006,"11,111 km",JAC,Jac,Manual,Diesel,3200,Registered (Used),"2026 May 16, 10:11 am",[],
https://riyasewana.com/buy/hyundai-tucson-v6-sale-piliyandala-11644630,Hyundai Tucson V6 2005 SUV (Used),Negotiable,Piliyandala,2005,"179,000 km",Hyundai,Tucson V6,Automatic,Petrol,2700,Registered (Used),"2026 May 16, 10:11 am","['AIR CONDITION', 'POWER STEERING', 'POWER MIRROR', 'POWER WINDOW']",
https://riyasewana.com/buy/toyota-axio-sale-pannipitiya-11644626,Toyota Axio 2017 Car (Used),"Rs. 10,450,000",Pannipitiya,2017,"98,200 km",Toyota,Axio,Automatic,Hybrid,1500,Registered (Used),"2026 May 16, 10:10 am","['AIR CONDITION', 'POWER STEERING', 'POWER MIRROR', 'POWER WINDOW']",
https://riyasewana.com/buy/honda-dio-sale-kurunegala-11644625,Honda Dio 2019 Motorbike (Used),"Rs. 645,000",Kurunegala,2019,74 km,Honda,Dio,,,100,Registered (Used),"2026 May 16, 10:10 am",[],Kick / Electric
https://riyasewana.com/buy/suzuki-swift-rs-sale-colombo-11644621,Suzuki Swift RS Turbo Safety 2018 Car (Used),Negotiable,Colombo,2018,"72,000 km",Suzuki,Swift RS Turbo Safety,Automatic,Petrol,1000,Registered (Used),"2026 May 16, 10:10 am","['AIR CONDITION', 'POWER STEERING', 'POWER MIRROR', 'POWER WINDOW']",
https://riyasewana.com/buy/suzuki-wagon-r-sale-kalutara-11644617,Suzuki Wagon R 2017 Car (Used),Negotiable,Kalutara,2017,"120,000 km",Suzuki,Wagon R,Automatic,Hybrid,660,Registered (Used),"2026 May 16, 10:10 am","['AIR CONDITION', 'POWER STEERING', 'POWER MIRROR', 'POWER WINDOW']",
https://riyasewana.com/buy/tata-dimo-batta-sale-kuliyapitiya-11644615,Tata Dimo Batta 2009 Lorry (Used),"Rs. 1,100,000",Kuliyapitiya,2009,"90,000 km",Tata,Dimo Batta,Manual,Diesel,800,Registered (Used),"2026 May 16, 10:09 am",[],
https://riyasewana.com/buy/isuzu-lsuzu-elf-sale-horana-11644614,Isuzu Lsuzu ELF 1995 Lorry (Used),Negotiable,Horana,1995,-,Isuzu,Lsuzu ELF,Manual,Diesel,-,Registered (Used),"2026 May 16, 10:09 am",[],
https://riyasewana.com/buy/yamaha-fz-sale-matale-11644613,Yamaha Fz 2019 Motorbike (Used),"Rs. 840,000",Matale,2019,"40,000 km",Yamaha,Fz,,,153,Registered (Used),"2026 May 16, 10:09 am",[],Electric
https://riyasewana.com/buy/honda-grace-sale-panadura-11644611,Honda Grace 2019 Car (Used),"Rs. 10,975,000",Panadura,2019,"105,426 km",Honda,Grace,Automatic,Hybrid,1500,Registered (Used),"2026 May 16, 10:09 am","['AIR CONDITION', 'POWER STEERING', 'POWER MIRROR', 'POWER WINDOW']",
https://riyasewana.com/buy/hero-pleasure-sale-pannala-11644610,Hero Pleasure 2012 Motorbike (Used),"Rs. 238,000",Pannala,2012,"25,000 km",Hero,Pleasure,,,99,Registered (Used),"2026 May 16, 10:09 am",[],Kick / Electric
https://riyasewana.com/buy/bajaj-pulsar-180-sale-dehiwala-mount-lavinia-11644609,Bajaj Pulsar 180 2017 Motorbike (Used),"Rs. 665,000",Dehiwala-Mount-Lavinia,2017,-,Bajaj,Pulsar 180,,,180,Registered (Used),"2026 May 16, 10:08 am",[],Kick / Electric
https://riyasewana.com/buy/yamaha-ray-zr-sale-galle-11644608,Yamaha Ray ZR 2019 Motorbike (Used),"Rs. 498,000",Galle,2019,"32,568 km",Yamaha,Ray ZR,,,113,Registered (Used),"2026 May 16, 10:08 am",[],Kick / Electric
https://riyasewana.com/buy/dfsk-unimo-lokka-sale-kesbewa-11644607,DFSK Unimo Lokka 2012 Lorry (Used),"Rs. 1,375,000",Kesbewa,2012,-,DFSK,Unimo Lokka,Manual,Diesel,1357,Registered (Used),"2026 May 16, 10:08 am",[],
https://riyasewana.com/buy/suzuki-a-star-sale-kesbewa-11644606,Suzuki A-Star 2011 Car (Used),"Rs. 3,950,000",Kesbewa,2011,"139,000 km",Suzuki,A-Star,Manual,Petrol,1000,Registered (Used),"2026 May 16, 10:08 am","['AIR CONDITION', 'POWER STEERING', 'POWER WINDOW']",
https://riyasewana.com/buy/nissan-sunny-sale-ratnapura-11644604,Nissan Sunny 1994 Car (Used),Negotiable,Ratnapura,1994,"1,000 km",Nissan,Sunny,Manual,Petrol,-,Registered (Used),"2026 May 16, 10:08 am","['AIR CONDITION', 'POWER STEERING', 'POWER MIRROR', 'POWER WINDOW']",
https://riyasewana.com/buy/tvs-wego-sale-galle-11644603,TVS Wego 2018 Motorbike (Used),"Rs. 410,000",Galle,2018,"56,334 km",TVS,Wego,,,110,Registered (Used),"2026 May 16, 10:08 am",[],Kick / Electric
https://riyasewana.com/buy/toyota-townace-sale-kandy-11644602,Toyota Townace 1988 Van (Used),Negotiable,Kandy,1988,"150,000 km",Toyota,Townace,Manual,Diesel,1800,Registered (Used),"2026 May 16, 10:08 am",['AIR CONDITION'],
https://riyasewana.com/buy/toyota-townce-sale-matara-11644601,Toyota Townce 2002 Lorry (Used),"Rs. 4,675,000",Matara,2002,"100,000 km",Toyota,Townce,Manual,Diesel,2100,Registered (Used),"2026 May 16, 10:08 am",['POWER STEERING'],
https://riyasewana.com/buy/nissan-tiida-sale-colombo-11644600,Nissan Tiida 2007 Car (Used),"Rs. 4,775,000",Colombo,2007,"190,000 km",Nissan,Tiida,Automatic,Petrol,1500,Registered (Used),"2026 May 16, 10:08 am","['AIR CONDITION', 'POWER STEERING', 'POWER WINDOW']",
https://riyasewana.com/buy/suzuki-gn125-japan-sale-kurunegala-11644598,Suzuki GN125 Japan 2017 Motorbike (Used),"Rs. 850,000",Kurunegala,2017,"70,000 km",Suzuki,GN125 Japan,,,124,Registered (Used),"2026 May 16, 10:08 am",[],Electric
https://riyasewana.com/buy/honda-grace-ex-sale-beruwala-11644597,Honda Grace EX 2017 Car (Used),"Rs. 10,450,000",Beruwala,2017,"91,200 km",Honda,Grace EX,Automatic,Hybrid,1500,Registered (Used),"2026 May 16, 10:08 am","['AIR CONDITION', 'POWER STEERING', 'POWER MIRROR', 'POWER WINDOW']",
https://riyasewana.com/buy/micro-panda-1-0-sale-divulapitiya-11644595,Micro Panda 1.0 2012 Car (Used),"Rs. 2,725,000",Divulapitiya,2012,"77,000 km",Micro,Panda 1.0,Manual,Petrol,1000,Registered (Used),"2026 May 16, 10:07 am","['AIR CONDITION', 'POWER STEERING', 'POWER MIRROR', 'POWER WINDOW']",
https://riyasewana.com/buy/mitsubishi-canter-sale-horana-11644594,Mitsubishi Canter 1995 Lorry (Used),Negotiable,Horana,1995,-,Mitsubishi,Canter,Manual,Diesel,-,Registered (Used),"2026 May 16, 10:07 am",[],
https://riyasewana.com/buy/honda-cb-hornet-sale-dehiwala-mount-lavinia-11644593,Honda CB Hornet 2018 Motorbike (Used),"Rs. 175,000",Dehiwala-Mount-Lavinia,2018,-,Honda,CB Hornet,,,160,Registered (Used),"2026 May 16, 10:07 am",[],Kick / Electric
https://riyasewana.com/buy/land-rover-discovery-s-sale-nugegoda-11644591,Land-Rover Discovery S 2016 SUV (Used),"Rs. 31,500,000",Nugegoda,2016,"139,000 km",Land-Rover,Discovery S,Automatic,Diesel,3000,Registered (Used),"2026 May 16, 10:07 am","['AIR CONDITION', 'POWER STEERING', 'POWER MIRROR', 'POWER WINDOW']",
https://riyasewana.com/buy/toyota-passo-sale-nittambuwa-11600128,Toyota Passo 2017 Car (Used),Negotiable,Nittambuwa,2017,"120,000 km",Toyota,Passo,Automatic,Petrol,1000,Registered (Used),"2026 May 16, 10:06 am","['AIR CONDITION', 'POWER STEERING', 'POWER MIRROR', 'POWER WINDOW']",
https://riyasewana.com/buy/daihatsu-charade-sale-matugama-11644589,Daihatsu Charade 1991 Car (Used),"Rs. 1,550,000",Matugama,1991,"123,456 km",Daihatsu,Charade,Manual,Petrol,1300,Registered (Used),"2026 May 16, 10:06 am","['AIR CONDITION', 'POWER STEERING', 'POWER MIRROR', 'POWER WINDOW']",
https://riyasewana.com/buy/honda-fit-gp5-sale-pannipitiya-11644588,Honda Fit GP5 2015 Car (Used),"Rs. 8,350,000",Pannipitiya,2015,"96,100 km",Honda,Fit GP5,Automatic,Hybrid,1500,Registered (Used),"2026 May 16, 10:06 am","['AIR CONDITION', 'POWER STEERING', 'POWER MIRROR', 'POWER WINDOW']",
https://riyasewana.com/buy/tvs-wego-sale-negombo-11644586,TVS Wego 2014 Motorbike (Used),Negotiable,Negombo,2014,-,TVS,Wego,,,110,Registered (Used),"2026 May 16, 10:05 am",[],Electric
https://riyasewana.com/buy/honda-fit-gp1-sale-panadura-11644582,Honda Fit GP1 2015 Car (Used),"Rs. 7,450,000",Panadura,2015,"123,000 km",Honda,Fit GP1,Automatic,Hybrid,1300,Registered (Used),"2026 May 16, 10:04 am","['AIR CONDITION', 'POWER STEERING', 'POWER MIRROR', 'POWER WINDOW']",
https://riyasewana.com/buy/bajaj-pulsar-135-sale-weligama-11644581,Bajaj Pulsar 135 2011 Motorbike (Used),"Rs. 210,000",Weligama,2011,"65,000 km",Bajaj,Pulsar 135,,,135,Registered (Used),"2026 May 16, 10:04 am",[],Kick / Electric
https://riyasewana.com/buy/nissan-sunny-b11-5-sale-pannala-11644580,Nissan SUNNY B11-5 GEAR 1984 Car (Used),"Rs. 1,130,000",Pannala,1984,"100,000 km",Nissan,SUNNY B11-5 GEAR,Manual,Petrol,1300,Registered (Used),"2026 May 16, 10:04 am","['AIR CONDITION', 'POWER STEERING']",
https://riyasewana.com/buy/hero-dash-sale-ratnapura-11644579,Hero Dash 2016 Motorbike (Used),"Rs. 275,000",Ratnapura,2016,"50,000 km",Hero,Dash,,,110,Registered (Used),"2026 May 16, 10:04 am",[],Kick / Electric
https://riyasewana.com/buy/bajaj-platina-sale-moneragala-11644578,Bajaj Platina 2010 Motorbike (Used),"Rs. 255,000",Moneragala,2010,"23,500 km",Bajaj,Platina,,,100,Registered (Used),"2026 May 16, 10:04 am",[],Kick
https://riyasewana.com/buy/datsun-redi-go-sale-panadura-11644577,Datsun Redi-go 2016 Car (Used),"Rs. 3,295,000",Panadura,2016,123 km,Datsun,Redi-go,Manual,Petrol,800,Registered (Used),"2026 May 16, 10:04 am","['AIR CONDITION', 'POWER STEERING', 'POWER WINDOW']",
https://riyasewana.com/buy/toyota-vios-sale-matugama-11644576,Toyota Vios 2005 Car (Used),"Rs. 4,850,000",Matugama,2005,"124,000 km",Toyota,Vios,Manual,Petrol,1500,Registered (Used),"2026 May 16, 10:04 am","['AIR CONDITION', 'POWER STEERING', 'POWER MIRROR', 'POWER WINDOW']",
https://riyasewana.com/buy/nissan-n16-sunny-sale-kandy-11644575,Nissan N16 Sunny N17 2003 Car (Used),"Rs. 3,975,000",Kandy,2003,"175,000 km",Nissan,N16 Sunny N17,Manual,Petrol,1300,Registered (Used),"2026 May 16, 10:04 am",[],
https://riyasewana.com/buy/suzuki-spacia-sale-bandaragama-11644574,Suzuki Spacia 2018 Car (Used),"Rs. 6,900,000",Bandaragama,2018,"117,200 km",Suzuki,Spacia,Automatic,Hybrid,650,Registered (Used),"2026 May 16, 10:04 am","['AIR CONDITION', 'POWER STEERING', 'POWER MIRROR', 'POWER WINDOW']",
https://riyasewana.com/buy/mitsubishi-montero-sale-kaduwela-11644573,Mitsubishi Montero 2012 SUV (Used),Negotiable,Kaduwela,2012,"198,000 km",Mitsubishi,Montero,Automatic,Petrol,2972,Registered (Used),"2026 May 16, 10:04 am","['AIR CONDITION', 'POWER STEERING', 'POWER MIRROR', 'POWER WINDOW']",
https://riyasewana.com/buy/suzuki-alto-sale-nittambuwa-11644572,Suzuki Alto 2015 Car (Used),Negotiable,Nittambuwa,2015,"80,000 km",Suzuki,Alto,Manual,Petrol,600,Registered (Used),"2026 May 16, 10:04 am","['AIR CONDITION', 'POWER STEERING', 'POWER MIRROR', 'POWER WINDOW']",
https://riyasewana.com/buy/toyota-premio-sale-katunayake-11644571,Toyota Premio 2017 Car (Used),Negotiable,Katunayake,2017,"85,000 km",Toyota,Premio,Automatic,Petrol,1500,Registered (Used),"2026 May 16, 10:04 am","['AIR CONDITION', 'POWER STEERING', 'POWER MIRROR', 'POWER WINDOW']",
https://riyasewana.com/buy/honda-activa-sale-galle-11644570,Honda Activa 2014 Motorbike (Used),"Rs. 348,000",Galle,2014,"66,525 km",Honda,Activa,,,110,Registered (Used),"2026 May 16, 10:03 am",[],Kick / Electric
https://riyasewana.com/buy/nissan-bluebird-sale-nuwara-eliya-11644569,Nissan Bluebird 2003 Car (Used),"Rs. 4,950,000",Nuwara-Eliya,2003,"148,000 km",Nissan,Bluebird,Automatic,Petrol,1500,Registered (Used),"2026 May 16, 10:03 am","['AIR CONDITION', 'POWER STEERING', 'POWER MIRROR', 'POWER WINDOW']",
https://riyasewana.com/buy/hero-hunk-sale-colombo-11644568,Hero Hunk 2015 Motorbike (Used),Negotiable,Colombo,2015,"12,345 km",Hero,Hunk,,,125,Registered (Used),"2026 May 16, 10:03 am",[],Kick / Electric
https://riyasewana.com/buy/suzuki-alto-sale-matara-11644567,Suzuki Alto 2016 Car (Used),"Rs. 4,075,000",Matara,2016,"60,000 km",Suzuki,Alto,Manual,Petrol,800,Registered (Used),"2026 May 16, 10:03 am","['AIR CONDITION', 'POWER STEERING', 'POWER WINDOW']",
https://riyasewana.com/buy/mercedes-benz-cla-180-sale-pannipitiya-11644566,Mercedes-Benz CLA 180 2020 Car (Used),"Rs. 22,450,000",Pannipitiya,2020,"33,600 km",Mercedes-Benz,CLA 180,Automatic,Hybrid,1400,Registered (Used),"2026 May 16, 10:02 am","['AIR CONDITION', 'POWER STEERING', 'POWER MIRROR', 'POWER WINDOW']",
https://riyasewana.com/buy/suzuki-wagon-r-sale-horana-11644565,Suzuki Wagon R Stingray Safety 2018 Car (Used),"Rs. 7,430,000",Horana,2018,"49,000 km",Suzuki,Wagon R Stingray Safety,Automatic,Hybrid,660,Registered (Used),"2026 May 16, 10:02 am","['AIR CONDITION', 'POWER STEERING', 'POWER MIRROR', 'POWER WINDOW']",
https://riyasewana.com/buy/mitsubishi-l200-sportero-sale-maharagama-11633780,Mitsubishi L200 Sportero 2016 Pickup (Used),"Rs. 13,500,000",Maharagama,2016,"170,000 km",Mitsubishi,L200 Sportero,Automatic,Diesel,2470,Registered (Used),"2026 May 14, 10:15 am","['AIR CONDITION', 'POWER STEERING', 'POWER MIRROR', 'POWER WINDOW']",
https://riyasewana.com/buy/honda-vezel-z-play-sale-rajagiriya-11594036,Honda Vezel Z-Play 2026 SUV Unregistered (Recondition),"Rs. 20,700,000",Rajagiriya,2026,200 km,Honda,Vezel Z-Play,Automatic,Hybrid,1500,Unregistered (Recondition),"2026 May 06, 10:31 pm","['AIR CONDITION', 'POWER STEERING', 'POWER MIRROR', 'POWER WINDOW']",
https://riyasewana.com/buy/bajaj-4-stroke-sale-negombo-11644563,Bajaj 4 Stroke 2007 Three Wheel (Used),"Rs. 1,065,000",Negombo,2007,"58,658 km",Bajaj,4 Stroke,Manual,Petrol,175,Registered (Used),"2026 May 16, 10:02 am",[],
https://riyasewana.com/buy/tata-nano-sale-panadura-11644562,Tata Nano 2017 Car (Used),"Rs. 2,295,000",Panadura,2017,123 km,Tata,Nano,Automatic,Petrol,624,Registered (Used),"2026 May 16, 10:02 am","['AIR CONDITION', 'POWER STEERING', 'POWER WINDOW']",
https://riyasewana.com/buy/nissan-roox-highway-sale-kurunegala-11640882,Nissan Roox Highway Star Propilot Edition 2023 Car Unregistered (Recondition),"Rs. 7,595,000",Kurunegala,2023,"19,800 km",Nissan,Roox Highway Star Propilot Edition,Automatic,Hybrid,660,Unregistered (Recondition),"2026 May 16, 10:02 am","['AIR CONDITION', 'POWER STEERING', 'POWER MIRROR', 'POWER WINDOW']",
https://riyasewana.com/buy/mitsubishi-lancer-sale-gampaha-11644561,Mitsubishi Lancer 1979 Car (Used),"Rs. 875,000",Gampaha,1979,-,Mitsubishi,Lancer,Manual,Petrol,1400,Registered (Used),"2026 May 16, 10:02 am",[],
https://riyasewana.com/buy/honda-cd-125-sale-kandana-11644555,Honda Cd 125 1989 Motorbike (Used),Negotiable,Kandana,1989,"9,999 km",Honda,Cd 125,,,125,Registered (Used),"2026 May 16, 10:02 am",[],Kick / Electric
https://riyasewana.com/buy/micro-kyron-sale-kiribathgoda-11644554,Micro Kyron 2008 SUV (Used),"Rs. 5,475,000",Kiribathgoda,2008,"283,000 km",Micro,Kyron,Automatic,Diesel,2000,Registered (Used),"2026 May 16, 10:01 am","['AIR CONDITION', 'POWER STEERING', 'POWER MIRROR', 'POWER WINDOW']",
https://riyasewana.com/buy/toyota-cr26-sale-kuliyapitiya-11644553,Toyota CR26 1991 Van (Used),"Rs. 2,500,000",Kuliyapitiya,1991,"11,111 km",Toyota,CR26,Manual,Diesel,1850,Registered (Used),"2026 May 16, 10:01 am","['POWER STEERING', 'POWER MIRROR', 'POWER WINDOW']",
https://riyasewana.com/buy/honda-benly-50-sale-gampaha-11644552,Honda Benly 50 Thatu Model 2003 Motorbike (Used),Negotiable,Gampaha,2003,"5,321 km",Honda,Benly 50 Thatu Model,,,50,Registered (Used),"2026 May 16, 10:01 am",[],Kick
https://riyasewana.com/buy/hero-dash-sale-ratnapura-11644551,Hero Dash 2016 Motorbike (Used),"Rs. 275,000",Ratnapura,2016,"57,000 km",Hero,Dash,,,110,Registered (Used),"2026 May 16, 10:00 am",[],Kick / Electric
https://riyasewana.com/buy/toyota-carina-sale-galle-11644550,Toyota Carina 2000 Car (Used),"Rs. 4,750,000",Galle,2000,"125,366 km",Toyota,Carina,Automatic,Petrol,1500,Registered (Used),"2026 May 16, 10:00 am","['AIR CONDITION', 'POWER STEERING', 'POWER MIRROR', 'POWER WINDOW']",
https://riyasewana.com/buy/toyota-liteace-sale-minuwangoda-11644549,Toyota Liteace 1986 Van (Used),"Rs. 1,250,000",Minuwangoda,1986,1 km,Toyota,Liteace,Manual,Diesel,2,Registered (Used),"2026 May 16, 10:00 am",['POWER STEERING'],
https://riyasewana.com/buy/mahindra-maxximo-sale-kurunegala-11644548,Mahindra Maxximo 2018 Lorry (Used),"Rs. 2,190,000",Kurunegala,2018,88 km,Mahindra,Maxximo,Manual,Diesel,900,Registered (Used),"2026 May 16, 10:00 am","['AIR CONDITION', 'POWER STEERING', 'POWER MIRROR', 'POWER WINDOW']",
https://riyasewana.com/buy/audi-a3-signature-sale-colombo-11610355,Audi A3 Signature Edition 2024 Car Unregistered (Recondition),"Rs. 18,500,000",Colombo,2024,"7,000 km",Audi,A3 Signature Edition,Automatic,Petrol,1000,Unregistered (Recondition),"2026 May 16, 10:00 am","['AIR CONDITION', 'POWER STEERING', 'POWER MIRROR', 'POWER WINDOW']",
https://riyasewana.com/buy/mercedes-benz-glb180-amg-sale-colombo-11607024,Mercedes-Benz GLB180 AMG Premium Plus 2025 SUV Brand New,"Rs. 38,000,000",Colombo,2025,-,Mercedes-Benz,GLB180 AMG Premium Plus,Automatic,Petrol,1400,Brand New,"2026 May 16, 10:00 am","['AIR CONDITION', 'POWER STEERING', 'POWER MIRROR', 'POWER WINDOW']",
https://riyasewana.com/buy/hyundai-elantra-sale-homagama-11343119,Hyundai Elantra 2011 Car (Used),"Rs. 6,500,000",Homagama,2011,"154,000 km",Hyundai,Elantra,Automatic,Petrol,1800,Registered (Used),"2026 May 16, 10:00 am","['AIR CONDITION', 'POWER STEERING', 'POWER MIRROR', 'POWER WINDOW']",
https://riyasewana.com/buy/bajaj-pulsar-200-sale-gampaha-11644545,Bajaj Pulsar 200 2009 Motorbike (Used),"Rs. 375,000",Gampaha,2009,123 km,Bajaj,Pulsar 200,,,200,Registered (Used),"2026 May 16, 9:59 am",[],Kick / Electric
https://riyasewana.com/buy/toyota-prius-20-sale-battaramulla-11644544,Toyota Prius 20 2007 Car (Used),Negotiable,Battaramulla,2007,-,Toyota,Prius 20,Automatic,Hybrid,1498,Registered (Used),"2026 May 16, 9:59 am","['AIR CONDITION', 'POWER STEERING', 'POWER MIRROR', 'POWER WINDOW']",
https://riyasewana.com/buy/range-rover-rover-evoque-sale-kaduwela-11644543,Range-Rover Rover Evoque 2013 Car (Used),"Rs. 13,975,000",Kaduwela,2013,"168,909 km",Range-Rover,Rover Evoque,Automatic,Diesel,2179,Registered (Used),"2026 May 16, 9:59 am","['AIR CONDITION', 'POWER STEERING', 'POWER MIRROR', 'POWER WINDOW']",
https://riyasewana.com/buy/honda-city-sale-kaduwela-11644542,Honda City 2004 Car (Used),Negotiable,Kaduwela,2004,"239,177 km",Honda,City,Automatic,Petrol,1497,Registered (Used),"2026 May 16, 9:59 am",[],
https://riyasewana.com/buy/bajaj-pulsar-150-sale-kadawatha-11644541,Bajaj Pulsar 150 2015 Motorbike (Used),"Rs. 500,000",Kadawatha,2015,"64,356 km",Bajaj,Pulsar 150,,,150,Registered (Used),"2026 May 16, 9:59 am",[],Kick / Electric
https://riyasewana.com/buy/hero-hunk-160-sale-gampaha-11644540,Hero Hunk 160 4v 2025 Motorbike (Used),"Rs. 820,000",Gampaha,2025,"6,900 km",Hero,Hunk 160 4v,,,160,Registered (Used),"2026 May 16, 9:59 am",[],Electric
https://riyasewana.com/buy/micro-rexton-sale-nugegoda-11644539,Micro Rexton 2016 SUV (Used),"Rs. 12,490,000",Nugegoda,2016,"160,000 km",Micro,Rexton,Automatic,Diesel,2500,Registered (Used),"2026 May 16, 9:59 am","['AIR CONDITION', 'POWER STEERING', 'POWER MIRROR', 'POWER WINDOW']",
https://riyasewana.com/buy/nissan-ad-wagon-sale-panadura-11644538,Nissan AD Wagon 2000 Car (Used),"Rs. 3,095,000",Panadura,2000,123 km,Nissan,AD Wagon,Automatic,Petrol,1490,Registered (Used),"2026 May 16, 9:59 am","['AIR CONDITION', 'POWER STEERING', 'POWER MIRROR', 'POWER WINDOW']",
https://riyasewana.com/buy/bajaj-re-4-sale-nittambuwa-11644536,Bajaj RE 4 Stroke 2014 Three Wheel (Used),"Rs. 1,370,000",Nittambuwa,2014,"17,900 km",Bajaj,RE 4 Stroke,Manual,Petrol,205,Registered (Used),"2026 May 16, 9:59 am",[],
https://riyasewana.com/buy/toyota-vitz-u-sale-wennappuwa-11644535,Toyota Vitz U Grade 2008 Car (Used),"Rs. 5,975,000",Wennappuwa,2008,"69,942 km",Toyota,Vitz U Grade,Automatic,Petrol,1300,Registered (Used),"2026 May 16, 9:59 am","['AIR CONDITION', 'POWER STEERING', 'POWER MIRROR', 'POWER WINDOW']",
https://riyasewana.com/buy/bajaj-4-stroke-sale-chilaw-11644531,Bajaj 4 Stroke 2016 Three Wheel (Used),"Rs. 1,695,000",Chilaw,2016,"61,000 km",Bajaj,4 Stroke,Manual,Petrol,205,Registered (Used),"2026 May 16, 9:58 am",[],
https://riyasewana.com/buy/toyota-crown-sale-nugegoda-11644530,Toyota Crown 1996 Car (Used),"Rs. 4,990,000",Nugegoda,1996,"69,000 km",Toyota,Crown,Automatic,Diesel,2500,Registered (Used),"2026 May 16, 9:58 am","['AIR CONDITION', 'POWER STEERING', 'POWER MIRROR', 'POWER WINDOW']",
https://riyasewana.com/buy/micro-kyron-sale-kaduwela-11644529,Micro Kyron 2009 SUV (Used),"Rs. 5,590,000",Kaduwela,2009,-,Micro,Kyron,Automatic,Diesel,2000,Registered (Used),"2026 May 16, 9:58 am","['AIR CONDITION', 'POWER STEERING', 'POWER MIRROR', 'POWER WINDOW']",
https://riyasewana.com/buy/toyota-vitz-sale-panadura-11644528,Toyota Vitz 1999 Car (Used),"Rs. 3,995,000",Panadura,1999,123 km,Toyota,Vitz,Automatic,Petrol,990,Registered (Used),"2026 May 16, 9:58 am","['AIR CONDITION', 'POWER STEERING', 'POWER MIRROR', 'POWER WINDOW']",
https://riyasewana.com/buy/nissan-dayz-highway-sale-kegalle-11644527,Nissan Dayz Highway Star 2018 Car (Used),"Rs. 6,100,000",Kegalle,2018,"140,000 km",Nissan,Dayz Highway Star,Automatic,Petrol,660,Registered (Used),"2026 May 16, 9:57 am","['AIR CONDITION', 'POWER STEERING', 'POWER MIRROR', 'POWER WINDOW']",
https://riyasewana.com/buy/toyota-corolla-elephant-sale-kandy-11644526,Toyota Corolla Elephant Back EE 107 1993 Car (Used),"Rs. 2,735,000",Kandy,1993,"110,000 km",Toyota,Corolla Elephant Back EE 107,Manual,Petrol,1500,Registered (Used),"2026 May 16, 9:57 am","['AIR CONDITION', 'POWER STEERING']",
https://riyasewana.com/buy/suzuki-wagon-r-sale-galle-11644524,Suzuki Wagon R Stingray J Style 2015 Car (Used),"Rs. 6,175,000",Galle,2015,"122,000 km",Suzuki,Wagon R Stingray J Style,Automatic,Petrol,650,Registered (Used),"2026 May 16, 9:57 am","['AIR CONDITION', 'POWER STEERING', 'POWER MIRROR', 'POWER WINDOW']",
https://riyasewana.com/buy/nissan-cefiro-sale-colombo-11644522,Nissan Cefiro 2002 Car (Used),Negotiable,Colombo,2002,195 km,Nissan,Cefiro,Automatic,Petrol,2000,Registered (Used),"2026 May 16, 9:57 am","['AIR CONDITION', 'POWER STEERING', 'POWER MIRROR', 'POWER WINDOW']",
https://riyasewana.com/buy/mitsubishi-l200-strada-sale-kandy-11644521,Mitsubishi L200 Strada 1996 Pickup (Used),"Rs. 5,375,000",Kandy,1996,"320,000 km",Mitsubishi,L200 Strada,Manual,Diesel,2500,Registered (Used),"2026 May 16, 9:56 am",[],
https://riyasewana.com/buy/toyota-ee-90-sale-kaduwela-11644519,Toyota EE 90 Special 1990 Car (Used),"Rs. 1,595,000",Kaduwela,1990,1 km,Toyota,EE 90 Special,Manual,Petrol,1300,Registered (Used),"2026 May 16, 9:56 am","['AIR CONDITION', 'POWER MIRROR', 'POWER WINDOW']",
https://riyasewana.com/buy/nissan-trad-sunny-sale-kaduwela-11644518,Nissan Trad Sunny FB12 1988 Car (Used),"Rs. 1,590,000",Kaduwela,1988,-,Nissan,Trad Sunny FB12,Manual,Petrol,1300,Registered (Used),"2026 May 16, 9:56 am",[],
https://riyasewana.com/buy/toyota-hilux-rocco-sale-dehiwala-mount-lavinia-11644517,Toyota Hilux Rocco 2018 Pickup (Used),"Rs. 18,900,000",Dehiwala-Mount-Lavinia,2018,"125,000 km",Toyota,Hilux Rocco,Automatic,Diesel,2800,Registered (Used),"2026 May 16, 9:56 am","['AIR CONDITION', 'POWER STEERING', 'POWER MIRROR', 'POWER WINDOW']",
https://riyasewana.com/buy/honda-dio-sale-dambulla-11644516,Honda Dio 2019 Motorbike (Used),Negotiable,Dambulla,2019,"60,000 km",Honda,Dio,,,110,Registered (Used),"2026 May 16, 9:56 am",[],Kick / Electric
https://riyasewana.com/buy/mitsubishi-tipper-sale-galle-11644515,Mitsubishi Tipper 1993 Truck (Used),"Rs. 4,650,000",Galle,1993,"142,536 km",Mitsubishi,Tipper,Manual,Diesel,3560,Registered (Used),"2026 May 16, 9:56 am",[],
https://riyasewana.com/buy/toyota-taisor-v-sale-negombo-11633018,Toyota Taisor V Grade 2026 SUV Brand New,Negotiable,Negombo,2026,2 km,Toyota,Taisor V Grade,Automatic,Petrol,1000,Brand New,"2026 May 14, 8:33 am","['AIR CONDITION', 'POWER STEERING', 'POWER MIRROR', 'POWER WINDOW']",
https://riyasewana.com/buy/toyota-passo-sale-kaduwela-11644513,Toyota Passo 2007 Car (Used),Negotiable,Kaduwela,2007,"81,209 km",Toyota,Passo,Automatic,Petrol,990,Registered (Used),"2026 May 16, 9:56 am",[],
https://riyasewana.com/buy/suzuki-alto-sale-piliyandala-11614620,Suzuki Alto 2011 Car (Used),"Rs. 3,450,000",Piliyandala,2011,"87,603 km",Suzuki,Alto,Manual,Petrol,800,Registered (Used),"2026 May 16, 9:56 am","['AIR CONDITION', 'POWER STEERING']",
https://riyasewana.com/buy/honda-vezel-premium-sale-battaramulla-11606961,Honda Vezel Premium 2026 SUV Brand New,"Rs. 18,990,000",Battaramulla,2026,-,Honda,Vezel Premium,Automatic,Hybrid,1500,Brand New,"2026 May 16, 9:56 am","['AIR CONDITION', 'POWER STEERING', 'POWER MIRROR', 'POWER WINDOW']",
https://riyasewana.com/buy/bajaj-pulsar-n160-sale-kurunegala-11606960,Bajaj Pulsar N160 2026 Motorbike Brand New,Negotiable,Kurunegala,2026,-,Bajaj,Pulsar N160,,,160,Brand New,"2026 May 16, 9:56 am",[],Kick / Electric
https://riyasewana.com/buy/honda-fit-gp5-sale-ganemulla-11605008,Honda Fit GP5 2014 Car (Used),Negotiable,Ganemulla,2014,"160,000 km",Honda,Fit GP5,Automatic,Petrol,1500,Registered (Used),"2026 May 16, 9:56 am","['AIR CONDITION', 'POWER STEERING', 'POWER MIRROR', 'POWER WINDOW']",
https://riyasewana.com/buy/audi-a3-advance-sale-colombo-11596963,Audi A3 Advance 2023 Car Unregistered (Recondition),"Rs. 16,000,000",Colombo,2023,"7,000 km",Audi,A3 Advance,Automatic,Petrol,1000,Unregistered (Recondition),"2026 May 16, 9:56 am","['AIR CONDITION', 'POWER STEERING', 'POWER MIRROR', 'POWER WINDOW']",
https://riyasewana.com/buy/hero-xoom-sale-kandy-11644510,Hero Xoom 2025 Motorbike (Used),"Rs. 635,000",Kandy,2025,"13,000 km",Hero,Xoom,,,110,Registered (Used),"2026 May 16, 9:55 am",[],Kick / Electric
https://riyasewana.com/buy/bajaj-pulsar-135-sale-ratnapura-11644509,Bajaj Pulsar 135 2013 Motorbike (Used),"Rs. 260,000",Ratnapura,2013,"51,000 km",Bajaj,Pulsar 135,,,135,Registered (Used),"2026 May 16, 9:55 am",[],Kick / Electric
https://riyasewana.com/buy/nissan-x-trail-sale-kadawatha-11644508,Nissan X-Trail 2015 SUV (Used),"Rs. 8,950,000",Kadawatha,2015,"142,000 km",Nissan,X-Trail,Automatic,Hybrid,2000,Registered (Used),"2026 May 16, 9:55 am","['AIR CONDITION', 'POWER STEERING', 'POWER MIRROR', 'POWER WINDOW']",
https://riyasewana.com/buy/suzuki-alto-k10-sale-kuliyapitiya-11644507,Suzuki Alto K10 2014 Car (Used),"Rs. 3,975,000",Kuliyapitiya,2014,"137,000 km",Suzuki,Alto K10,Manual,Petrol,800,Registered (Used),"2026 May 16, 9:55 am","['AIR CONDITION', 'POWER STEERING', 'POWER WINDOW']",
https://riyasewana.com/buy/honda-dio-sale-kalutara-11644505,Honda Dio 2018 Motorbike (Used),"Rs. 520,000",Kalutara,2018,"60,000 km",Honda,Dio,,,110,Registered (Used),"2026 May 16, 9:54 am",[],Kick / Electric
https://riyasewana.com/buy/isuzu-elf-sale-balangoda-11644504,Isuzu ELF 1976 Lorry (Used),"Rs. 1,000,000",Balangoda,1976,"200,000 km",Isuzu,ELF,Manual,Diesel,2770,Registered (Used),"2026 May 16, 9:54 am",[],
https://riyasewana.com/buy/toyota-aqua-g-sale-kelaniya-11644503,Toyota Aqua G Grade 2012 Car (Used),"Rs. 6,995,000",Kelaniya,2012,"172,000 km",Toyota,Aqua G Grade,Automatic,Hybrid,1500,Registered (Used),"2026 May 16, 9:54 am","['AIR CONDITION', 'POWER STEERING', 'POWER MIRROR', 'POWER WINDOW']",
https://riyasewana.com/buy/suzuki-alto-k10-sale-kurunegala-11644502,Suzuki Alto K10 2011 Car (Used),"Rs. 3,475,000",Kurunegala,2011,1 km,Suzuki,Alto K10,Manual,Petrol,1000,Registered (Used),"2026 May 16, 9:54 am","['AIR CONDITION', 'POWER STEERING', 'POWER WINDOW']",
https://riyasewana.com/buy/mitsubishi-montero-gls-sale-nugegoda-11644501,Mitsubishi Montero GLS 2015 SUV (Used),"Rs. 26,500,000",Nugegoda,2015,"142,000 km",Mitsubishi,Montero GLS,Automatic,Diesel,3200,Registered (Used),"2026 May 16, 9:54 am","['AIR CONDITION', 'POWER STEERING', 'POWER MIRROR', 'POWER WINDOW']",
https://riyasewana.com/buy/toyota-corolla-121-sale-avissawella-11644499,Toyota Corolla 121 G Grade 2001 Car (Used),Negotiable,Avissawella,2001,"253,000 km",Toyota,Corolla 121 G Grade,Automatic,Petrol,1500,Registered (Used),"2026 May 16, 9:54 am","['AIR CONDITION', 'POWER STEERING', 'POWER MIRROR', 'POWER WINDOW']",
https://riyasewana.com/buy/toyota-yaris-sale-rajagiriya-11644498,Toyota Yaris 2008 Car (Used),"Rs. 5,750,000",Rajagiriya,2008,"158,000 km",Toyota,Yaris,Manual,Petrol,1300,Registered (Used),"2026 May 16, 9:54 am","['AIR CONDITION', 'POWER STEERING', 'POWER WINDOW']",
https://riyasewana.com/buy/honda-dio-sale-kadawatha-11644497,Honda DIO 2015 Motorbike (Used),"Rs. 450,000",Kadawatha,2015,"52,000 km",Honda,DIO,,,110,Registered (Used),"2026 May 16, 9:53 am",[],Kick / Electric
https://riyasewana.com/buy/mitsubishi-l200-sale-matara-11644496,Mitsubishi L200 1994 Pickup (Used),"Rs. 4,850,000",Matara,1994,"300,000 km",Mitsubishi,L200,Manual,Diesel,2500,Registered (Used),"2026 May 16, 9:53 am","['AIR CONDITION', 'POWER STEERING']",
https://riyasewana.com/buy/kia-rio-sale-gampaha-11644495,Kia Rio 2003 Car (Used),"Rs. 2,750,000",Gampaha,2003,"145,630 km",Kia,Rio,Automatic,Petrol,1380,Registered (Used),"2026 May 16, 9:53 am","['AIR CONDITION', 'POWER STEERING', 'POWER MIRROR', 'POWER WINDOW']",
https://riyasewana.com/buy/toyota-townace-noah-sale-kaduwela-11644494,Toyota Townace Noah CR41 1998 Van (Used),Negotiable,Kaduwela,1998,1 km,Toyota,Townace Noah CR41,Automatic,Diesel,2000,Registered (Used),"2026 May 16, 9:53 am","['AIR CONDITION', 'POWER STEERING', 'POWER MIRROR', 'POWER WINDOW']",
https://riyasewana.com/buy/micro-rexton-sale-gampaha-11644493,Micro Rexton 2008 SUV (Used),"Rs. 8,275,000",Gampaha,2008,"140,716 km",Micro,Rexton,Automatic,Diesel,2600,Registered (Used),"2026 May 16, 9:53 am","['AIR CONDITION', 'POWER STEERING', 'POWER MIRROR', 'POWER WINDOW']",
https://riyasewana.com/buy/toyota-axio-g-sale-moratuwa-11644491,Toyota Axio G Grade 2015 Car (Used),"Rs. 9,450,000",Moratuwa,2015,"135,000 km",Toyota,Axio G Grade,Automatic,Hybrid,1500,Registered (Used),"2026 May 16, 9:53 am","['AIR CONDITION', 'POWER STEERING', 'POWER MIRROR', 'POWER WINDOW']",
https://riyasewana.com/buy/mitsubishi-montero-sale-kadawatha-11644490,Mitsubishi Montero 2006 SUV (Used),Negotiable,Kadawatha,2006,"133,000 km",Mitsubishi,Montero,Automatic,Diesel,2800,Registered (Used),"2026 May 16, 9:53 am","['AIR CONDITION', 'POWER STEERING', 'POWER MIRROR', 'POWER WINDOW']",
https://riyasewana.com/buy/datsun-redi-go-sale-kaduwela-11644489,Datsun Redi-GO 2016 Car (Used),"Rs. 3,290,000",Kaduwela,2016,"74,091 km",Datsun,Redi-GO,Manual,Petrol,800,Registered (Used),"2026 May 16, 9:52 am","['AIR CONDITION', 'POWER STEERING', 'POWER MIRROR', 'POWER WINDOW']",
https://riyasewana.com/buy/zotye-nomad-sale-kaduwela-11644487,Zotye Nomad 2008 SUV (Used),Negotiable,Kaduwela,2008,"56,463 km",Zotye,Nomad,Manual,Petrol,1299,Registered (Used),"2026 May 16, 9:52 am",[],
https://riyasewana.com/buy/nissan-x-trail-t31-sale-ja-ela-11644486,Nissan X-Trail T31 2013 SUV (Used),"Rs. 9,975,000",Ja-Ela,2013,"169,000 km",Nissan,X-Trail T31,Automatic,Diesel,2000,Registered (Used),"2026 May 16, 9:52 am","['AIR CONDITION', 'POWER STEERING', 'POWER MIRROR', 'POWER WINDOW']",
https://riyasewana.com/buy/tvs-metro-sale-katunayake-11644485,TVS Metro 2017 Motorbike (Used),"Rs. 290,000",Katunayake,2017,"92,000 km",TVS,Metro,,,100,Registered (Used),"2026 May 16, 9:52 am",[],Kick / Electric
https://riyasewana.com/buy/toyota-noah-sale-gampaha-11644483,Toyota Noah 2005 Van (Used),"Rs. 5,950,000",Gampaha,2005,"182,475 km",Toyota,Noah,Automatic,Diesel,1900,Registered (Used),"2026 May 16, 9:52 am",[],
https://riyasewana.com/buy/mitsubishi-montero-sport-sale-katunayake-11644482,Mitsubishi Montero Sport 2011 SUV (Used),"Rs. 12,685,000",Katunayake,2011,"152,000 km",Mitsubishi,Montero Sport,Automatic,Diesel,2500,Registered (Used),"2026 May 16, 9:52 am","['AIR CONDITION', 'POWER STEERING', 'POWER MIRROR', 'POWER WINDOW']",
https://riyasewana.com/buy/volkswagen-tiguan-sale-nugegoda-11644481,Volkswagen Tiguan 2013 SUV (Used),"Rs. 8,990,000",Nugegoda,2013,"168,520 km",Volkswagen,Tiguan,Automatic,Diesel,2000,Registered (Used),"2026 May 16, 9:52 am","['AIR CONDITION', 'POWER STEERING', 'POWER MIRROR', 'POWER WINDOW']",
https://riyasewana.com/buy/suzuki-swift-sale-kelaniya-11644479,Suzuki Swift 2006 Car (Used),"Rs. 3,975,000",Kelaniya,2006,"185,437 km",Suzuki,Swift,Manual,Petrol,1300,Registered (Used),"2026 May 16, 9:51 am","['AIR CONDITION', 'POWER STEERING', 'POWER MIRROR', 'POWER WINDOW']",
https://riyasewana.com/buy/volkswagen-golf-sale-colombo-11552948,Volkswagen Golf 2023 Car (Used),"Rs. 14,300,000",Colombo,2023,"10,000 km",Volkswagen,Golf,Automatic,Petrol,1000,Registered (Used),"2026 May 16, 9:51 am",[],
https://riyasewana.com/buy/mitsubishi-montero-sport-sale-dehiwala-mount-lavinia-11644477,Mitsubishi Montero Sport 2017 SUV (Used),Negotiable,Dehiwala-Mount-Lavinia,2017,"57,000 km",Mitsubishi,Montero Sport,Automatic,Diesel,2500,Registered (Used),"2026 May 16, 9:51 am","['AIR CONDITION', 'POWER STEERING', 'POWER MIRROR', 'POWER WINDOW']",
https://riyasewana.com/buy/suzuki-jimny-sale-malabe-11644476,Suzuki Jimny 2002 SUV (Used),"Rs. 4,450,000",Malabe,2002,"71,000 km",Suzuki,Jimny,Automatic,Petrol,650,Registered (Used),"2026 May 16, 9:51 am","['AIR CONDITION', 'POWER STEERING', 'POWER MIRROR', 'POWER WINDOW']",
https://riyasewana.com/buy/mercedes-benz-c230-sale-gampaha-11644475,Mercedes-Benz C230 2006 Car (Used),"Rs. 8,875,000",Gampaha,2006,"109,651 km",Mercedes-Benz,C230,Automatic,Petrol,2500,Registered (Used),"2026 May 16, 9:51 am","['AIR CONDITION', 'POWER STEERING', 'POWER MIRROR', 'POWER WINDOW']",
https://riyasewana.com/buy/bmw-x2-m-sale-nugegoda-11644474,BMW X2 M Sport 2018 SUV (Used),"Rs. 18,500,000",Nugegoda,2018,"15,000 km",BMW,X2 M Sport,Automatic,Petrol,1500,Registered (Used),"2026 May 16, 9:51 am",[],
https://riyasewana.com/buy/bajaj-re-2-sale-avissawella-11644472,Bajaj RE 2 Stroke 2006 Three Wheel (Used),"Rs. 870,000",Avissawella,2006,-,Bajaj,RE 2 Stroke,Manual,Petrol,-,Registered (Used),"2026 May 16, 9:51 am",[],
https://riyasewana.com/buy/nissan-sb14-sale-horana-11644471,Nissan SB14 1997 Car (Used),"Rs. 2,650,000",Horana,1997,"300,000 km",Nissan,SB14,Automatic,Diesel,2000,Registered (Used),"2026 May 16, 9:50 am","['AIR CONDITION', 'POWER STEERING', 'POWER MIRROR', 'POWER WINDOW']",
https://riyasewana.com/buy/bmw-x1-sale-panadura-11644468,BMW X1 2011 SUV (Used),"Rs. 12,395,000",Panadura,2011,123 km,BMW,X1,Automatic,Diesel,1990,Registered (Used),"2026 May 16, 9:50 am","['AIR CONDITION', 'POWER STEERING', 'POWER MIRROR', 'POWER WINDOW']",
https://riyasewana.com/buy/toyota-noah-super-sale-pannipitiya-11644467,Toyota Noah Super GL 1998 Van (Used),"Rs. 5,850,000",Pannipitiya,1998,"150,000 km",Toyota,Noah Super GL,Manual,Diesel,2000,Registered (Used),"2026 May 16, 9:49 am","['AIR CONDITION', 'POWER STEERING', 'POWER MIRROR', 'POWER WINDOW']",
https://riyasewana.com/buy/toyota-townace-cr27-sale-kaduwela-11644465,Toyota Townace CR27 1995 Van (Used),Negotiable,Kaduwela,1995,1 km,Toyota,Townace CR27,Automatic,Diesel,2000,Registered (Used),"2026 May 16, 9:49 am","['AIR CONDITION', 'POWER STEERING']",
https://riyasewana.com/buy/suzuki-every-sale-bandaragama-11644464,Suzuki Every 2024 Van (Used),"Rs. 7,565,000",Bandaragama,2024,1 km,Suzuki,Every,Automatic,Petrol,-,Registered (Used),"2026 May 16, 9:49 am","['AIR CONDITION', 'POWER STEERING', 'POWER MIRROR', 'POWER WINDOW']",
https://riyasewana.com/buy/suzuki-swift-sale-kaduwela-11644463,Suzuki Swift 2008 Car (Used),Negotiable,Kaduwela,2008,"110,497 km",Suzuki,Swift,Automatic,Petrol,1240,Registered (Used),"2026 May 16, 9:49 am",[],
https://riyasewana.com/buy/bajaj-ct-100-sale-galle-11644462,Bajaj CT-100 2005 Motorbike (Used),"Rs. 235,000",Galle,2005,"138,699 km",Bajaj,CT-100,,,100,Registered (Used),"2026 May 16, 9:49 am",[],Kick
https://riyasewana.com/buy/micro-rexton-sale-gampaha-11644461,Micro Rexton 2008 SUV (Used),"Rs. 8,275,000",Gampaha,2008,"140,713 km",Micro,Rexton,Automatic,Diesel,2600,Registered (Used),"2026 May 16, 9:49 am","['AIR CONDITION', 'POWER STEERING', 'POWER MIRROR', 'POWER WINDOW']",
https://riyasewana.com/buy/bmw-520d-sale-nugegoda-11644459,BMW 520D 2013 Car (Used),"Rs. 22,000,000",Nugegoda,2013,"161,000 km",BMW,520D,Automatic,Diesel,1990,Registered (Used),"2026 May 16, 9:49 am","['AIR CONDITION', 'POWER STEERING', 'POWER MIRROR', 'POWER WINDOW']",
https://riyasewana.com/buy/nissan-dayz-safety-sale-nittambuwa-11644458,Nissan Dayz Safety Limited Edition 2017 Car (Used),"Rs. 6,125,000",Nittambuwa,2017,"65,000 km",Nissan,Dayz Safety Limited Edition,Automatic,Petrol,660,Registered (Used),"2026 May 16, 9:48 am","['AIR CONDITION', 'POWER STEERING', 'POWER MIRROR', 'POWER WINDOW']",
https://riyasewana.com/buy/toyota-dolphin-lh113-sale-dompe-11644457,Toyota Dolphin LH113 1997 Van (Used),"Rs. 10,950,000",Dompe,1997,1 km,Toyota,Dolphin LH113,Manual,Diesel,2700,Registered (Used),"2026 May 16, 9:48 am","['AIR CONDITION', 'POWER STEERING', 'POWER WINDOW']",
https://riyasewana.com/buy/nissan-dayz-highway-sale-kandy-11644454,Nissan Dayz Highway Top Spec 2018 Car (Used),Negotiable,Kandy,2018,"110,000 km",Nissan,Dayz Highway Top Spec,Automatic,Petrol,660,Registered (Used),"2026 May 16, 9:48 am","['AIR CONDITION', 'POWER STEERING', 'POWER MIRROR', 'POWER WINDOW']",
https://riyasewana.com/buy/bajaj-re-2-sale-anuradapura-11644453,Bajaj RE 2 Stroke 2006 Three Wheel (Used),"Rs. 850,000",Anuradapura,2006,1 km,Bajaj,RE 2 Stroke,Manual,Petrol,1456,Registered (Used),"2026 May 16, 9:48 am",[],
https://riyasewana.com/buy/kia-picanto-sale-kiribathgoda-11644452,Kia Picanto 2004 Car (Used),"Rs. 3,150,000",Kiribathgoda,2004,"175,000 km",Kia,Picanto,Automatic,Petrol,1000,Registered (Used),"2026 May 16, 9:48 am","['AIR CONDITION', 'POWER STEERING', 'POWER MIRROR', 'POWER WINDOW']",
https://riyasewana.com/buy/nissan-march-k11-sale-kandy-11644451,Nissan March K11 2005 Car (Used),"Rs. 2,750,000",Kandy,2005,"149,000 km",Nissan,March K11,Automatic,Petrol,1000,Registered (Used),"2026 May 16, 9:47 am","['AIR CONDITION', 'POWER STEERING', 'POWER WINDOW']",
https://riyasewana.com/buy/micro-kyron-sale-gampaha-11644450,Micro Kyron 2008 SUV (Used),"Rs. 5,975,000",Gampaha,2008,"140,599 km",Micro,Kyron,Automatic,Diesel,1996,Registered (Used),"2026 May 16, 9:47 am","['AIR CONDITION', 'POWER STEERING', 'POWER MIRROR', 'POWER WINDOW']",
https://riyasewana.com/buy/bajaj-ct-100-sale-kadawatha-11644449,Bajaj CT-100 2005 Motorbike (Used),"Rs. 245,000",Kadawatha,2005,"123,456 km",Bajaj,CT-100,,,100,Registered (Used),"2026 May 16, 9:47 am",[],Kick
https://riyasewana.com/buy/toyota-kdh-sale-badulla-11644448,Toyota KDH 2006 Van (Used),"Rs. 14,550,000",Badulla,2006,"305,000 km",Toyota,KDH,Manual,Diesel,2500,Registered (Used),"2026 May 16, 9:47 am","['AIR CONDITION', 'POWER STEERING', 'POWER MIRROR', 'POWER WINDOW']",
https://riyasewana.com/buy/suzuki-alto-sale-kurunegala-11644447,Suzuki Alto 2012 Car (Used),"Rs. 3,280,000",Kurunegala,2012,"105,566 km",Suzuki,Alto,Manual,Petrol,800,Registered (Used),"2026 May 16, 9:47 am","['AIR CONDITION', 'POWER STEERING']",
https://riyasewana.com/buy/bajaj-discover-125-sale-kurunegala-11644445,Bajaj Discover 125 2020 Motorbike (Used),Negotiable,Kurunegala,2020,"31,000 km",Bajaj,Discover 125,,,125,Registered (Used),"2026 May 16, 9:47 am",[],Kick / Electric
https://riyasewana.com/buy/tvs-scooty-pep-sale-galle-11644443,TVS Scooty Pep 2017 Motorbike (Used),"Rs. 335,000",Galle,2017,"26,535 km",TVS,Scooty Pep,,,90,Registered (Used),"2026 May 16, 9:46 am",[],Kick / Electric
https://riyasewana.com/buy/bajaj-4-stroke-sale-dambulla-11644442,Bajaj 4 Stroke 2013 Three Wheel (Used),"Rs. 1,335,000",Dambulla,2013,"45,000 km",Bajaj,4 Stroke,Manual,Petrol,205,Registered (Used),"2026 May 16, 9:46 am",[],
https://riyasewana.com/buy/mitsubishi-lancer-sale-bandaragama-11644441,Mitsubishi Lancer 2002 Car (Used),"Rs. 4,295,000",Bandaragama,2002,1 km,Mitsubishi,Lancer,Manual,Petrol,-,Registered (Used),"2026 May 16, 9:46 am","['AIR CONDITION', 'POWER STEERING', 'POWER WINDOW']",
https://riyasewana.com/buy/tvs-ntorq-sale-balangoda-11644440,TVS Ntorq 2022 Motorbike (Used),Negotiable,Balangoda,2022,"25,453 km",TVS,Ntorq,,,125,Registered (Used),"2026 May 16, 9:46 am",[],Kick / Electric
https://riyasewana.com/buy/honda-activa-sale-kurunegala-11644439,Honda Activa 2019 Motorbike (Used),"Rs. 325,000",Kurunegala,2019,"123,450 km",Honda,Activa,,,110,Registered (Used),"2026 May 16, 9:46 am",[],Kick / Electric
https://riyasewana.com/buy/nissan-e25-sale-colombo-11644438,Nissan E25 2004 Van (Used),Negotiable,Colombo,2004,"30,000 km",Nissan,E25,Automatic,Petrol,-,Registered (Used),"2026 May 16, 9:46 am",[],
https://riyasewana.com/buy/bajaj-ct-100-sale-gampaha-11644437,Bajaj CT-100 2005 Motorbike (Used),Negotiable,Gampaha,2005,"38,000 km",Bajaj,CT-100,,,100,Antique,"2026 May 16, 9:46 am",[],Kick
https://riyasewana.com/buy/toyota-corolla-121-sale-kandy-11644436,Toyota Corolla 121 Dicky Light 2005 Car (Used),"Rs. 5,890,000",Kandy,2005,"199,000 km",Toyota,Corolla 121 Dicky Light,Automatic,Petrol,1500,Registered (Used),"2026 May 16, 9:45 am","['AIR CONDITION', 'POWER STEERING', 'POWER MIRROR', 'POWER WINDOW']",
https://riyasewana.com/buy/toyota-vitz-edition-sale-mawanella-11644435,Toyota Vitz Edition 3 2019 Car (Used),"Rs. 8,750,000",Mawanella,2019,"41,000 km",Toyota,Vitz Edition 3,Automatic,Petrol,1000,Registered (Used),"2026 May 16, 9:45 am","['AIR CONDITION', 'POWER STEERING', 'POWER MIRROR', 'POWER WINDOW']",
https://riyasewana.com/buy/toyota-corolla-110-sale-kaduwela-11644434,Toyota Corolla 110 1997 Car (Used),Negotiable,Kaduwela,1997,"123,456 km",Toyota,Corolla 110,Manual,Diesel,1970,Registered (Used),"2026 May 16, 9:45 am",[],
https://riyasewana.com/buy/suzuki-spacia-mk42-sale-galle-11644433,Suzuki Spacia Mk42 2017 Car (Used),Negotiable,Galle,2017,-,Suzuki,Spacia Mk42,Automatic,Petrol,650,Registered (Used),"2026 May 16, 9:45 am","['AIR CONDITION', 'POWER STEERING', 'POWER MIRROR', 'POWER WINDOW']",
https://riyasewana.com/buy/bajaj-discover-135-sale-matale-11644431,Bajaj Discover 135 2008 Motorbike (Used),Negotiable,Matale,2008,1 km,Bajaj,Discover 135,,,135,Registered (Used),"2026 May 16, 9:45 am",[],Kick / Electric
https://riyasewana.com/buy/tvs-metro-sale-colombo-11644430,TVS Metro 2018 Motorbike (Used),"Rs. 350,000",Colombo,2018,"65,000 km",TVS,Metro,,,100,Registered (Used),"2026 May 16, 9:45 am",[],Kick / Electric
https://riyasewana.com/buy/bajaj-4-stroke-sale-dambulla-11644427,Bajaj 4 Stroke 2011 Three Wheel (Used),"Rs. 1,235,000",Dambulla,2011,"45,000 km",Bajaj,4 Stroke,Manual,Petrol,205,Registered (Used),"2026 May 16, 9:44 am",[],
https://riyasewana.com/buy/bajaj-discover-125-sale-hambantota-11644425,Bajaj Discover 125 2007 Motorbike (Used),"Rs. 220,000",Hambantota,2007,-,Bajaj,Discover 125,,,125,Registered (Used),"2026 May 16, 9:44 am",[],Kick / Electric
https://riyasewana.com/buy/bajaj-re-4-sale-anuradapura-11644424,Bajaj RE 4 Stroke 2012 Three Wheel (Used),"Rs. 1,250,000",Anuradapura,2012,1 km,Bajaj,RE 4 Stroke,Manual,Petrol,205,Registered (Used),"2026 May 16, 9:44 am",[],
https://riyasewana.com/buy/honda-dio-sale-bandaragama-11644423,Honda DIO 2018 Motorbike (Used),"Rs. 580,000",Bandaragama,2018,"73,000 km",Honda,DIO,,,110,Registered (Used),"2026 May 16, 9:44 am",[],Kick / Electric
https://riyasewana.com/buy/micro-kdh-high-sale-bandaragama-11644422,Micro KDH High Roof 2015 Van (Used),"Rs. 109,850,000",Bandaragama,2015,1 km,Micro,KDH High Roof,Manual,Diesel,-,Registered (Used),"2026 May 16, 9:44 am","['AIR CONDITION', 'POWER STEERING', 'POWER MIRROR', 'POWER WINDOW']",
https://riyasewana.com/buy/tata-dimo-batta-sale-minuwangoda-11644421,Tata Dimo Batta 2012 Lorry (Used),Negotiable,Minuwangoda,2012,-,Tata,Dimo Batta,Manual,Diesel,800,Registered (Used),"2026 May 16, 9:44 am",[],
https://riyasewana.com/buy/bmw-520d-sale-gampaha-11644418,BMW 520D 2015 Car (Used),"Rs. 27,500,000",Gampaha,2015,"115,801 km",BMW,520D,Automatic,Diesel,1995,Registered (Used),"2026 May 16, 9:44 am","['AIR CONDITION', 'POWER STEERING', 'POWER MIRROR', 'POWER WINDOW']",
https://riyasewana.com/buy/ford-cortina-sale-kandana-11644416,Ford Cortina 1979 Car (Used),"Rs. 575,000",Kandana,1979,"3,500 km",Ford,Cortina,Manual,Petrol,1800,Antique,"2026 May 16, 9:43 am","['AIR CONDITION', 'POWER STEERING', 'POWER WINDOW']",
https://riyasewana.com/buy/range-rover-sport-hse-sale-colombo-11644415,Range-Rover Sport HSE 2008 SUV (Used),"Rs. 26,000,000",Colombo,2008,"123,000 km",Range-Rover,Sport HSE,Automatic,Petrol,4400,Registered (Used),"2026 May 16, 9:43 am",[],
https://riyasewana.com/buy/bajaj-re-sale-kegalle-11644414,Bajaj RE 2002 Three Wheel (Used),"Rs. 595,000",Kegalle,2002,"45,632 km",Bajaj,RE,Manual,Petrol,150,Registered (Used),"2026 May 16, 9:43 am",[],
https://riyasewana.com/buy/honda-dio-sale-puttalam-11644413,Honda Dio 2015 Motorbike (Used),Negotiable,Puttalam,2015,"45,970 km",Honda,Dio,,,110,Registered (Used),"2026 May 16, 9:43 am",[],Kick
https://riyasewana.com/buy/bajaj-re-sale-welimada-11644412,Bajaj RE 2015 Three Wheel (Used),"Rs. 1,625,000",Welimada,2015,"33,333 km",Bajaj,RE,Manual,Petrol,205,Registered (Used),"2026 May 16, 9:43 am",[],
https://riyasewana.com/buy/toyota-axio-x-sale-kandy-11644410,Toyota Axio X Grade 2007 Car (Used),"Rs. 6,850,000",Kandy,2007,"180,460 km",Toyota,Axio X Grade,Automatic,Petrol,1500,Registered (Used),"2026 May 16, 9:43 am","['AIR CONDITION', 'POWER STEERING', 'POWER MIRROR', 'POWER WINDOW']",
https://riyasewana.com/buy/suzuki-wagon-r-sale-piliyandala-11644409,Suzuki Wagon R Stingray 2015 Car (Used),"Rs. 5,550,000",Piliyandala,2015,"98,000 km",Suzuki,Wagon R Stingray,Automatic,Petrol,650,Registered (Used),"2026 May 16, 9:43 am","['AIR CONDITION', 'POWER STEERING', 'POWER MIRROR', 'POWER WINDOW']",
https://riyasewana.com/buy/suzuki-wagon-r-sale-gampaha-11644405,Suzuki Wagon R FZ Safety 2017 Car (Used),"Rs. 6,775,000",Gampaha,2017,"102,450 km",Suzuki,Wagon R FZ Safety,Automatic,Hybrid,650,Registered (Used),"2026 May 16, 9:42 am","['AIR CONDITION', 'POWER STEERING', 'POWER MIRROR', 'POWER WINDOW']",
https://riyasewana.com/buy/toyota-aqua-sale-pannipitiya-11644404,Toyota Aqua 2012 Car (Used),"Rs. 6,850,000",Pannipitiya,2012,"165,000 km",Toyota,Aqua,Automatic,Hybrid,1500,Registered (Used),"2026 May 16, 9:42 am","['AIR CONDITION', 'POWER STEERING', 'POWER MIRROR', 'POWER WINDOW']",
https://riyasewana.com/buy/nissan-caravan-sale-kalutara-11644402,Nissan Caravan 1996 Van (Used),"Rs. 6,900,000",Kalutara,1996,"11,111 km",Nissan,Caravan,Manual,Diesel,111,Registered (Used),"2026 May 16, 9:42 am","['AIR CONDITION', 'POWER STEERING', 'POWER MIRROR']",
https://riyasewana.com/buy/bajaj-4-stroke-sale-dambulla-11644401,Bajaj 4 Stroke 2010 Three Wheel (Used),"Rs. 1,215,000",Dambulla,2010,"45,000 km",Bajaj,4 Stroke,Manual,Petrol,205,Registered (Used),"2026 May 16, 9:42 am",[],
https://riyasewana.com/buy/mercedes-benz-c230-sale-gampaha-11644399,Mercedes-Benz C230 2006 Car (Used),"Rs. 8,875,000",Gampaha,2006,"109,651 km",Mercedes-Benz,C230,Automatic,Petrol,2500,Registered (Used),"2026 May 16, 9:42 am","['AIR CONDITION', 'POWER STEERING', 'POWER MIRROR', 'POWER WINDOW']",
https://riyasewana.com/buy/mazda-323-sale-kalutara-11644396,Mazda 323 1992 Car (Used),"Rs. 750,000",Kalutara,1992,"225,000 km",Mazda,323,Manual,Petrol,1300,Registered (Used),"2026 May 16, 9:42 am",['AIR CONDITION'],
https://riyasewana.com/buy/subaru-sti-8-sale-dehiwala-mount-lavinia-11644395,Subaru STI 8 2009 Car (Used),"Rs. 10,500,000",Dehiwala-Mount-Lavinia,2009,"125,000 km",Subaru,STI 8,Manual,Petrol,2000,Registered (Used),"2026 May 16, 9:42 am","['AIR CONDITION', 'POWER STEERING', 'POWER MIRROR', 'POWER WINDOW']",
https://riyasewana.com/buy/honda-vezel-z-sale-welisara-11543461,Honda Vezel Z GRADE SUN SET 2025 SUV Brand New,"Rs. 18,700,000",Welisara,2025,1 km,Honda,Vezel Z GRADE SUN SET,Automatic,Hybrid,1500,Brand New,"2026 May 16, 9:42 am","['AIR CONDITION', 'POWER STEERING', 'POWER MIRROR', 'POWER WINDOW']",
https://riyasewana.com/buy/mercedes-benz-cla-180-sale-ja-ela-11644394,Mercedes-Benz CLA 180 AMG Premium Plus 2017 Car (Used),"Rs. 18,950,000",Ja-Ela,2017,"89,000 km",Mercedes-Benz,CLA 180 AMG Premium Plus,Automatic,Petrol,1600,Registered (Used),"2026 May 16, 9:41 am","['AIR CONDITION', 'POWER STEERING', 'POWER MIRROR', 'POWER WINDOW']",
https://riyasewana.com/buy/mazda-323-bj-sale-ragama-11644393,Mazda 323 BJ 1 1999 Car (Used),Negotiable,Ragama,1999,"295,000 km",Mazda,323 BJ 1,Manual,Petrol,1300,Registered (Used),"2026 May 16, 9:41 am","['AIR CONDITION', 'POWER STEERING', 'POWER MIRROR']",
https://riyasewana.com/buy/toyota-kdh-sale-minuwangoda-11644391,Toyota KDH 2006 Van (Used),"Rs. 16,500,000",Minuwangoda,2006,"310,000 km",Toyota,KDH,Automatic,Diesel,2990,Registered (Used),"2026 May 16, 9:41 am","['AIR CONDITION', 'POWER STEERING', 'POWER MIRROR', 'POWER WINDOW']",
https://riyasewana.com/buy/suzuki-wagon-r-sale-nittambuwa-11644386,Suzuki Wagon R FX 2017 Car (Used),Negotiable,Nittambuwa,2017,"107,242 km",Suzuki,Wagon R FX,Automatic,Hybrid,650,Registered (Used),"2026 May 16, 9:40 am","['AIR CONDITION', 'POWER STEERING', 'POWER MIRROR', 'POWER WINDOW']",
https://riyasewana.com/buy/hyundai-accent-sale-horana-11644385,Hyundai Accent 2003 Car (Used),"Rs. 3,000,000",Horana,2003,"216,000 km",Hyundai,Accent,Automatic,Petrol,1500,Registered (Used),"2026 May 16, 9:40 am","['AIR CONDITION', 'POWER STEERING', 'POWER MIRROR', 'POWER WINDOW']",
https://riyasewana.com/buy/bajaj-ct-100-sale-kandy-11644384,Bajaj CT-100 2011 Motorbike (Used),"Rs. 285,000",Kandy,2011,"96,480 km",Bajaj,CT-100,,,100,Registered (Used),"2026 May 16, 9:39 am",[],Kick
https://riyasewana.com/buy/yamaha-zr-sale-wennappuwa-11644382,Yamaha ZR 2018 Motorbike (Used),"Rs. 455,000",Wennappuwa,2018,"10,000 km",Yamaha,ZR,,,113,Registered (Used),"2026 May 16, 9:39 am",[],Kick / Electric
https://riyasewana.com/buy/toyota-land-cruiser-sale-ja-ela-11644379,Toyota Land Cruiser Sahara 100 VX V8 2004 SUV (Used),"Rs. 19,950,000",Ja-Ela,2004,"79,200 km",Toyota,Land Cruiser Sahara 100 VX V8,Manual,Diesel,4200,Registered (Used),"2026 May 16, 9:39 am","['AIR CONDITION', 'POWER STEERING', 'POWER MIRROR', 'POWER WINDOW']",
https://riyasewana.com/buy/bajaj-discover-135-sale-puttalam-11644377,Bajaj Discover 135 2009 Motorbike (Used),"Rs. 365,000",Puttalam,2009,"65,870 km",Bajaj,Discover 135,,,135,Registered (Used),"2026 May 16, 9:39 am",[],Kick
https://riyasewana.com/buy/mercedes-benz-s300-w221-sale-colombo-11644376,Mercedes-Benz S300 W221 LWB 2010 Car (Used),"Rs. 19,500,000",Colombo,2010,"120,000 km",Mercedes-Benz,S300 W221 LWB,Automatic,Petrol,3000,Registered (Used),"2026 May 16, 9:39 am",[],
https://riyasewana.com/buy/nissan-cedric-sale-divulapitiya-11644375,Nissan Cedric 1998 Car (Used),"Rs. 3,750,000",Divulapitiya,1998,"160,000 km",Nissan,Cedric,Automatic,Petrol,2000,Registered (Used),"2026 May 16, 9:39 am","['AIR CONDITION', 'POWER STEERING', 'POWER MIRROR', 'POWER WINDOW']",
https://riyasewana.com/buy/nissan-sb15ex-saloon-sale-nugegoda-11644374,Nissan SB15Ex Saloon 2001 Car (Used),"Rs. 4,290,000",Nugegoda,2001,"181,000 km",Nissan,SB15Ex Saloon,Automatic,Electric,2200,Registered (Used),"2026 May 16, 9:39 am","['AIR CONDITION', 'POWER STEERING', 'POWER MIRROR', 'POWER WINDOW']",
https://riyasewana.com/buy/micro-rexton-sale-gampaha-11644372,Micro Rexton 2008 SUV (Used),"Rs. 8,275,000",Gampaha,2008,"140,713 km",Micro,Rexton,Automatic,Diesel,2600,Registered (Used),"2026 May 16, 9:38 am","['AIR CONDITION', 'POWER STEERING', 'POWER MIRROR', 'POWER WINDOW']",
https://riyasewana.com/buy/mahindra-kuv-100-sale-malabe-11644371,Mahindra KUV 100 2021 SUV (Used),Negotiable,Malabe,2021,"52,985 km",Mahindra,KUV 100,Manual,Petrol,1198,Registered (Used),"2026 May 16, 9:38 am",[],
https://riyasewana.com/buy/nissan-atlas-sale-puttalam-11644368,Nissan Atlas 2000 Lorry (Used),"Rs. 4,050,000",Puttalam,2000,"250,000 km",Nissan,Atlas,Manual,Diesel,-,Registered (Used),"2026 May 16, 9:38 am","['POWER STEERING', 'POWER WINDOW']",
https://riyasewana.com/buy/mitsubishi-canter-sale-ja-ela-11596834,Mitsubishi Canter 1992 Lorry (Used),"Rs. 3,600,000",Ja-Ela,1992,"170,000 km",Mitsubishi,Canter,Manual,Diesel,3000,Registered (Used),"2026 May 16, 9:37 am",['POWER STEERING'],
https://riyasewana.com/buy/tvs-ntorq-sale-colombo-11644366,TVS Ntorq 2018 Motorbike (Used),"Rs. 476,000",Colombo,2018,"62,400 km",TVS,Ntorq,,,125,Registered (Used),"2026 May 16, 9:37 am",[],Kick / Electric
https://riyasewana.com/buy/yamaha-fz-s-sale-kandy-11644361,Yamaha FZ-S 2014 Motorbike (Used),"Rs. 585,000",Kandy,2014,"38,000 km",Yamaha,FZ-S,,,155,Registered (Used),"2026 May 16, 9:37 am",[],Kick / Electric
https://riyasewana.com/buy/honda-dio-sale-kurunegala-11644360,Honda Dio 2019 Motorbike (Used),"Rs. 590,000",Kurunegala,2019,"52,000 km",Honda,Dio,,,110,Registered (Used),"2026 May 16, 9:37 am",[],Kick / Electric
https://riyasewana.com/buy/ranomoto-pattaya-double-sale-gampaha-11644358,Ranomoto Pattaya Double power 2021 Motorbike (Used),"Rs. 230,000",Gampaha,2021,"13,000 km",Ranomoto,Pattaya Double power,,,125,Registered (Used),"2026 May 16, 9:37 am",[],Kick / Electric
https://riyasewana.com/buy/honda-dio-sale-kurunegala-11644356,Honda Dio 2017 Motorbike (Used),"Rs. 535,000",Kurunegala,2017,"25,850 km",Honda,Dio,,,110,Registered (Used),"2026 May 16, 9:36 am",[],Kick / Electric
https://riyasewana.com/buy/mitsubishi-toppo-sale-gampaha-11644355,Mitsubishi Toppo 2000 Car (Used),"Rs. 4,075,000",Gampaha,2000,"104,440 km",Mitsubishi,Toppo,Automatic,Petrol,650,Registered (Used),"2026 May 16, 9:36 am","['AIR CONDITION', 'POWER STEERING', 'POWER MIRROR', 'POWER WINDOW']",
https://riyasewana.com/buy/suzuki-carry-truck-sale-kadawatha-11559595,Suzuki Carry Truck Freezer 2024 Lorry Unregistered (Recondition),Negotiable,Kadawatha,2024,"1,000 km",Suzuki,Carry Truck Freezer,Automatic,Petrol,660,Unregistered (Recondition),"2026 May 16, 9:36 am","['AIR CONDITION', 'POWER STEERING', 'POWER MIRROR', 'POWER WINDOW']",
https://riyasewana.com/buy/nissan-clipper-sale-malabe-11644352,Nissan Clipper 2014 Van (Used),"Rs. 5,275,000",Malabe,2014,"150,000 km",Nissan,Clipper,Automatic,Petrol,650,Registered (Used),"2026 May 16, 9:36 am","['AIR CONDITION', 'POWER STEERING', 'POWER WINDOW']",
https://riyasewana.com/buy/honda-chaly-sale-warakapola-11644350,Honda Chaly 2002 Motorbike (Used),"Rs. 150,000",Warakapola,2002,-,Honda,Chaly,,,50,Registered (Used),"2026 May 16, 9:36 am",[],Kick
https://riyasewana.com/buy/toyota-pixis-sale-ambalangoda-11634724,Toyota Pixis 2024 Car Unregistered (Recondition),"Rs. 6,950,000",Ambalangoda,2024,"8,500 km",Toyota,Pixis,Automatic,Petrol,660,Unregistered (Recondition),"2026 May 14, 12:58 pm","['AIR CONDITION', 'POWER STEERING', 'POWER MIRROR', 'POWER WINDOW']",
https://riyasewana.com/buy/bajaj-platina-sale-mirigama-11644349,Bajaj Platina 2017 Motorbike (Used),Negotiable,Mirigama,2017,"48,130 km",Bajaj,Platina,,,110,Registered (Used),"2026 May 16, 9:36 am",[],Kick / Electric
https://riyasewana.com/buy/tata-dimo-batta-sale-panadura-11644347,Tata Dimo Batta 2011 Lorry (Used),"Rs. 1,750,000",Panadura,2011,"65,000 km",Tata,Dimo Batta,Manual,Diesel,-,Registered (Used),"2026 May 16, 9:36 am",['POWER STEERING'],
https://riyasewana.com/buy/nissan-x-trail-sale-kurunegala-11644345,Nissan X-Trail 2015 SUV (Used),Negotiable,Kurunegala,2015,"146,500 km",Nissan,X-Trail,Automatic,Hybrid,2000,Registered (Used),"2026 May 16, 9:35 am","['AIR CONDITION', 'POWER STEERING', 'POWER MIRROR', 'POWER WINDOW']",
https://riyasewana.com/buy/mercedes-benz-c180-kompressor-sale-kiribathgoda-11644343,Mercedes-Benz C180 KOMPRESSOR 2010 Car (Used),"Rs. 9,600,000",Kiribathgoda,2010,"160,000 km",Mercedes-Benz,C180 KOMPRESSOR,Automatic,Petrol,1600,Registered (Used),"2026 May 16, 9:35 am",[],
https://riyasewana.com/buy/tata-indica-xeta-sale-kalutara-11644342,Tata Indica Xeta Glx 2015 Car (Used),Negotiable,Kalutara,2015,-,Tata,Indica Xeta Glx,Manual,Petrol,1200,Registered (Used),"2026 May 16, 9:35 am","['AIR CONDITION', 'POWER STEERING', 'POWER WINDOW']",
https://riyasewana.com/buy/micro-kyron-sale-malabe-11644341,Micro Kyron 2009 SUV (Used),Negotiable,Malabe,2009,"123,456 km",Micro,Kyron,Automatic,Diesel,1198,Registered (Used),"2026 May 16, 9:35 am",[],
https://riyasewana.com/buy/foton-10-5-sale-negombo-11644340,Foton 10.5 2012 Lorry (Used),"Rs. 2,600,000",Negombo,2012,"200,000 km",Foton,10.5,Manual,Diesel,2770,Registered (Used),"2026 May 16, 9:35 am","['AIR CONDITION', 'POWER STEERING']",
https://riyasewana.com/buy/micro-actyon-sale-nugegoda-11644339,Micro Actyon 2008 SUV (Used),Negotiable,Nugegoda,2008,"167,000 km",Micro,Actyon,Manual,Diesel,2000,Registered (Used),"2026 May 16, 9:35 am","['AIR CONDITION', 'POWER STEERING', 'POWER MIRROR', 'POWER WINDOW']",
https://riyasewana.com/buy/honda-vezel-z-sale-mawanella-11595303,Honda Vezel Z Premium 2025 SUV Brand New,Negotiable,Mawanella,2025,450 km,Honda,Vezel Z Premium,Automatic,Hybrid,1500,Brand New,"2026 May 16, 9:35 am","['AIR CONDITION', 'POWER STEERING', 'POWER MIRROR', 'POWER WINDOW']",
https://riyasewana.com/buy/toyota-prado-150-sale-ragama-11576432,Toyota Prado 150 TRJ 2014 SUV (Used),Negotiable,Ragama,2014,"132,000 km",Toyota,Prado 150 TRJ,Automatic,Petrol,2700,Registered (Used),"2026 May 16, 9:35 am","['AIR CONDITION', 'POWER STEERING', 'POWER MIRROR', 'POWER WINDOW']",
https://riyasewana.com/buy/toyota-hilux-v-sale-ragama-11576431,Toyota Hilux V Grade 2 8 2025 Pickup (Used),Negotiable,Ragama,2025,"6,000 km",Toyota,Hilux V Grade 2 8,Automatic,Diesel,2800,Registered (Used),"2026 May 16, 9:35 am","['AIR CONDITION', 'POWER STEERING', 'POWER MIRROR', 'POWER WINDOW']",
https://riyasewana.com/buy/toyota-roomy-custom-sale-mawanella-11547784,Toyota Roomy Custom G 2025 Car Unregistered (Recondition),Negotiable,Mawanella,2025,"2,000 km",Toyota,Roomy Custom G,Automatic,Petrol,1000,Unregistered (Recondition),"2026 May 16, 9:35 am","['AIR CONDITION', 'POWER STEERING', 'POWER MIRROR', 'POWER WINDOW']",
https://riyasewana.com/buy/bajaj-4-stroke-sale-kandy-11644334,Bajaj 4 Stroke 2009 Three Wheel (Used),"Rs. 1,195,000",Kandy,2009,"52,000 km",Bajaj,4 Stroke,Manual,Petrol,175,Registered (Used),"2026 May 16, 9:34 am",[],
https://riyasewana.com/buy/yamaha-fz-s-sale-matale-11644332,Yamaha FZ-S 2016 Motorbike (Used),"Rs. 755,000",Matale,2016,"31,000 km",Yamaha,FZ-S,,,150,Registered (Used),"2026 May 16, 9:34 am",[],Electric
https://riyasewana.com/buy/nissan-highrooof-e25-sale-hanwella-11644331,Nissan Highrooof E25 s 2007 Van (Used),"Rs. 10,850,000",Hanwella,2007,"175,000 km",Nissan,Highrooof E25 s,Automatic,Diesel,3000,Registered (Used),"2026 May 16, 9:34 am","['AIR CONDITION', 'POWER STEERING', 'POWER MIRROR', 'POWER WINDOW']",
https://riyasewana.com/buy/nissan-magnite-ez-shift-sale-kotikawatta-11644329,Nissan Magnite EZ-SHIFT 1000CC 2026 SUV Brand New,"Rs. 8,000,000",Kotikawatta,2026,25 km,Nissan,Magnite EZ-SHIFT 1000CC,Automatic,Petrol,1000,Brand New,"2026 May 16, 9:34 am","['AIR CONDITION', 'POWER STEERING', 'POWER MIRROR', 'POWER WINDOW']",
https://riyasewana.com/buy/toyota-vitz-sale-hambantota-11644327,Toyota Vitz 2016 Car (Used),"Rs. 7,200,000",Hambantota,2016,"81,000 km",Toyota,Vitz,Automatic,Petrol,990,Registered (Used),"2026 May 16, 9:34 am","['AIR CONDITION', 'POWER STEERING', 'POWER MIRROR', 'POWER WINDOW']",
https://riyasewana.com/buy/micro-kyron-sale-gampaha-11644326,Micro Kyron 2008 SUV (Used),"Rs. 5,975,000",Gampaha,2008,"140,598 km",Micro,Kyron,Automatic,Diesel,1995,Registered (Used),"2026 May 16, 9:34 am","['AIR CONDITION', 'POWER STEERING', 'POWER MIRROR', 'POWER WINDOW']",
https://riyasewana.com/buy/tvs-vector-gx-sale-colombo-11644325,TVS Vector Gx 2005 Motorbike (Used),"Rs. 90,000",Colombo,2005,1 km,TVS,Vector Gx,,,110,Registered (Used),"2026 May 16, 9:34 am",[],Kick
https://riyasewana.com/buy/hero-honda-deluxe-sale-galle-11644323,Hero-Honda Deluxe 2009 Motorbike (Used),"Rs. 170,000",Galle,2009,"42,000 km",Hero-Honda,Deluxe,,,100,Registered (Used),"2026 May 16, 9:33 am",[],Kick / Electric
https://riyasewana.com/buy/tata-dimo-batta-sale-kurunegala-11644322,Tata Dimo Batta 2007 Lorry (Used),"Rs. 1,380,000",Kurunegala,2007,"1,111 km",Tata,Dimo Batta,Manual,Diesel,750,Registered (Used),"2026 May 16, 9:33 am",[],
https://riyasewana.com/buy/nissan-presea-sale-colombo-11644318,Nissan Presea 1998 Car (Used),"Rs. 3,475,000",Colombo,1998,"112,900 km",Nissan,Presea,Automatic,Petrol,1500,Registered (Used),"2026 May 16, 9:33 am","['AIR CONDITION', 'POWER STEERING', 'POWER MIRROR', 'POWER WINDOW']",
https://riyasewana.com/buy/bajaj-boxer-sale-boralesgamuwa-11644317,Bajaj Boxer 2012 Motorbike (Used),"Rs. 265,000",Boralesgamuwa,2012,"32,000 km",Bajaj,Boxer,,,150,Registered (Used),"2026 May 16, 9:33 am",[],Kick / Electric
https://riyasewana.com/buy/suzuki-wagon-r-sale-badulla-11644316,Suzuki Wagon R Stingray J Style 2014 Car (Used),"Rs. 5,790,000",Badulla,2014,"118,000 km",Suzuki,Wagon R Stingray J Style,Automatic,Petrol,650,Registered (Used),"2026 May 16, 9:32 am","['AIR CONDITION', 'POWER STEERING', 'POWER MIRROR', 'POWER WINDOW']",
https://riyasewana.com/buy/ford-ranger-sale-kandy-11608889,Ford Ranger 2013 Pickup (Used),Negotiable,Kandy,2013,"104,000 km",Ford,Ranger,Manual,Diesel,2,Registered (Used),"2026 May 09, 1:44 pm","['AIR CONDITION', 'POWER STEERING', 'POWER MIRROR', 'POWER WINDOW']",
https://riyasewana.com/buy/bajaj-re-sale-colombo-11608883,Bajaj RE 2005 Three Wheel (Used),"Rs. 895,000",Colombo,2005,"36,500 km",Bajaj,RE,Manual,Petrol,150,Registered (Used),"2026 May 09, 1:43 pm",[],
https://riyasewana.com/buy/suzuki-wagon-r-sale-nittambuwa-11608880,Suzuki Wagon R 2007 Car (Used),"Rs. 1,400,000",Nittambuwa,2007,"1,111 km",Suzuki,Wagon R,Manual,Petrol,1000,Registered (Used),"2026 May 09, 1:42 pm","['AIR CONDITION', 'POWER STEERING', 'POWER MIRROR', 'POWER WINDOW']",
https://riyasewana.com/buy/bajaj-platina-sale-puttalam-11608875,Bajaj Platina 2017 Motorbike (Used),"Rs. 290,000",Puttalam,2017,"1,111 km",Bajaj,Platina,,,100,Registered (Used),"2026 May 09, 1:42 pm",[],Kick
https://riyasewana.com/buy/bajaj-re-2-sale-kotikawatta-11608865,Bajaj RE 2 Stroke 1996 Three Wheel (Used),"Rs. 490,000",Kotikawatta,1996,1 km,Bajaj,RE 2 Stroke,Manual,Petrol,150,Registered (Used),"2026 May 09, 1:40 pm",[],
https://riyasewana.com/buy/toyota-kdh-sale-galle-11608862,Toyota KDH 2026 Van (Used),"Rs. 21,000,000",Galle,2026,45 km,Toyota,KDH,Manual,Diesel,3000,Registered (Used),"2026 May 09, 1:39 pm","['AIR CONDITION', 'POWER STEERING', 'POWER MIRROR', 'POWER WINDOW']",
https://riyasewana.com/buy/nissan-navara-sale-chilaw-11608856,Nissan Navara 2008 Pickup (Used),"Rs. 7,250,000",Chilaw,2008,"203,000 km",Nissan,Navara,Manual,Diesel,2488,Registered (Used),"2026 May 09, 1:37 pm","['AIR CONDITION', 'POWER STEERING', 'POWER MIRROR', 'POWER WINDOW']",
https://riyasewana.com/buy/toyota-vitz-sale-chilaw-11608853,Toyota Vitz 2010 Car (Used),"Rs. 5,500,000",Chilaw,2010,"169,000 km",Toyota,Vitz,Automatic,Petrol,1000,Registered (Used),"2026 May 09, 1:37 pm","['AIR CONDITION', 'POWER STEERING', 'POWER MIRROR', 'POWER WINDOW']",
https://riyasewana.com/buy/bmw-320i-sale-kotte-11608851,BMW 320i 2008 Car (Used),"Rs. 9,400,000",Kotte,2008,"142,000 km",BMW,320i,Automatic,Petrol,1998,Registered (Used),"2026 May 09, 1:37 pm","['AIR CONDITION', 'POWER STEERING', 'POWER WINDOW']",
https://riyasewana.com/buy/bajaj-re-2-sale-kurunegala-11608850,Bajaj RE 2 Stroke 1997 Three Wheel (Used),"Rs. 525,000",Kurunegala,1997,"25,554 km",Bajaj,RE 2 Stroke,Manual,Petrol,150,Registered (Used),"2026 May 09, 1:37 pm",[],
https://riyasewana.com/buy/mahindra-maxximo-plus-sale-colombo-11608848,Mahindra Maxximo Plus VX 2016 Lorry (Used),"Rs. 2,550,000",Colombo,2016,"90,000 km",Mahindra,Maxximo Plus VX,Manual,Diesel,909,Registered (Used),"2026 May 09, 1:36 pm",[],
https://riyasewana.com/buy/foton-foton-sale-dompe-11608846,Foton Foton 2013 Lorry (Used),Negotiable,Dompe,2013,"89,000 km",Foton,Foton,Manual,Diesel,3750,Registered (Used),"2026 May 09, 1:36 pm",['POWER STEERING'],
https://riyasewana.com/buy/nissan-n16-sale-pannipitiya-11608845,Nissan N16 2003 Car (Used),"Rs. 3,675,000",Pannipitiya,2003,"216,000 km",Nissan,N16,Manual,Petrol,1300,Registered (Used),"2026 May 09, 1:36 pm","['AIR CONDITION', 'POWER STEERING', 'POWER WINDOW']",
https://riyasewana.com/buy/suzuki-maruti-800-sale-kandy-11608842,Suzuki Maruti 800 2011 Car (Used),"Rs. 2,625,000",Kandy,2011,"65,000 km",Suzuki,Maruti 800,Manual,Petrol,800,Registered (Used),"2026 May 09, 1:36 pm",['AIR CONDITION'],
https://riyasewana.com/buy/bajaj-pulsar-150-sale-kandy-11608829,Bajaj Pulsar 150 2010 Motorbike (Used),"Rs. 370,000",Kandy,2010,"77,000 km",Bajaj,Pulsar 150,,,150,Registered (Used),"2026 May 09, 1:34 pm",[],Kick / Electric
https://riyasewana.com/buy/mahindra-575-di-sale-kuliyapitiya-11608827,Mahindra 575 DI 2021 Tractor (Used),"Rs. 3,300,000",Kuliyapitiya,2021,"2,300 km",Mahindra,575 DI,Manual,Diesel,2500,Registered (Used),"2026 May 09, 1:34 pm",['POWER STEERING'],
https://riyasewana.com/buy/tvs-xl-super-sale-embilipitiya-11608818,TVS Xl Super 2016 Motorbike Unregistered (Recondition),"Rs. 125,000",Embilipitiya,2016,"3,000 km",TVS,Xl Super,,,69,Unregistered (Recondition),"2026 May 09, 1:33 pm",[],Kick
https://riyasewana.com/buy/fiat-tank-sale-polonnaruwa-11608809,Fiat Tank 2026 Motorbike (Used),"Rs. 600,000",Polonnaruwa,2026,"3,165 km",Fiat,Tank,,,125,Registered (Used),"2026 May 09, 1:32 pm",[],Kick / Electric
https://riyasewana.com/buy/toyota-premio-sale-horana-11608798,Toyota Premio 2013 Car (Used),"Rs. 10,550,000",Horana,2013,"189,000 km",Toyota,Premio,Automatic,Petrol,1500,Registered (Used),"2026 May 09, 1:30 pm","['AIR CONDITION', 'POWER STEERING', 'POWER MIRROR', 'POWER WINDOW']",
https://riyasewana.com/buy/toyota-axio-sale-katunayake-11608799,Toyota Axio 2007 Car (Used),Negotiable,Katunayake,2007,"99,850 km",Toyota,Axio,Automatic,Petrol,1500,Registered (Used),"2026 May 09, 1:30 pm","['AIR CONDITION', 'POWER STEERING', 'POWER MIRROR', 'POWER WINDOW']",
https://riyasewana.com/buy/toyota-raize-sale-katunayake-11608793,Toyota RAIZE 2024 SUV Unregistered (Recondition),"Rs. 13,600,000",Katunayake,2024,"5,000 km",Toyota,RAIZE,Automatic,Hybrid,1200,Unregistered (Recondition),"2026 May 09, 1:30 pm","['AIR CONDITION', 'POWER STEERING', 'POWER MIRROR', 'POWER WINDOW']",
https://riyasewana.com/buy/tata-indica-sale-battaramulla-11608780,Tata Indica 2015 Car (Used),"Rs. 2,850,000",Battaramulla,2015,"60,000 km",Tata,Indica,Manual,Petrol,1200,Registered (Used),"2026 May 09, 1:28 pm","['AIR CONDITION', 'POWER STEERING', 'POWER WINDOW']",
https://riyasewana.com/buy/honda-hornet-250-sale-gampaha-11608777,Honda Hornet 250 2010 Motorbike (Used),"Rs. 1,490,000",Gampaha,2010,"38,963 km",Honda,Hornet 250,,,250,Registered (Used),"2026 May 09, 1:28 pm",[],Electric
https://riyasewana.com/buy/yamaha-fz-version-sale-kurunegala-11608776,Yamaha Fz Version 2.0 2018 Motorbike (Used),"Rs. 250,000",Kurunegala,2018,"47,380 km",Yamaha,Fz Version 2.0,,,150,Registered (Used),"2026 May 09, 1:28 pm",[],Electric
https://riyasewana.com/buy/toyota-yaris-sale-nawala-11608767,Toyota Yaris 2008 Car (Used),Negotiable,Nawala,2008,"158,000 km",Toyota,Yaris,Automatic,Petrol,1300,Registered (Used),"2026 May 09, 1:26 pm","['AIR CONDITION', 'POWER STEERING', 'POWER MIRROR', 'POWER WINDOW']",
https://riyasewana.com/buy/bajaj-discover-150-sale-horana-11608766,Bajaj Discover 150 2010 Motorbike (Used),"Rs. 240,000",Horana,2010,"100,000 km",Bajaj,Discover 150,,,150,Registered (Used),"2026 May 09, 1:26 pm",[],Kick / Electric
https://riyasewana.com/buy/bajaj-ct-100-sale-gampaha-11608759,Bajaj CT-100 2007 Motorbike (Used),"Rs. 230,000",Gampaha,2007,-,Bajaj,CT-100,,,100,Registered (Used),"2026 May 09, 1:25 pm",[],Kick
https://riyasewana.com/buy/toyota-prado-sale-ragama-11608753,Toyota Prado 2016 SUV (Used),"Rs. 37,500,000",Ragama,2016,"135,000 km",Toyota,Prado,Automatic,Petrol,2700,Registered (Used),"2026 May 09, 1:24 pm","['AIR CONDITION', 'POWER STEERING', 'POWER MIRROR', 'POWER WINDOW']",
https://riyasewana.com/buy/bajaj-ct-100-sale-gampaha-11608751,Bajaj CT-100 2007 Motorbike (Used),"Rs. 230,000",Gampaha,2007,-,Bajaj,CT-100,,,100,Registered (Used),"2026 May 09, 1:23 pm",[],Kick
https://riyasewana.com/buy/mercedes-benz-mb-140-sale-ganemulla-11608750,Mercedes-Benz MB 140 1999 Van (Used),"Rs. 3,150,000",Ganemulla,1999,1 km,Mercedes-Benz,MB 140,Manual,Diesel,2870,Registered (Used),"2026 May 09, 1:23 pm","['AIR CONDITION', 'POWER STEERING', 'POWER WINDOW']",
https://riyasewana.com/buy/yamaha-fz--version-sale-kurunegala-11608747,Yamaha Fz. Version 2.0 2018 Motorbike (Used),"Rs. 250,000",Kurunegala,2018,"47,682 km",Yamaha,Fz. Version 2.0,,,150,Registered (Used),"2026 May 09, 1:22 pm",[],Electric
https://riyasewana.com/buy/toyota-kdh-200-sale-katunayake-11608745,Toyota KDH 200 Super GL 2007 Van (Used),"Rs. 17,850,000",Katunayake,2007,"300,000 km",Toyota,KDH 200 Super GL,Automatic,Diesel,2500,Registered (Used),"2026 May 09, 1:22 pm","['AIR CONDITION', 'POWER STEERING', 'POWER MIRROR', 'POWER WINDOW']",
https://riyasewana.com/buy/toyota-corolla-ke72-sale-dankotuwa-11608743,Toyota Corolla Ke72 1986 Car (Used),"Rs. 2,600,000",Dankotuwa,1986,-,Toyota,Corolla Ke72,Manual,Petrol,1300,Registered (Used),"2026 May 09, 1:22 pm","['AIR CONDITION', 'POWER STEERING']",
https://riyasewana.com/buy/mitsubishi-lancer-box-sale-kuliyapitiya-11608734,Mitsubishi Lancer Box 1983 Car (Used),Negotiable,Kuliyapitiya,1983,-,Mitsubishi,Lancer Box,Manual,Petrol,1400,Registered (Used),"2026 May 09, 1:21 pm",[],
https://riyasewana.com/buy/toyota-allion-sale-kandana-11608729,Toyota Allion 2002 Car (Used),"Rs. 6,650,000",Kandana,2002,"250,000 km",Toyota,Allion,Automatic,Petrol,1500,Registered (Used),"2026 May 09, 1:21 pm","['AIR CONDITION', 'POWER STEERING', 'POWER MIRROR', 'POWER WINDOW']",
https://riyasewana.com/buy/bajaj-boxer-sale-kegalle-11608728,Bajaj Boxer 2002 Motorbike (Used),"Rs. 155,000",Kegalle,2002,11 km,Bajaj,Boxer,,,100,Registered (Used),"2026 May 09, 1:21 pm",[],Kick
https://riyasewana.com/buy/dyno-vortex-125efi-sale-colombo-11608726,Dyno Vortex 125EFI 2026 Motorbike Brand New,"Rs. 1,090,000",Colombo,2026,-,Dyno,Vortex 125EFI,,,125,Brand New,"2026 May 09, 1:21 pm",[],Kick / Electric
https://riyasewana.com/buy/hyundai-santa-fe-sale-avissawella-11608723,Hyundai Santa Fe 2009 SUV (Used),Negotiable,Avissawella,2009,"209,000 km",Hyundai,Santa Fe,Automatic,Diesel,2200,Registered (Used),"2026 May 09, 1:21 pm","['AIR CONDITION', 'POWER STEERING', 'POWER WINDOW']",
https://riyasewana.com/buy/tvs-star-sport-sale-horana-11608718,TVS Star Sport 2008 Motorbike (Used),"Rs. 150,000",Horana,2008,"50,000 km",TVS,Star Sport,,,100,Registered (Used),"2026 May 09, 1:20 pm",[],Kick
https://riyasewana.com/buy/bajaj-v15-sale-kegalle-11608713,Bajaj V15 2016 Motorbike (Used),"Rs. 295,000",Kegalle,2016,555 km,Bajaj,V15,,,150,Registered (Used),"2026 May 09, 1:19 pm",[],Kick / Electric
https://riyasewana.com/buy/honda-fit-gp1-sale-colombo-11608712,Honda Fit GP1 2012 Car (Used),"Rs. 6,400,000",Colombo,2012,"143,000 km",Honda,Fit GP1,Automatic,Hybrid,1330,Registered (Used),"2026 May 09, 1:19 pm","['AIR CONDITION', 'POWER STEERING', 'POWER MIRROR', 'POWER WINDOW']",
https://riyasewana.com/buy/suzuki-alto-sale-kegalle-11608706,Suzuki Alto 2015 Car (Used),"Rs. 3,900,000",Kegalle,2015,119 km,Suzuki,Alto,Manual,Petrol,800,Registered (Used),"2026 May 09, 1:18 pm","['AIR CONDITION', 'POWER STEERING', 'POWER MIRROR', 'POWER WINDOW']",
https://riyasewana.com/buy/zotye-nomad-sale-kaduwela-11608705,Zotye Nomad 2008 SUV (Used),"Rs. 3,285,000",Kaduwela,2008,"117,000 km",Zotye,Nomad,Manual,Petrol,1300,Registered (Used),"2026 May 09, 1:18 pm","['AIR CONDITION', 'POWER STEERING', 'POWER MIRROR', 'POWER WINDOW']",
https://riyasewana.com/buy/toyota-raize-sale-colombo-11608701,Toyota RAIZE 2026 SUV Unregistered (Recondition),"Rs. 14,600,000",Colombo,2026,10 km,Toyota,RAIZE,Automatic,Hybrid,1200,Unregistered (Recondition),"2026 May 09, 1:17 pm","['AIR CONDITION', 'POWER STEERING', 'POWER MIRROR', 'POWER WINDOW']",
https://riyasewana.com/buy/toyota-raize-sale-anuradapura-11608700,Toyota Raize 2025 SUV (Used),"Rs. 12,650,000",Anuradapura,2025,"1,200 km",Toyota,Raize,Automatic,Petrol,1000,Registered (Used),"2026 May 09, 1:17 pm","['AIR CONDITION', 'POWER STEERING', 'POWER MIRROR', 'POWER WINDOW']",
https://riyasewana.com/buy/bajaj-pulsar-sale-kandy-11608689,Bajaj Pulsar 2007 Motorbike (Used),Negotiable,Kandy,2007,1 km,Bajaj,Pulsar,,,180,Registered (Used),"2026 May 09, 1:15 pm",[],Kick / Electric
https://riyasewana.com/buy/toyota-kdh-sale-anuradapura-11608666,Toyota KDH 2004 Van (Used),"Rs. 13,500,000",Anuradapura,2004,"450,000 km",Toyota,KDH,Manual,Diesel,2480,Registered (Used),"2026 May 09, 1:11 pm","['AIR CONDITION', 'POWER STEERING', 'POWER MIRROR', 'POWER WINDOW']",
https://riyasewana.com/buy/toyota-dyna-sale-ratnapura-11608662,Toyota Dyna 1995 Lorry (Used),"Rs. 3,000,000",Ratnapura,1995,-,Toyota,Dyna,Manual,Diesel,2440,Registered (Used),"2026 May 09, 1:11 pm",['POWER STEERING'],
https://riyasewana.com/buy/suzuki-alto-sale-minuwangoda-11608659,Suzuki Alto 2017 Car (Used),Negotiable,Minuwangoda,2017,"142,000 km",Suzuki,Alto,Manual,Petrol,800,Registered (Used),"2026 May 09, 1:10 pm","['AIR CONDITION', 'POWER STEERING', 'POWER MIRROR', 'POWER WINDOW']",
https://riyasewana.com/buy/honda-cd200-sale-kaduwela-11608660,Honda CD200 1980 Motorbike (Used),"Rs. 975,000",Kaduwela,1980,1 km,Honda,CD200,,,200,Registered (Used),"2026 May 09, 1:10 pm",[],Kick / Electric
https://riyasewana.com/buy/daihatsu-hijet-sale-dehiwala-mount-lavinia-11608658,Daihatsu Hijet 2000 Van (Used),"Rs. 2,560,000",Dehiwala-Mount-Lavinia,2000,"180,000 km",Daihatsu,Hijet,Automatic,Petrol,650,Registered (Used),"2026 May 09, 1:10 pm",['AIR CONDITION'],
https://riyasewana.com/buy/tvs-ntorq-sale-kalutara-11608657,TVS Ntorq 2018 Motorbike (Used),"Rs. 510,000",Kalutara,2018,"55,000 km",TVS,Ntorq,,,125,Registered (Used),"2026 May 09, 1:10 pm",[],Kick / Electric
https://riyasewana.com/buy/mahindra-maxximo-sale-matara-11608655,Mahindra Maxximo 2012 Lorry (Used),"Rs. 1,528,000",Matara,2012,"88,000 km",Mahindra,Maxximo,Manual,Diesel,1600,Registered (Used),"2026 May 09, 1:10 pm",[],
https://riyasewana.com/buy/toyota-aqua-sale-kalmunai-11608653,Toyota Aqua 2017 Car (Used),Negotiable,Kalmunai,2017,"97,000 km",Toyota,Aqua,Automatic,Hybrid,1500,Registered (Used),"2026 May 09, 1:09 pm","['AIR CONDITION', 'POWER STEERING', 'POWER MIRROR', 'POWER WINDOW']",
https://riyasewana.com/buy/hero-honda-cbz-star-sale-matugama-11608648,Hero-Honda CBZ STAR 2008 Motorbike (Used),"Rs. 75,000",Matugama,2008,"123,456 km",Hero-Honda,CBZ STAR,,,Manual,Registered (Used),"2026 May 09, 1:08 pm",[],Kick / Electric
https://riyasewana.com/buy/massey-ferguson-240-sale-kuliyapitiya-11608642,Massey-Ferguson 240 1980 Tractor (Used),"Rs. 1,350,000",Kuliyapitiya,1980,"3,000 km",Massey-Ferguson,240,Manual,Diesel,2000,Registered (Used),"2026 May 09, 1:07 pm",[],
https://riyasewana.com/buy/toyota-hiace-sale-horana-11608636,Toyota Hiace 1989 Van (Used),"Rs. 6,400,000",Horana,1989,"180,000 km",Toyota,Hiace,Manual,Diesel,2240,Registered (Used),"2026 May 09, 1:06 pm","['AIR CONDITION', 'POWER STEERING']",
https://riyasewana.com/buy/bajaj-re-2-sale-matugama-11608633,Bajaj RE 2 Stroke 2006 Three Wheel (Used),"Rs. 825,000",Matugama,2006,"89,000 km",Bajaj,RE 2 Stroke,Manual,Petrol,145,Registered (Used),"2026 May 09, 1:06 pm",[],
https://riyasewana.com/buy/yuejin-yuejin-sale-matara-11608631,Yuejin Yuejin 2008 Lorry (Used),Negotiable,Matara,2008,"92,000 km",Yuejin,Yuejin,Manual,Diesel,1800,Registered (Used),"2026 May 09, 1:05 pm",[],
https://riyasewana.com/buy/honda-fit-shuttle-sale-ganemulla-11608629,Honda Fit Shuttle 2013 Car (Used),"Rs. 7,700,000",Ganemulla,2013,"158,000 km",Honda,Fit Shuttle,Automatic,Hybrid,1300,Registered (Used),"2026 May 09, 1:05 pm","['AIR CONDITION', 'POWER STEERING', 'POWER MIRROR', 'POWER WINDOW']",
https://riyasewana.com/buy/honda-cbr-sale-matugama-11608628,Honda CBR 2007 Motorbike (Used),Negotiable,Matugama,2007,"1,111 km",Honda,CBR,,,150,Registered (Used),"2026 May 09, 1:05 pm",[],Kick
https://riyasewana.com/buy/toyota-shell-sale-galle-11608623,Toyota Shell 1984 Van (Used),"Rs. 4,050,000",Galle,1984,1 km,Toyota,Shell,Manual,Diesel,2440,Registered (Used),"2026 May 09, 1:03 pm",['POWER STEERING'],
https://riyasewana.com/buy/honda-civic-sale-horana-11608620,Honda Civic 2020 Car (Used),"Rs. 13,550,000",Horana,2020,"83,000 km",Honda,Civic,Automatic,Petrol,1000,Registered (Used),"2026 May 09, 1:03 pm","['AIR CONDITION', 'POWER STEERING', 'POWER MIRROR', 'POWER WINDOW']",
https://riyasewana.com/buy/toyota-axio-sale-badulla-11608619,Toyota Axio 2011 Car (Used),"Rs. 8,150,000",Badulla,2011,"210,000 km",Toyota,Axio,Automatic,Petrol,1500,Registered (Used),"2026 May 09, 1:03 pm","['AIR CONDITION', 'POWER STEERING', 'POWER MIRROR', 'POWER WINDOW']",
https://riyasewana.com/buy/honda-navi-sale-matara-11608614,Honda Navi 2017 Motorbike (Used),Negotiable,Matara,2017,"29,000 km",Honda,Navi,,,120,Registered (Used),"2026 May 09, 1:02 pm",[],Kick / Electric
https://riyasewana.com/buy/toyota-townace-noah-sale-kelaniya-11608613,Toyota Townace Noah CR41 2002 Van (Used),"Rs. 6,875,000",Kelaniya,2002,"233,500 km",Toyota,Townace Noah CR41,Automatic,Diesel,-,Registered (Used),"2026 May 09, 1:02 pm","['AIR CONDITION', 'POWER STEERING', 'POWER MIRROR', 'POWER WINDOW']",
https://riyasewana.com/buy/daihatsu-charade-sale-kandy-11608610,Daihatsu Charade 1992 Car (Used),"Rs. 550,000",Kandy,1992,"1,234 km",Daihatsu,Charade,Manual,Petrol,800,Registered (Used),"2026 May 09, 1:01 pm",[],
https://riyasewana.com/buy/mitsubishi-montero-v6-sale-chilaw-11608609,Mitsubishi Montero V6 2003 SUV (Used),Negotiable,Chilaw,2003,-,Mitsubishi,Montero V6,Automatic,Petrol,3500,Registered (Used),"2026 May 09, 1:01 pm","['AIR CONDITION', 'POWER MIRROR', 'POWER WINDOW']",
https://riyasewana.com/buy/toyota-carina-sale-trincomalee-11608606,Toyota Carina 1987 Car (Used),"Rs. 1,200,000",Trincomalee,1987,"108,986 km",Toyota,Carina,Manual,Petrol,1500,Registered (Used),"2026 May 09, 1:01 pm","['AIR CONDITION', 'POWER STEERING']",
https://riyasewana.com/buy/honda-civic-sale-kegalle-11608605,Honda Civic 2006 Car (Used),"Rs. 7,000,000",Kegalle,2006,"201,000 km",Honda,Civic,Automatic,Petrol,1800,Registered (Used),"2026 May 09, 1:01 pm","['AIR CONDITION', 'POWER STEERING', 'POWER MIRROR', 'POWER WINDOW']",
https://riyasewana.com/buy/mitsubishi-lancer-wagon-sale-avissawella-11608596,Mitsubishi Lancer Wagon 1992 Car (Used),"Rs. 2,430,000",Avissawella,1992,"250,000 km",Mitsubishi,Lancer Wagon,Manual,Petrol,1300,Registered (Used),"2026 May 09, 1:00 pm","['AIR CONDITION', 'POWER STEERING']",
https://riyasewana.com/buy/mitsubishi-lancer-sale-kottawa-11608589,Mitsubishi Lancer 1997 Car (Used),"Rs. 2,850,000",Kottawa,1997,"300,000 km",Mitsubishi,Lancer,Manual,Petrol,1300,Registered (Used),"2026 May 09, 12:59 pm",['POWER STEERING'],
https://riyasewana.com/buy/toyota-vitz-safety-sale-panadura-11608584,Toyota Vitz Safety Edition 2018 Car (Used),"Rs. 7,450,000",Panadura,2018,"98,771 km",Toyota,Vitz Safety Edition,Automatic,Petrol,1000,Registered (Used),"2026 May 09, 12:59 pm","['AIR CONDITION', 'POWER STEERING', 'POWER MIRROR', 'POWER WINDOW']",
https://riyasewana.com/buy/micro-mx7-sale-negombo-11608579,Micro MX7 2009 Car (Used),"Rs. 1,950,000",Negombo,2009,"175,252 km",Micro,MX7,Manual,Petrol,1500,Registered (Used),"2026 May 09, 12:58 pm","['AIR CONDITION', 'POWER STEERING', 'POWER MIRROR', 'POWER WINDOW']",
https://riyasewana.com/buy/bajaj-2-stroke-sale-panadura-11608578,Bajaj 2 Stroke 2004 Three Wheel (Used),"Rs. 835,000",Panadura,2004,111 km,Bajaj,2 Stroke,Manual,Petrol,150,Registered (Used),"2026 May 09, 12:58 pm",[],
https://riyasewana.com/buy/tvs-apache-sale-negombo-11608572,TVS Apache 2019 Motorbike (Used),"Rs. 635,000",Negombo,2019,"54,000 km",TVS,Apache,,,160,Registered (Used),"2026 May 09, 12:56 pm",[],Kick / Electric
https://riyasewana.com/buy/honda-dio-sale-kaduwela-11608569,Honda Dio 2017 Motorbike (Used),Negotiable,Kaduwela,2017,"45,000 km",Honda,Dio,,,50,Registered (Used),"2026 May 09, 12:56 pm",[],Kick / Electric
https://riyasewana.com/buy/mini-cooper-sale-nugegoda-11608566,Mini Cooper 2012 Car (Used),"Rs. 10,500,000",Nugegoda,2012,"66,000 km",Mini,Cooper,Automatic,Petrol,1600,Registered (Used),"2026 May 09, 12:55 pm","['AIR CONDITION', 'POWER STEERING', 'POWER MIRROR', 'POWER WINDOW']",
https://riyasewana.com/buy/bajaj-discover-125-sale-piliyandala-11608561,Bajaj Discover 125 2011 Motorbike (Used),"Rs. 234,000",Piliyandala,2011,"45,000 km",Bajaj,Discover 125,,,125,Registered (Used),"2026 May 09, 12:54 pm",[],Kick / Electric
https://riyasewana.com/buy/suzuki-maruti-sale-embilipitiya-11608557,Suzuki Maruti 2010 Car (Used),Negotiable,Embilipitiya,2010,"47,000 km",Suzuki,Maruti,Manual,Petrol,800,Registered (Used),"2026 May 09, 12:54 pm",['AIR CONDITION'],
https://riyasewana.com/buy/nissan-n17-sale-gampaha-11608556,Nissan N17 2007 Car (Used),"Rs. 4,150,000",Gampaha,2007,"150,000 km",Nissan,N17,Automatic,Petrol,1300,Registered (Used),"2026 May 09, 12:54 pm","['AIR CONDITION', 'POWER STEERING', 'POWER MIRROR', 'POWER WINDOW']",
https://riyasewana.com/buy/yamaha-fazer-sale-colombo-11608554,Yamaha Fazer 2008 Motorbike (Used),"Rs. 1,650,000",Colombo,2008,"19,500 km",Yamaha,Fazer,,,0,Registered (Used),"2026 May 09, 12:54 pm",[],Electric
https://riyasewana.com/buy/hero-hunk-sale-hanwella-11608552,Hero Hunk 2026 Motorbike Brand New,"Rs. 999,000",Hanwella,2026,1 km,Hero,Hunk,,,160,Brand New,"2026 May 09, 12:53 pm",[],Electric
https://riyasewana.com/buy/toyota-dolphin-sale-embilipitiya-11608547,Toyota Dolphin 1994 Van (Used),"Rs. 9,600,000",Embilipitiya,1994,0 km,Toyota,Dolphin,Manual,Diesel,2770,Registered (Used),"2026 May 09, 12:53 pm","['AIR CONDITION', 'POWER STEERING', 'POWER WINDOW']",
https://riyasewana.com/buy/nissan-cefiro-sale-eheliyagoda-11608542,Nissan Cefiro 1995 Car (Used),"Rs. 2,250,000",Eheliyagoda,1995,1 km,Nissan,Cefiro,Manual,Petrol,1990,Registered (Used),"2026 May 09, 12:51 pm",[],
https://riyasewana.com/buy/tvs-scooty-pep-sale-gampaha-11608537,TVS Scooty Pep 2019 Motorbike (Used),"Rs. 375,000",Gampaha,2019,"40,000 km",TVS,Scooty Pep,,,90,Registered (Used),"2026 May 09, 12:50 pm",[],Kick / Electric
https://riyasewana.com/buy/honda-cbr-sale-kegalle-11608536,Honda CBR 2014 Motorbike (Used),"Rs. 1,780,000",Kegalle,2014,"51,330 km",Honda,CBR,,,250,Registered (Used),"2026 May 09, 12:50 pm",[],Electric
https://riyasewana.com/buy/mahindra-centuro-sale-kalutara-11608526,Mahindra Centuro 2020 Motorbike (Used),"Rs. 218,000",Kalutara,2020,"51,000 km",Mahindra,Centuro,,,110,Registered (Used),"2026 May 09, 12:49 pm",[],Kick / Electric
https://riyasewana.com/buy/bajaj-discover-100-sale-matara-11608523,Bajaj Discover 100 2011 Motorbike (Used),"Rs. 190,000",Matara,2011,"25,000 km",Bajaj,Discover 100,,,100,Registered (Used),"2026 May 09, 12:49 pm",[],Kick / Electric
https://riyasewana.com/buy/hero-xtreme-sale-hanwella-11608518,Hero Xtreme 2026 Motorbike Brand New,"Rs. 776,900",Hanwella,2026,1 km,Hero,Xtreme,,,125,Brand New,"2026 May 09, 12:48 pm",[],Electric
https://riyasewana.com/buy/mitsubishi-l300-sale-eheliyagoda-11608515,Mitsubishi L300 1982 Van (Used),"Rs. 1,200,000",Eheliyagoda,1982,"74,685 km",Mitsubishi,L300,Manual,Diesel,2000,Registered (Used),"2026 May 09, 12:48 pm",['POWER STEERING'],
https://riyasewana.com/buy/mitsubishi-lancer-sale-kottawa-11608514,Mitsubishi Lancer 1980 Car (Used),"Rs. 1,345,000",Kottawa,1980,0 km,Mitsubishi,Lancer,Manual,Petrol,1200,Registered (Used),"2026 May 09, 12:48 pm",['AIR CONDITION'],
https://riyasewana.com/buy/toyota-gdh-sale-galle-11608506,Toyota GDH 2025 Van (Used),"Rs. 27,200,000",Galle,2025,"13,000 km",Toyota,GDH,Automatic,Diesel,2800,Registered (Used),"2026 May 09, 12:47 pm","['AIR CONDITION', 'POWER STEERING', 'POWER MIRROR', 'POWER WINDOW']",
https://riyasewana.com/buy/land-rover-defender-sale-negombo-11608504,Land-Rover Defender 1979 SUV (Used),"Rs. 22,222,222",Negombo,1979,0 km,Land-Rover,Defender,Manual,Diesel,2800,Registered (Used),"2026 May 09, 12:46 pm","['AIR CONDITION', 'POWER STEERING', 'POWER WINDOW']",
https://riyasewana.com/buy/mitsubishi-montero-sale-galle-11608498,Mitsubishi Montero 2013 SUV (Used),"Rs. 20,500,000",Galle,2013,"267,000 km",Mitsubishi,Montero,Automatic,Diesel,3200,Registered (Used),"2026 May 09, 12:46 pm","['AIR CONDITION', 'POWER STEERING', 'POWER MIRROR', 'POWER WINDOW']",
https://riyasewana.com/buy/toyota-carina-si-sale-kurunegala-11608490,Toyota Carina Si 2000 Car (Used),Negotiable,Kurunegala,2000,"97,300 km",Toyota,Carina Si,Automatic,Petrol,1800,Registered (Used),"2026 May 09, 12:44 pm","['AIR CONDITION', 'POWER STEERING', 'POWER MIRROR', 'POWER WINDOW']",
https://riyasewana.com/buy/kia-cerato-sale-piliyandala-11608487,Kia Cerato 2011 Car (Used),"Rs. 5,850,000",Piliyandala,2011,"170,000 km",Kia,Cerato,Automatic,Petrol,1600,Registered (Used),"2026 May 09, 12:43 pm","['AIR CONDITION', 'POWER STEERING', 'POWER MIRROR', 'POWER WINDOW']",
https://riyasewana.com/buy/bajaj-pulsar-200-sale-gampaha-11608485,Bajaj Pulsar 200 2009 Motorbike (Used),"Rs. 365,000",Gampaha,2009,"45,000 km",Bajaj,Pulsar 200,,,200,Registered (Used),"2026 May 09, 12:43 pm",[],Electric
https://riyasewana.com/buy/singer-abans-lg-sale-gampaha-11608484,Singer Abans LG 75 2019 Motorbike Unregistered (Recondition),"Rs. 140,000",Gampaha,2019,"5,600 km",Singer,Abans LG 75,,,75,Unregistered (Recondition),"2026 May 09, 12:42 pm",[],Kick / Electric
https://riyasewana.com/buy/toyota-mark-2-sale-colombo-11608483,Toyota Mark 2 1984 Car (Used),Negotiable,Colombo,1984,"130,598 km",Toyota,Mark 2,Manual,Diesel,2000,Registered (Used),"2026 May 09, 12:42 pm","['AIR CONDITION', 'POWER STEERING']",
https://riyasewana.com/buy/honda-cd125-sale-homagama-11608482,Honda CD125 1991 Motorbike Unregistered (Recondition),"Rs. 170,000",Homagama,1991,"150,000 km",Honda,CD125,,,125,Unregistered (Recondition),"2026 May 09, 12:42 pm",[],Kick / Electric
https://riyasewana.com/buy/toyota-townace-sale-hambantota-11608481,Toyota Townace 1997 Van (Used),"Rs. 4,200,000",Hambantota,1997,"148,000 km",Toyota,Townace,Automatic,Diesel,1970,Registered (Used),"2026 May 09, 12:42 pm","['POWER STEERING', 'POWER MIRROR', 'POWER WINDOW']",
https://riyasewana.com/buy/mazda-axela-sale-colombo-11608480,Mazda Axela 2010 Car (Used),"Rs. 6,975,000",Colombo,2010,"139,000 km",Mazda,Axela,Automatic,Petrol,1490,Registered (Used),"2026 May 09, 12:42 pm","['AIR CONDITION', 'POWER STEERING', 'POWER MIRROR', 'POWER WINDOW']",
https://riyasewana.com/buy/bajaj-re-4-sale-kurunegala-11608479,Bajaj RE 4 Stroke 2020 Three Wheel (Used),Negotiable,Kurunegala,2020,"40,000 km",Bajaj,RE 4 Stroke,Manual,Petrol,205,Registered (Used),"2026 May 09, 12:42 pm",[],
https://riyasewana.com/buy/honda-vezel-z-sale-kurunegala-11608477,Honda Vezel Z Play Moonroof 2025 SUV Brand New,"Rs. 20,000,000",Kurunegala,2025,350 km,Honda,Vezel Z Play Moonroof,Automatic,Petrol,1496,Brand New,"2026 May 09, 12:41 pm","['AIR CONDITION', 'POWER STEERING', 'POWER MIRROR', 'POWER WINDOW']",
https://riyasewana.com/buy/bajaj-ct-100-sale-mulleriyawa-11608476,Bajaj CT-100 2026 Motorbike Brand New,"Rs. 577,950",Mulleriyawa,2026,0 km,Bajaj,CT-100,,,100,Brand New,"2026 May 09, 12:41 pm",[],Kick / Electric
https://riyasewana.com/buy/honda-civic-es8-sale-anuradapura-11608474,Honda Civic ES8 2002 Car (Used),"Rs. 5,575,000",Anuradapura,2002,123 km,Honda,Civic ES8,Automatic,Petrol,1500,Registered (Used),"2026 May 09, 12:41 pm","['AIR CONDITION', 'POWER STEERING', 'POWER MIRROR', 'POWER WINDOW']",
https://riyasewana.com/buy/isuzu-fargo-sale-ja-ela-11608471,Isuzu Fargo 1990 Van (Used),"Rs. 2,200,000",Ja-Ela,1990,123 km,Isuzu,Fargo,Manual,Diesel,2180,Registered (Used),"2026 May 09, 12:40 pm",['POWER STEERING'],
https://riyasewana.com/buy/nissan-fb14-super-sale-nugegoda-11608468,Nissan FB14 Super Saloon 1996 Car (Used),"Rs. 3,475,000",Nugegoda,1996,"225,000 km",Nissan,FB14 Super Saloon,Manual,Petrol,1500,Registered (Used),"2026 May 09, 12:40 pm",[],
https://riyasewana.com/buy/bajaj-discover-sale-colombo-11608469,Bajaj Discover 2013 Motorbike (Used),"Rs. 280,000",Colombo,2013,"70,000 km",Bajaj,Discover,,,125,Registered (Used),"2026 May 09, 12:40 pm",[],Kick / Electric
https://riyasewana.com/buy/toyota-ce110-sale-ratnapura-11608462,Toyota CE110 1996 Car (Used),"Rs. 3,350,000",Ratnapura,1996,1 km,Toyota,CE110,Automatic,Diesel,1980,Registered (Used),"2026 May 09, 12:39 pm","['AIR CONDITION', 'POWER STEERING', 'POWER MIRROR', 'POWER WINDOW']",
https://riyasewana.com/buy/bajaj-4-stroke-sale-galle-11608459,Bajaj 4 Stroke 2010 Three Wheel (Used),"Rs. 1,350,000",Galle,2010,"65,000 km",Bajaj,4 Stroke,Manual,Petrol,175,Registered (Used),"2026 May 09, 12:39 pm",[],
https://riyasewana.com/buy/tvs-king-sale-dompe-11608458,TVS King 2010 Three Wheel (Used),"Rs. 750,000",Dompe,2010,45 km,TVS,King,Manual,Petrol,205,Registered (Used),"2026 May 09, 12:39 pm",[],
https://riyasewana.com/buy/toyota-sprinter-sale-homagama-11608455,Toyota SPRINTER 1995 Car (Used),"Rs. 3,275,000",Homagama,1995,"307,400 km",Toyota,SPRINTER,Automatic,Petrol,1330,Registered (Used),"2026 May 09, 12:39 pm","['AIR CONDITION', 'POWER STEERING']",
https://riyasewana.com/buy/honda-cm-125-sale-mirigama-11608454,Honda Cm 125 1983 Motorbike (Used),"Rs. 98,000",Mirigama,1983,-,Honda,Cm 125,,,125,Registered (Used),"2026 May 09, 12:39 pm",[],Kick / Electric
https://riyasewana.com/buy/toyota-roomy-sale-pannipitiya-11608452,Toyota ROOMY 2023 Car (Used),Negotiable,Pannipitiya,2023,"70,000 km",Toyota,ROOMY,Automatic,Petrol,1000,Registered (Used),"2026 May 09, 12:38 pm","['AIR CONDITION', 'POWER STEERING', 'POWER MIRROR', 'POWER WINDOW']",
https://riyasewana.com/buy/bajaj-pulsar-sale-mawanella-11608447,Bajaj Pulsar 2014 Motorbike (Used),"Rs. 330,000",Mawanella,2014,"50,000 km",Bajaj,Pulsar,,,135,Registered (Used),"2026 May 09, 12:37 pm",[],Kick / Electric
https://riyasewana.com/buy/toyota-kdh-sale-matara-11608446,Toyota KDH 2015 Van (Used),Negotiable,Matara,2015,"72,000 km",Toyota,KDH,Automatic,Diesel,3000,Registered (Used),"2026 May 09, 12:37 pm","['AIR CONDITION', 'POWER STEERING', 'POWER MIRROR', 'POWER WINDOW']",
https://riyasewana.com/buy/toyota-townace-sale-badulla-11608440,Toyota Townace 2006 Van (Used),"Rs. 6,895,000",Badulla,2006,"135,000 km",Toyota,Townace,Manual,Petrol,1790,Registered (Used),"2026 May 09, 12:36 pm","['AIR CONDITION', 'POWER STEERING', 'POWER MIRROR', 'POWER WINDOW']",
https://riyasewana.com/buy/suzuki-wagon-r-sale-dompe-11608434,Suzuki Wagon R 2008 Car (Used),"Rs. 3,875,000",Dompe,2008,"88,400 km",Suzuki,Wagon R,Manual,Petrol,1000,Registered (Used),"2026 May 09, 12:36 pm","['AIR CONDITION', 'POWER STEERING', 'POWER MIRROR', 'POWER WINDOW']",
https://riyasewana.com/buy/toyota-prius-sale-kalutara-11608430,Toyota Prius 2011 Car (Used),"Rs. 9,500,000",Kalutara,2011,"134,000 km",Toyota,Prius,Automatic,Hybrid,1800,Registered (Used),"2026 May 09, 12:36 pm","['AIR CONDITION', 'POWER STEERING', 'POWER MIRROR', 'POWER WINDOW']",
https://riyasewana.com/buy/toyota-hilux-sale-anuradapura-11608425,Toyota Hilux 2015 Pickup (Used),"Rs. 15,000,000",Anuradapura,2015,75 km,Toyota,Hilux,Manual,Diesel,2,Registered (Used),"2026 May 09, 12:35 pm","['AIR CONDITION', 'POWER STEERING', 'POWER MIRROR', 'POWER WINDOW']",
https://riyasewana.com/buy/toyota-axio-sale-kadawatha-11608424,Toyota Axio 2007 Car (Used),Negotiable,Kadawatha,2007,1 km,Toyota,Axio,Automatic,Petrol,1500,Registered (Used),"2026 May 09, 12:34 pm",[],
https://riyasewana.com/buy/toyota-ke72-sale-ja-ela-11608420,Toyota Ke72 1987 Car (Used),"Rs. 1,975,000",Ja-Ela,1987,1 km,Toyota,Ke72,Manual,Petrol,1290,Registered (Used),"2026 May 09, 12:34 pm",['AIR CONDITION'],
https://riyasewana.com/buy/hyundai-santa-fe-sale-kadawatha-11608406,Hyundai Santa Fe 2012 SUV (Used),Negotiable,Kadawatha,2012,"168,000 km",Hyundai,Santa Fe,Automatic,Petrol,2600,Registered (Used),"2026 May 09, 12:32 pm",[],
https://riyasewana.com/buy/bajaj-boxer-sale-matale-11608402,Bajaj Boxer 2003 motorcycle (Used),"Rs. 160,000",Matale,2003,123 km,Bajaj,Boxer,Manual,Petrol,100,Registered (Used),"2026 May 09, 12:30 pm",[],
https://riyasewana.com/buy/toyota-aqua-sale-kurunegala-11608401,Toyota Aqua 2013 Car (Used),"Rs. 7,500,000",Kurunegala,2013,"138,000 km",Toyota,Aqua,Automatic,Hybrid,1500,Registered (Used),"2026 May 09, 12:30 pm","['AIR CONDITION', 'POWER STEERING', 'POWER MIRROR', 'POWER WINDOW']",
https://riyasewana.com/buy/bajaj-discover-sale-matara-11608398,Bajaj Discover 2011 Motorbike (Used),"Rs. 220,000",Matara,2011,1 km,Bajaj,Discover,,,100,Registered (Used),"2026 May 09, 12:30 pm",[],Kick / Electric
https://riyasewana.com/buy/toyota-dyna-sale-colombo-11608394,Toyota Dyna 2001 Lorry (Used),"Rs. 4,500,000",Colombo,2001,1 km,Toyota,Dyna,Manual,Diesel,3000,Registered (Used),"2026 May 09, 12:29 pm",['POWER STEERING'],
https://riyasewana.com/buy/nissan-bluebird-sale-gampaha-11608390,Nissan Bluebird 1984 Car (Used),"Rs. 575,000",Gampaha,1984,"100,000 km",Nissan,Bluebird,Manual,Diesel,1970,Registered (Used),"2026 May 09, 12:29 pm","['POWER STEERING', 'POWER MIRROR']",
https://riyasewana.com/buy/yamaha-fz-s-sale-ratnapura-11608388,Yamaha FZ-S 2025 Motorbike (Used),"Rs. 1,155,000",Ratnapura,2025,"3,550 km",Yamaha,FZ-S,,,150,Registered (Used),"2026 May 09, 12:29 pm",[],Kick / Electric
https://riyasewana.com/buy/toyota-prius-3rd-sale-colombo-11608379,Toyota Prius 3rd Generation 2011 Car (Used),"Rs. 8,800,000",Colombo,2011,"243,000 km",Toyota,Prius 3rd Generation,Automatic,Hybrid,1790,Registered (Used),"2026 May 09, 12:27 pm","['AIR CONDITION', 'POWER STEERING', 'POWER MIRROR', 'POWER WINDOW']",
https://riyasewana.com/buy/nissan-lucino-fb14-sale-malabe-11608375,Nissan Lucino FB14 1995 Car (Used),"Rs. 2,595,000",Malabe,1995,"274,015 km",Nissan,Lucino FB14,Automatic,Petrol,1500,Registered (Used),"2026 May 09, 12:27 pm",[],
https://riyasewana.com/buy/bajaj-re-2-sale-ja-ela-11608366,Bajaj RE 2 Stroke 2004 Three Wheel (Used),"Rs. 730,000",Ja-Ela,2004,0 km,Bajaj,RE 2 Stroke,Manual,Petrol,125,Registered (Used),"2026 May 09, 12:25 pm",[],
https://riyasewana.com/buy/toyota-prius-s-sale-katunayake-11608365,Toyota Prius S Touring 2013 Car (Used),"Rs. 11,200,000",Katunayake,2013,"240,000 km",Toyota,Prius S Touring,Automatic,Hybrid,1800,Registered (Used),"2026 May 09, 12:25 pm","['AIR CONDITION', 'POWER STEERING', 'POWER MIRROR', 'POWER WINDOW']",
https://riyasewana.com/buy/suzuki-swift-sale-pannipitiya-11608364,Suzuki Swift 2004 Car (Used),"Rs. 4,150,000",Pannipitiya,2004,"110,500 km",Suzuki,Swift,Automatic,Petrol,1320,Registered (Used),"2026 May 09, 12:25 pm",[],
https://riyasewana.com/buy/toyota-corolla-121-sale-nugegoda-11608360,Toyota Corolla 121 2002 Car (Used),"Rs. 5,975,000",Nugegoda,2002,0 km,Toyota,Corolla 121,Automatic,Petrol,1500,Registered (Used),"2026 May 09, 12:24 pm","['AIR CONDITION', 'POWER STEERING', 'POWER MIRROR', 'POWER WINDOW']",
https://riyasewana.com/buy/daihatsu-mira-esxsafety-sale-matara-11608359,Daihatsu Mira ESXSafety 2024 Car Unregistered (Recondition),"Rs. 6,825,000",Matara,2024,"4,200 km",Daihatsu,Mira ESXSafety,Automatic,Petrol,660,Unregistered (Recondition),"2026 May 09, 12:24 pm","['AIR CONDITION', 'POWER STEERING', 'POWER MIRROR', 'POWER WINDOW']",
https://riyasewana.com/buy/mitsubishi-galant-sale-kalutara-11608354,Mitsubishi Galant 2000 Car (Used),"Rs. 3,200,000",Kalutara,2000,0 km,Mitsubishi,Galant,Automatic,Petrol,-,Registered (Used),"2026 May 09, 12:22 pm","['AIR CONDITION', 'POWER STEERING', 'POWER MIRROR', 'POWER WINDOW']",
https://riyasewana.com/buy/datsun-redi-go-sale-kesbewa-11608347,Datsun Redi-GO 2017 Car (Used),"Rs. 3,175,000",Kesbewa,2017,"72,000 km",Datsun,Redi-GO,Manual,Petrol,800,Registered (Used),"2026 May 09, 12:21 pm","['AIR CONDITION', 'POWER STEERING', 'POWER MIRROR', 'POWER WINDOW']",
https://riyasewana.com/buy/honda-pcx-160-sale-nittambuwa-11608337,Honda Pcx 160 2025 Motorbike (Used),Negotiable,Nittambuwa,2025,1 km,Honda,Pcx 160,,,160,Registered (Used),"2026 May 09, 12:19 pm",[],Electric
https://riyasewana.com/buy/perodua-viva-elite-sale-kottawa-11608334,Perodua Viva Elite 2010 Car (Used),"Rs. 3,925,000",Kottawa,2010,"180,000 km",Perodua,Viva Elite,Manual,Petrol,850,Registered (Used),"2026 May 09, 12:18 pm","['AIR CONDITION', 'POWER STEERING', 'POWER WINDOW']",
https://riyasewana.com/buy/bajaj-re-4-sale-trincomalee-11608333,Bajaj RE 4 Stroke 2010 Three Wheel (Used),"Rs. 1,250,000",Trincomalee,2010,"60,052 km",Bajaj,RE 4 Stroke,Manual,Petrol,205,Registered (Used),"2026 May 09, 12:18 pm",['POWER WINDOW'],
https://riyasewana.com/buy/isuzu-freezer-sale-horana-11608332,Isuzu Freezer 2007 Lorry (Used),Negotiable,Horana,2007,-,Isuzu,Freezer,Manual,Diesel,2990,Registered (Used),"2026 May 09, 12:18 pm","['AIR CONDITION', 'POWER STEERING', 'POWER MIRROR', 'POWER WINDOW']",
https://riyasewana.com/buy/toyota-kdh-sale-anuradapura-11608331,Toyota KDH 2015 Van (Used),Negotiable,Anuradapura,2015,"140,000 km",Toyota,KDH,Automatic,Diesel,3000,Registered (Used),"2026 May 09, 12:18 pm","['AIR CONDITION', 'POWER STEERING', 'POWER MIRROR', 'POWER WINDOW']",
https://riyasewana.com/buy/tata-nano-sale-minuwangoda-11608330,Tata Nano 2015 Car (Used),"Rs. 1,750,000",Minuwangoda,2015,"55,000 km",Tata,Nano,Manual,Petrol,660,Registered (Used),"2026 May 09, 12:18 pm","['AIR CONDITION', 'POWER STEERING', 'POWER MIRROR']",
https://riyasewana.com/buy/bajaj-pulsar-135-sale-panadura-11605656,Bajaj Pulsar 135 2015 Motorbike (Used),"Rs. 335,000",Panadura,2015,-,Bajaj,Pulsar 135,,,135,Registered (Used),"2026 May 09, 12:16 pm",[],Kick / Electric
https://riyasewana.com/buy/toyota-chr-sale-avissawella-11608326,Toyota CHR 2019 SUV (Used),"Rs. 13,940,000",Avissawella,2019,"83,000 km",Toyota,CHR,Automatic,Petrol,1190,Registered (Used),"2026 May 09, 12:16 pm","['AIR CONDITION', 'POWER STEERING', 'POWER MIRROR', 'POWER WINDOW']",
https://riyasewana.com/buy/bajaj-pulsar-150-sale-galle-11608324,Bajaj Pulsar 150 2017 Motorbike (Used),"Rs. 595,000",Galle,2017,"39,500 km",Bajaj,Pulsar 150,,,150,Registered (Used),"2026 May 09, 12:16 pm",[],Kick / Electric
https://riyasewana.com/buy/bajaj-caliber-sale-avissawella-11608320,Bajaj Caliber 2003 Motorbike (Used),"Rs. 158,000",Avissawella,2003,0 km,Bajaj,Caliber,,,115,Registered (Used),"2026 May 09, 12:15 pm",[],Electric
https://riyasewana.com/buy/toyota-vitz-sale-malabe-11608316,Toyota Vitz 2007 Car (Used),Negotiable,Malabe,2007,"126,700 km",Toyota,Vitz,Automatic,Petrol,998,Registered (Used),"2026 May 09, 12:15 pm","['AIR CONDITION', 'POWER STEERING', 'POWER WINDOW']",
https://riyasewana.com/buy/bajaj-discover-135-sale-anuradapura-11608317,Bajaj Discover 135 2009 Motorbike (Used),"Rs. 255,000",Anuradapura,2009,"45,000 km",Bajaj,Discover 135,,,135,Registered (Used),"2026 May 09, 12:15 pm",[],Kick / Electric
https://riyasewana.com/buy/suzuki-wagon-r-sale-kelaniya-11608302,Suzuki Wagon R FX 2025 Car Unregistered (Recondition),"Rs. 7,850,000",Kelaniya,2025,"12,000 km",Suzuki,Wagon R FX,Automatic,Petrol,650,Unregistered (Recondition),"2026 May 09, 12:13 pm","['AIR CONDITION', 'POWER STEERING', 'POWER WINDOW']",
https://riyasewana.com/buy/kia-sportage-sale-boralesgamuwa-11608301,Kia Sportage 2012 SUV (Used),"Rs. 9,300,000",Boralesgamuwa,2012,"132,000 km",Kia,Sportage,Automatic,Diesel,2000,Registered (Used),"2026 May 09, 12:13 pm","['AIR CONDITION', 'POWER STEERING', 'POWER WINDOW']",
https://riyasewana.com/buy/mitsubishi-4dr5-sale-matara-11608300,Mitsubishi 4DR5 1980 SUV (Used),"Rs. 5,200,000",Matara,1980,-,Mitsubishi,4DR5,Manual,Diesel,2659,Antique,"2026 May 09, 12:13 pm","['AIR CONDITION', 'POWER STEERING']",
https://riyasewana.com/buy/toyota-shell-sale-kurunegala-11608299,Toyota Shell 1987 Van (Used),"Rs. 3,675,000",Kurunegala,1987,1 km,Toyota,Shell,Manual,Diesel,-,Registered (Used),"2026 May 09, 12:12 pm",[],
https://riyasewana.com/buy/toyota-vitz-sale-malabe-11608297,Toyota Vitz 2015 Car (Used),Negotiable,Malabe,2015,"88,200 km",Toyota,Vitz,Automatic,Petrol,998,Registered (Used),"2026 May 09, 12:12 pm","['AIR CONDITION', 'POWER STEERING', 'POWER MIRROR', 'POWER WINDOW']",
https://riyasewana.com/buy/suzuki-swift-beetle-sale-gampaha-11608294,Suzuki Swift Beetle 2004 Car (Used),"Rs. 5,350,000",Gampaha,2004,"81,000 km",Suzuki,Swift Beetle,Automatic,Petrol,1300,Registered (Used),"2026 May 09, 12:11 pm","['AIR CONDITION', 'POWER STEERING', 'POWER MIRROR', 'POWER WINDOW']",
https://riyasewana.com/buy/nissan-n16-sale-ragama-11608295,Nissan N16 2000 Car (Used),"Rs. 4,900,000",Ragama,2000,"158,000 km",Nissan,N16,Automatic,Petrol,2000,Registered (Used),"2026 May 09, 12:11 pm","['AIR CONDITION', 'POWER STEERING', 'POWER MIRROR', 'POWER WINDOW']",
https://riyasewana.com/buy/mitsubishi-lancer-sale-colombo-11608293,Mitsubishi Lancer 1977 Car (Used),"Rs. 425,000",Colombo,1977,"225,000 km",Mitsubishi,Lancer,Manual,Petrol,1400,Registered (Used),"2026 May 09, 12:11 pm",[],
https://riyasewana.com/buy/micro-zhongtong-sale-colombo-11608292,Micro Zhongtong 2015 Bus (Used),"Rs. 17,000,000",Colombo,2015,"220,000 km",Micro,Zhongtong,Manual,Diesel,6500,Registered (Used),"2026 May 09, 12:11 pm","['AIR CONDITION', 'POWER STEERING', 'POWER MIRROR']",
https://riyasewana.com/buy/hyundai-h100-sale-colombo-11608290,Hyundai H100 2000 Van (Used),"Rs. 4,800,000",Colombo,2000,"150,000 km",Hyundai,H100,Manual,Diesel,2400,Registered (Used),"2026 May 09, 12:11 pm","['AIR CONDITION', 'POWER STEERING', 'POWER WINDOW']",
https://riyasewana.com/buy/audi-q5-sale-gampaha-11608289,Audi Q5 2015 SUV (Used),Negotiable,Gampaha,2015,"184,000 km",Audi,Q5,Automatic,Petrol,2000,Registered (Used),"2026 May 09, 12:11 pm","['AIR CONDITION', 'POWER STEERING', 'POWER MIRROR', 'POWER WINDOW']",
https://riyasewana.com/buy/nissan-caravan-sale-boralesgamuwa-11608285,Nissan Caravan 2006 Van (Used),"Rs. 8,650,000",Boralesgamuwa,2006,"210,000 km",Nissan,Caravan,Automatic,Diesel,3000,Registered (Used),"2026 May 09, 12:10 pm","['AIR CONDITION', 'POWER STEERING', 'POWER WINDOW']",
https://riyasewana.com/buy/hero-pleasure-sale-gampaha-11608283,Hero Pleasure 2009 Motorbike (Used),"Rs. 180,000",Gampaha,2009,"65,000 km",Hero,Pleasure,,,100,Registered (Used),"2026 May 09, 12:09 pm",[],Kick / Electric
https://riyasewana.com/buy/toyota-vitz-safety-sale-malabe-11608276,Toyota Vitz Safety 2017 Car (Used),Negotiable,Malabe,2017,"98,000 km",Toyota,Vitz Safety,Automatic,Petrol,1000,Registered (Used),"2026 May 09, 12:08 pm","['AIR CONDITION', 'POWER STEERING', 'POWER MIRROR', 'POWER WINDOW']",
https://riyasewana.com/buy/honda-accord-sale-wennappuwa-11608274,Honda Accord 1994 Car (Used),"Rs. 3,000,000",Wennappuwa,1994,"200,000 km",Honda,Accord,Automatic,Petrol,2000,Registered (Used),"2026 May 09, 12:08 pm","['AIR CONDITION', 'POWER STEERING', 'POWER MIRROR', 'POWER WINDOW']",
https://riyasewana.com/buy/toyota-kdh-200-sale-puttalam-11608271,Toyota KDH 200 Super GL 2006 Van (Used),Negotiable,Puttalam,2006,"190,000 km",Toyota,KDH 200 Super GL,Automatic,Diesel,2500,Registered (Used),"2026 May 09, 12:08 pm","['AIR CONDITION', 'POWER STEERING', 'POWER MIRROR', 'POWER WINDOW']",
https://riyasewana.com/buy/bmw-218i-sale-colombo-11608270,BMW 218i 2017 SUV (Used),"Rs. 14,500,000",Colombo,2017,"75,000 km",BMW,218i,Automatic,Petrol,1500,Registered (Used),"2026 May 09, 12:08 pm","['AIR CONDITION', 'POWER STEERING', 'POWER MIRROR', 'POWER WINDOW']",
https://riyasewana.com/buy/toyota-tercel-sale-matara-11608267,Toyota Tercel 1992 Car (Used),"Rs. 1,550",Matara,1992,"12,345 km",Toyota,Tercel,Manual,Diesel,1450,Registered (Used),"2026 May 09, 12:07 pm","['AIR CONDITION', 'POWER STEERING']",
https://riyasewana.com/buy/suzuki-wagon-r-sale-malabe-11608266,Suzuki Wagon R Stingray 2014 Car (Used),"Rs. 5,990,000",Malabe,2014,"116,000 km",Suzuki,Wagon R Stingray,Automatic,Hybrid,650,Registered (Used),"2026 May 09, 12:07 pm","['AIR CONDITION', 'POWER STEERING', 'POWER MIRROR', 'POWER WINDOW']",
https://riyasewana.com/buy/toyota-corolla-dx-sale-kurunegala-11608264,Toyota Corolla DX 1996 Car (Used),"Rs. 2,450,000",Kurunegala,1996,"365,000 km",Toyota,Corolla DX,Automatic,Diesel,1974,Registered (Used),"2026 May 09, 12:07 pm","['AIR CONDITION', 'POWER STEERING']",
https://riyasewana.com/buy/yamaha-ray-zr-sale-kandy-11608258,Yamaha Ray ZR 2026 Motorbike Brand New,"Rs. 854,900",Kandy,2026,0 km,Yamaha,Ray ZR,,,125,Brand New,"2026 May 09, 12:06 pm",[],Kick / Electric
https://riyasewana.com/buy/tata-dimo-batta-sale-kurunegala-11608255,Tata Dimo Batta 2006 Lorry (Used),"Rs. 1,090,000",Kurunegala,2006,"65,200 km",Tata,Dimo Batta,Manual,Diesel,800,Registered (Used),"2026 May 09, 12:06 pm",[],
https://riyasewana.com/buy/toyota-axio-sale-kandy-11608246,Toyota Axio 2017 Car (Used),"Rs. 11,550,000",Kandy,2017,"97,000 km",Toyota,Axio,Automatic,Hybrid,-,Registered (Used),"2026 May 09, 12:05 pm",['AIR CONDITION'],
https://riyasewana.com/buy/tata-super-ace-sale-malabe-11608243,Tata Super Ace Dimo Lokka 2015 Lorry (Used),"Rs. 3,250,000",Malabe,2015,"137,678 km",Tata,Super Ace Dimo Lokka,Manual,Diesel,1400,Registered (Used),"2026 May 09, 12:05 pm","['AIR CONDITION', 'POWER STEERING', 'POWER WINDOW']",
https://riyasewana.com/buy/isuzu-elf-sale-horana-11608242,Isuzu ELF 2006 Lorry (Used),Negotiable,Horana,2006,-,Isuzu,ELF,Manual,Diesel,-,Registered (Used),"2026 May 09, 12:05 pm","['AIR CONDITION', 'POWER STEERING', 'POWER MIRROR', 'POWER WINDOW']",
https://riyasewana.com/buy/bajaj-ct-100-sale-puttalam-11608233,Bajaj CT-100 2006 Motorbike (Used),"Rs. 210,000",Puttalam,2006,"11,111 km",Bajaj,CT-100,,,100,Registered (Used),"2026 May 09, 12:04 pm",[],Kick
https://riyasewana.com/buy/bajaj-pulsar-sale-piliyandala-11608232,Bajaj Pulsar 2025 Motorbike (Used),"Rs. 370,000",Piliyandala,2025,"14,000 km",Bajaj,Pulsar,,,164,Registered (Used),"2026 May 09, 12:03 pm",[],Kick / Electric
https://riyasewana.com/buy/nissan-march-ak12-sale-wennappuwa-11608231,Nissan March AK12 2007 Car (Used),"Rs. 4,400,000",Wennappuwa,2007,163 km,Nissan,March AK12,Automatic,Petrol,1300,Registered (Used),"2026 May 09, 12:03 pm","['AIR CONDITION', 'POWER STEERING', 'POWER MIRROR', 'POWER WINDOW']",
https://riyasewana.com/buy/hero-dash-sale-mawanella-11608226,Hero Dash 2015 Motorbike (Used),"Rs. 220,000",Mawanella,2015,"45,000 km",Hero,Dash,,,110,Registered (Used),"2026 May 09, 12:03 pm",[],Kick / Electric
https://riyasewana.com/buy/yamaha-fz-version-sale-matale-11608220,Yamaha Fz Version 2.0 2017 Motorbike (Used),"Rs. 430,000",Matale,2017,"50,000 km",Yamaha,Fz Version 2.0,,,150,Registered (Used),"2026 May 09, 12:02 pm",[],Kick / Electric
https://riyasewana.com/buy/mitsubishi-pajero-sale-avissawella-11608219,Mitsubishi Pajero 1988 SUV (Used),"Rs. 7,100,000",Avissawella,1988,"300,000 km",Mitsubishi,Pajero,Manual,Diesel,2500,Registered (Used),"2026 May 09, 12:01 pm","['POWER STEERING', 'POWER WINDOW']",
https://riyasewana.com/buy/datsun-sunny-b310-sale-kottawa-11608214,Datsun Sunny B310 1978 Car (Used),"Rs. 450,000",Kottawa,1978,"100,000 km",Datsun,Sunny B310,Manual,Petrol,1100,Registered (Used),"2026 May 09, 12:00 pm",[],
https://riyasewana.com/buy/bajaj-chetak-sale-gampaha-11608212,Bajaj Chetak 1980 Motorbike (Used),"Rs. 450,000",Gampaha,1980,"98,000 km",Bajaj,Chetak,,,150,Registered (Used),"2026 May 09, 12:00 pm",[],Kick
https://riyasewana.com/buy/toyota-hilux-sale-homagama-11608207,Toyota Hilux 2009 Pickup (Used),"Rs. 9,600,000",Homagama,2009,"189,000 km",Toyota,Hilux,Automatic,Diesel,2500,Registered (Used),"2026 May 09, 11:59 am","['AIR CONDITION', 'POWER STEERING', 'POWER MIRROR', 'POWER WINDOW']",
https://riyasewana.com/buy/bajaj-platina-sale-ambalangoda-11608206,Bajaj Platina 2015 Motorbike (Used),"Rs. 345,000",Ambalangoda,2015,"33,000 km",Bajaj,Platina,,,100,Registered (Used),"2026 May 09, 11:59 am",[],Kick / Electric
https://riyasewana.com/buy/tvs-ntorq-sale-kadawatha-11608204,TVS Ntorq 2018 Motorbike (Used),"Rs. 500,000",Kadawatha,2018,"35,000 km",TVS,Ntorq,,,125,Registered (Used),"2026 May 09, 11:59 am",[],Kick / Electric
https://riyasewana.com/buy/tata-dimo-batta-sale-kurunegala-11608201,Tata Dimo Batta HT 2 Limited Edition 2016 Lorry (Used),"Rs. 2,700,000",Kurunegala,2016,"78,350 km",Tata,Dimo Batta HT 2 Limited Edition,Manual,Diesel,702,Registered (Used),"2026 May 09, 11:59 am",[],
https://riyasewana.com/buy/hyundai-santa-fe-sale-kiribathgoda-11608198,Hyundai Santa Fe 2006 SUV (Used),"Rs. 5,995,000",Kiribathgoda,2006,"230,000 km",Hyundai,Santa Fe,Automatic,Diesel,2200,Registered (Used),"2026 May 09, 11:59 am","['AIR CONDITION', 'POWER STEERING', 'POWER MIRROR', 'POWER WINDOW']",
https://riyasewana.com/buy/piaggio-ape-sale-kuliyapitiya-11608192,Piaggio Ape 2002 Three Wheel (Used),"Rs. 700,000",Kuliyapitiya,2002,"60,000 km",Piaggio,Ape,Manual,Diesel,-,Registered (Used),"2026 May 09, 11:58 am",[],
https://riyasewana.com/buy/bmw-x1-sale-colombo-11608191,BMW X1 2017 SUV (Used),"Rs. 15,500,000",Colombo,2017,"69,000 km",BMW,X1,Automatic,Petrol,1500,Registered (Used),"2026 May 09, 11:58 am","['AIR CONDITION', 'POWER STEERING', 'POWER MIRROR', 'POWER WINDOW']",
https://riyasewana.com/buy/tvs-wego-sale-nittambuwa-11608182,TVS Wego 2016 Motorbike (Used),"Rs. 375,000",Nittambuwa,2016,-,TVS,Wego,,,110,Registered (Used),"2026 May 09, 11:57 am",[],Kick / Electric
https://riyasewana.com/buy/bajaj-discover-sale-panadura-11608170,Bajaj Discover 2010 Motorbike (Used),"Rs. 295,000",Panadura,2010,"141,000 km",Bajaj,Discover,,,100,Registered (Used),"2026 May 09, 11:56 am",[],Kick / Electric
https://riyasewana.com/buy/honda-dio-sale-negombo-11608160,Honda Dio 2015 Motorbike (Used),"Rs. 430,000",Negombo,2015,"25,000 km",Honda,Dio,,,110,Registered (Used),"2026 May 09, 11:55 am",[],Kick / Electric
https://riyasewana.com/buy/nissan-nv200-sale-ja-ela-11608151,Nissan NV200 2013 Van (Used),"Rs. 9,500,000",Ja-Ela,2013,"109,374 km",Nissan,NV200,Automatic,Petrol,1590,Registered (Used),"2026 May 09, 11:54 am",[],
https://riyasewana.com/buy/daihatsu-hijet-sale-colombo-11608144,Daihatsu Hijet 2007 Lorry (Used),Negotiable,Colombo,2007,"170,000 km",Daihatsu,Hijet,Manual,Petrol,650,Registered (Used),"2026 May 09, 11:53 am","['AIR CONDITION', 'POWER STEERING']",
https://riyasewana.com/buy/mg-zs-sale-gampaha-11608136,MG ZS 2018 SUV (Used),Negotiable,Gampaha,2018,"95,000 km",MG,ZS,Automatic,Petrol,1000,Registered (Used),"2026 May 09, 11:52 am","['AIR CONDITION', 'POWER STEERING', 'POWER MIRROR', 'POWER WINDOW']",
https://riyasewana.com/buy/mitsubishi-l200-sportero-sale-pannipitiya-11608130,Mitsubishi L200 Sportero 2016 Pickup (Used),"Rs. 12,350,000",Pannipitiya,2016,"143,345 km",Mitsubishi,L200 Sportero,Manual,Diesel,2500,Registered (Used),"2026 May 09, 11:52 am","['AIR CONDITION', 'POWER STEERING', 'POWER MIRROR', 'POWER WINDOW']",
https://riyasewana.com/buy/honda-cbr-sale-kandy-11608126,Honda CBR 2010 Motorbike (Used),"Rs. 1,050,000",Kandy,2010,"350,000 km",Honda,CBR,,,250,Registered (Used),"2026 May 09, 11:51 am",[],Electric
https://riyasewana.com/buy/mitsubishi-l300-sale-ambalangoda-11608124,Mitsubishi L300 2021 Lorry (Used),"Rs. 3,850,000",Ambalangoda,2021,"241,500 km",Mitsubishi,L300,Manual,Diesel,3000,Registered (Used),"2026 May 09, 11:51 am",[],
https://riyasewana.com/buy/nissan-sunny-b11-sale-kottawa-11608123,Nissan Sunny B11 1983 Car (Used),"Rs. 590,000",Kottawa,1983,"100,000 km",Nissan,Sunny B11,Manual,Petrol,1300,Registered (Used),"2026 May 09, 11:51 am",[],
https://riyasewana.com/buy/ford-3600-sale-kurunegala-11608114,Ford 3600 1980 Tractor (Used),"Rs. 585,000",Kurunegala,1980,1 km,Ford,3600,Manual,Diesel,-,Registered (Used),"2026 May 09, 11:50 am",[],
https://riyasewana.com/buy/toyota-vitz-ksp130-sale-kurunegala-11608111,Toyota Vitz KSP130 2014 Car (Used),"Rs. 7,000,000",Kurunegala,2014,"110,000 km",Toyota,Vitz KSP130,Automatic,Petrol,660,Registered (Used),"2026 May 09, 11:50 am","['AIR CONDITION', 'POWER STEERING', 'POWER MIRROR', 'POWER WINDOW']",
https://riyasewana.com/buy/tvs-wego-sale-nittambuwa-11608110,TVS Wego 2011 Motorbike (Used),"Rs. 275,000",Nittambuwa,2011,-,TVS,Wego,,,0,Registered (Used),"2026 May 09, 11:50 am",[],Kick / Electric
https://riyasewana.com/buy/toyota-axio-g-sale-gampaha-11608108,Toyota Axio G Grade 2016 Car (Used),"Rs. 10,200,000",Gampaha,2016,"145,000 km",Toyota,Axio G Grade,Automatic,Petrol,1500,Registered (Used),"2026 May 09, 11:50 am","['AIR CONDITION', 'POWER STEERING', 'POWER MIRROR', 'POWER WINDOW']",
https://riyasewana.com/buy/isuzu-nkr-sale-pannipitiya-11608106,Isuzu NKR 1995 Lorry (Used),"Rs. 6,650,000",Pannipitiya,1995,1 km,Isuzu,NKR,Manual,Diesel,4330,Registered (Used),"2026 May 09, 11:50 am","['AIR CONDITION', 'POWER STEERING', 'POWER MIRROR', 'POWER WINDOW']",
https://riyasewana.com/buy/yamaha-fz-s-version-sale-gampaha-11608105,Yamaha FZ-S Version 2.0 2018 Motorbike (Used),"Rs. 835,000",Gampaha,2018,1 km,Yamaha,FZ-S Version 2.0,,,150,Registered (Used),"2026 May 09, 11:50 am",[],Kick / Electric
https://riyasewana.com/buy/suzuki-wagon-r-sale-colombo-11608101,Suzuki Wagon R 2017 Car (Used),"Rs. 5,800,000",Colombo,2017,"154,000 km",Suzuki,Wagon R,Automatic,Petrol,660,Registered (Used),"2026 May 09, 11:49 am","['AIR CONDITION', 'POWER STEERING', 'POWER MIRROR', 'POWER WINDOW']",
https://riyasewana.com/buy/suzuki-wagon-r-sale-malabe-11608094,Suzuki Wagon R FZ 2016 Car (Used),"Rs. 5,890,000",Malabe,2016,"122,000 km",Suzuki,Wagon R FZ,Automatic,Petrol,650,Registered (Used),"2026 May 09, 11:49 am","['AIR CONDITION', 'POWER STEERING', 'POWER MIRROR', 'POWER WINDOW']",
https://riyasewana.com/buy/toyota-noah-cr41-sale-kandy-11608093,Toyota Noah CR41 1998 Van (Used),"Rs. 5,600,000",Kandy,1998,"218,000 km",Toyota,Noah CR41,Automatic,Diesel,1970,Registered (Used),"2026 May 09, 11:49 am","['AIR CONDITION', 'POWER STEERING']",
https://riyasewana.com/buy/toyota-aqua-sale-minuwangoda-11608074,Toyota Aqua 2015 Car (Used),Negotiable,Minuwangoda,2015,"125,000 km",Toyota,Aqua,Automatic,Hybrid,1500,Registered (Used),"2026 May 09, 11:47 am","['AIR CONDITION', 'POWER STEERING', 'POWER MIRROR', 'POWER WINDOW']",
https://riyasewana.com/buy/honda-civic-eg8-sale-pannipitiya-11608073,Honda Civic EG8 1994 Car (Used),"Rs. 4,275,000",Pannipitiya,1994,"103,000 km",Honda,Civic EG8,Manual,Petrol,1500,Registered (Used),"2026 May 09, 11:47 am","['AIR CONDITION', 'POWER STEERING', 'POWER MIRROR', 'POWER WINDOW']",
https://riyasewana.com/buy/hyundai-santa-fe-sale-moratuwa-11608069,Hyundai Santa Fe 2011 SUV (Used),Negotiable,Moratuwa,2011,"117,200 km",Hyundai,Santa Fe,Manual,Petrol,2290,Registered (Used),"2026 May 09, 11:46 am","['AIR CONDITION', 'POWER STEERING', 'POWER MIRROR', 'POWER WINDOW']",
https://riyasewana.com/buy/toyota-corolla-sale-gampaha-11608067,Toyota Corolla 2023 Car (Used),Negotiable,Gampaha,2023,"4,300 km",Toyota,Corolla,Automatic,Petrol,1500,Registered (Used),"2026 May 09, 11:46 am","['AIR CONDITION', 'POWER STEERING', 'POWER MIRROR', 'POWER WINDOW']",
https://riyasewana.com/buy/suzuki-wagon-r-sale-malabe-11608066,Suzuki Wagon R FZ 2014 Car (Used),"Rs. 5,875,000",Malabe,2014,"148,000 km",Suzuki,Wagon R FZ,Automatic,Hybrid,650,Registered (Used),"2026 May 09, 11:46 am","['AIR CONDITION', 'POWER STEERING', 'POWER MIRROR', 'POWER WINDOW']",
https://riyasewana.com/buy/tvs-metro-sale-hambantota-11608064,TVS Metro 2014 Motorbike (Used),"Rs. 235,000",Hambantota,2014,"94,000 km",TVS,Metro,,,100,Registered (Used),"2026 May 09, 11:46 am",[],Kick / Electric
https://riyasewana.com/buy/toyota-vitz-safety-sale-matara-11608056,Toyota Vitz Safety Edition 2017 Car (Used),"Rs. 7,750,000",Matara,2017,"82,000 km",Toyota,Vitz Safety Edition,Automatic,Petrol,1000,Registered (Used),"2026 May 09, 11:45 am","['AIR CONDITION', 'POWER STEERING', 'POWER MIRROR', 'POWER WINDOW']",
https://riyasewana.com/buy/suzuki-wagon-r-sale-malabe-11608053,Suzuki Wagon R 2019 Car (Used),"Rs. 5,990,000",Malabe,2019,"61,999 km",Suzuki,Wagon R,Automatic,Petrol,998,Registered (Used),"2026 May 09, 11:45 am","['AIR CONDITION', 'POWER STEERING', 'POWER MIRROR', 'POWER WINDOW']",
https://riyasewana.com/buy/toyota-sprinter-sale-kalutara-11608046,Toyota Sprinter 1997 Car (Used),"Rs. 3,275,000",Kalutara,1997,"160,000 km",Toyota,Sprinter,Automatic,Petrol,1330,Registered (Used),"2026 May 09, 11:43 am","['AIR CONDITION', 'POWER STEERING']",
https://riyasewana.com/buy/toyota-corolla-sale-gampaha-11608044,Toyota Corolla 1991 Car (Used),"Rs. 1,875,000",Gampaha,1991,"200,000 km",Toyota,Corolla,Manual,Diesel,1830,Registered (Used),"2026 May 09, 11:43 am","['AIR CONDITION', 'POWER STEERING']",
https://riyasewana.com/buy/nissan-bluebird-shylpy-sale-panadura-11608040,Nissan Bluebird Shylpy 2005 Car (Used),"Rs. 1,290,000",Panadura,2005,"214,000 km",Nissan,Bluebird Shylpy,Automatic,Petrol,1500,Registered (Used),"2026 May 09, 11:42 am","['AIR CONDITION', 'POWER STEERING', 'POWER MIRROR']",
https://riyasewana.com/buy/toyota-aqua-sale-hambantota-11608037,Toyota Aqua 2014 Car (Used),Negotiable,Hambantota,2014,"165,000 km",Toyota,Aqua,Automatic,Petrol,1500,Registered (Used),"2026 May 09, 11:41 am","['AIR CONDITION', 'POWER STEERING', 'POWER MIRROR', 'POWER WINDOW']",
https://riyasewana.com/buy/ford-laser-sale-malabe-11608036,Ford Laser 1982 Car (Used),"Rs. 795,000",Malabe,1982,-,Ford,Laser,Manual,Petrol,1500,Registered (Used),"2026 May 09, 11:41 am",[],
https://riyasewana.com/buy/honda-crv-sale-matara-11608032,Honda CRV 2018 SUV (Used),Negotiable,Matara,2018,"78,500 km",Honda,CRV,Automatic,Petrol,1500,Registered (Used),"2026 May 09, 11:41 am","['AIR CONDITION', 'POWER STEERING', 'POWER MIRROR', 'POWER WINDOW']",
https://riyasewana.com/buy/bajaj-ct-100-sale-galle-11608030,Bajaj CT-100 2022 Motorbike (Used),"Rs. 495,000",Galle,2022,"37,233 km",Bajaj,CT-100,,,100,Registered (Used),"2026 May 09, 11:41 am",[],Kick / Electric
https://riyasewana.com/buy/suzuki-wagon-r-sale-malabe-11608029,Suzuki Wagon R FX 2024 Car (Used),"Rs. 7,775,000",Malabe,2024,"1,107 km",Suzuki,Wagon R FX,Automatic,Petrol,650,Registered (Used),"2026 May 09, 11:41 am","['AIR CONDITION', 'POWER STEERING', 'POWER MIRROR', 'POWER WINDOW']",
https://riyasewana.com/buy/suzuki-wagon-r-sale-malabe-11608021,Suzuki Wagon R FX 2023 Car (Used),"Rs. 7,775,000",Malabe,2023,"3,872 km",Suzuki,Wagon R FX,Automatic,Petrol,650,Registered (Used),"2026 May 09, 11:40 am","['AIR CONDITION', 'POWER STEERING', 'POWER MIRROR', 'POWER WINDOW']",
https://riyasewana.com/buy/bmw-e34-520-sale-kurunegala-11608016,BMW E34 520 1988 Car (Used),"Rs. 3,150,000",Kurunegala,1988,"170,000 km",BMW,E34 520,Manual,Petrol,2000,Registered (Used),"2026 May 09, 11:40 am","['AIR CONDITION', 'POWER STEERING', 'POWER MIRROR', 'POWER WINDOW']",
https://riyasewana.com/buy/suzuki-maruti-800-sale-kurunegala-11608015,Suzuki Maruti 800 2011 Car (Used),"Rs. 2,425,000",Kurunegala,2011,3 km,Suzuki,Maruti 800,Manual,Petrol,-,Registered (Used),"2026 May 09, 11:39 am","['AIR CONDITION', 'POWER STEERING', 'POWER MIRROR', 'POWER WINDOW']",
https://riyasewana.com/buy/peugeot-406-sale-kurunegala-11608014,Peugeot 406 2000 Car (Used),"Rs. 3,250,000",Kurunegala,2000,"135,000 km",Peugeot,406,Automatic,Petrol,2000,Registered (Used),"2026 May 09, 11:39 am","['AIR CONDITION', 'POWER STEERING', 'POWER MIRROR', 'POWER WINDOW']",
https://riyasewana.com/buy/bajaj-discover-135-sale-kalutara-11608010,Bajaj Discover 135 2008 motorcycle (Used),"Rs. 325,000",Kalutara,2008,"45,000 km",Bajaj,Discover 135,Manual,Petrol,135,Registered (Used),"2026 May 09, 11:39 am",[],
https://riyasewana.com/buy/suzuki-wagon-r-sale-malabe-11608009,Suzuki Wagon R FZ 2014 Car (Used),Negotiable,Malabe,2014,"98,910 km",Suzuki,Wagon R FZ,Automatic,Petrol,650,Registered (Used),"2026 May 09, 11:39 am","['AIR CONDITION', 'POWER STEERING', 'POWER MIRROR', 'POWER WINDOW']",
https://riyasewana.com/buy/nissan-trad-sunny-sale-colombo-11608002,Nissan Trad Sunny 1987 Car (Used),"Rs. 1,390,000",Colombo,1987,-,Nissan,Trad Sunny,Manual,Petrol,1300,Registered (Used),"2026 May 09, 11:38 am","['AIR CONDITION', 'POWER STEERING']",
https://riyasewana.com/buy/suzuki-every-sale-matale-11608001,Suzuki Every 2005 Lorry (Used),"Rs. 1,450,000",Matale,2005,1 km,Suzuki,Every,Manual,Petrol,1000,Registered (Used),"2026 May 09, 11:38 am","['POWER STEERING', 'POWER MIRROR', 'POWER WINDOW']",
https://riyasewana.com/buy/suzuki-gs125-sale-kurunegala-11607998,Suzuki GS125 1995 Motorbike (Used),"Rs. 175,000",Kurunegala,1995,1 km,Suzuki,GS125,,,125,Registered (Used),"2026 May 09, 11:37 am",[],Electric
https://riyasewana.com/buy/toyota-dolphin-113-sale-malabe-11607993,Toyota Dolphin 113 1989 Van (Used),"Rs. 6,475,000",Malabe,1989,"286,712 km",Toyota,Dolphin 113,Manual,Diesel,2770,Registered (Used),"2026 May 09, 11:36 am",[],
https://riyasewana.com/buy/tata-nano-sale-panadura-11607992,Tata Nano 2012 Car (Used),"Rs. 1,290,000",Panadura,2012,"117,000 km",Tata,Nano,Manual,Petrol,650,Registered (Used),"2026 May 09, 11:36 am",[],
https://riyasewana.com/buy/bajaj-pulsar-180-sale-kalutara-11607989,Bajaj Pulsar 180 2006 Motorbike (Used),"Rs. 260,000",Kalutara,2006,"32,000 km",Bajaj,Pulsar 180,,,180,Registered (Used),"2026 May 09, 11:36 am",[],Kick / Electric
https://riyasewana.com/buy/bajaj-discover-sale-nuwara-eliya-11607982,Bajaj Discover 2010 Motorbike (Used),"Rs. 270,000",Nuwara-Eliya,2010,"43,000 km",Bajaj,Discover,,,150,Registered (Used),"2026 May 09, 11:36 am",[],Kick / Electric
https://riyasewana.com/buy/mitsubishi-canter-sale-kegalle-11607979,Mitsubishi Canter 2009 Lorry (Used),"Rs. 6,750,000",Kegalle,2009,"137,000 km",Mitsubishi,Canter,Manual,Diesel,5240,Registered (Used),"2026 May 09, 11:35 am","['AIR CONDITION', 'POWER STEERING', 'POWER MIRROR', 'POWER WINDOW']",
https://riyasewana.com/buy/honda-md-90-sale-ambalangoda-11607978,Honda MD 90 1998 Motorbike (Used),"Rs. 135,000",Ambalangoda,1998,-,Honda,MD 90,,,0,Registered (Used),"2026 May 09, 11:35 am",[],Kick
https://riyasewana.com/buy/bajaj-re-205-sale-bandarawela-11607972,Bajaj RE 205 2016 Three Wheel (Used),"Rs. 1,485,000",Bandarawela,2016,"69,805 km",Bajaj,RE 205,Manual,Petrol,198,Registered (Used),"2026 May 09, 11:35 am",[],
https://riyasewana.com/buy/isuzu-tipper-sale-kandy-11607971,Isuzu Tipper 1997 Lorry (Used),Negotiable,Kandy,1997,"350,000 km",Isuzu,Tipper,Manual,Diesel,4330,Registered (Used),"2026 May 09, 11:35 am","['POWER STEERING', 'POWER MIRROR']",
https://riyasewana.com/buy/yamaha-fz-version-sale-matara-11607959,Yamaha Fz Version 3.0 2019 Motorbike (Used),"Rs. 890,000",Matara,2019,"56,000 km",Yamaha,Fz Version 3.0,,,0,Registered (Used),"2026 May 09, 11:33 am",[],Electric
https://riyasewana.com/buy/nissan-vanette-sale-colombo-11607957,Nissan Vanette 1990 Van (Used),"Rs. 1,250,000",Colombo,1990,"15,000 km",Nissan,Vanette,Manual,Petrol,1500,Registered (Used),"2026 May 09, 11:33 am","['AIR CONDITION', 'POWER STEERING', 'POWER MIRROR', 'POWER WINDOW']",
https://riyasewana.com/buy/yamaha-mt-15-sale-kandy-11607955,Yamaha MT-15 2019 Motorbike (Used),"Rs. 1,180,000",Kandy,2019,"37,200 km",Yamaha,MT-15,,,155,Registered (Used),"2026 May 09, 11:32 am",[],Electric
https://riyasewana.com/buy/suzuki-every-sale-mawanella-11607952,Suzuki Every 2011 Lorry (Used),Negotiable,Mawanella,2011,"120,000 km",Suzuki,Every,Manual,Petrol,650,Registered (Used),"2026 May 09, 11:32 am","['AIR CONDITION', 'POWER STEERING']",
https://riyasewana.com/buy/bajaj-xcd-sale-kandy-11607949,Bajaj XCD 2009 Motorbike (Used),"Rs. 133,000",Kandy,2009,"52,380 km",Bajaj,XCD,,,125,Registered (Used),"2026 May 09, 11:31 am",[],Kick / Electric
https://riyasewana.com/buy/bajaj-re-sale-matale-11607948,Bajaj RE 2016 Three Wheel (Used),Negotiable,Matale,2016,"94,500 km",Bajaj,RE,Manual,Petrol,205,Registered (Used),"2026 May 09, 11:31 am",[],
https://riyasewana.com/buy/nissan-sunny-fb15-sale-matara-11607947,Nissan Sunny FB15 2003 Car (Used),"Rs. 4,550,000",Matara,2003,"220,000 km",Nissan,Sunny FB15,Automatic,Petrol,1500,Registered (Used),"2026 May 09, 11:31 am","['AIR CONDITION', 'POWER STEERING', 'POWER MIRROR', 'POWER WINDOW']",
https://riyasewana.com/buy/toyota-allion-sale-marawila-11607941,Toyota Allion 2016 Car (Used),"Rs. 13,400,000",Marawila,2016,"150,000 km",Toyota,Allion,Automatic,Petrol,1500,Registered (Used),"2026 May 09, 11:30 am","['AIR CONDITION', 'POWER MIRROR']",
https://riyasewana.com/buy/toyota-townace-sale-wennappuwa-11607940,Toyota Townace 2000 Van (Used),"Rs. 6,900,000",Wennappuwa,2000,"117,000 km",Toyota,Townace,Automatic,Petrol,1800,Registered (Used),"2026 May 09, 11:30 am",[],
https://riyasewana.com/buy/bajaj-discover-135-sale-mawanella-11607939,Bajaj Discover 135 2009 Motorbike (Used),Negotiable,Mawanella,2009,"72,000 km",Bajaj,Discover 135,,,135,Registered (Used),"2026 May 09, 11:30 am",[],Kick / Electric
https://riyasewana.com/buy/toyota-land-cruiser-sale-colombo-11607936,Toyota Land Cruiser Prado 95 1997 Pickup (Used),Negotiable,Colombo,1997,"112,000 km",Toyota,Land Cruiser Prado 95,Manual,Diesel,3000,Registered (Used),"2026 May 09, 11:29 am","['AIR CONDITION', 'POWER STEERING', 'POWER MIRROR', 'POWER WINDOW']",
https://riyasewana.com/buy/toyota-avanza-sale-malabe-11607935,Toyota Avanza 2011 Car (Used),"Rs. 6,875,000",Malabe,2011,"145,000 km",Toyota,Avanza,Manual,Petrol,1500,Registered (Used),"2026 May 09, 11:29 am","['AIR CONDITION', 'POWER STEERING', 'POWER MIRROR', 'POWER WINDOW']",
https://riyasewana.com/buy/honda-vezel-rs-sale-malabe-11607933,Honda Vezel Rs 2017 SUV (Used),"Rs. 11,450,000",Malabe,2017,"166,000 km",Honda,Vezel Rs,Automatic,Petrol,1490,Registered (Used),"2026 May 09, 11:28 am","['AIR CONDITION', 'POWER STEERING', 'POWER MIRROR', 'POWER WINDOW']",
https://riyasewana.com/buy/suzuki-wagon-r-sale-colombo-11607932,Suzuki Wagon R ZX 2026 Car Brand New,"Rs. 9,352,000",Colombo,2026,253 km,Suzuki,Wagon R ZX,Automatic,Hybrid,659,Brand New,"2026 May 09, 11:28 am","['AIR CONDITION', 'POWER STEERING', 'POWER MIRROR', 'POWER WINDOW']",
https://riyasewana.com/buy/mitsubishi-lancer-sale-hanwella-11607930,Mitsubishi Lancer 2010 Car (Used),"Rs. 6,350,000",Hanwella,2010,"260,000 km",Mitsubishi,Lancer,Automatic,Petrol,1300,Registered (Used),"2026 May 09, 11:28 am","['AIR CONDITION', 'POWER STEERING', 'POWER MIRROR', 'POWER WINDOW']",
https://riyasewana.com/buy/bajaj-pulsar-135-sale-kaduwela-11607929,Bajaj Pulsar 135 2012 Motorbike (Used),"Rs. 245,000",Kaduwela,2012,"105,679 km",Bajaj,Pulsar 135,,,135,Registered (Used),"2026 May 09, 11:28 am",[],Kick / Electric
https://riyasewana.com/buy/tata-207-sale-matara-11607928,Tata 207 2005 Pickup (Used),"Rs. 1,650,000",Matara,2005,"189,718 km",Tata,207,Manual,Diesel,3000,Registered (Used),"2026 May 09, 11:28 am",['POWER STEERING'],
https://riyasewana.com/buy/bajaj-platina-sale-gampaha-11607926,Bajaj Platina 2008 Motorbike (Used),"Rs. 220,000",Gampaha,2008,"28,960 km",Bajaj,Platina,,,100,Registered (Used),"2026 May 09, 11:28 am",[],Kick
https://riyasewana.com/buy/bajaj-pulsar-sale-gampola-11607915,Bajaj Pulsar 2011 Motorbike (Used),"Rs. 410,000",Gampola,2011,"45,000 km",Bajaj,Pulsar,,,150,Registered (Used),"2026 May 09, 11:27 am",[],Kick / Electric
https://riyasewana.com/buy/tvs-scooty-streak-sale-matara-11607912,TVS Scooty Streak 2013 Motorbike (Used),"Rs. 240,000",Matara,2013,-,TVS,Scooty Streak,,,90,Registered (Used),"2026 May 09, 11:26 am",[],Kick / Electric
https://riyasewana.com/buy/bajaj-platina-100-sale-kurunegala-11607910,Bajaj Platina 100 2009 Motorbike (Used),"Rs. 235,000",Kurunegala,2009,"74,521 km",Bajaj,Platina 100,,,100,Registered (Used),"2026 May 09, 11:26 am",[],Kick
https://riyasewana.com/buy/honda-hornet-sale-gampaha-11607907,Honda Hornet 2008 Motorbike (Used),"Rs. 1,675,000",Gampaha,2008,"235,698 km",Honda,Hornet,,,130,Registered (Used),"2026 May 09, 11:25 am",[],Kick
https://riyasewana.com/buy/suzuki-kei-sale-matara-11607905,Suzuki Kei 2003 Car (Used),Negotiable,Matara,2003,"197,009 km",Suzuki,Kei,Automatic,Petrol,2003,Registered (Used),"2026 May 09, 11:25 am","['AIR CONDITION', 'POWER STEERING']",
https://riyasewana.com/buy/toyota-roomy-sale-malabe-11607897,Toyota Roomy 2022 Car (Used),Negotiable,Malabe,2022,-,Toyota,Roomy,Automatic,Petrol,1000,Registered (Used),"2026 May 09, 11:25 am","['AIR CONDITION', 'POWER STEERING', 'POWER MIRROR', 'POWER WINDOW']",
https://riyasewana.com/buy/bajaj-re-sale-kurunegala-11607881,Bajaj RE 2013 Three Wheel (Used),"Rs. 1,485,000",Kurunegala,2013,"65,000 km",Bajaj,RE,Manual,Petrol,205,Registered (Used),"2026 May 09, 11:24 am",[],
https://riyasewana.com/buy/mazda-flair-sale-malabe-11607878,Mazda Flair 2015 Car (Used),"Rs. 5,990,000",Malabe,2015,"81,000 km",Mazda,Flair,Automatic,Petrol,650,Registered (Used),"2026 May 09, 11:23 am","['AIR CONDITION', 'POWER STEERING', 'POWER MIRROR', 'POWER WINDOW']",
https://riyasewana.com/buy/honda-pcx-sale-kandy-11607875,Honda Pcx 2025 Motorbike Brand New,"Rs. 1,895,000",Kandy,2025,1 km,Honda,Pcx,,,160,Brand New,"2026 May 09, 11:23 am",[],Kick / Electric
https://riyasewana.com/buy/mitsubishi-j36-4dr5-sale-malabe-11607871,Mitsubishi J36 4DR5 1981 SUV (Used),"Rs. 2,995,000",Malabe,1981,-,Mitsubishi,J36 4DR5,Manual,Diesel,2659,Registered (Used),"2026 May 09, 11:22 am",[],
https://riyasewana.com/buy/toyota-vios-sale-dompe-11607870,Toyota Vios 2003 Car (Used),"Rs. 5,225,000",Dompe,2003,"220,000 km",Toyota,Vios,Automatic,Petrol,1500,Registered (Used),"2026 May 09, 11:22 am","['AIR CONDITION', 'POWER STEERING', 'POWER MIRROR', 'POWER WINDOW']",
https://riyasewana.com/buy/bajaj-discover-sale-welimada-11607861,Bajaj Discover 2006 Motorbike (Used),"Rs. 245,000",Welimada,2006,"65,890 km",Bajaj,Discover,,,125,Registered (Used),"2026 May 09, 11:21 am",[],Kick / Electric
https://riyasewana.com/buy/hino-limousine-sale-malabe-11607857,HINO Limousine 2010 Bus (Used),"Rs. 17,900,000",Malabe,2010,"179,000 km",HINO,Limousine,Manual,Diesel,4720,Registered (Used),"2026 May 09, 11:20 am","['AIR CONDITION', 'POWER STEERING', 'POWER MIRROR', 'POWER WINDOW']",
https://riyasewana.com/buy/bajaj-4-stroke-sale-hanwella-11607856,Bajaj 4 Stroke 2013 Three Wheel (Used),"Rs. 1,550,000",Hanwella,2013,"39,000 km",Bajaj,4 Stroke,Manual,Petrol,-,Registered (Used),"2026 May 09, 11:20 am",[],
https://riyasewana.com/buy/suzuki-maruti-800-sale-badulla-11607851,Suzuki Maruti 800 2004 Car (Used),"Rs. 1,875,000",Badulla,2004,"21,400 km",Suzuki,Maruti 800,Manual,Petrol,800,Registered (Used),"2026 May 09, 11:19 am",['AIR CONDITION'],
https://riyasewana.com/buy/micro-kyron-sale-battaramulla-11607848,Micro Kyron 2006 SUV (Used),"Rs. 3,950,000",Battaramulla,2006,1 km,Micro,Kyron,Automatic,Diesel,2200,Registered (Used),"2026 May 09, 11:19 am","['AIR CONDITION', 'POWER STEERING', 'POWER MIRROR', 'POWER WINDOW']",
https://riyasewana.com/buy/bajaj-pulsar-150-sale-kiribathgoda-11607846,Bajaj Pulsar 150 2009 Motorbike (Used),"Rs. 380,000",Kiribathgoda,2009,"44,000 km",Bajaj,Pulsar 150,,,150,Registered (Used),"2026 May 09, 11:19 am",[],Kick / Electric
https://riyasewana.com/buy/isuzu-elf-sale-hambantota-11607844,Isuzu ELF 2002 Lorry (Used),"Rs. 8,000,000",Hambantota,2002,"11,111 km",Isuzu,ELF,Manual,Diesel,4570,Registered (Used),"2026 May 09, 11:19 am","['AIR CONDITION', 'POWER STEERING', 'POWER MIRROR', 'POWER WINDOW']",
https://riyasewana.com/buy/bajaj-discover-sale-mirigama-11607842,Bajaj Discover 2010 Motorbike (Used),Negotiable,Mirigama,2010,"12,345 km",Bajaj,Discover,,,135,Registered (Used),"2026 May 09, 11:19 am",[],Kick / Electric
https://riyasewana.com/buy/daihatsu-hijet-sale-embilipitiya-11607839,Daihatsu Hijet 2001 Lorry (Used),"Rs. 2,000,000",Embilipitiya,2001,"12,345 km",Daihatsu,Hijet,Manual,Petrol,660,Registered (Used),"2026 May 09, 11:18 am","['AIR CONDITION', 'POWER STEERING']",
https://riyasewana.com/buy/bajaj-2-stroke-sale-kadawatha-11607832,Bajaj 2 Stroke 2006 Three Wheel (Used),Negotiable,Kadawatha,2006,"31,000 km",Bajaj,2 Stroke,Manual,Petrol,150,Registered (Used),"2026 May 09, 11:17 am",[],
https://riyasewana.com/buy/honda-civic-fd3-sale-malabe-11607824,Honda Civic FD3 2010 Car (Used),Negotiable,Malabe,2010,"219,355 km",Honda,Civic FD3,Automatic,Hybrid,1330,Registered (Used),"2026 May 09, 11:16 am","['AIR CONDITION', 'POWER STEERING', 'POWER MIRROR', 'POWER WINDOW']",
https://riyasewana.com/buy/bajaj-pulsar-150-sale-elpitiya-11606732,Bajaj Pulsar 150 2014 Motorbike (Used),Negotiable,Elpitiya,2014,"52,000 km",Bajaj,Pulsar 150,,,Manual,Registered (Used),"2026 May 09, 11:16 am",[],Petrol
https://riyasewana.com/buy/mahindra-kuv-100-sale-anuradapura-11607816,Mahindra KUV 100 2021 SUV (Used),"Rs. 5,450,000",Anuradapura,2021,"76,000 km",Mahindra,KUV 100,Manual,Petrol,1200,Registered (Used),"2026 May 09, 11:15 am","['AIR CONDITION', 'POWER STEERING', 'POWER MIRROR', 'POWER WINDOW']",
https://riyasewana.com/buy/bajaj-re-2-sale-moratuwa-11607813,Bajaj RE 2 Stroke 2006 Three Wheel (Used),"Rs. 920,000",Moratuwa,2006,1 km,Bajaj,RE 2 Stroke,Manual,Petrol,1,Registered (Used),"2026 May 09, 11:15 am",[],
https://riyasewana.com/buy/tvs-apache-sale-gampaha-11607809,TVS Apache 2015 Motorbike (Used),"Rs. 380,000",Gampaha,2015,"82,000 km",TVS,Apache,,,150,Registered (Used),"2026 May 09, 11:14 am",[],Kick / Electric
https://riyasewana.com/buy/toyota-harrier-sale-matale-11607798,Toyota Harrier 2008 SUV (Used),"Rs. 9,500,000",Matale,2008,"153,000 km",Toyota,Harrier,Automatic,Petrol,2400,Registered (Used),"2026 May 09, 11:13 am","['AIR CONDITION', 'POWER STEERING', 'POWER MIRROR', 'POWER WINDOW']",
https://riyasewana.com/buy/toyota-dyna-15b-sale-kegalle-11607795,Toyota Dyna 15B 2004 Lorry (Used),"Rs. 4,500,000",Kegalle,2004,"12,345 km",Toyota,Dyna 15B,Manual,Diesel,4100,Registered (Used),"2026 May 09, 11:13 am","['POWER STEERING', 'POWER WINDOW']",
https://riyasewana.com/buy/ashok-leyland-chithal-sale-ambalangoda-11607794,Ashok-Leyland Chithal 1992 Bus (Used),Negotiable,Ambalangoda,1992,"155,555 km",Ashok-Leyland,Chithal,Manual,Diesel,4000,Registered (Used),"2026 May 09, 11:13 am","['POWER STEERING', 'POWER MIRROR']",
https://riyasewana.com/buy/mitsubishi-eclipse-cross-sale-kadawatha-11607792,Mitsubishi Eclipse Cross 2018 SUV (Used),"Rs. 11,900,000",Kadawatha,2018,"140,000 km",Mitsubishi,Eclipse Cross,Automatic,Petrol,1500,Registered (Used),"2026 May 09, 11:13 am","['AIR CONDITION', 'POWER STEERING', 'POWER MIRROR', 'POWER WINDOW']",
https://riyasewana.com/buy/jac-jac-sale-gampaha-11607786,JAC JAC 2007 Lorry (Used),"Rs. 1,750,000",Gampaha,2007,0 km,JAC,JAC,Manual,Diesel,3160,Registered (Used),"2026 May 09, 11:13 am",[],
https://riyasewana.com/buy/tata-909-sale-kadawatha-11607783,Tata 909 1987 Lorry (Used),Negotiable,Kadawatha,1987,"64,000 km",Tata,909,Manual,Diesel,4788,Registered (Used),"2026 May 09, 11:12 am",[],
https://riyasewana.com/buy/tata-marcopolo-sale-dambulla-11605572,Tata Marcopolo 2015 Bus (Used),Negotiable,Dambulla,2015,"83,000 km",Tata,Marcopolo,Manual,Diesel,-,Registered (Used),"2026 May 09, 11:12 am",[],
https://riyasewana.com/buy/jcb-project-12-sale-galle-11607777,JCB Project 12 1998 Heavy-Duty (Used),"Rs. 7,750,000",Galle,1998,"5,485 km",JCB,Project 12,Manual,Diesel,3900,Registered (Used),"2026 May 09, 11:12 am",[],
https://riyasewana.com/buy/nissan-sylphy-n17-sale-malabe-11607776,Nissan Sylphy N17 2004 Car (Used),Negotiable,Malabe,2004,"303,500 km",Nissan,Sylphy N17,Manual,Petrol,1500,Registered (Used),"2026 May 09, 11:12 am","['AIR CONDITION', 'POWER STEERING', 'POWER MIRROR', 'POWER WINDOW']",
https://riyasewana.com/buy/hero-dash-sale-kandy-11607771,Hero Dash 2016 Motorbike (Used),"Rs. 255,000",Kandy,2016,"47,500 km",Hero,Dash,,,110,Registered (Used),"2026 May 09, 11:12 am",[],Kick / Electric
https://riyasewana.com/buy/bajaj-re-sale-colombo-11607768,Bajaj RE 2006 Three Wheel (Used),"Rs. 1,050,000",Colombo,2006,"75,000 km",Bajaj,RE,Manual,Petrol,-,Registered (Used),"2026 May 09, 11:12 am",[],
https://riyasewana.com/buy/suzuki-every-pc-sale-colombo-11607766,Suzuki Every PC Limited 2024 Van Unregistered (Recondition),"Rs. 7,950,000",Colombo,2024,"6,000 km",Suzuki,Every PC Limited,Automatic,Petrol,650,Unregistered (Recondition),"2026 May 09, 11:11 am","['AIR CONDITION', 'POWER STEERING', 'POWER MIRROR', 'POWER WINDOW']",
https://riyasewana.com/buy/bajaj-pulsar-135-sale-gampaha-11607764,Bajaj Pulsar 135 2010 Motorbike (Used),Negotiable,Gampaha,2010,"80,250 km",Bajaj,Pulsar 135,,,135,Registered (Used),"2026 May 09, 11:11 am",[],Kick / Electric
https://riyasewana.com/buy/suzuki-gn125-sale-kurunegala-11607755,Suzuki GN125 2007 Motorbike (Used),"Rs. 450,000",Kurunegala,2007,"350,000 km",Suzuki,GN125,,,125,Registered (Used),"2026 May 09, 11:10 am",[],Electric
https://riyasewana.com/buy/toyota-vitz-sale-kelaniya-11607753,Toyota Vitz 2007 Car (Used),"Rs. 5,350,000",Kelaniya,2007,"146,000 km",Toyota,Vitz,Automatic,Petrol,1000,Registered (Used),"2026 May 09, 11:10 am","['AIR CONDITION', 'POWER MIRROR', 'POWER WINDOW']",
https://riyasewana.com/buy/honda-fit-shuttle-sale-kurunegala-11607745,Honda Fit Shuttle 2012 Car (Used),"Rs. 7,850,000",Kurunegala,2012,"199,000 km",Honda,Fit Shuttle,Automatic,Hybrid,1330,Registered (Used),"2026 May 09, 11:09 am","['AIR CONDITION', 'POWER STEERING', 'POWER MIRROR', 'POWER WINDOW']",
https://riyasewana.com/buy/mercedes-benz-c180-sale-kadawatha-11607740,Mercedes-Benz C180 2018 Car (Used),"Rs. 17,800,000",Kadawatha,2018,"20,000 km",Mercedes-Benz,C180,Automatic,Petrol,1500,Registered (Used),"2026 May 09, 11:09 am","['AIR CONDITION', 'POWER STEERING', 'POWER MIRROR', 'POWER WINDOW']",
https://riyasewana.com/buy/toyota-hilux-gr-sale-maharagama-11607736,Toyota Hilux Gr Sports 2025 Pickup (Used),"Rs. 28,500,000",Maharagama,2025,"9,000 km",Toyota,Hilux Gr Sports,Automatic,Diesel,2800,Registered (Used),"2026 May 09, 11:09 am","['AIR CONDITION', 'POWER STEERING', 'POWER MIRROR', 'POWER WINDOW']",
https://riyasewana.com/buy/nissan-x-trail-sale-ragama-11607729,Nissan X-Trail 2016 SUV (Used),"Rs. 9,650,000",Ragama,2016,"204,000 km",Nissan,X-Trail,Automatic,Hybrid,2000,Registered (Used),"2026 May 09, 11:08 am","['AIR CONDITION', 'POWER STEERING', 'POWER MIRROR', 'POWER WINDOW']",
https://riyasewana.com/buy/toyota-yaris-sale-piliyandala-11607725,Toyota Yaris 2008 Car (Used),"Rs. 6,165,000",Piliyandala,2008,"146,000 km",Toyota,Yaris,Automatic,Petrol,1300,Registered (Used),"2026 May 09, 11:08 am","['AIR CONDITION', 'POWER STEERING', 'POWER MIRROR', 'POWER WINDOW']",
https://riyasewana.com/buy/bajaj-re-4-sale-kurunegala-11607723,Bajaj RE 4 Stroke 2014 Three Wheel (Used),"Rs. 1,470,000",Kurunegala,2014,"45,000 km",Bajaj,RE 4 Stroke,Manual,Petrol,205,Registered (Used),"2026 May 09, 11:08 am",[],
https://riyasewana.com/buy/hero-pleasure-sale-nattandiya-11607724,Hero Pleasure 2011 Motorbike Unregistered (Recondition),"Rs. 248,000",Nattandiya,2011,"32,000 km",Hero,Pleasure,,,100,Unregistered (Recondition),"2026 May 09, 11:08 am",[],Kick / Electric
https://riyasewana.com/buy/suzuki-celerio-x-sale-boralesgamuwa-11607716,Suzuki Celerio X 2018 Car (Used),"Rs. 5,690,000",Boralesgamuwa,2018,"90,000 km",Suzuki,Celerio X,Automatic,Petrol,1000,Registered (Used),"2026 May 09, 11:07 am","['AIR CONDITION', 'POWER STEERING', 'POWER MIRROR', 'POWER WINDOW']",
https://riyasewana.com/buy/nissan-qashqai-tekna-sale-colombo-11607710,Nissan Qashqai Tekna 2018 SUV (Used),Negotiable,Colombo,2018,"92,998 km",Nissan,Qashqai Tekna,Automatic,Petrol,1298,Registered (Used),"2026 May 09, 11:07 am",[],
https://riyasewana.com/buy/micro-mx7-sale-kadawatha-11607709,Micro MX7 2015 Car (Used),"Rs. 3,595,000",Kadawatha,2015,"100,000 km",Micro,MX7,Manual,Petrol,1500,Registered (Used),"2026 May 09, 11:06 am","['AIR CONDITION', 'POWER STEERING', 'POWER MIRROR', 'POWER WINDOW']",
https://riyasewana.com/buy/bajaj-re-2-sale-mirigama-11607707,Bajaj RE 2 Stroke 1994 Three Wheel (Used),"Rs. 518,000",Mirigama,1994,"123,456 km",Bajaj,RE 2 Stroke,Manual,Petrol,150,Registered (Used),"2026 May 09, 11:06 am",['POWER WINDOW'],
https://riyasewana.com/buy/bajaj-4-stroke-sale-polgahawela-11607700,Bajaj 4 Stroke 2017 Three Wheel (Used),"Rs. 1,620,000",Polgahawela,2017,1 km,Bajaj,4 Stroke,Manual,Petrol,205,Registered (Used),"2026 May 09, 11:06 am",[],
https://riyasewana.com/buy/yamaha-ray-zr-sale-gampaha-11607696,Yamaha Ray ZR 2018 Motorbike (Used),Negotiable,Gampaha,2018,"40,694 km",Yamaha,Ray ZR,,,110,Registered (Used),"2026 May 09, 11:05 am",[],Kick / Electric
https://riyasewana.com/buy/mitsubishi-lancer-sale-galle-11607693,Mitsubishi Lancer 1984 Car (Used),"Rs. 1,285,000",Galle,1984,"79,560 km",Mitsubishi,Lancer,Manual,Petrol,1400,Registered (Used),"2026 May 09, 11:04 am",[],
https://riyasewana.com/buy/mercedes-benz-w212-e200-sale-malabe-11607675,Mercedes-Benz W212 E200 CGI 2010 Car (Used),"Rs. 12,490,000",Malabe,2010,"84,000 km",Mercedes-Benz,W212 E200 CGI,Automatic,Petrol,1796,Registered (Used),"2026 May 09, 11:03 am","['AIR CONDITION', 'POWER STEERING', 'POWER MIRROR', 'POWER WINDOW']",
https://riyasewana.com/buy/land-rover-freelander-2-sale-kadawatha-11607664,Land-Rover Freelander 2 2012 SUV (Used),"Rs. 8,500,000",Kadawatha,2012,"130,000 km",Land-Rover,Freelander 2,Automatic,Petrol,3000,Registered (Used),"2026 May 09, 11:02 am","['AIR CONDITION', 'POWER STEERING', 'POWER MIRROR', 'POWER WINDOW']",
https://riyasewana.com/buy/honda-dio-sale-gampaha-11607658,Honda Dio 2012 Motorbike (Used),"Rs. 360,000",Gampaha,2012,"34,501 km",Honda,Dio,,,110,Registered (Used),"2026 May 09, 11:02 am",[],Kick / Electric
https://riyasewana.com/buy/nissan-caravan-gll-sale-kurunegala-11607655,Nissan Caravan GLL 1993 Van (Used),"Rs. 8,100,000",Kurunegala,1993,2 km,Nissan,Caravan GLL,Manual,Diesel,27,Registered (Used),"2026 May 09, 11:01 am","['AIR CONDITION', 'POWER STEERING', 'POWER WINDOW']",
https://riyasewana.com/buy/suzuki-wagon-r-sale-galle-11607654,Suzuki Wagon R FZ 2017 Car (Used),"Rs. 6,750,000",Galle,2017,"190,000 km",Suzuki,Wagon R FZ,Automatic,Hybrid,660,Registered (Used),"2026 May 09, 11:01 am","['AIR CONDITION', 'POWER STEERING', 'POWER MIRROR', 'POWER WINDOW']",
https://riyasewana.com/buy/bajaj-2-stroke-sale-kalutara-11607651,Bajaj 2 stroke 1999 Three Wheel (Used),"Rs. 610,000",Kalutara,1999,"111,111 km",Bajaj,2 stroke,Manual,Petrol,60,Registered (Used),"2026 May 09, 11:01 am",[],
https://riyasewana.com/buy/honda-grace-sale-hambantota-11607537,Honda Grace 2017 Car (Used),Negotiable,Hambantota,2017,"134,000 km",Honda,Grace,Automatic,Petrol,1500,Registered (Used),"2026 May 09, 11:00 am","['AIR CONDITION', 'POWER STEERING', 'POWER MIRROR', 'POWER WINDOW']",
https://riyasewana.com/buy/hero-pleasure-sale-galle-11607643,Hero Pleasure 2015 Motorbike (Used),"Rs. 340,000",Galle,2015,"28,000 km",Hero,Pleasure,,,100,Registered (Used),"2026 May 09, 11:00 am",[],Kick / Electric
https://riyasewana.com/buy/mercedes-benz-w115-sale-eheliyagoda-11607639,Mercedes-Benz W115 1969 Car (Used),"Rs. 475,000",Eheliyagoda,1969,"100,000 km",Mercedes-Benz,W115,Manual,Diesel,2000,Antique,"2026 May 09, 10:59 am",['AIR CONDITION'],
https://riyasewana.com/buy/honda-dio-sale-gampaha-11607638,Honda Dio 2018 Motorbike (Used),Negotiable,Gampaha,2018,"54,402 km",Honda,Dio,,,110,Registered (Used),"2026 May 09, 10:59 am",[],Kick / Electric
https://riyasewana.com/buy/piaggio-ape-sale-negombo-11607635,Piaggio Ape 2016 Three Wheel (Used),"Rs. 1,550,000",Negombo,2016,"68,000 km",Piaggio,Ape,Manual,Diesel,395,Registered (Used),"2026 May 09, 10:59 am",[],
https://riyasewana.com/buy/kia-sorento-sale-wennappuwa-11607628,Kia Sorento 2012 SUV (Used),"Rs. 10,500,000",Wennappuwa,2012,"150,000 km",Kia,Sorento,Automatic,Diesel,2200,Registered (Used),"2026 May 09, 10:58 am","['AIR CONDITION', 'POWER STEERING', 'POWER MIRROR', 'POWER WINDOW']",
https://riyasewana.com/buy/honda-dio-sale-matara-11607619,Honda Dio 2017 Motorbike (Used),"Rs. 535,000",Matara,2017,"35,000 km",Honda,Dio,,,Automatic,Registered (Used),"2026 May 09, 10:57 am",[],Petrol
https://riyasewana.com/buy/mahindra-maxximo-sale-kegalle-11607616,Mahindra Maxximo 2013 Lorry (Used),"Rs. 1,650,000",Kegalle,2013,"114,000 km",Mahindra,Maxximo,Manual,Diesel,-,Registered (Used),"2026 May 09, 10:57 am",[],
https://riyasewana.com/buy/honda-dio-sale-gampaha-11607615,Honda Dio 2019 Motorbike (Used),Negotiable,Gampaha,2019,"30,838 km",Honda,Dio,,,110,Registered (Used),"2026 May 09, 10:57 am",[],Kick / Electric
https://riyasewana.com/buy/other-quanle-gie-sale-gampaha-11607612,Other Quanle GIE TMR 2024 Motorbike (Used),"Rs. 420,000",Gampaha,2024,"4,250 km",Other,Quanle GIE TMR,,,2,Registered (Used),"2026 May 09, 10:57 am",[],Electric
https://riyasewana.com/buy/bajaj-re-sale-galle-11607604,Bajaj RE 2011 Three Wheel (Used),Negotiable,Galle,2011,"10,000 km",Bajaj,RE,Automatic,Diesel,205,Registered (Used),"2026 May 09, 10:56 am",[],
https://riyasewana.com/buy/suzuki-alto-sale-chilaw-11607600,Suzuki ALTO 2007 Car (Used),Negotiable,Chilaw,2007,"175,000 km",Suzuki,ALTO,Automatic,Petrol,650,Registered (Used),"2026 May 09, 10:56 am","['AIR CONDITION', 'POWER STEERING', 'POWER MIRROR', 'POWER WINDOW']",
https://riyasewana.com/buy/mercedes-benz-e-240210-sale-homagama-11607596,Mercedes-Benz E 240210 1999 Car (Used),"Rs. 5,400,000",Homagama,1999,"198,000 km",Mercedes-Benz,E 240210,Manual,Petrol,-,Registered (Used),"2026 May 09, 10:55 am","['AIR CONDITION', 'POWER STEERING', 'POWER MIRROR', 'POWER WINDOW']",
https://riyasewana.com/buy/nissan-d25-sale-negombo-11607590,Nissan D25 1993 Pickup (Used),"Rs. 4,850,000",Negombo,1993,1 km,Nissan,D25,Manual,Diesel,1,Registered (Used),"2026 May 09, 10:54 am","['AIR CONDITION', 'POWER STEERING']",
https://riyasewana.com/buy/bajaj-platina-100-sale-nittambuwa-11607587,Bajaj Platina 100 2007 Motorbike (Used),"Rs. 220,000",Nittambuwa,2007,"18,464 km",Bajaj,Platina 100,,,100,Registered (Used),"2026 May 09, 10:54 am",[],Kick
https://riyasewana.com/buy/toyota-prius-4th-sale-matara-11606919,Toyota Prius 4th Generation Zvw51 2016 Car (Used),Negotiable,Matara,2016,"156,000 km",Toyota,Prius 4th Generation Zvw51,Automatic,Petrol,1800,Registered (Used),"2026 May 09, 10:54 am","['AIR CONDITION', 'POWER STEERING', 'POWER MIRROR', 'POWER WINDOW']",
https://riyasewana.com/buy/yamaha-fz-sale-kandy-11607582,Yamaha Fz 2018 Motorbike (Used),"Rs. 810,000",Kandy,2018,"46,500 km",Yamaha,Fz,,,Manual,Registered (Used),"2026 May 09, 10:53 am",[],Petrol
https://riyasewana.com/buy/honda-dio-sale-gampaha-11607579,Honda Dio 2017 Motorbike (Used),Negotiable,Gampaha,2017,"30,427 km",Honda,Dio,,,110,Registered (Used),"2026 May 09, 10:53 am",[],Kick / Electric
https://riyasewana.com/buy/perodua-viva-elite-sale-horana-11607577,Perodua Viva Elite 2011 Car (Used),"Rs. 4,425,000",Horana,2011,"143,000 km",Perodua,Viva Elite,Automatic,Petrol,999,Registered (Used),"2026 May 09, 10:53 am","['AIR CONDITION', 'POWER STEERING', 'POWER MIRROR', 'POWER WINDOW']",
https://riyasewana.com/buy/honda-cm-custom-sale-wennappuwa-11607576,Honda Cm Custom 125T 1996 Motorbike (Used),"Rs. 210,000",Wennappuwa,1996,"5,999 km",Honda,Cm Custom 125T,,,125,Registered (Used),"2026 May 09, 10:53 am",[],Electric
https://riyasewana.com/buy/suzuki-every-sale-matara-11607575,Suzuki Every 2002 Van (Used),"Rs. 3,650,000",Matara,2002,"210,000 km",Suzuki,Every,Automatic,Petrol,650,Registered (Used),"2026 May 09, 10:53 am","['AIR CONDITION', 'POWER STEERING', 'POWER MIRROR', 'POWER WINDOW']",
https://riyasewana.com/buy/honda-grazia-sale-chilaw-11607573,Honda Grazia 2018 Motorbike (Used),"Rs. 490,000",Chilaw,2018,"49,000 km",Honda,Grazia,,,125,Registered (Used),"2026 May 09, 10:52 am",[],Kick / Electric
https://riyasewana.com/buy/jcb-3cx-sale-gampaha-11607568,JCB 3CX 2001 Heavy-Duty (Used),"Rs. 6,600,000",Gampaha,2001,-,JCB,3CX,Automatic,Diesel,3990,Registered (Used),"2026 May 09, 10:52 am",['POWER STEERING'],
https://riyasewana.com/buy/yamaha-ray-zr-sale-gampaha-11607562,Yamaha Ray ZR 2019 Motorbike (Used),"Rs. 450,000",Gampaha,2019,"32,165 km",Yamaha,Ray ZR,,,110,Registered (Used),"2026 May 09, 10:51 am",[],Kick / Electric
https://riyasewana.com/buy/toyota-land-cruiser-sale-colombo-11607561,Toyota Land Cruiser Prado 120 2007 SUV (Used),"Rs. 15,500,000",Colombo,2007,"140,000 km",Toyota,Land Cruiser Prado 120,Automatic,Petrol,2700,Registered (Used),"2026 May 09, 10:51 am","['AIR CONDITION', 'POWER STEERING', 'POWER MIRROR', 'POWER WINDOW']",
https://riyasewana.com/buy/suzuki-wagon-r-sale-gampaha-11607551,Suzuki Wagon R FZ 2018 Car (Used),Negotiable,Gampaha,2018,200 km,Suzuki,Wagon R FZ,Automatic,Hybrid,660,Registered (Used),"2026 May 09, 10:50 am","['AIR CONDITION', 'POWER STEERING', 'POWER MIRROR', 'POWER WINDOW']",
https://riyasewana.com/buy/byd-atto-3-sale-homagama-11607549,BYD Atto 3 Superior 2025 SUV (Used),"Rs. 18,975,000",Homagama,2025,"10,264 km",BYD,Atto 3 Superior,Automatic,Electric,100,Registered (Used),"2026 May 09, 10:50 am","['AIR CONDITION', 'POWER STEERING', 'POWER MIRROR', 'POWER WINDOW']",
https://riyasewana.com/buy/nissan-hb12-sale-mirigama-11607548,Nissan HB12 1987 Car (Used),"Rs. 1,580",Mirigama,1987,1 km,Nissan,HB12,Manual,Petrol,1500,Registered (Used),"2026 May 09, 10:50 am","['AIR CONDITION', 'POWER STEERING']",
https://riyasewana.com/buy/yanmar-mubota-220-sale-polonnaruwa-11607539,Yanmar Mubota 220 2000 Heavy-Duty (Used),"Rs. 500,000",Polonnaruwa,2000,"1,000 km",Yanmar,Mubota 220,Manual,Diesel,75,Registered (Used),"2026 May 09, 10:49 am",[],
https://riyasewana.com/buy/toyota-land-cruiser-sale-colombo-11607538,Toyota Land Cruiser Prado 150 2010 SUV (Used),"Rs. 27,000,000",Colombo,2010,"134,000 km",Toyota,Land Cruiser Prado 150,Automatic,Petrol,2700,Registered (Used),"2026 May 09, 10:49 am","['AIR CONDITION', 'POWER STEERING', 'POWER MIRROR', 'POWER WINDOW']",
https://riyasewana.com/buy/toyota-dx-wagon-sale-kandy-11607532,Toyota Dx Wagon KE72 1984 Car (Used),Negotiable,Kandy,1984,-,Toyota,Dx Wagon KE72,Manual,Petrol,1300,Registered (Used),"2026 May 09, 10:48 am",[],
https://riyasewana.com/buy/toyota-hiace-sale-nittambuwa-11605395,Toyota HIACE 1995 Van (Used),"Rs. 8,650,000",Nittambuwa,1995,-,Toyota,HIACE,Manual,Diesel,3000,Registered (Used),"2026 May 09, 10:47 am","['AIR CONDITION', 'POWER STEERING', 'POWER MIRROR', 'POWER WINDOW']",
https://riyasewana.com/buy/isuzu-mu-x-sale-colombo-11607526,Isuzu MU-X 2015 SUV (Used),"Rs. 14,850,000",Colombo,2015,"128,000 km",Isuzu,MU-X,Automatic,Diesel,2500,Registered (Used),"2026 May 09, 10:47 am","['AIR CONDITION', 'POWER STEERING', 'POWER MIRROR', 'POWER WINDOW']",
https://riyasewana.com/buy/toyota-shell-sale-colombo-11605187,Toyota Shell 1989 Van (Used),"Rs. 3,650,000",Colombo,1989,"150,000 km",Toyota,Shell,Manual,Diesel,2200,Registered (Used),"2026 May 09, 10:47 am",['POWER STEERING'],
https://riyasewana.com/buy/toyota-hilux-sale-kurunegala-11607524,Toyota Hilux 2007 Pickup (Used),Negotiable,Kurunegala,2007,"175,000 km",Toyota,Hilux,Automatic,Diesel,3000,Registered (Used),"2026 May 09, 10:47 am","['AIR CONDITION', 'POWER STEERING', 'POWER MIRROR', 'POWER WINDOW']",
https://riyasewana.com/buy/subaru-legacy-sale-ganemulla-11607523,Subaru Legacy 2004 Car (Used),"Rs. 9,775,000",Ganemulla,2004,"136,000 km",Subaru,Legacy,Automatic,Petrol,2000,Registered (Used),"2026 May 09, 10:47 am","['AIR CONDITION', 'POWER STEERING', 'POWER MIRROR', 'POWER WINDOW']",
https://riyasewana.com/buy/bajaj-2-stroke-sale-kandy-11605108,Bajaj 2 stroke 2003 Three Wheel (Used),"Rs. 860,000",Kandy,2003,-,Bajaj,2 stroke,Manual,Petrol,-,Registered (Used),"2026 May 09, 10:46 am",[],
https://riyasewana.com/buy/yamaha-ray-zr-sale-kurunegala-11607512,Yamaha Ray ZR 2016 Motorbike (Used),Negotiable,Kurunegala,2016,"65,000 km",Yamaha,Ray ZR,,,110,Registered (Used),"2026 May 09, 10:46 am",[],Kick / Electric
https://riyasewana.com/buy/bajaj-scooty-sale-kuliyapitiya-11607509,Bajaj Scooty 2003 Motorbike (Used),"Rs. 58,000",Kuliyapitiya,2003,"65,000 km",Bajaj,Scooty,,,100,Registered (Used),"2026 May 09, 10:45 am",[],Kick
https://riyasewana.com/buy/bajaj-4-stroke-sale-colombo-11607501,Bajaj 4 Stroke 2012 Three Wheel (Used),"Rs. 1,165,000",Colombo,2012,111 km,Bajaj,4 Stroke,Manual,Petrol,205,Registered (Used),"2026 May 09, 10:44 am",[],
https://riyasewana.com/buy/nissan-clipper-sale-kandy-11607499,Nissan Clipper 2015 Lorry (Used),Negotiable,Kandy,2015,"80,000 km",Nissan,Clipper,Manual,Petrol,650,Registered (Used),"2026 May 09, 10:44 am",[],
https://riyasewana.com/buy/mitsubishi-lancer-wagon-sale-negombo-11607497,Mitsubishi Lancer Wagon 1979 Car (Used),"Rs. 1,250,000",Negombo,1979,-,Mitsubishi,Lancer Wagon,Manual,Petrol,1400,Registered (Used),"2026 May 09, 10:43 am",['AIR CONDITION'],
https://riyasewana.com/buy/honda-vezel-sale-gampaha-11607496,Honda VEZEL 2014 SUV (Used),"Rs. 8,875,000",Gampaha,2014,"152,000 km",Honda,VEZEL,Automatic,Hybrid,1500,Registered (Used),"2026 May 09, 10:43 am","['AIR CONDITION', 'POWER STEERING', 'POWER MIRROR', 'POWER WINDOW']",
https://riyasewana.com/buy/mitsubishi-lancercs3-glx-sale-colombo-11607491,Mitsubishi LancerCS3 GLX 2011 Car (Used),"Rs. 6,750,000",Colombo,2011,"134,000 km",Mitsubishi,LancerCS3 GLX,Automatic,Petrol,1500,Registered (Used),"2026 May 09, 10:43 am","['AIR CONDITION', 'POWER STEERING', 'POWER MIRROR', 'POWER WINDOW']",
https://riyasewana.com/buy/toyota-kdh-super-sale-kadawatha-11607486,Toyota KDH SUPER GL 2012 Van (Used),Negotiable,Kadawatha,2012,"152,999 km",Toyota,KDH SUPER GL,Automatic,Diesel,2999,Registered (Used),"2026 May 09, 10:43 am","['AIR CONDITION', 'POWER STEERING', 'POWER MIRROR', 'POWER WINDOW']",
https://riyasewana.com/buy/toyota-shell-lh51-sale-kandy-11604856,Toyota Shell LH51 1989 Van (Used),Negotiable,Kandy,1989,-,Toyota,Shell LH51,Manual,Diesel,2440,Registered (Used),"2026 May 09, 10:42 am","['AIR CONDITION', 'POWER STEERING']",
https://riyasewana.com/buy/honda-insight-sale-kotikawatta-11607481,Honda Insight 2009 Car (Used),"Rs. 6,825,000",Kotikawatta,2009,"184,000 km",Honda,Insight,Automatic,Hybrid,1300,Registered (Used),"2026 May 09, 10:42 am","['AIR CONDITION', 'POWER STEERING', 'POWER MIRROR', 'POWER WINDOW']",
https://riyasewana.com/buy/massey-ferguson-d-and-sale-divulapitiya-11607474,Massey-Ferguson D And DL 135 Massey Ferguson 2005 Tractor (Used),Negotiable,Divulapitiya,2005,1 km,Massey-Ferguson,D And DL 135 Massey Ferguson,Manual,Diesel,1,Registered (Used),"2026 May 09, 10:41 am",['POWER STEERING'],
https://riyasewana.com/buy/toyota-starlet-ep91-sale-kuliyapitiya-11607470,Toyota Starlet EP91 1997 Car (Used),"Rs. 3,950,000",Kuliyapitiya,1997,"220,000 km",Toyota,Starlet EP91,Automatic,Petrol,1300,Registered (Used),"2026 May 09, 10:40 am",[],
https://riyasewana.com/buy/yadea-ruibin-sale-kalutara-11604621,Yadea Ruibin 2025 Motorbike (Used),"Rs. 360,000",Kalutara,2025,"6,700 km",Yadea,Ruibin,,,90,Registered (Used),"2026 May 09, 10:40 am",[],Electric
https://riyasewana.com/buy/daihatsu-charmant-sale-kegalle-11607466,Daihatsu Charmant 1987 Car (Used),"Rs. 550,000",Kegalle,1987,13 km,Daihatsu,Charmant,Manual,Petrol,1450,Registered (Used),"2026 May 09, 10:39 am",['AIR CONDITION'],
https://riyasewana.com/buy/nissan-magnite-tekna-sale-kotikawatta-11607465,Nissan Magnite TEKNA PLUS EZ-SHIFT 2025 SUV (Used),"Rs. 8,950,000",Kotikawatta,2025,500 km,Nissan,Magnite TEKNA PLUS EZ-SHIFT,Automatic,Petrol,1000,Registered (Used),"2026 May 09, 10:39 am","['AIR CONDITION', 'POWER STEERING', 'POWER MIRROR', 'POWER WINDOW']",
https://riyasewana.com/buy/suzuki-wagon-r-sale-kaduwela-11607458,Suzuki Wagon R 2016 Car (Used),"Rs. 5,850,000",Kaduwela,2016,"82,000 km",Suzuki,Wagon R,Automatic,Hybrid,-,Registered (Used),"2026 May 09, 10:38 am","['AIR CONDITION', 'POWER STEERING', 'POWER MIRROR', 'POWER WINDOW']",
https://riyasewana.com/buy/tvs-rider-sale-moratuwa-11604475,TVS Rider 2024 Motorbike (Used),"Rs. 330,000",Moratuwa,2024,"16,000 km",TVS,Rider,,,125,Registered (Used),"2026 May 09, 10:38 am",[],Kick
https://riyasewana.com/buy/mazda-mazda-sale-gampaha-11607450,Mazda Mazda 2003 Lorry (Used),"Rs. 3,700,000",Gampaha,2003,1 km,Mazda,Mazda,Manual,Diesel,-,Registered (Used),"2026 May 09, 10:37 am",[],
https://riyasewana.com/buy/toyota-aqua-sale-gampaha-11607449,Toyota Aqua 2015 Car (Used),Negotiable,Gampaha,2015,"200,000 km",Toyota,Aqua,Automatic,Petrol,1500,Registered (Used),"2026 May 09, 10:37 am","['AIR CONDITION', 'POWER STEERING', 'POWER MIRROR', 'POWER WINDOW']",
https://riyasewana.com/buy/toyota-kdh-sale-kalutara-11604115,Toyota KDH 2011 Van (Used),"Rs. 16,500,000",Kalutara,2011,"210,000 km",Toyota,KDH,Automatic,Diesel,3000,Registered (Used),"2026 May 09, 10:37 am","['AIR CONDITION', 'POWER STEERING', 'POWER MIRROR', 'POWER WINDOW']",
https://riyasewana.com/buy/bajaj-pulsar-sale-homagama-11607447,Bajaj Pulsar 2012 Motorbike (Used),Negotiable,Homagama,2012,"65,000 km",Bajaj,Pulsar,,,135,Registered (Used),"2026 May 09, 10:37 am",[],Kick / Electric
https://riyasewana.com/buy/honda-civic-sale-piliyandala-11607443,Honda Civic 2018 Car (Used),Negotiable,Piliyandala,2018,"39,000 km",Honda,Civic,Automatic,Petrol,1500,Registered (Used),"2026 May 09, 10:37 am","['AIR CONDITION', 'POWER STEERING', 'POWER MIRROR', 'POWER WINDOW']",
https://riyasewana.com/buy/toyota-land-cruiser-sale-colombo-11607440,Toyota Land Cruiser Sahara Cygnus 2006 SUV (Used),"Rs. 16,600,000",Colombo,2006,"330,000 km",Toyota,Land Cruiser Sahara Cygnus,Automatic,Petrol,4000,Registered (Used),"2026 May 09, 10:36 am","['AIR CONDITION', 'POWER STEERING', 'POWER MIRROR', 'POWER WINDOW']",
https://riyasewana.com/buy/tvs-fiero-f2-sale-negombo-11603166,TVS Fiero F2 2004 Motorbike (Used),"Rs. 130,000",Negombo,2004,"65,000 km",TVS,Fiero F2,,,150,Registered (Used),"2026 May 09, 10:35 am",[],Kick / Electric
https://riyasewana.com/buy/bajaj-ct-100-sale-negombo-11607429,Bajaj CT-100 2013 Motorbike (Used),"Rs. 360,000",Negombo,2013,"35,000 km",Bajaj,CT-100,,,99,Registered (Used),"2026 May 09, 10:35 am",[],Kick
https://riyasewana.com/buy/toyota-belta-sale-colombo-11607426,Toyota Belta 2008 Car (Used),Negotiable,Colombo,2008,"121,000 km",Toyota,Belta,Automatic,Petrol,1300,Registered (Used),"2026 May 09, 10:35 am",[],
https://riyasewana.com/buy/honda-dio-sale-matara-11607420,Honda Dio 2020 Motorbike Unregistered (Recondition),"Rs. 585,000",Matara,2020,"53,560 km",Honda,Dio,,,110,Unregistered (Recondition),"2026 May 09, 10:34 am",[],Kick / Electric
https://riyasewana.com/buy/piaggio-ape-sale-tangalle-11607414,Piaggio Ape 2010 Three Wheel (Used),"Rs. 1,400,000",Tangalle,2010,-,Piaggio,Ape,Manual,Diesel,111,Registered (Used),"2026 May 09, 10:34 am",[],
https://riyasewana.com/buy/honda-dio-sale-hambantota-11607413,Honda Dio 2019 Motorbike (Used),"Rs. 550,000",Hambantota,2019,"88,000 km",Honda,Dio,,,110,Registered (Used),"2026 May 09, 10:33 am",[],Kick / Electric
https://riyasewana.com/buy/bajaj-re-2-sale-embilipitiya-11602678,Bajaj RE 2 stroke 1994 Three Wheel (Used),"Rs. 445,000",Embilipitiya,1994,-,Bajaj,RE 2 stroke,Manual,Petrol,-,Registered (Used),"2026 May 09, 10:33 am",[],
https://riyasewana.com/buy/nissan-fb14-sale-gampaha-11607410,Nissan FB14 1997 Car (Used),"Rs. 2,650,000",Gampaha,1997,"167,000 km",Nissan,FB14,Automatic,Diesel,2000,Registered (Used),"2026 May 09, 10:33 am","['AIR CONDITION', 'POWER STEERING', 'POWER MIRROR', 'POWER WINDOW']",
https://riyasewana.com/buy/honda-acty-sale-gampola-11607409,Honda Acty 2006 Van (Used),"Rs. 4,100,000",Gampola,2006,"250,000 km",Honda,Acty,Automatic,Petrol,-,Registered (Used),"2026 May 09, 10:33 am","['AIR CONDITION', 'POWER STEERING']",
https://riyasewana.com/buy/toyota-townace-sale-colombo-11607406,Toyota TownAce 1990 Van (Used),"Rs. 3,300,000",Colombo,1990,"300,000 km",Toyota,TownAce,Manual,Diesel,-,Registered (Used),"2026 May 09, 10:33 am",[],
https://riyasewana.com/buy/tvs-ntorq-sale-piliyandala-11607400,TVS Ntorq 2018 Motorbike (Used),"Rs. 595,000",Piliyandala,2018,"36,000 km",TVS,Ntorq,,,125,Registered (Used),"2026 May 09, 10:32 am",[],Kick / Electric
https://riyasewana.com/buy/honda-dio-sale-kaduwela-11607392,Honda Dio 2017 Motorbike (Used),"Rs. 480,000",Kaduwela,2017,"53,215 km",Honda,Dio,,,110,Registered (Used),"2026 May 09, 10:32 am",[],Kick / Electric
https://riyasewana.com/buy/mitsubishi-lancer-box-sale-kurunegala-11607378,Mitsubishi Lancer Box 1983 Car (Used),"Rs. 1,565,000",Kurunegala,1983,"145,000 km",Mitsubishi,Lancer Box,Manual,Petrol,1400,Registered (Used),"2026 May 09, 10:30 am","['AIR CONDITION', 'POWER STEERING']",
https://riyasewana.com/buy/tvs-xl-100-sale-moneragala-11607372,TVS Xl 100 2017 Motorbike (Used),"Rs. 195,000",Moneragala,2017,"1,234 km",TVS,Xl 100,,,100,Registered (Used),"2026 May 09, 10:30 am",[],Kick / Electric
https://riyasewana.com/buy/tvs-zest-sale-piliyandala-11607369,TVS Zest 2015 Motorbike (Used),"Rs. 350,000",Piliyandala,2015,"38,000 km",TVS,Zest,,,90,Registered (Used),"2026 May 09, 10:30 am",[],Kick / Electric
https://riyasewana.com/buy/nissan-nv200-sale-divulapitiya-11607356,Nissan NV200 2014 Van (Used),"Rs. 9,700,000",Divulapitiya,2014,11 km,Nissan,NV200,Automatic,Petrol,1590,Registered (Used),"2026 May 09, 10:29 am","['AIR CONDITION', 'POWER STEERING', 'POWER MIRROR', 'POWER WINDOW']",
https://riyasewana.com/buy/tvs-sport-sale-piliyandala-11607353,TVS Sport 2019 Motorbike (Used),"Rs. 400,000",Piliyandala,2019,"35,000 km",TVS,Sport,,,125,Registered (Used),"2026 May 09, 10:28 am",[],Kick / Electric
https://riyasewana.com/buy/mitsubishi-lancer-box-sale-gampaha-11607349,Mitsubishi Lancer Box 1980 Car (Used),"Rs. 1,350,000",Gampaha,1980,1 km,Mitsubishi,Lancer Box,Manual,Petrol,1500,Registered (Used),"2026 May 09, 10:28 am",['AIR CONDITION'],
https://riyasewana.com/buy/dfsk-unimo-sale-kurunegala-11599581,DFSK UNIMO 2011 Lorry (Used),Negotiable,Kurunegala,2011,"75,236 km",DFSK,UNIMO,Manual,Diesel,650,Registered (Used),"2026 May 09, 10:27 am",[],
https://riyasewana.com/buy/suzuki-maruti-800-sale-matara-11607336,Suzuki Maruti 800 2007 Car (Used),Negotiable,Matara,2007,"56,574 km",Suzuki,Maruti 800,Manual,Petrol,796,Registered (Used),"2026 May 09, 10:27 am",[],
https://riyasewana.com/buy/eicher-skyline-sale-kuliyapitiya-11607334,Eicher Skyline 2014 Bus (Used),Negotiable,Kuliyapitiya,2014,0 km,Eicher,Skyline,Manual,Diesel,-,Registered (Used),"2026 May 09, 10:26 am",[],
https://riyasewana.com/buy/mahindra-maxximo-plus-sale-matugama-11607331,Mahindra Maxximo Plus 2015 Lorry (Used),Negotiable,Matugama,2015,"147,000 km",Mahindra,Maxximo Plus,Manual,Diesel,-,Registered (Used),"2026 May 09, 10:26 am",[],
https://riyasewana.com/buy/honda-activa-sale-piliyandala-11607329,Honda Activa 2015 Motorbike (Used),"Rs. 370,000",Piliyandala,2015,"37,000 km",Honda,Activa,,,110,Registered (Used),"2026 May 09, 10:26 am",[],Kick / Electric
https://riyasewana.com/buy/honda-vezel-sale-puttalam-11607326,Honda Vezel 2025 SUV Brand New,"Rs. 19,900,000",Puttalam,2025,10 km,Honda,Vezel,Automatic,Petrol,1,Brand New,"2026 May 09, 10:25 am","['AIR CONDITION', 'POWER STEERING', 'POWER MIRROR', 'POWER WINDOW']",
https://riyasewana.com/buy/suzuki-celerio-vxi-sale-mulleriyawa-11603487,Suzuki Celerio Vxi 2015 Car (Used),"Rs. 5,150,000",Mulleriyawa,2015,"145,000 km",Suzuki,Celerio Vxi,Automatic,Petrol,1000,Registered (Used),"2026 May 09, 10:25 am","['AIR CONDITION', 'POWER STEERING', 'POWER WINDOW']",
https://riyasewana.com/buy/nissan-b11-sale-wattala-11607303,Nissan B11 1984 Car (Used),"Rs. 1,200,000",Wattala,1984,-,Nissan,B11,Manual,Petrol,1300,Registered (Used),"2026 May 09, 10:23 am",['AIR CONDITION'],
https://riyasewana.com/buy/honda-crv-sale-maharagama-11607297,Honda CRV 2016 SUV (Used),"Rs. 13,700,000",Maharagama,2016,"79,000 km",Honda,CRV,Automatic,Petrol,1997,Registered (Used),"2026 May 09, 10:23 am","['AIR CONDITION', 'POWER STEERING', 'POWER MIRROR', 'POWER WINDOW']",
https://riyasewana.com/buy/mitsubishi-montero-sale-katunayake-11607286,Mitsubishi Montero 2016 SUV (Used),"Rs. 5,750,000",Katunayake,2016,362 km,Mitsubishi,Montero,Automatic,Diesel,3200,Registered (Used),"2026 May 09, 10:22 am",['AIR CONDITION'],
https://riyasewana.com/buy/nissan-tiida-sale-panadura-11607274,Nissan Tiida 2008 Car (Used),Negotiable,Panadura,2008,"174,000 km",Nissan,Tiida,Automatic,Petrol,1500,Registered (Used),"2026 May 09, 10:21 am","['AIR CONDITION', 'POWER STEERING', 'POWER MIRROR', 'POWER WINDOW']",
https://riyasewana.com/buy/bajaj-pulsar-sale-pannala-11607272,Bajaj Pulsar 2025 Motorbike (Used),"Rs. 550,000",Pannala,2025,"11,300 km",Bajaj,Pulsar,,,163,Registered (Used),"2026 May 09, 10:21 am",[],Electric
https://riyasewana.com/buy/suzuki-gn125-sale-divulapitiya-11607266,Suzuki GN125 2011 Motorbike (Used),"Rs. 480,000",Divulapitiya,2011,1 km,Suzuki,GN125,,,125,Registered (Used),"2026 May 09, 10:20 am",[],Electric
https://riyasewana.com/buy/suzuki-every-sale-kandy-11607257,Suzuki Every 2007 Van Unregistered (Recondition),"Rs. 4,675,000",Kandy,2007,"175,000 km",Suzuki,Every,Automatic,Petrol,660,Unregistered (Recondition),"2026 May 09, 10:20 am","['AIR CONDITION', 'POWER STEERING']",
https://riyasewana.com/buy/toyota-dyna-sale-kurunegala-11607249,Toyota Dyna 1981 Lorry (Used),"Rs. 1,350,000",Kurunegala,1981,-,Toyota,Dyna,Manual,Diesel,2400,Registered (Used),"2026 May 09, 10:19 am",[],
https://riyasewana.com/buy/mini-cooper-sale-homagama-11607248,Mini Cooper 2014 Car (Used),"Rs. 12,850,000",Homagama,2014,"34,000 km",Mini,Cooper,Automatic,Petrol,15000,Registered (Used),"2026 May 09, 10:19 am","['AIR CONDITION', 'POWER STEERING', 'POWER MIRROR', 'POWER WINDOW']",
https://riyasewana.com/buy/ashok-leyland-lynx-sale-galle-11607246,Ashok-Leyland Lynx 2010 Bus (Used),Negotiable,Galle,2010,"80,000 km",Ashok-Leyland,Lynx,Manual,Diesel,3836,Registered (Used),"2026 May 09, 10:19 am",['POWER STEERING'],
https://riyasewana.com/buy/honda-dio-sale-minuwangoda-11607241,Honda Dio 2018 Motorbike (Used),Negotiable,Minuwangoda,2018,"37,941 km",Honda,Dio,,,110,Registered (Used),"2026 May 09, 10:18 am",[],Kick / Electric
https://riyasewana.com/buy/mahindra-bolero-maxi-sale-kandy-11607234,Mahindra Bolero Maxi Truck 2015 Pickup (Used),"Rs. 3,825,000",Kandy,2015,"110,000 km",Mahindra,Bolero Maxi Truck,Manual,Diesel,2523,Registered (Used),"2026 May 09, 10:18 am",['POWER STEERING'],
https://riyasewana.com/buy/suzuki-alto-sale-gampaha-11607229,Suzuki Alto 2011 Car (Used),Negotiable,Gampaha,2011,"138,000 km",Suzuki,Alto,Manual,Petrol,800,Registered (Used),"2026 May 09, 10:17 am","['AIR CONDITION', 'POWER STEERING']",
https://riyasewana.com/buy/bajaj-discover-sale-panadura-11607228,Bajaj Discover 2011 Motorbike (Used),"Rs. 218,000",Panadura,2011,"100,000 km",Bajaj,Discover,,,100,Registered (Used),"2026 May 09, 10:17 am",[],Kick / Electric
https://riyasewana.com/buy/honda-dio-sale-kadawatha-11607226,Honda Dio 2009 Motorbike (Used),"Rs. 185,000",Kadawatha,2009,"59,000 km",Honda,Dio,,,100,Registered (Used),"2026 May 09, 10:17 am",[],Kick / Electric
https://riyasewana.com/buy/dfsk-glory-sale-kalutara-11607219,DFSK Glory 2016 SUV (Used),"Rs. 975,000",Kalutara,2016,"240,000 km",DFSK,Glory,Automatic,Petrol,1500,Registered (Used),"2026 May 09, 10:16 am",[],
https://riyasewana.com/buy/ktm-duke-sale-kandy-11607217,KTM Duke 2026 Motorbike Brand New,"Rs. 1,799,950",Kandy,2026,1 km,KTM,Duke,,,250,Brand New,"2026 May 09, 10:16 am",[],Electric
https://riyasewana.com/buy/nissan-caravan-vrge-sale-kuliyapitiya-11607206,Nissan Caravan VRGE 24 1992 Van (Used),"Rs. 7,350,000",Kuliyapitiya,1992,"35,000 km",Nissan,Caravan VRGE 24,Manual,Diesel,2700,Registered (Used),"2026 May 09, 10:14 am","['AIR CONDITION', 'POWER STEERING', 'POWER MIRROR', 'POWER WINDOW']",
https://riyasewana.com/buy/toyota-passo-kgc-sale-embilipitiya-11607200,Toyota Passo KGC 10 2005 Car (Used),"Rs. 4,150,000",Embilipitiya,2005,"194,000 km",Toyota,Passo KGC 10,Automatic,Petrol,1000,Antique,"2026 May 09, 10:13 am","['AIR CONDITION', 'POWER STEERING']",
https://riyasewana.com/buy/ford-laser-sale-homagama-11607196,Ford Laser 1990 Car (Used),"Rs. 1,845,000",Homagama,1990,"310,000 km",Ford,Laser,Manual,Petrol,1300,Registered (Used),"2026 May 09, 10:13 am","['AIR CONDITION', 'POWER STEERING']",
https://riyasewana.com/buy/tafe-7250-di-sale-ampara-11607194,TAFE 7250 Di 2021 Tractor (Used),"Rs. 3,600,000",Ampara,2021,"1,300 km",TAFE,7250 Di,Manual,Diesel,-,Registered (Used),"2026 May 09, 10:13 am","['AIR CONDITION', 'POWER STEERING']",
https://riyasewana.com/buy/bajaj-pulsar-150-sale-kaduwela-11607168,Bajaj Pulsar 150 2014 Motorbike (Used),Negotiable,Kaduwela,2014,"38,000 km",Bajaj,Pulsar 150,,,150,Registered (Used),"2026 May 09, 10:10 am",[],Kick / Electric
https://riyasewana.com/buy/nissan-b310-sale-kurunegala-11607155,Nissan B310 1983 Car (Used),"Rs. 690,000",Kurunegala,1983,1 km,Nissan,B310,Manual,Petrol,1200,Registered (Used),"2026 May 09, 10:08 am",[],
https://riyasewana.com/buy/bajaj-4-stroke-sale-kaduwela-11607154,Bajaj 4 Stroke 2012 Three Wheel (Used),"Rs. 570,000",Kaduwela,2012,-,Bajaj,4 Stroke,Manual,Petrol,205,Registered (Used),"2026 May 09, 10:08 am",[],
https://riyasewana.com/buy/bajaj-re-2-sale-padukka-11607148,Bajaj RE 2 Stroke 1990 Three Wheel (Used),"Rs. 11,111,111",Padukka,1990,0 km,Bajaj,RE 2 Stroke,Manual,Petrol,110,Registered (Used),"2026 May 09, 10:08 am",['POWER WINDOW'],
https://riyasewana.com/buy/nissan-x-trail-sale-colombo-11607149,Nissan X-Trail 2016 SUV (Used),Negotiable,Colombo,2016,"135,000 km",Nissan,X-Trail,Automatic,Hybrid,1990,Registered (Used),"2026 May 09, 10:08 am","['AIR CONDITION', 'POWER STEERING', 'POWER MIRROR', 'POWER WINDOW']",
https://riyasewana.com/buy/tafe-45di-sale-hambantota-11607138,TAFE 45DI 2011 Tractor (Used),"Rs. 3,300,000",Hambantota,2011,"2,845 km",TAFE,45DI,Manual,Diesel,2500,Registered (Used),"2026 May 09, 10:08 am",[],
https://riyasewana.com/buy/nissan-caravan-sale-marawila-11607132,Nissan Caravan 2004 Van (Used),"Rs. 15,000,000",Marawila,2004,"100,000 km",Nissan,Caravan,Automatic,Diesel,-,Registered (Used),"2026 May 09, 10:07 am",[],
https://riyasewana.com/buy/toyota-toyoace-sale-nittambuwa-11607128,Toyota TOYOACE 1994 Lorry (Used),"Rs. 2,750,000",Nittambuwa,1994,"250,000 km",Toyota,TOYOACE,Manual,Diesel,2000,Registered (Used),"2026 May 09, 10:06 am","['AIR CONDITION', 'POWER STEERING']",
https://riyasewana.com/buy/toyota-prius-2nd-sale-boralesgamuwa-11607122,Toyota Prius 2nd Gen 2008 Car (Used),"Rs. 6,550,000",Boralesgamuwa,2008,"107,000 km",Toyota,Prius 2nd Gen,Automatic,Hybrid,1500,Registered (Used),"2026 May 09, 10:06 am","['AIR CONDITION', 'POWER STEERING', 'POWER MIRROR', 'POWER WINDOW']",
https://riyasewana.com/buy/volvo-xc40-r-design-sale-peliyagoda-11607121,Volvo XC40 R-Design T3 2020 SUV (Used),Negotiable,Peliyagoda,2020,"9,300 km",Volvo,XC40 R-Design T3,Automatic,Petrol,1500,Registered (Used),"2026 May 09, 10:05 am","['AIR CONDITION', 'POWER STEERING', 'POWER MIRROR', 'POWER WINDOW']",
https://riyasewana.com/buy/toyota-belta-sale-colombo-11607118,Toyota Belta 2007 Car (Used),Negotiable,Colombo,2007,"175,000 km",Toyota,Belta,Automatic,Petrol,1300,Registered (Used),"2026 May 09, 10:05 am","['AIR CONDITION', 'POWER STEERING', 'POWER MIRROR', 'POWER WINDOW']",
https://riyasewana.com/buy/suzuki-wagon-r-sale-homagama-11607117,Suzuki Wagon R Stingray 2018 Car (Used),Negotiable,Homagama,2018,"120,000 km",Suzuki,Wagon R Stingray,Automatic,Petrol,650,Registered (Used),"2026 May 09, 10:05 am","['AIR CONDITION', 'POWER STEERING', 'POWER MIRROR', 'POWER WINDOW']",
https://riyasewana.com/buy/mahindra-maxximo-sale-gampaha-11607110,Mahindra Maxximo 2010 Lorry (Used),"Rs. 1,490,000",Gampaha,2010,0 km,Mahindra,Maxximo,Manual,Diesel,-,Registered (Used),"2026 May 09, 10:05 am",[],
https://riyasewana.com/buy/yuejin-tipper-sale-polonnaruwa-11607102,Yuejin Tipper 2008 Lorry (Used),"Rs. 2,300,000",Polonnaruwa,2008,"123,456 km",Yuejin,Tipper,Manual,Diesel,3800,Registered (Used),"2026 May 09, 10:04 am","['POWER STEERING', 'POWER WINDOW']",
https://riyasewana.com/buy/mitsubishi-lancer-cs1-sale-kandy-11607089,Mitsubishi Lancer CS1 2003 Car (Used),"Rs. 5,800,000",Kandy,2003,"188,000 km",Mitsubishi,Lancer CS1,Automatic,Petrol,1300,Registered (Used),"2026 May 09, 10:02 am","['AIR CONDITION', 'POWER STEERING', 'POWER MIRROR', 'POWER WINDOW']",
https://riyasewana.com/buy/bmw-x1-sale-colombo-11607084,BMW X1 2025 SUV Unregistered (Recondition),"Rs. 34,500,000",Colombo,2025,"2,000 km",BMW,X1,Automatic,Petrol,1500,Unregistered (Recondition),"2026 May 09, 10:02 am","['AIR CONDITION', 'POWER STEERING', 'POWER MIRROR', 'POWER WINDOW']",
https://riyasewana.com/buy/bajaj-ct-100-sale-bandaragama-11607081,Bajaj CT-100 2011 Motorbike (Used),Negotiable,Bandaragama,2011,1 km,Bajaj,CT-100,,,99,Registered (Used),"2026 May 09, 10:02 am",[],Kick / Electric
https://riyasewana.com/buy/mercedes-benz-c180-sale-colombo-11607077,Mercedes-Benz C180 2013 Car (Used),"Rs. 10,900,000",Colombo,2013,"105,000 km",Mercedes-Benz,C180,Automatic,Petrol,1800,Registered (Used),"2026 May 09, 10:01 am","['AIR CONDITION', 'POWER STEERING', 'POWER MIRROR', 'POWER WINDOW']",
https://riyasewana.com/buy/dfsk-glory-330-sale-colombo-11607075,DFSK GLORY 330 2021 SUV (Used),Negotiable,Colombo,2021,"39,058 km",DFSK,GLORY 330,Manual,Diesel,1248,Registered (Used),"2026 May 09, 10:01 am","['AIR CONDITION', 'POWER STEERING', 'POWER MIRROR']",
https://riyasewana.com/buy/toyota-axio-sale-colombo-11607074,Toyota Axio 2015 Car (Used),"Rs. 10,600,000",Colombo,2015,"135,000 km",Toyota,Axio,Automatic,Hybrid,1500,Registered (Used),"2026 May 09, 10:01 am","['AIR CONDITION', 'POWER STEERING', 'POWER MIRROR', 'POWER WINDOW']",
https://riyasewana.com/buy/toyota-allion-sale-divulapitiya-11607071,Toyota Allion 2006 Car (Used),"Rs. 7,550,000",Divulapitiya,2006,"229,999 km",Toyota,Allion,Automatic,Petrol,1500,Registered (Used),"2026 May 09, 10:01 am","['AIR CONDITION', 'POWER STEERING', 'POWER MIRROR', 'POWER WINDOW']",
https://riyasewana.com/buy/honda-dio-sale-wattala-11607062,Honda Dio 2012 Motorbike (Used),"Rs. 330,000",Wattala,2012,"91,000 km",Honda,Dio,,,110,Registered (Used),"2026 May 09, 10:00 am",[],Kick / Electric
https://riyasewana.com/buy/honda-chaly-sale-gampaha-11607060,Honda Chaly 2002 Motorbike (Used),"Rs. 60,000",Gampaha,2002,"11,111 km",Honda,Chaly,,,50,Antique,"2026 May 09, 9:59 am",[],Kick
https://riyasewana.com/buy/mitsubishi-l300-sale-divulapitiya-11607055,Mitsubishi L300 1982 Van (Used),"Rs. 1,425,000",Divulapitiya,1982,"65,482 km",Mitsubishi,L300,Manual,Petrol,1600,Registered (Used),"2026 May 09, 9:59 am",['AIR CONDITION'],
https://riyasewana.com/buy/massey-ferguson-135-sale-kurunegala-11607053,Massey-Ferguson 135 1999 Tractor (Used),"Rs. 1,025",Kurunegala,1999,0 km,Massey-Ferguson,135,Manual,Diesel,-,Registered (Used),"2026 May 09, 9:59 am",[],
https://riyasewana.com/buy/toyota-prius-sale-katunayake-11607054,Toyota Prius 2014 Car (Used),"Rs. 10,600,000",Katunayake,2014,"154,000 km",Toyota,Prius,Automatic,Hybrid,1800,Registered (Used),"2026 May 09, 9:59 am","['AIR CONDITION', 'POWER STEERING', 'POWER MIRROR', 'POWER WINDOW']",
https://riyasewana.com/buy/bajaj-2-stroke-sale-matara-11607051,Bajaj 2 Stroke 2001 Three Wheel (Used),"Rs. 710,000",Matara,2001,"25,487 km",Bajaj,2 Stroke,Manual,Petrol,153,Registered (Used),"2026 May 09, 9:58 am",[],
https://riyasewana.com/buy/isuzu-elf-npr88an-sale-batticaloa-11607039,Isuzu ELF NPR88AN Car Carrier 2019 Lorry Unregistered (Recondition),"Rs. 16,200,000",Batticaloa,2019,"323,000 km",Isuzu,ELF NPR88AN Car Carrier,Manual,Diesel,3000,Unregistered (Recondition),"2026 May 09, 9:58 am","['AIR CONDITION', 'POWER STEERING', 'POWER MIRROR', 'POWER WINDOW']",
https://riyasewana.com/buy/mazda-323-sale-kandy-11607038,Mazda 323 1994 Car (Used),"Rs. 2,075,000",Kandy,1994,"140,000 km",Mazda,323,Manual,Petrol,1324,Registered (Used),"2026 May 09, 9:58 am","['AIR CONDITION', 'POWER STEERING']",
https://riyasewana.com/buy/toyota-soluna-sale-piliyandala-11607037,Toyota Soluna 2005 Car (Used),"Rs. 3,000,000",Piliyandala,2005,"172,000 km",Toyota,Soluna,Manual,Petrol,1498,Registered (Used),"2026 May 09, 9:58 am",['AIR CONDITION'],
https://riyasewana.com/buy/mitsubishi-galant-sale-galle-11607032,Mitsubishi Galant 1973 Car (Used),"Rs. 575,000",Galle,1973,-,Mitsubishi,Galant,Manual,Petrol,1400,Registered (Used),"2026 May 09, 9:57 am",[],
https://riyasewana.com/buy/suzuki-swift-sale-kandy-11607027,Suzuki Swift 2006 Car (Used),"Rs. 4,250,000",Kandy,2006,"143,000 km",Suzuki,Swift,Automatic,Petrol,1320,Registered (Used),"2026 May 09, 9:56 am","['AIR CONDITION', 'POWER STEERING']",
https://riyasewana.com/buy/suzuki-wagon-r-sale-moneragala-11607026,Suzuki Wagon R ZX 2025 Car (Used),"Rs. 9,075,000",Moneragala,2025,"3,000 km",Suzuki,Wagon R ZX,Automatic,Hybrid,660,Registered (Used),"2026 May 09, 9:56 am","['AIR CONDITION', 'POWER STEERING', 'POWER MIRROR', 'POWER WINDOW']",
https://riyasewana.com/buy/tvs-ntorq-race-sale-dehiwala-mount-lavinia-11607019,TVS Ntorq Race Edition 2020 Motorbike (Used),"Rs. 150,000",Dehiwala-Mount-Lavinia,2020,0 km,TVS,Ntorq Race Edition,,,125,Registered (Used),"2026 May 09, 9:56 am",[],Kick / Electric
https://riyasewana.com/buy/bajaj-4-stroke-sale-pannipitiya-11607017,Bajaj 4 Stroke 2012 Three Wheel (Used),"Rs. 1,370,000",Pannipitiya,2012,"68,000 km",Bajaj,4 Stroke,Manual,Petrol,205,Registered (Used),"2026 May 09, 9:55 am",[],
https://riyasewana.com/buy/tvs-scooty-pep-sale-bandaragama-11607015,TVS Scooty Pep 2007 Motorbike (Used),"Rs. 147,000",Bandaragama,2007,1 km,TVS,Scooty Pep,,,99,Registered (Used),"2026 May 09, 9:55 am",[],Kick / Electric
https://riyasewana.com/buy/mazda-demio-sale-anuradapura-11607011,Mazda Demio 2004 Car (Used),"Rs. 3,475,000",Anuradapura,2004,-,Mazda,Demio,Automatic,Petrol,1320,Registered (Used),"2026 May 09, 9:55 am","['AIR CONDITION', 'POWER STEERING', 'POWER MIRROR', 'POWER WINDOW']",
https://riyasewana.com/buy/foton-foton-sale-nuwara-eliya-11607009,Foton Foton 2011 Lorry (Used),"Rs. 1,200,000",Nuwara-Eliya,2011,"110,000 km",Foton,Foton,Manual,Diesel,2156,Registered (Used),"2026 May 09, 9:54 am",[],
https://riyasewana.com/buy/honda-benly-sale-gampaha-11607005,Honda Benly 1996 Motorbike (Used),"Rs. 235,000",Gampaha,1996,"1,111 km",Honda,Benly,,,125,Registered (Used),"2026 May 09, 9:54 am",[],Kick / Electric
https://riyasewana.com/buy/nissan-primera-p11-sale-kottawa-11606998,Nissan Primera P11 SR20 1999 Car (Used),"Rs. 3,875,000",Kottawa,1999,"198,000 km",Nissan,Primera P11 SR20,Manual,Petrol,2000,Registered (Used),"2026 May 09, 9:53 am","['AIR CONDITION', 'POWER STEERING', 'POWER MIRROR', 'POWER WINDOW']",
https://riyasewana.com/buy/toyota-hilux-sale-nattandiya-11606997,Toyota Hilux 2015 Pickup (Used),"Rs. 14,600,000",Nattandiya,2015,"200,000 km",Toyota,Hilux,Manual,Diesel,2500,Registered (Used),"2026 May 09, 9:53 am","['AIR CONDITION', 'POWER STEERING', 'POWER MIRROR', 'POWER WINDOW']",
https://riyasewana.com/buy/yamaha-fz-sale-dehiwala-mount-lavinia-11606995,Yamaha Fz 2019 Motorbike (Used),"Rs. 895,000",Dehiwala-Mount-Lavinia,2019,0 km,Yamaha,Fz,,,150,Registered (Used),"2026 May 09, 9:53 am",[],Electric
https://riyasewana.com/buy/toyota-prado-sale-colombo-11606992,Toyota Prado 2008 SUV (Used),"Rs. 5,500,000",Colombo,2008,"200,000 km",Toyota,Prado,Automatic,Diesel,2500,Registered (Used),"2026 May 09, 9:52 am","['AIR CONDITION', 'POWER STEERING', 'POWER MIRROR', 'POWER WINDOW']",
https://riyasewana.com/buy/bajaj-2-stroke-sale-galle-11606988,Bajaj 2 Stroke 2005 Three Wheel (Used),"Rs. 920,000",Galle,2005,"80,000 km",Bajaj,2 Stroke,Manual,Petrol,145,Registered (Used),"2026 May 09, 9:52 am",[],
https://riyasewana.com/buy/honda-x-blade-sale-dehiwala-mount-lavinia-11606986,Honda X-Blade 2018 Motorbike (Used),"Rs. 140,000",Dehiwala-Mount-Lavinia,2018,0 km,Honda,X-Blade,,,160,Registered (Used),"2026 May 09, 9:51 am",[],Kick / Electric
https://riyasewana.com/buy/bajaj-pulsar-sale-marawila-11606984,Bajaj Pulsar 2025 Motorbike (Used),"Rs. 780,000",Marawila,2025,"19,800 km",Bajaj,Pulsar,,,159,Registered (Used),"2026 May 09, 9:51 am",[],Electric
https://riyasewana.com/buy/dfsk-glory-580-sale-kaduwela-11606978,DFSK Glory 580 2019 SUV (Used),"Rs. 8,000,000",Kaduwela,2019,"58,000 km",DFSK,Glory 580,Automatic,Petrol,1500,Registered (Used),"2026 May 09, 9:51 am","['AIR CONDITION', 'POWER STEERING', 'POWER MIRROR', 'POWER WINDOW']",
https://riyasewana.com/buy/honda-vezel-sale-ratnapura-11604924,Honda Vezel 2026 SUV Unregistered (Recondition),Negotiable,Ratnapura,2026,16 km,Honda,Vezel,Automatic,Hybrid,1500,Unregistered (Recondition),"2026 May 09, 9:50 am","['AIR CONDITION', 'POWER STEERING', 'POWER MIRROR', 'POWER WINDOW']",
https://riyasewana.com/buy/yamaha-fz-s-sale-kurunegala-11606965,Yamaha FZ-S 2017 Motorbike (Used),"Rs. 850,000",Kurunegala,2017,"33,206 km",Yamaha,FZ-S,,,155,Registered (Used),"2026 May 09, 9:49 am",[],Electric
https://riyasewana.com/buy/bajaj-discover-sale-colombo-11606954,Bajaj Discover 2014 Motorbike (Used),"Rs. 350,000",Colombo,2014,"50,000 km",Bajaj,Discover,,,125,Registered (Used),"2026 May 09, 9:48 am",[],Kick / Electric
https://riyasewana.com/buy/yamaha-fz-version-sale-kurunegala-11606947,Yamaha FZ Version 2.0 2018 Motorbike (Used),Negotiable,Kurunegala,2018,"60,000 km",Yamaha,FZ Version 2.0,,,153,Registered (Used),"2026 May 09, 9:48 am",[],Electric
https://riyasewana.com/buy/honda-dio-sale-mawanella-11606945,Honda Dio 2022 Motorbike (Used),Negotiable,Mawanella,2022,"2,263 km",Honda,Dio,,,48,Registered (Used),"2026 May 09, 9:48 am",[],Kick / Electric
https://riyasewana.com/buy/mitsubishi-lancer-sale-homagama-11606944,Mitsubishi Lancer 1980 Car (Used),Negotiable,Homagama,1980,1 km,Mitsubishi,Lancer,Manual,Petrol,1200,Registered (Used),"2026 May 09, 9:48 am",[],
https://riyasewana.com/buy/tvs-scooty-pep-sale-gampaha-11606932,TVS Scooty Pep 2012 Motorbike (Used),"Rs. 195,000",Gampaha,2012,"33,000 km",TVS,Scooty Pep,,,110,Registered (Used),"2026 May 09, 9:47 am",[],Kick / Electric
https://riyasewana.com/buy/honda-dio-sale-moneragala-11606924,Honda Dio 2012 Motorbike (Used),"Rs. 325,000",Moneragala,2012,"59,000 km",Honda,Dio,,,110,Registered (Used),"2026 May 09, 9:46 am",[],Kick / Electric
https://riyasewana.com/buy/toyota-prius-sale-matara-11606923,Toyota Prius 2013 Car (Used),Negotiable,Matara,2013,"175,000 km",Toyota,Prius,Automatic,Hybrid,1800,Registered (Used),"2026 May 09, 9:46 am","['AIR CONDITION', 'POWER STEERING', 'POWER MIRROR', 'POWER WINDOW']",
https://riyasewana.com/buy/mitsubishi-canter-sale-negombo-11606914,Mitsubishi Canter 1998 Lorry (Used),"Rs. 5,800,000",Negombo,1998,"200,000 km",Mitsubishi,Canter,Manual,Diesel,4510,Registered (Used),"2026 May 09, 9:45 am","['AIR CONDITION', 'POWER STEERING', 'POWER MIRROR', 'POWER WINDOW']",
https://riyasewana.com/buy/suzuki-alto-sale-horana-11606905,Suzuki Alto 2015 Car (Used),"Rs. 3,985,000",Horana,2015,"118,832 km",Suzuki,Alto,Manual,Petrol,800,Registered (Used),"2026 May 09, 9:44 am","['AIR CONDITION', 'POWER STEERING']",
https://riyasewana.com/buy/honda-cd125-sale-matale-11606728,Honda CD125 2003 Motorbike (Used),"Rs. 740,000",Matale,2003,"68,000 km",Honda,CD125,,,125,Registered (Used),"2026 May 09, 9:28 am",[],Kick / Electric
https://riyasewana.com/buy/toyota-townace-sale-kandy-11606725,Toyota Townace 1988 Van (Used),"Rs. 2,445,000",Kandy,1988,"111,122 km",Toyota,Townace,Manual,Diesel,2000,Registered (Used),"2026 May 09, 9:28 am",['AIR CONDITION'],
https://riyasewana.com/buy/ktm-duke-sale-kurunegala-11606285,KTM Duke 2019 Motorbike (Used),"Rs. 780,000",Kurunegala,2019,"53,000 km",KTM,Duke,,,125,Registered (Used),"2026 May 09, 8:41 am",[],Electric
https://riyasewana.com/buy/nissan-bluebird-sylphy-sale-malabe-11605796,Nissan Bluebird SYLPHY G11 2007 Car (Used),"Rs. 6,590,000",Malabe,2007,"145,000 km",Nissan,Bluebird SYLPHY G11,Automatic,Petrol,1500,Registered (Used),"2026 May 09, 7:43 am","['AIR CONDITION', 'POWER STEERING', 'POWER MIRROR', 'POWER WINDOW']",
https://riyasewana.com/buy/suzuki-alto-sale-malabe-11605793,Suzuki Alto 2015 Car (Used),"Rs. 3,890,000",Malabe,2015,"93,000 km",Suzuki,Alto,Manual,Petrol,800,Registered (Used),"2026 May 09, 7:43 am","['AIR CONDITION', 'POWER STEERING', 'POWER MIRROR', 'POWER WINDOW']",
https://riyasewana.com/buy/toyota-roomy-sale-kurunegala-11605148,Toyota Roomy 2023 Car (Used),"Rs. 8,950,000",Kurunegala,2023,"47,000 km",Toyota,Roomy,Automatic,Petrol,1000,Registered (Used),"2026 May 09, 5:32 am","['AIR CONDITION', 'POWER STEERING', 'POWER MIRROR', 'POWER WINDOW']",
https://riyasewana.com/buy/honda-dio-dx-sale-kurunegala-11604815,Honda DIO DX 2018 Motorbike (Used),"Rs. 595,000",Kurunegala,2018,"41,110 km",Honda,DIO DX,,,110,Registered (Used),"2026 May 08, 10:06 pm",[],Kick / Electric
https://riyasewana.com/buy/mazda-y10-sale-nuwara-eliya-11604810,Mazda Y10 1997 Car (Used),"Rs. 210,000",Nuwara-Eliya,1997,"135,000 km",Mazda,Y10,Manual,Diesel,1700,Registered (Used),"2026 May 08, 10:05 pm",['POWER STEERING'],
https://riyasewana.com/buy/mitsubishi-baby-rosa-sale-kurunegala-11604809,Mitsubishi Baby Rosa 1991 Bus (Used),Negotiable,Kurunegala,1991,1 km,Mitsubishi,Baby Rosa,Manual,Diesel,-,Registered (Used),"2026 May 08, 10:05 pm","['AIR CONDITION', 'POWER STEERING']",
https://riyasewana.com/buy/nissan-ad-wagon-sale-kurunegala-11604434,Nissan AD Wagon 1989 Car (Used),"Rs. 975,000",Kurunegala,1989,"195,882 km",Nissan,AD Wagon,Manual,Petrol,1300,Registered (Used),"2026 May 08, 8:36 pm",['AIR CONDITION'],
https://riyasewana.com/buy/mitsubishi-montero-sale-moneragala-11604428,Mitsubishi Montero 2017 SUV (Used),"Rs. 29,750,000",Moneragala,2017,"174,000 km",Mitsubishi,Montero,Automatic,Diesel,3200,Registered (Used),"2026 May 08, 8:35 pm","['AIR CONDITION', 'POWER STEERING', 'POWER MIRROR', 'POWER WINDOW']",
https://riyasewana.com/buy/toyota-ke72-sale-colombo-11604059,Toyota KE72 1986 Car (Used),"Rs. 1,750,000",Colombo,1986,"10,000 km",Toyota,KE72,Manual,Petrol,1500,Registered (Used),"2026 May 08, 7:29 pm",['AIR CONDITION'],
https://riyasewana.com/buy/ford-laser-gl-sale-nuwara-eliya-11604057,Ford Laser GL 1992 Car (Used),"Rs. 1,780,000",Nuwara-Eliya,1992,-,Ford,Laser GL,Manual,Petrol,1300,Registered (Used),"2026 May 08, 7:29 pm","['AIR CONDITION', 'POWER STEERING']",
https://riyasewana.com/buy/toyota-corolla-sale-kuliyapitiya-11603621,Toyota Corolla 1976 Car (Used),"Rs. 650,000",Kuliyapitiya,1976,-,Toyota,Corolla,Manual,Petrol,1300,Registered (Used),"2026 May 08, 6:07 pm",[],
https://riyasewana.com/buy/suzuki-mollet-sale-gampaha-11603615,Suzuki Mollet 2018 Motorbike Unregistered (Recondition),"Rs. 110,000",Gampaha,2018,"1,256 km",Suzuki,Mollet,,,48,Unregistered (Recondition),"2026 May 08, 6:06 pm",[],Kick / Electric
https://riyasewana.com/buy/audi-a3-advance-sale-colombo-11603303,Audi A3 Advance SBack 2023 Car Unregistered (Recondition),"Rs. 16,000,000",Colombo,2023,"4,500 km",Audi,A3 Advance SBack,Automatic,Petrol,1000,Unregistered (Recondition),"2026 May 08, 5:02 pm","['AIR CONDITION', 'POWER STEERING', 'POWER MIRROR', 'POWER WINDOW']",
https://riyasewana.com/buy/toyota-lh30-sale-moratuwa-11602903,Toyota Lh30 1985 Van (Used),"Rs. 1,075,000",Moratuwa,1985,"87,000 km",Toyota,Lh30,Manual,Diesel,2000,Registered (Used),"2026 May 08, 3:56 pm",[],
https://riyasewana.com/buy/bajaj-platina-100-sale-kegalle-11602884,Bajaj PLATINA 100 2015 Motorbike (Used),"Rs. 360,000",Kegalle,2015,"120,000 km",Bajaj,PLATINA 100,,,Manual,Registered (Used),"2026 May 08, 3:51 pm",[],Petrol
https://riyasewana.com/buy/bajaj-ct-100-sale-gampola-11602433,Bajaj CT-100 2008 Motorbike (Used),"Rs. 255,000",Gampola,2008,"12,586 km",Bajaj,CT-100,,,100,Registered (Used),"2026 May 08, 2:14 pm",[],Kick
https://riyasewana.com/buy/bajaj-pulsar-150-sale-padukka-11602431,Bajaj Pulsar 150 2003 Motorbike (Used),"Rs. 150,000",Padukka,2003,"1,863 km",Bajaj,Pulsar 150,,,150,Registered (Used),"2026 May 08, 2:14 pm",[],Kick / Electric
https://riyasewana.com/buy/mazda-6-sale-kottawa-11602032,Mazda 6 2014 Car (Used),Negotiable,Kottawa,2014,"1,111 km",Mazda,6,Automatic,Petrol,2000,Registered (Used),"2026 May 08, 12:49 pm","['AIR CONDITION', 'POWER STEERING', 'POWER MIRROR', 'POWER WINDOW']",
https://riyasewana.com/buy/bajaj-re-sale-galle-11602027,Bajaj RE 2019 Three Wheel (Used),Negotiable,Galle,2019,-,Bajaj,RE,Manual,Petrol,-,Registered (Used),"2026 May 08, 12:48 pm",[],
https://riyasewana.com/buy/honda-cd200-roadmaster-sale-kandy-11601682,Honda CD200 RoadMaster 1983 Motorbike (Used),"Rs. 1,250,000",Kandy,1983,"7,000 km",Honda,CD200 RoadMaster,,,194,Registered (Used),"2026 May 08, 11:45 am",[],Kick / Electric
https://riyasewana.com/buy/suzuki-wagon-r-sale-negombo-11601676,Suzuki Wagon R 2025 Car (Used),Negotiable,Negombo,2025,"9,000 km",Suzuki,Wagon R,Automatic,Petrol,660,Registered (Used),"2026 May 08, 11:45 am","['AIR CONDITION', 'POWER STEERING', 'POWER MIRROR', 'POWER WINDOW']",
https://riyasewana.com/buy/mazda-demio-sale-colombo-11601365,Mazda Demio 2000 Car (Used),"Rs. 3,800,000",Colombo,2000,"185,000 km",Mazda,Demio,Automatic,Petrol,1320,Registered (Used),"2026 May 08, 11:03 am","['AIR CONDITION', 'POWER STEERING', 'POWER WINDOW']",
https://riyasewana.com/buy/toyota-chr-dba-sale-colombo-11601362,Toyota CHR DBA NGX 10 2018 SUV (Used),"Rs. 14,000,000",Colombo,2018,"70,000 km",Toyota,CHR DBA NGX 10,Automatic,Petrol,1200,Registered (Used),"2026 May 08, 11:02 am",[],
https://riyasewana.com/buy/tvs-ntorq-sale-galle-11601360,TVS Ntorq 2018 Motorbike (Used),Negotiable,Galle,2018,"70,965 km",TVS,Ntorq,,,125,Registered (Used),"2026 May 08, 11:02 am",[],Kick / Electric
https://riyasewana.com/buy/bajaj-re-4-sale-kandy-11600966,Bajaj RE 4 Stroke 2009 Three Wheel (Used),Negotiable,Kandy,2009,"79,852 km",Bajaj,RE 4 Stroke,Manual,Petrol,175,Registered (Used),"2026 May 08, 10:05 am",[],
https://riyasewana.com/buy/yamaha-ray-zr-sale-matara-11600962,Yamaha Ray ZR 2018 motorcycle (Used),"Rs. 530,000",Matara,2018,"30,000 km",Yamaha,Ray ZR,Automatic,Petrol,113,Registered (Used),"2026 May 08, 10:04 am",[],
https://riyasewana.com/buy/honda-civic-sale-piliyandala-11600469,Honda Civic 2010 Car (Used),"Rs. 7,850,000",Piliyandala,2010,"150,000 km",Honda,Civic,Automatic,Petrol,1600,Registered (Used),"2026 May 08, 9:05 am","['AIR CONDITION', 'POWER STEERING', 'POWER MIRROR', 'POWER WINDOW']",
https://riyasewana.com/buy/honda-dio-sale-gampaha-11600449,Honda Dio 2018 Motorbike (Used),Negotiable,Gampaha,2018,"34,000 km",Honda,Dio,,,110,Registered (Used),"2026 May 08, 9:03 am",[],Kick / Electric
https://riyasewana.com/buy/isuzu-350-sale-kurunegala-11599856,Isuzu 350 1980 Lorry (Used),"Rs. 2,200,000",Kurunegala,1980,"320,000 km",Isuzu,350,Manual,Diesel,-,Registered (Used),"2026 May 08, 7:32 am",[],
https://riyasewana.com/buy/toyota-hiace-sale-horana-11599854,Toyota Hiace 2003 Van (Used),"Rs. 11,500,000",Horana,2003,"390,000 km",Toyota,Hiace,Manual,Diesel,2900,Registered (Used),"2026 May 08, 7:31 am","['AIR CONDITION', 'POWER STEERING', 'POWER MIRROR', 'POWER WINDOW']",
https://riyasewana.com/buy/bajaj-re-205-sale-trincomalee-11599403,Bajaj RE 205 2012 Three Wheel (Used),Negotiable,Trincomalee,2012,"55,555 km",Bajaj,RE 205,Manual,Petrol,205,Registered (Used),"2026 May 07, 11:26 pm",[],
https://riyasewana.com/buy/audi-a3-sale-galle-11599402,Audi A3 2016 Car (Used),"Rs. 13,950,000",Galle,2016,"79,000 km",Audi,A3,Automatic,Petrol,1400,Registered (Used),"2026 May 07, 11:26 pm","['AIR CONDITION', 'POWER STEERING', 'POWER MIRROR', 'POWER WINDOW']",
https://riyasewana.com/buy/honda-fit-gp1-sale-colombo-11599029,Honda Fit GP1 2012 Car (Used),"Rs. 6,800,000",Colombo,2012,"200,000 km",Honda,Fit GP1,Automatic,Hybrid,1300,Registered (Used),"2026 May 07, 9:02 pm","['AIR CONDITION', 'POWER STEERING', 'POWER MIRROR', 'POWER WINDOW']",
https://riyasewana.com/buy/honda-benly-sale-kandy-11599028,Honda Benly 1994 Motorbike (Used),"Rs. 420,000",Kandy,1994,"79,000 km",Honda,Benly,,,125,Registered (Used),"2026 May 07, 9:02 pm",[],Kick / Electric
https://riyasewana.com/buy/toyota-kdh-gl-sale-anuradapura-11598503,Toyota KDH GL 201 2008 Van (Used),"Rs. 15,950,000",Anuradapura,2008,"220,000 km",Toyota,KDH GL 201,Automatic,Diesel,2980,Registered (Used),"2026 May 07, 7:15 pm","['AIR CONDITION', 'POWER STEERING', 'POWER MIRROR', 'POWER WINDOW']",
https://riyasewana.com/buy/land-rover-defender-sale-kiribathgoda-11598500,Land-Rover Defender 1976 SUV (Used),"Rs. 8,500,000",Kiribathgoda,1976,"300,000 km",Land-Rover,Defender,Manual,Diesel,2500,Registered (Used),"2026 May 07, 7:15 pm",['POWER STEERING'],
https://riyasewana.com/buy/mini-cooper-sale-katunayake-11598141,Mini Cooper 1970 Car (Used),"Rs. 1,250,000",Katunayake,1970,"35,000 km",Mini,Cooper,Manual,Petrol,1000,Antique,"2026 May 07, 5:43 pm",[],
https://riyasewana.com/buy/mitsubishi-fuso-sale-kegalle-11598140,Mitsubishi Fuso 2004 Bus (Used),"Rs. 11,500,000",Kegalle,2004,"375,000 km",Mitsubishi,Fuso,Manual,Diesel,4500,Registered (Used),"2026 May 07, 5:43 pm","['AIR CONDITION', 'POWER STEERING', 'POWER MIRROR', 'POWER WINDOW']",
https://riyasewana.com/buy/bajaj-2-stroke-sale-kiribathgoda-11597669,Bajaj 2 Stroke 2004 Three Wheel (Used),"Rs. 925,000",Kiribathgoda,2004,-,Bajaj,2 Stroke,Manual,Petrol,150,Registered (Used),"2026 May 07, 4:00 pm",[],
https://riyasewana.com/buy/honda-jade-250-sale-kuliyapitiya-11596954,Honda Jade 250 2012 Motorbike (Used),"Rs. 1,050,000",Kuliyapitiya,2012,"8,500 km",Honda,Jade 250,,,250,Registered (Used),"2026 May 07, 3:59 pm",[],Electric
https://riyasewana.com/buy/ashok-leyland-viking-sale-mawanella-11597162,Ashok-Leyland Viking 2006 Bus (Used),"Rs. 7,900,000",Mawanella,2006,-,Ashok-Leyland,Viking,Manual,Diesel,6500,Registered (Used),"2026 May 07, 2:07 pm",['POWER STEERING'],
https://riyasewana.com/buy/nissan-hb11-sale-elpitiya-11597161,Nissan HB11 1985 Car (Used),"Rs. 1,650,000",Elpitiya,1985,"130,327 km",Nissan,HB11,Manual,Petrol,1500,Registered (Used),"2026 May 07, 2:07 pm",['AIR CONDITION'],
